season,week,real,modelo,spread,erro_modelo,erro_spread
2003,1,3.0,-0.7152574994749563,3.0,3.7152574994749563,0.0
2003,1,31.0,0.21245608343280464,1.0,30.787543916567195,30.0
2003,1,1.0,0.5138513023656555,4.0,0.48614869763434454,-3.0
2003,1,-20.0,-4.698300104243545,-6.0,-15.301699895756455,-14.0
2003,1,-3.0,1.932164155674453,-2.0,-4.932164155674453,-1.0
2003,1,18.0,2.360815011491503,3.5,15.639184988508497,14.5
2003,1,-5.0,5.324165340039386,4.0,-10.324165340039386,-9.0
2003,1,13.0,5.217420823028245,4.5,7.782579176971755,8.5
2003,1,-1.0,8.780599964471168,14.0,-9.780599964471168,-15.0
2003,1,10.0,4.459044870363461,-1.0,5.540955129636539,11.0
2003,1,19.0,4.395565989053634,4.0,14.604434010946367,15.0
2003,1,-14.0,-3.9409305422635588,2.0,-10.059069457736442,-16.0
2003,1,17.0,0.37907887410690866,3.0,16.62092112589309,14.0
2003,1,42.0,5.070141711322647,6.5,36.92985828867735,35.5
2003,1,5.0,-1.439706962735786,3.5,6.4397069627357855,1.5
2003,1,-17.0,2.2856105647737395,3.0,-19.28561056477374,-20.0
2003,2,-2.0,12.146378818867225,3.0,-14.146378818867225,-5.0
2003,2,20.0,4.670109458861885,2.5,15.329890541138115,17.5
2003,2,25.0,9.85471352878778,7.0,15.14528647121222,18.0
2003,2,26.0,6.878925418494349,2.5,19.121074581505653,23.5
2003,2,-21.0,4.743357583674431,-3.0,-25.74335758367443,-18.0
2003,2,21.0,6.836994179412335,3.5,14.163005820587665,17.5
2003,2,21.0,9.19694074614862,8.0,11.80305925385138,13.0
2003,2,-11.0,6.451235190109669,-3.0,-17.45123519010967,-8.0
2003,2,3.0,1.112603827143582,3.0,1.887396172856418,0.0
2003,2,-38.0,-0.030291627317292402,-5.0,-37.96970837268271,-33.0
2003,2,-3.0,14.787847371817003,9.0,-17.787847371817,-12.0
2003,2,3.0,17.702254049587207,12.0,-14.702254049587207,-9.0
2003,2,-21.0,9.654412074584087,4.0,-30.654412074584087,-25.0
2003,2,-24.0,1.571888617060698,-3.0,-25.571888617060697,-21.0
2003,2,11.0,12.252475727011488,9.0,-1.252475727011488,2.0
2003,2,-3.0,12.340279302384289,7.5,-15.340279302384289,-10.5
2003,3,-21.0,0.9888568230149342,-6.5,-21.988856823014935,-14.5
2003,3,-7.0,-3.9845316089339096,-4.5,-3.0154683910660904,-2.5
2003,3,-10.0,-2.152025682026888,-4.0,-7.847974317973112,-6.0
2003,3,-28.0,-6.3157930314452635,-7.5,-21.684206968554737,-20.5
2003,3,10.0,7.65531262310428,7.5,2.3446873768957204,2.5
2003,3,7.0,4.549062390592459,6.0,2.450937609407541,1.0
2003,3,15.0,0.6686994903352566,4.5,14.331300509664743,10.5
2003,3,7.0,-8.992271918748495,-7.5,15.992271918748495,14.5
2003,3,1.0,8.558484352769005,3.0,-7.558484352769005,-2.0
2003,3,-3.0,2.790739532390558,1.5,-5.790739532390559,-4.5
2003,3,-14.0,0.1633460829219544,1.5,-14.163346082921954,-15.5
2003,3,-1.0,7.5980661494225785,7.0,-8.598066149422579,-8.0
2003,3,10.0,0.8136830598785263,3.0,9.186316940121474,7.0
2003,3,21.0,5.361340706862324,5.5,15.638659293137676,15.5
2003,4,-10.0,-3.2776268497370022,3.0,-6.722373150262998,-13.0
2003,4,-7.0,6.9341026044191,4.5,-13.934102604419099,-11.5
2003,4,4.0,-2.3926078426831525,-2.5,6.3926078426831525,6.5
2003,4,28.0,-0.28620193470409294,0.0,28.286201934704092,28.0
2003,4,-17.0,3.2329168959073535,3.5,-20.232916895907355,-20.5
2003,4,24.0,9.044946443232163,11.5,14.955053556767837,12.5
2003,4,3.0,-0.7652175183788472,3.5,3.765217518378847,-0.5
2003,4,-7.0,-3.8500552299698736,-3.0,-3.1499447700301264,-4.0
2003,4,3.0,6.389315310871243,7.0,-3.3893153108712433,-4.0
2003,4,20.0,9.35705201341154,6.0,10.64294798658846,14.0
2003,4,4.0,12.869503572413528,12.0,-8.869503572413528,-8.0
2003,4,-11.0,-2.9961766151493183,3.0,-8.003823384850682,-14.0
2003,4,-34.0,-1.8518044204865447,-1.5,-32.148195579513455,-32.5
2003,4,-15.0,3.277299716764956,-4.0,-18.277299716764958,-11.0
2003,5,-13.0,-0.8851771987708363,-4.5,-12.114822801229163,-8.5
2003,5,6.0,9.314327347253911,7.0,-3.3143273472539114,-1.0
2003,5,6.0,3.9324320784428544,7.0,2.0675679215571456,-1.0
2003,5,3.0,-10.337543703323002,-3.5,13.337543703323002,6.5
2003,5,17.0,6.764679285364622,7.5,10.235320714635378,9.5
2003,5,22.0,-12.021727712619173,1.0,34.021727712619175,21.0
2003,5,1.0,1.5373917043415601,3.5,-0.5373917043415601,-2.5
2003,5,8.0,-0.3480702753831082,1.0,8.348070275383108,7.0
2003,5,-13.0,-1.3407514777217062,1.5,-11.659248522278293,-14.5
2003,5,6.0,2.6394703926604035,3.0,3.3605296073395965,3.0
2003,5,2.0,3.1886915321033027,4.5,-1.1886915321033027,-2.5
2003,5,7.0,6.075028772206371,7.5,0.9249712277936286,-0.5
2003,5,-20.0,3.1230836711017553,7.0,-23.123083671101757,-27.0
2003,5,-3.0,12.300512533185591,4.5,-15.300512533185591,-7.5
2003,6,6.0,0.5291091924822704,3.5,5.47089080751773,2.5
2003,6,2.0,-2.168927724291774,1.0,4.168927724291774,1.0
2003,6,-6.0,-1.2336663430444244,2.5,-4.766333656955576,-8.5
2003,6,-3.0,6.429704115434156,4.0,-9.429704115434156,-7.0
2003,6,-14.0,-4.997438945017448,-3.5,-9.002561054982552,-10.5
2003,6,11.0,2.2631764716503735,2.5,8.736823528349626,8.5
2003,6,7.0,4.963295486429682,6.5,2.036704513570318,0.5
2003,6,21.0,6.478943183751243,8.5,14.521056816248757,12.5
2003,6,-22.0,-5.6347458543884645,-3.5,-16.365254145611537,-18.5
2003,6,-8.0,-10.616470088862409,-6.5,2.6164700888624086,-1.5
2003,6,3.0,8.641110743260688,6.5,-5.641110743260688,-3.5
2003,6,27.0,-1.3148066788762212,-1.0,28.31480667887622,28.0
2003,6,1.0,1.858550792355172,3.5,-0.8585507923551721,-2.5
2003,6,36.0,3.78783929799817,10.0,32.21216070200183,26.0
2003,7,-28.0,1.0187403401168211,-3.0,-29.01874034011682,-25.0
2003,7,-20.0,0.596392129640863,0.0,-20.59639212964086,-20.0
2003,7,8.0,2.876080830247157,-1.0,5.123919169752843,9.0
2003,7,-6.0,0.7408412856345166,3.5,-6.740841285634517,-9.5
2003,7,-31.0,5.071937287875283,-3.0,-36.071937287875286,-28.0
2003,7,-6.0,4.681493348904368,6.5,-10.681493348904368,-12.5
2003,7,8.0,5.353448129639795,4.0,2.646551870360205,4.0
2003,7,-4.0,0.9078565737299849,3.0,-4.907856573729985,-7.0
2003,7,10.0,-1.4142088331276494,4.0,11.414208833127649,6.0
2003,7,-5.0,-5.6317426073392065,-3.5,0.6317426073392065,-1.5
2003,7,17.0,5.488192411245883,3.0,11.511807588754117,14.0
2003,7,7.0,10.003724388238876,11.0,-3.0037243882388758,-4.0
2003,7,17.0,-4.042542860969709,-5.0,21.04254286096971,22.0
2003,7,-7.0,-4.580767238713975,-4.5,-2.4192327612860254,-2.5
2003,8,20.0,-4.68980670037015,2.5,24.68980670037015,17.5
2003,8,8.0,1.3487342890136085,3.0,6.651265710986392,5.0
2003,8,3.0,-4.6359124596558825,-3.0,7.6359124596558825,6.0
2003,8,-13.0,-1.5450929482419324,-4.5,-11.454907051758067,-8.5
2003,8,-12.0,5.346621860048121,5.5,-17.34662186004812,-17.5
2003,8,6.0,3.9115652476920935,4.5,2.0884347523079065,1.5
2003,8,-3.0,0.3403633047342959,3.0,-3.340363304734296,-6.0
2003,8,-12.0,1.659587488995928,1.0,-13.659587488995928,-13.0
2003,8,16.0,6.184943252316442,6.0,9.815056747683558,10.0
2003,8,3.0,-6.355662160947531,-7.0,9.355662160947531,10.0
2003,8,9.0,18.529078203403234,13.0,-9.529078203403234,-4.0
2003,8,7.0,1.862578651093648,3.0,5.1374213489063525,4.0
2003,8,33.0,5.334380784631091,5.5,27.66561921536891,27.5
2003,8,-16.0,-7.896982314133837,-6.5,-8.103017685866163,-9.5
2003,9,7.0,6.250212871852306,7.0,0.7497871281476938,0.0
2003,9,13.0,-0.10405295288791694,1.0,13.104052952887917,12.0
2003,9,10.0,-7.632582101262068,-3.5,17.632582101262066,13.5
2003,9,4.0,-4.961188584697751,-6.0,8.961188584697751,10.0
2003,9,-6.0,0.015931539715848708,3.0,-6.015931539715849,-9.0
2003,9,-3.0,0.973371824294485,-3.5,-3.973371824294485,0.5
2003,9,-3.0,8.355474642068561,8.0,-11.355474642068561,-11.0
2003,9,3.0,-3.2712702287233872,-3.0,6.271270228723387,6.0
2003,9,7.0,4.488943322808789,5.0,2.5110566771912106,2.0
2003,9,-7.0,-2.577794418008913,-6.0,-4.422205581991086,-1.0
2003,9,7.0,2.253464690934831,6.0,4.74653530906517,1.0
2003,9,20.0,-0.21726092175355127,-5.0,20.21726092175355,25.0
2003,9,-3.0,-0.9598838814898807,5.5,-2.0401161185101193,-8.5
2003,9,-4.0,2.541140151270172,2.0,-6.541140151270172,-6.0
2003,10,3.0,-3.3971641805889745,-3.5,6.397164180588975,6.5
2003,10,7.0,3.3003431944992303,4.0,3.6996568055007697,3.0
2003,10,2.0,1.1141563031329489,0.0,0.8858436968670511,2.0
2003,10,5.0,-7.925021717747251,-6.0,12.925021717747251,11.0
2003,10,21.0,10.463240840393416,9.0,10.536759159606584,12.0
2003,10,-20.0,8.18536166270063,11.5,-28.18536166270063,-31.5
2003,10,13.0,8.316151295505072,7.0,4.6838487044949275,6.0
2003,10,24.0,3.4306724591212308,5.5,20.56932754087877,18.5
2003,10,7.0,-3.07604997641397,-3.0,10.07604997641397,10.0
2003,10,14.0,-5.52967203231594,-5.5,19.52967203231594,19.5
2003,10,4.0,0.5386042260151402,4.0,3.4613957739848598,0.0
2003,10,-3.0,1.2850006256498387,-3.0,-4.285000625649839,0.0
2003,10,11.0,3.2946324379607095,6.5,7.7053675620392905,4.5
2003,10,-3.0,3.4282558218145756,4.5,-6.4282558218145756,-7.5
2003,11,-2.0,7.963015630656921,7.0,-9.96301563065692,-9.0
2003,11,3.0,5.648175185213622,6.0,-2.6481751852136224,-3.0
2003,11,-2.0,-5.6148285335595896,-6.0,3.6148285335595896,4.0
2003,11,5.0,-10.54387073928045,-6.0,15.54387073928045,11.0
2003,11,38.0,9.935341860583218,5.0,28.064658139416782,33.0
2003,11,3.0,4.6538754609775275,5.0,-1.6538754609775275,-2.0
2003,11,3.0,7.973808862608171,9.0,-4.973808862608171,-6.0
2003,11,18.0,4.8300237471043515,3.0,13.169976252895648,15.0
2003,11,7.0,10.872793269450838,9.0,-3.8727932694508382,-2.0
2003,11,29.0,11.05980304102771,8.5,17.94019695897229,20.5
2003,11,7.0,7.766613926454385,6.0,-0.7666139264543848,1.0
2003,11,10.0,0.1098068668888903,-4.5,9.89019313311111,14.5
2003,11,21.0,9.272062375589668,11.0,11.727937624410332,10.0
2003,11,-7.0,5.041755089298961,3.5,-12.041755089298961,-10.5
2003,11,12.0,6.82439104681603,4.0,5.17560895318397,8.0
2003,11,16.0,8.433867568281675,4.0,7.566132431718325,12.0
2003,12,3.0,2.1033884572077963,3.0,0.8966115427922037,0.0
2003,12,-3.0,-3.2487570980261236,-3.0,0.24875709802612356,0.0
2003,12,-7.0,5.578658387359966,3.0,-12.578658387359965,-10.0
2003,12,4.0,2.496571295833679,3.0,1.5034287041663208,1.0
2003,12,10.0,3.3917716742577957,3.5,6.608228325742204,6.5
2003,12,-3.0,-5.802190872796164,-5.0,2.8021908727961637,2.0
2003,12,10.0,10.276058401451685,10.5,-0.27605840145168514,-0.5
2003,12,3.0,5.787143683261483,4.0,-2.7871436832614833,-1.0
2003,12,13.0,5.804019863437674,5.5,7.195980136562326,7.5
2003,12,-3.0,-9.698352260189804,-7.0,6.698352260189804,4.0
2003,12,-9.0,12.106795133492751,10.5,-21.106795133492753,-19.5
2003,12,-7.0,-6.209355493589907,-6.5,-0.7906445064100929,-0.5
2003,12,3.0,11.075957589209331,11.0,-8.075957589209331,-8.0
2003,12,-7.0,1.4974760588470866,-3.0,-8.497476058847086,-4.0
2003,12,1.0,8.452613091343258,7.0,-7.452613091343258,-6.0
2003,12,6.0,8.605942903234391,6.0,-2.605942903234391,0.0
2003,13,8.0,-7.519533926459317,-6.5,15.519533926459317,14.5
2003,13,-19.0,0.08734500954296553,3.0,-19.087345009542965,-22.0
2003,13,38.0,0.6608747495090697,3.0,37.33912525049093,35.0
2003,13,-9.0,-0.47240061454048643,1.5,-8.527599385459514,-10.5
2003,13,25.0,8.061393654772786,4.5,16.938606345227214,20.5
2003,13,4.0,1.0691126860428124,3.0,2.9308873139571876,1.0
2003,13,-4.0,4.7647542479427125,3.5,-8.764754247942712,-7.5
2003,13,-17.0,1.4118849673777025,3.0,-18.411884967377702,-20.0
2003,13,-4.0,4.109238209321831,3.0,-8.10923820932183,-7.0
2003,13,31.0,3.8580999646801373,6.0,27.141900035319864,25.0
2003,13,-4.0,0.7999037095327108,-1.0,-4.79990370953271,-3.0
2003,13,-14.0,-0.491237600031194,-3.0,-13.508762399968806,-11.0
2003,13,-4.0,-10.193441744139488,-7.5,6.193441744139488,3.5
2003,13,27.0,4.154862358882192,6.5,22.84513764111781,20.5
2003,13,7.0,-4.210703982660688,-3.0,11.210703982660688,10.0
2003,13,7.0,-2.8346853670394325,-3.0,9.834685367039432,10.0
2003,14,18.0,7.993137217880939,5.0,10.006862782119061,13.0
2003,14,-7.0,2.570569164458752,3.0,-9.570569164458751,-10.0
2003,14,13.0,9.895748469139232,7.5,3.1042515308607683,5.5
2003,14,27.0,5.63405848452442,9.5,21.36594151547558,17.5
2003,14,27.0,-0.2205414360742024,-1.0,27.220541436074203,28.0
2003,14,-7.0,-1.0069706935666543,3.0,-5.993029306433346,-10.0
2003,14,-13.0,3.3754157673309795,3.0,-16.375415767330978,-16.0
2003,14,26.0,6.310808238522683,5.5,19.689191761477318,20.5
2003,14,20.0,1.739108591291381,5.5,18.26089140870862,14.5
2003,14,-2.0,2.6075057446811556,3.5,-4.607505744681156,-5.5
2003,14,36.0,14.129406318642319,10.5,21.870593681357683,25.5
2003,14,11.0,3.1847277114527963,3.0,7.815272288547204,8.0
2003,14,18.0,-0.5787577654344362,3.0,18.578757765434435,15.0
2003,14,12.0,2.099161920992439,3.0,9.900838079007562,9.0
2003,14,6.0,-0.49719050173614665,-1.0,6.497190501736147,7.0
2003,14,-6.0,-1.5883153493307467,-5.5,-4.411684650669253,-0.5
2003,15,3.0,-0.6244184712750251,-3.0,3.624418471275025,6.0
2003,15,3.0,-1.1421454811524838,3.0,4.142145481152484,0.0
2003,15,31.0,12.581876293446152,7.5,18.41812370655385,23.5
2003,15,28.0,16.51694421563115,14.5,11.483055784368851,13.5
2003,15,14.0,8.78951738433611,6.0,5.21048261566389,8.0
2003,15,6.0,4.786969937897023,3.0,1.2130300621029768,3.0
2003,15,5.0,5.412080718455679,7.0,-0.4120807184556794,-2.0
2003,15,13.0,13.219708206795534,11.5,-0.21970820679553427,1.5
2003,15,2.0,7.674638980423557,5.0,-5.674638980423557,-3.0
2003,15,3.0,9.94319672148892,11.5,-6.9431967214889205,-8.5
2003,15,8.0,-0.8981534517327128,-7.0,8.898153451732712,15.0
2003,15,-3.0,-7.126327998104621,-7.0,4.126327998104621,4.0
2003,15,-17.0,-3.4455590695344704,-5.0,-13.55444093046553,-12.0
2003,15,-27.0,3.673857171030524,-3.0,-30.673857171030523,-24.0
2003,15,38.0,5.6577913233037975,7.5,32.3422086766962,30.5
2003,15,-7.0,2.442241242727385,3.0,-9.442241242727384,-10.0
2003,16,-2.0,12.09888889916943,6.5,-14.09888889916943,-8.5
2003,16,25.0,-2.971550728106706,-3.0,27.971550728106706,28.0
2003,16,-5.0,-0.40665247939478455,-3.0,-4.5933475206052155,-2.0
2003,16,-17.0,2.2470579456037063,3.0,-19.247057945603707,-20.0
2003,16,6.0,9.648815793107195,7.5,-3.648815793107195,-1.5
2003,16,3.0,3.6691245999192046,4.0,-0.6691245999192046,-1.0
2003,16,-35.0,-0.17261483914224796,-3.0,-34.82738516085775,-32.0
2003,16,16.0,7.087163373443178,12.5,8.912836626556821,3.5
2003,16,-3.0,-6.774521660541776,-5.5,3.774521660541776,2.5
2003,16,1.0,1.6029494057669558,3.0,-0.6029494057669558,-2.0
2003,16,17.0,9.799631119519312,7.0,7.2003688804806885,10.0
2003,16,16.0,7.323811198549943,6.5,8.676188801450056,9.5
2003,16,-3.0,6.307870722574357,7.0,-9.307870722574357,-10.0
2003,16,18.0,16.25834689033968,15.5,1.7416531096603194,2.5
2003,16,-14.0,5.389835807496644,6.5,-19.389835807496645,-20.5
2003,16,-34.0,-0.743740019339306,-5.5,-33.256259980660694,-28.5
2003,17,31.0,7.8720219923290955,9.5,23.127978007670905,21.5
2003,17,-7.0,3.7235049196946877,2.5,-10.723504919694687,-9.5
2003,17,-24.0,-4.1788786180108755,-9.0,-19.821121381989123,-15.0
2003,17,7.0,1.1181093593704845,2.5,5.881890640629516,4.5
2003,17,-8.0,2.8442800290697194,8.5,-10.844280029069719,-16.5
2003,17,10.0,-7.1950692931097855,-12.0,17.195069293109785,22.0
2003,17,-3.0,-7.651435782747825,-9.0,4.651435782747825,6.0
2003,17,28.0,12.335484900298189,7.5,15.664515099701811,20.5
2003,17,2.0,6.461520261617329,3.5,-4.461520261617329,-1.5
2003,17,6.0,4.3744542400876085,-1.0,1.6255457599123915,7.0
2003,17,20.0,4.017532378012346,4.0,15.982467621987654,16.0
2003,17,1.0,-9.829226449279117,-7.5,10.829226449279117,8.5
2003,17,-13.0,-0.3053352697401426,-4.5,-12.694664730259857,-8.5
2003,17,28.0,2.930577633313592,10.0,25.069422366686407,18.0
2003,17,7.0,0.8139666093846416,6.0,6.186033390615359,1.0
2003,17,3.0,8.159097342214244,6.0,-5.159097342214244,-3.0
2004,1,3.0,2.056567028179925,3.0,0.9434329718200751,0.0
2004,1,-10.0,0.4964217315666024,-3.0,-10.496421731566603,-7.0
2004,1,-3.0,2.8092849498477883,3.0,-5.809284949847788,-6.0
2004,1,-4.0,3.2458523460770845,1.5,-7.2458523460770845,-5.5
2004,1,17.0,-2.4089971841076774,-3.5,19.408997184107676,20.5
2004,1,-7.0,2.338667613320531,4.5,-9.338667613320531,-11.5
2004,1,-14.0,0.2175514144600761,-2.5,-14.217551414460075,-11.5
2004,1,7.0,2.9353679469393645,5.5,4.0646320530606355,1.5
2004,1,3.0,4.299385272117395,3.5,-1.2993852721173953,-0.5
2004,1,7.0,11.135280329726514,11.0,-4.135280329726514,-4.0
2004,1,6.0,-1.408889237947724,2.5,7.408889237947724,3.5
2004,1,18.0,3.2967807627709287,6.5,14.70321923722907,11.5
2004,1,14.0,8.382736335287126,9.5,5.617263664712874,4.5
2004,1,-2.0,6.820904539429373,-3.0,-8.820904539429373,1.0
2004,1,10.0,0.5491044837261918,3.0,9.450895516273809,7.0
2004,1,-10.0,-1.8704662687021965,3.0,-8.129533731297803,-13.0
2004,2,17.0,-3.4655549445827045,2.0,20.465554944582706,15.0
2004,2,17.0,3.2804989587562403,4.0,13.71950104124376,13.0
2004,2,12.0,3.3528120242292605,3.0,8.64718797577074,9.0
2004,2,-11.0,8.64838719926754,9.0,-19.64838719926754,-20.0
2004,2,1.0,-2.633886512514114,-3.0,3.633886512514114,4.0
2004,2,-11.0,5.460042373073794,7.0,-16.460042373073794,-18.0
2004,2,3.0,-0.2864464479118942,7.5,3.286446447911894,-4.5
2004,2,6.0,-1.1380659987288453,-3.0,7.1380659987288455,9.0
2004,2,-14.0,2.6468469692796592,-1.5,-16.646846969279657,-12.5
2004,2,-4.0,-1.6115700525427934,-3.0,-2.3884299474572064,-1.0
2004,2,-11.0,-7.403378874810134,-8.0,-3.5966211251898663,-3.0
2004,2,7.0,-0.055817535630514614,4.5,7.055817535630514,2.5
2004,2,3.0,0.026344641181800688,3.5,2.973655358818199,-0.5
2004,2,-6.0,-0.8823831415370063,-3.0,-5.117616858462994,-3.0
2004,2,3.0,-0.5732848636221279,5.5,3.5732848636221277,-2.5
2004,2,11.0,1.5345409783833748,3.0,9.465459021616626,8.0
2004,3,3.0,7.471231933923498,11.0,-4.471231933923498,-8.0
2004,3,-14.0,-0.4329852696530412,-1.5,-13.567014730346958,-12.5
2004,3,-17.0,1.0107723686059433,-4.5,-18.01077236860594,-12.5
2004,3,-3.0,8.663055284640201,7.5,-11.663055284640201,-10.5
2004,3,5.0,2.571141706713998,12.0,2.428858293286002,-7.0
2004,3,17.0,-1.0069792884101867,3.0,18.006979288410186,14.0
2004,3,-3.0,4.7014250579729016,6.0,-7.7014250579729016,-9.0
2004,3,-3.0,6.392502468654163,6.0,-9.392502468654163,-9.0
2004,3,10.0,8.618412495982952,9.5,1.3815875040170482,0.5
2004,3,14.0,3.6206022576907415,6.0,10.379397742309258,8.0
2004,3,34.0,6.068578389574835,10.0,27.931421610425165,24.0
2004,3,-10.0,4.490414739134129,2.5,-14.49041473913413,-12.5
2004,3,10.0,0.3041657107129194,3.0,9.695834289287081,7.0
2004,3,-3.0,0.9143350387026339,1.5,-3.914335038702634,-4.5
2004,4,-14.0,-2.2917869561009825,-5.5,-11.708213043899018,-8.5
2004,4,-10.0,-3.8828092065945814,-8.5,-6.117190793405419,-1.5
2004,4,4.0,5.269225011214739,-2.5,-1.269225011214739,6.5
2004,4,-7.0,6.769752715764436,7.0,-13.769752715764437,-14.0
2004,4,13.0,-0.002217323446512154,-2.0,13.002217323446512,15.0
2004,4,-7.0,-2.6359717960785343,-4.0,-4.364028203921466,-3.0
2004,4,11.0,4.1360432733322,4.0,6.8639567266678,7.0
2004,4,24.0,-2.583759714916604,-3.5,26.583759714916603,27.5
2004,4,-17.0,16.125152317694777,3.5,-33.12515231769478,-20.5
2004,4,-8.0,-11.610762908289727,-5.5,3.6107629082897272,-2.5
2004,4,21.0,-2.7856251141944695,-3.0,23.78562511419447,24.0
2004,4,-3.0,-1.4982096151694955,-3.0,-1.5017903848305045,0.0
2004,4,-10.0,0.33059593924109665,-4.0,-10.330595939241096,-6.0
2004,4,-3.0,5.272136320143272,6.0,-8.272136320143272,-9.0
2004,5,-7.0,7.916047526071392,6.5,-14.916047526071392,-13.5
2004,5,-16.0,-0.4123761867248632,3.5,-15.587623813275137,-19.5
2004,5,-6.0,0.5545130598910686,-3.5,-6.554513059891068,-2.5
2004,5,21.0,10.35617732753743,8.5,10.64382267246257,12.5
2004,5,14.0,9.510650897238207,11.0,4.489349102761793,3.0
2004,5,-3.0,0.43193997457326905,3.0,-3.431939974573269,-6.0
2004,5,11.0,3.1000725714668764,4.5,7.899927428533124,6.5
2004,5,2.0,5.821126079205156,6.5,-3.821126079205156,-4.5
2004,5,13.0,1.3270767900656935,-2.5,11.672923209934307,15.5
2004,5,3.0,6.597466412585467,4.0,-3.597466412585467,-1.0
2004,5,-6.0,3.226463983803272,8.0,-9.226463983803272,-14.0
2004,5,3.0,2.8483377516772785,1.0,0.15166224832272146,2.0
2004,5,-7.0,-3.7670146752931406,0.0,-3.2329853247068594,-7.0
2004,5,-21.0,3.083275118027669,3.0,-24.083275118027668,-24.0
2004,6,1.0,0.5995208164653001,5.5,0.4004791835346999,-4.5
2004,6,7.0,1.8253003379381045,4.5,5.1746996620618955,2.5
2004,6,-3.0,-0.8745580331045533,1.5,-2.1254419668954467,-4.5
2004,6,17.0,6.580434820735645,3.0,10.419565179264355,14.0
2004,6,-28.0,0.5086629361070296,3.0,-28.50866293610703,-31.0
2004,6,6.0,2.775736606391896,-2.5,3.224263393608104,8.5
2004,6,10.0,1.9538049563043045,3.5,8.046195043695695,6.5
2004,6,8.0,5.591709232372429,9.5,2.4082907676275713,-1.5
2004,6,22.0,4.304752929054767,10.0,17.695247070945232,12.0
2004,6,-10.0,6.581163111689489,5.5,-16.581163111689488,-15.5
2004,6,-4.0,-0.573208657508794,3.0,-3.4267913424912058,-7.0
2004,6,-28.0,-5.191306262343634,-2.5,-22.808693737656366,-25.5
2004,6,-7.0,-4.225167276167587,-3.5,-2.7748327238324126,-3.5
2004,6,7.0,3.8037450061769973,6.5,3.1962549938230027,0.5
2004,7,14.0,1.9177449476016677,4.5,12.082255052398333,9.5
2004,7,-11.0,-1.1436308273404232,3.0,-9.856369172659576,-14.0
2004,7,-3.0,-7.233166759966188,-7.0,4.233166759966188,4.0
2004,7,-3.0,4.598239181746358,9.0,-7.598239181746358,-12.0
2004,7,46.0,2.913061034197831,3.5,43.08693896580217,42.5
2004,7,17.0,-3.908966886480646,-5.0,20.908966886480645,22.0
2004,7,17.0,3.5649658575807597,6.0,13.43503414241924,11.0
2004,7,-15.0,0.4358550377269972,7.0,-15.435855037726997,-22.0
2004,7,12.0,1.534244955192547,7.0,10.465755044807453,5.0
2004,7,6.0,5.801695055110983,6.0,0.19830494488901707,0.0
2004,7,8.0,-10.575978498301739,-6.5,18.575978498301737,14.5
2004,7,21.0,4.060239543431897,4.0,16.939760456568102,17.0
2004,7,-5.0,-0.7613416838770397,3.0,-4.23865831612296,-8.0
2004,7,13.0,-7.457502577416552,-7.0,20.45750257741655,20.0
2004,8,24.0,2.6552778941948127,4.5,21.344722105805186,19.5
2004,8,10.0,1.3304327957367548,3.0,8.669567204263245,7.0
2004,8,14.0,-3.3706797591176327,2.0,17.370679759117632,12.0
2004,8,10.0,0.1773283826700558,-1.0,9.822671617329945,11.0
2004,8,-21.0,7.194599198806483,6.5,-28.194599198806483,-27.5
2004,8,5.0,5.082635599443526,7.5,-0.08263559944352572,-2.5
2004,8,7.0,4.02561738664793,3.0,2.97438261335207,4.0
2004,8,-14.0,-6.413381836951093,-1.0,-7.586618163048907,-13.0
2004,8,-13.0,10.218074062235674,7.0,-23.218074062235672,-20.0
2004,8,6.0,8.345103362137609,8.0,-2.3451033621376087,-2.0
2004,8,14.0,-7.1561928438428435,-3.0,21.156192843842845,17.0
2004,8,28.0,8.087125614614346,6.0,19.912874385385656,22.0
2004,8,10.0,7.839286230303445,2.0,2.160713769696555,8.0
2004,8,27.0,5.521500619036363,7.0,21.478499380963637,20.0
2004,9,5.0,-1.5902342257477826,-3.0,6.590234225747783,8.0
2004,9,-3.0,6.617381013873068,6.0,-9.617381013873068,-9.0
2004,9,23.0,2.5945958931865603,0.0,20.40540410681344,23.0
2004,9,-7.0,3.5840674129726433,3.5,-10.584067412972644,-10.5
2004,9,-1.0,4.519287558650243,3.0,-5.519287558650243,-4.0
2004,9,24.0,-2.3063808283330176,-1.5,26.30638082833302,25.5
2004,9,3.0,-4.776158728413668,-3.0,7.776158728413668,6.0
2004,9,-7.0,5.320272921705642,9.0,-12.32027292170564,-16.0
2004,9,26.0,9.93307004662535,6.5,16.06692995337465,19.5
2004,9,-15.0,-3.6978310677615167,-7.0,-11.302168932238484,-8.0
2004,9,18.0,5.875617785664559,7.0,12.12438221433544,11.0
2004,9,-18.0,-3.8789527806097,2.5,-14.1210472193903,-20.5
2004,9,14.0,9.649780032803314,6.0,4.350219967196686,8.0
2004,9,3.0,5.606675469507124,7.0,-2.606675469507124,-4.0
2004,10,10.0,-2.2891303268378995,3.5,12.289130326837899,6.5
2004,10,-14.0,-1.3967671900132337,-3.5,-12.603232809986766,-10.5
2004,10,35.0,9.916039534075482,8.5,25.08396046592452,26.5
2004,10,6.0,1.9051938734485567,3.5,4.094806126551443,2.5
2004,10,7.0,-5.054460231091804,-3.5,12.054460231091804,10.5
2004,10,-3.0,1.2095019624392789,-1.0,-4.209501962439279,-2.0
2004,10,11.0,-1.1904079120371667,-2.5,12.190407912037166,13.5
2004,10,-2.0,1.0635220783441692,5.5,-3.0635220783441692,-7.5
2004,10,-7.0,1.4814719279470752,4.0,-8.481471927947075,-11.0
2004,10,3.0,-0.7508436512079624,1.0,3.7508436512079624,2.0
2004,10,3.0,-0.3956505007141278,4.5,3.3956505007141278,-1.5
2004,10,-10.0,1.8681944411313811,1.5,-11.868194441131381,-11.5
2004,10,23.0,9.21021459400218,7.0,13.78978540599782,16.0
2004,10,-28.0,-5.670800732665159,-7.0,-22.329199267334843,-21.0
2004,11,20.0,12.103548127220062,7.5,7.896451872779938,12.5
2004,11,20.0,1.5667697612671512,2.0,18.43323023873285,18.0
2004,11,25.0,4.228889995390851,3.0,20.77111000460915,22.0
2004,11,-31.0,-4.398055323991337,-8.0,-26.601944676008664,-23.0
2004,11,-5.0,-1.7631799136035387,-4.0,-3.2368200863964613,-1.0
2004,11,-3.0,-1.0086721456492898,-1.5,-1.9913278543507102,-1.5
2004,11,-3.0,2.4101828716061524,3.0,-5.410182871606152,-6.0
2004,11,3.0,8.311273044728749,8.0,-5.311273044728749,-5.0
2004,11,-21.0,-0.7868047364506827,-6.0,-20.213195263549316,-15.0
2004,11,32.0,6.802663730885751,8.0,25.19733626911425,24.0
2004,11,-6.0,-5.313377304469257,-4.5,-0.6866226955307431,-1.5
2004,11,7.0,11.444551615716652,9.5,-4.444551615716652,-2.5
2004,11,-4.0,4.254584381378761,-3.0,-8.254584381378761,-1.0
2004,11,22.0,12.955225909953672,10.0,9.044774090046328,12.0
2004,11,-3.0,-2.5111443844273404,-3.0,-0.48885561557265955,0.0
2004,11,-8.0,-0.12466165047380962,-3.0,-7.87533834952619,-5.0
2004,12,-32.0,-8.001943867869462,-8.5,-23.998056132130536,-23.5
2004,12,14.0,0.09970759437051457,3.5,13.900292405629486,10.5
2004,12,7.0,1.6019282866257494,-3.0,5.39807171337425,10.0
2004,12,10.0,3.8647738415728936,6.0,6.135226158427106,4.0
2004,12,10.0,-0.18567552805595877,2.0,10.18567552805596,8.0
2004,12,-3.0,3.4521124639070693,3.0,-6.452112463907069,-6.0
2004,12,11.0,4.966983292293564,6.0,6.033016707706436,5.0
2004,12,-21.0,-4.753664281655322,-7.0,-16.246335718344678,-14.0
2004,12,9.0,10.965121442306469,10.0,-1.9651214423064687,-1.0
2004,12,3.0,6.545104598153554,9.0,-3.5451045981535536,-6.0
2004,12,-10.0,-4.420404521850111,-3.0,-5.579595478149889,-7.0
2004,12,21.0,5.246602436591749,7.0,15.753397563408251,14.0
2004,12,-29.0,5.706136500606474,4.0,-34.706136500606476,-33.0
2004,12,-7.0,-0.9286405956089561,0.0,-6.071359404391044,-7.0
2004,12,-1.0,12.63258295901755,11.5,-13.63258295901755,-12.5
2004,12,28.0,6.56274828810175,7.0,21.43725171189825,21.0
2004,13,-1.0,7.741416286546034,6.5,-8.741416286546034,-7.5
2004,13,10.0,-3.174685488224795,-7.0,13.174685488224796,17.0
2004,13,-27.0,-7.279937459414853,-11.0,-19.720062540585147,-16.0
2004,13,14.0,2.8178985626687822,6.0,11.182101437331218,8.0
2004,13,27.0,11.061160020258326,12.0,15.938839979741674,15.0
2004,13,-10.0,-1.0065151781951265,-5.0,-8.993484821804874,-5.0
2004,13,-11.0,-0.9756184277609812,-2.0,-10.024381572239019,-9.0
2004,13,22.0,8.033604714860353,7.0,13.966395285139647,15.0
2004,13,10.0,7.8204269753637305,11.0,2.1795730246362695,-1.0
2004,13,27.0,3.9224799752305337,2.0,23.077520024769466,25.0
2004,13,-7.0,-4.6765159852900755,-1.0,-2.3234840147099245,-6.0
2004,13,3.0,2.4180826142672736,3.0,0.5819173857327264,0.0
2004,13,30.0,6.1620972119609165,5.5,23.837902788039084,24.5
2004,13,24.0,0.8716271897363521,3.0,23.12837281026365,21.0
2004,13,-1.0,-2.2008427946831377,-3.0,1.2008427946831377,2.0
2004,13,-4.0,8.755760837871787,7.0,-12.755760837871787,-11.0
2004,14,25.0,4.959683218951685,7.5,20.040316781048315,17.5
2004,14,23.0,10.16549618747963,10.0,12.83450381252037,13.0
2004,14,30.0,8.032304292221353,11.0,21.967695707778645,19.0
2004,14,-14.0,4.494172132172088,7.0,-18.49417213217209,-21.0
2004,14,-9.0,-9.7076026605428,-10.0,0.7076026605428005,1.0
2004,14,19.0,5.016303220695411,7.0,13.983696779304589,12.0
2004,14,-4.0,4.141771315266623,6.5,-8.141771315266624,-10.5
2004,14,7.0,12.292368949067953,10.5,-5.292368949067953,-3.5
2004,14,3.0,9.222919970464623,11.5,-6.222919970464623,-8.5
2004,14,11.0,3.7058534129208796,4.5,7.294146587079121,6.5
2004,14,-3.0,4.51921269125694,7.0,-7.51921269125694,-10.0
2004,14,13.0,4.66014397266053,7.0,8.33985602733947,6.0
2004,14,3.0,9.453267102862426,9.0,-6.453267102862426,-6.0
2004,14,7.0,5.659868392495106,4.0,1.340131607504894,3.0
2004,14,-3.0,-7.965261446942111,-8.0,4.965261446942111,5.0
2004,14,-11.0,-0.8332331850549326,-2.5,-10.166766814945067,-8.5
2004,15,-3.0,-5.019024814415982,-10.0,2.0190248144159817,7.0
2004,15,-10.0,-1.0290656254383665,-6.5,-8.970934374561633,-3.5
2004,15,3.0,1.6571290883595053,3.5,1.3428709116404947,-0.5
2004,15,-19.0,2.951932196500394,1.0,-21.951932196500394,-20.0
2004,15,-16.0,0.0022533769101666934,-3.0,-16.00225337691017,-13.0
2004,15,-21.0,-4.14861059430123,-8.0,-16.851389405698768,-13.0
2004,15,-1.0,-1.221906806473243,-3.0,0.221906806473243,2.0
2004,15,28.0,3.5402982987604803,-3.0,24.45970170123952,31.0
2004,15,23.0,6.120961755186979,6.5,16.87903824481302,16.5
2004,15,5.0,16.27429641854687,11.5,-11.274296418546871,-6.5
2004,15,24.0,-0.3657534404253169,-3.0,24.365753440425316,27.0
2004,15,-4.0,8.422984757864146,7.5,-12.422984757864146,-11.5
2004,15,-3.0,5.198117729709475,3.5,-8.198117729709475,-6.5
2004,15,5.0,-0.9857444316113868,3.5,5.985744431611387,1.5
2004,15,10.0,8.128875493033563,7.5,1.8711245069664368,2.5
2004,15,1.0,-7.929592225497682,-10.0,8.929592225497682,11.0
2004,16,-3.0,2.1104600094792483,3.5,-5.110460009479248,-6.5
2004,16,1.0,12.837567816159611,9.5,-11.837567816159611,-8.5
2004,16,-21.0,-0.8391820596324142,-4.0,-20.160817940367586,-17.0
2004,16,1.0,6.103356825130865,6.5,-5.103356825130865,-5.5
2004,16,6.0,3.8411406143918194,6.0,2.1588593856081806,0.0
2004,16,3.0,8.732058179602834,7.0,-5.732058179602834,-4.0
2004,16,-21.0,5.669094946011427,6.5,-26.669094946011427,-27.5
2004,16,13.0,0.945551128843289,6.5,12.054448871156712,6.5
2004,16,13.0,2.7890003312588636,5.0,10.210999668741136,8.0
2004,16,-16.0,-1.2729854727272407,0.0,-14.72701452727276,-16.0
2004,16,-34.0,-8.096059313411859,-10.0,-25.903940686588143,-24.0
2004,16,3.0,0.898959615160027,-2.5,2.101040384839973,5.5
2004,16,3.0,7.758638505790522,7.0,-4.758638505790522,-4.0
2004,16,-17.0,3.714363473246501,1.5,-20.7143634732465,-18.5
2004,16,3.0,6.144892157520221,9.0,-3.1448921575202213,-6.0
2004,16,13.0,-7.817339339281398,4.0,20.817339339281396,9.0
2004,17,7.0,8.693388091165465,11.0,-1.693388091165465,-4.0
2004,17,-5.0,2.9563121646236965,9.5,-7.9563121646236965,-14.5
2004,17,-3.0,6.7532827220630445,7.0,-9.753282722063044,-10.0
2004,17,-17.0,-3.4705388140106486,3.0,-13.529461185989351,-20.0
2004,17,-8.0,6.261303455909889,10.0,-14.26130345590989,-18.0
2004,17,14.0,20.278216092179655,13.0,-6.278216092179655,1.0
2004,17,-28.0,10.439102051736961,-4.0,-38.43910205173696,-24.0
2004,17,3.0,-3.600947811284941,-3.5,6.600947811284941,6.5
2004,17,5.0,3.892152085079914,-2.5,1.107847914920086,7.5
2004,17,3.0,-0.028305753527718247,-4.0,3.028305753527718,7.0
2004,17,5.0,-1.275990445153278,4.0,6.275990445153278,1.0
2004,17,2.0,4.351205120863949,5.5,-2.3512051208639493,-3.5
2004,17,19.0,-3.4915340865396205,10.0,22.49153408653962,9.0
2004,17,-7.0,-1.1584080228877158,-2.5,-5.841591977112284,-4.5
2004,17,7.0,3.041484158779194,-6.5,3.958515841220806,13.5
2004,17,4.0,3.9291286170715254,1.0,0.07087138292847461,3.0
2005,1,10.0,10.215670616655514,7.5,-0.21567061665551357,2.5
2005,1,15.0,6.076362069109188,4.5,8.923637930890813,10.5
2005,1,-3.0,4.349015639327577,6.5,-7.349015639327577,-9.5
2005,1,-14.0,-0.9020710630806303,-3.5,-13.09792893691937,-10.5
2005,1,12.0,2.8206897842219076,3.0,9.179310215778091,9.0
2005,1,20.0,1.5002915618144472,3.0,18.499708438185554,17.0
2005,1,24.0,-1.9783527812839128,-4.5,25.978352781283913,28.5
2005,1,-11.0,2.5356748901640183,6.0,-13.535674890164017,-17.0
2005,1,27.0,8.261335734166103,7.0,18.738664265833897,20.0
2005,1,2.0,4.283991055021886,6.0,-2.283991055021886,-4.0
2005,1,14.0,-0.5436553392531702,3.0,14.54365533925317,11.0
2005,1,23.0,2.307756417602258,1.5,20.692243582397744,21.5
2005,1,-4.0,9.450953734966017,5.0,-13.450953734966017,-9.0
2005,1,3.0,-1.4234265333237133,-4.5,4.423426533323713,7.5
2005,1,-17.0,-0.8307105987910872,-3.0,-16.169289401208914,-14.0
2005,1,4.0,-1.4608012911516783,-2.0,5.460801291151679,6.0
2005,2,10.0,-0.22017283632982032,-3.0,10.22017283632982,13.0
2005,2,32.0,3.991833089785094,-2.5,28.008166910214907,34.5
2005,2,29.0,10.209248544866515,3.0,18.790751455133485,26.0
2005,2,-20.0,-0.5057897260265509,-4.5,-19.49421027397345,-15.5
2005,2,7.0,12.513994915511294,9.0,-5.513994915511294,-2.0
2005,2,39.0,14.62556031578729,11.5,24.37443968421271,27.5
2005,2,16.0,3.0135438430197556,2.5,12.986456156980244,13.5
2005,2,15.0,1.7868608001649724,-3.5,13.213139199835027,18.5
2005,2,-5.0,4.919585705124418,-1.0,-9.919585705124419,-4.0
2005,2,3.0,4.867139750371448,1.0,-1.8671397503714484,2.0
2005,2,3.0,3.8513660824609635,3.0,-0.8513660824609635,0.0
2005,2,-2.0,9.50654846132656,7.0,-11.50654846132656,-9.0
2005,2,10.0,6.388067929897308,6.0,3.611932070102692,4.0
2005,2,-6.0,0.20502264821673943,-1.5,-6.205022648216739,-4.5
2005,2,-1.0,6.012741311005655,6.0,-7.012741311005655,-7.0
2005,2,-17.0,4.702181362289343,-3.0,-21.702181362289345,-14.0
2005,3,-8.0,9.628617477868776,3.0,-17.628617477868776,-11.0
2005,3,-17.0,2.4844090795665927,-3.0,-19.484409079566593,-14.0
2005,3,-1.0,3.083813209310538,-3.0,-4.083813209310538,2.0
2005,3,7.0,16.118572748527995,13.5,-9.118572748527995,-6.5
2005,3,3.0,8.549028223469552,-3.5,-5.549028223469552,6.5
2005,3,17.0,2.408149351808224,3.5,14.591850648191777,13.5
2005,3,-6.0,7.228715399019387,2.5,-13.228715399019386,-8.5
2005,3,3.0,13.277915979104387,8.5,-10.277915979104387,-5.5
2005,3,4.0,7.776787663776527,6.5,-3.7767876637765267,-2.5
2005,3,25.0,9.855037284498565,6.5,15.144962715501435,18.5
2005,3,-3.0,-2.4133055062689115,-6.5,-0.5866944937310885,3.5
2005,3,-3.0,8.720787993490076,3.0,-11.720787993490076,-6.0
2005,3,22.0,3.1695277674805844,5.5,18.830472232519416,16.5
2005,3,20.0,3.919115952330888,2.5,16.080884047669112,17.5
2005,4,6.0,34.80268946938651,9.5,-28.802689469386507,-3.5
2005,4,-13.0,3.734732649811003,4.0,-16.734732649811004,-17.0
2005,4,-24.0,8.137013812632,5.5,-32.137013812632,-29.5
2005,4,12.0,0.6892432956443333,-1.0,11.310756704355667,13.0
2005,4,20.0,8.477969651111954,3.0,11.522030348888046,17.0
2005,4,4.0,31.653635654022427,6.5,-27.653635654022427,-2.5
2005,4,-21.0,-2.168399337725349,-7.0,-18.831600662274653,-14.0
2005,4,3.0,-12.017520346669745,2.0,15.017520346669745,1.0
2005,4,10.0,-14.740426797169803,7.5,24.740426797169803,2.5
2005,4,20.0,9.583003059899243,6.0,10.416996940100757,14.0
2005,4,-6.0,6.573669143031247,2.5,-12.573669143031246,-8.5
2005,4,6.0,6.940071653260123,3.0,-0.940071653260123,3.0
2005,4,17.0,2.250722648715735,3.0,14.749277351284265,14.0
2005,4,3.0,7.303143611619143,3.0,-4.303143611619143,0.0
2005,5,-3.0,4.512367318252239,2.5,-7.512367318252239,-5.5
2005,5,6.0,1.9894900132120417,2.5,4.010509986787959,3.5
2005,5,10.0,4.468505524125702,3.0,5.531494475874298,7.0
2005,5,18.0,2.2519865433855975,2.0,15.748013456614402,16.0
2005,5,49.0,5.933443763725551,3.0,43.06655623627445,46.0
2005,5,-14.0,5.807739547426204,1.5,-19.807739547426202,-15.5
2005,5,2.0,2.997735431763938,-3.5,-0.997735431763938,5.5
2005,5,-6.0,1.003521674154185,3.0,-7.003521674154185,-9.0
2005,5,-25.0,-11.917493260386863,-14.0,-13.082506739613137,-11.0
2005,5,-4.0,0.7705347991321929,-3.0,-4.770534799132193,-1.0
2005,5,23.0,-2.2373837948723825,-3.5,25.237383794872382,26.5
2005,5,2.0,9.526634687268826,7.0,-7.526634687268826,-5.0
2005,5,3.0,0.12602154175894587,3.0,2.873978458241054,0.0
2005,5,-2.0,2.3172411343976393,3.0,-4.317241134397639,-5.0
2005,6,13.0,4.7049843957507695,4.0,8.29501560424923,9.0
2005,6,25.0,4.872554980460249,2.0,20.12744501953975,23.0
2005,6,3.0,1.5598784455084331,3.5,1.4401215544915669,-0.5
2005,6,-1.0,3.307075564690901,0.0,-4.307075564690901,-1.0
2005,6,7.0,9.454328302203727,6.5,-2.454328302203727,0.5
2005,6,-3.0,-2.5252466074509474,-4.0,-0.4747533925490526,1.0
2005,6,-6.0,10.408780057993138,5.0,-16.408780057993138,-11.0
2005,6,14.0,7.476499561579689,4.5,6.523500438420311,9.5
2005,6,-8.0,-2.282292716109799,-3.0,-5.717707283890201,-5.0
2005,6,10.0,5.648963479205123,3.0,4.351036520794877,7.0
2005,6,8.0,4.799825454942299,3.0,3.200174545057701,5.0
2005,6,-13.0,-0.7385934026524659,0.0,-12.261406597347534,-13.0
2005,6,32.0,10.58720155059196,8.5,21.41279844940804,23.5
2005,6,17.0,17.367595133511667,13.0,-0.36759513351166717,4.0
2005,7,-10.0,3.469189925856846,-1.0,-13.469189925856845,-9.0
2005,7,-14.0,5.362900967778376,3.0,-19.362900967778376,-17.0
2005,7,-3.0,5.491167127620039,3.0,-8.491167127620038,-6.0
2005,7,-18.0,-8.892047286434348,-14.5,-9.107952713565652,-3.5
2005,7,3.0,-0.3889660346444941,2.0,3.3889660346444943,1.0
2005,7,3.0,1.4226965582445514,4.0,1.5773034417554486,-1.0
2005,7,11.0,8.060975961785353,5.0,2.9390240382146473,6.0
2005,7,35.0,16.46242070992873,11.5,18.53757929007127,23.5
2005,7,3.0,8.084194403087942,3.0,-5.084194403087942,0.0
2005,7,10.0,2.8628595476364165,3.0,7.1371404523635835,7.0
2005,7,4.0,5.787258725851161,1.0,-1.787258725851161,3.0
2005,7,1.0,3.840634624527583,2.0,-2.840634624527583,-1.0
2005,7,21.0,2.4415099841371446,3.0,18.558490015862855,18.0
2005,7,13.0,7.673321408173955,7.5,5.326678591826045,5.5
2005,8,25.0,8.16548168182392,8.0,16.83451831817608,17.0
2005,8,7.0,7.599346616606187,7.0,-0.5993466166061872,0.0
2005,8,21.0,9.78111270438838,7.0,11.21888729561162,14.0
2005,8,-6.0,5.0322596291215556,3.0,-11.032259629121555,-9.0
2005,8,3.0,1.14520106589777,2.0,1.85479893410223,1.0
2005,8,36.0,5.6682197110710195,3.0,30.331780288928982,33.0
2005,8,3.0,1.6308088310569215,-3.0,1.3691911689430785,6.0
2005,8,-9.0,3.1170129718111967,-2.0,-12.117012971811196,-7.0
2005,8,-15.0,0.6877771403332774,2.0,-15.687777140333278,-17.0
2005,8,8.0,9.530557302420197,5.0,-1.5305573024201973,3.0
2005,8,28.0,5.251718667017786,3.0,22.748281332982213,25.0
2005,8,5.0,-6.111948475177824,-11.5,11.111948475177824,16.5
2005,8,5.0,7.898880604881432,7.0,-2.898880604881432,-2.0
2005,8,1.0,12.695686002899466,8.5,-11.695686002899466,-7.5
2005,9,-12.0,2.1324258492295955,-3.5,-14.132425849229595,-8.5
2005,9,6.0,7.480642675631691,3.0,-1.4806426756316906,3.0
2005,9,7.0,14.251468781416406,11.0,-7.251468781416406,-4.0
2005,9,4.0,9.087252440120123,4.5,-5.087252440120123,-0.5
2005,9,-7.0,5.435412124841704,-2.0,-12.435412124841704,-5.0
2005,9,13.0,1.6121730048690583,-1.5,11.387826995130942,14.5
2005,9,-5.0,-3.5139536997945284,-5.5,-1.4860463002054716,0.5
2005,9,-20.0,5.705549077542484,0.0,-25.705549077542486,-20.0
2005,9,-14.0,0.5523013603836167,-4.5,-14.552301360383616,-9.5
2005,9,-3.0,-1.3579487574936584,-2.5,-1.6420512425063416,-0.5
2005,9,-18.0,-8.83303007933186,-9.5,-9.16696992066814,-8.5
2005,9,-10.0,0.9943325388147928,-6.5,-10.994332538814792,-3.5
2005,9,7.0,2.9134402556424206,0.0,4.086559744357579,7.0
2005,9,-19.0,1.9400035396390138,-3.0,-20.940003539639015,-16.0
2005,10,11.0,1.793156996361969,2.5,9.206843003638031,8.5
2005,10,8.0,16.215854860605976,12.0,-8.215854860605976,-4.0
2005,10,8.0,7.76051905352286,4.0,0.2394809464771397,4.0
2005,10,14.0,20.661969820508276,17.0,-6.661969820508276,-3.0
2005,10,27.0,7.6497456602538225,8.0,19.35025433974618,19.0
2005,10,-7.0,1.7223096491304095,-2.5,-8.722309649130409,-4.5
2005,10,-3.0,13.748954011791323,10.0,-16.748954011791323,-13.0
2005,10,27.0,8.624891194656332,9.5,18.375108805343668,17.5
2005,10,-14.0,-0.8519741100967548,-2.5,-13.148025889903245,-11.5
2005,10,-8.0,6.523768664631529,9.5,-14.523768664631529,-17.5
2005,10,15.0,10.669623473896772,7.0,4.330376526103228,8.0
2005,10,1.0,4.5547026591775195,-1.0,-3.5547026591775195,2.0
2005,10,13.0,13.586170384482,7.5,-0.5861703844819992,5.5
2005,10,-1.0,5.364118549558492,3.0,-6.364118549558492,-4.0
2005,11,-3.0,6.577489945801877,6.0,-9.577489945801876,-9.0
2005,11,3.0,-3.858231432031295,-4.0,6.858231432031295,7.0
2005,11,10.0,0.6284528011749355,-3.0,9.371547198825064,13.0
2005,11,22.0,3.740522055075071,2.5,18.259477944924928,19.5
2005,11,13.0,8.43569025250366,8.0,4.56430974749634,5.0
2005,11,7.0,13.31476942429136,10.0,-6.3147694242913595,-3.0
2005,11,10.0,6.570537698348675,3.5,3.4294623016513253,6.5
2005,11,-10.0,6.789031626314963,9.0,-16.789031626314962,-19.0
2005,11,-3.0,-0.9013434962667279,-4.0,-2.098656503733272,1.0
2005,11,-3.0,6.247493359035097,6.0,-9.247493359035097,-9.0
2005,11,-2.0,-9.62776884092245,-12.0,7.6277688409224496,10.0
2005,11,-8.0,1.1057916715788245,-4.5,-9.105791671578825,-3.5
2005,11,27.0,12.611867354235702,13.0,14.388132645764298,14.0
2005,11,38.0,13.499336041436369,9.0,24.50066395856363,29.0
2005,11,-28.0,-2.6948320114180433,-6.5,-25.305167988581957,-21.5
2005,11,-3.0,10.123681113714058,3.5,-13.123681113714058,-6.5
2005,12,-20.0,1.2438656146179055,-3.0,-21.243865614617906,-17.0
2005,12,-3.0,0.0989448403493478,1.5,-3.098944840349348,-4.5
2005,12,-4.0,-0.09250980847192647,-4.0,-3.9074901915280735,0.0
2005,12,13.0,10.805525737822736,9.0,2.1944742621772644,4.0
2005,12,-6.0,1.8730630933240056,-3.5,-7.873063093324006,-2.5
2005,12,10.0,5.5250623888281245,3.0,4.4749376111718755,7.0
2005,12,12.0,2.7954914234339663,3.5,9.204508576566035,8.5
2005,12,-3.0,4.489330992764316,3.0,-7.489330992764316,-6.0
2005,12,11.0,11.097973802424747,7.0,-0.09797380242474674,4.0
2005,12,-6.0,-3.921144290342247,-3.0,-2.078855709657753,-3.0
2005,12,-7.0,-2.66332574663359,-3.5,-4.33667425336641,-3.5
2005,12,-12.0,6.614275582173128,7.0,-18.61427558217313,-19.0
2005,12,5.0,5.762499685037536,3.5,-0.7624996850375361,1.5
2005,12,3.0,4.046409742014812,5.5,-1.046409742014812,-2.5
2005,12,-2.0,8.586678275854634,-1.0,-10.586678275854634,-1.0
2005,12,19.0,8.656790464731065,8.0,10.343209535268935,11.0
2005,13,1.0,9.6759013450718,7.0,-8.6759013450718,-6.0
2005,13,18.0,4.9251513920678205,3.0,13.074848607932179,15.0
2005,13,12.0,4.044001037364468,7.0,7.955998962635532,5.0
2005,13,-6.0,-0.5695108014774632,-3.0,-5.430489198522537,-3.0
2005,13,-5.0,4.206299887808743,-3.0,-9.206299887808743,-2.0
2005,13,32.0,18.670323238123554,14.0,13.329676761876446,18.0
2005,13,1.0,4.766887846306036,3.0,-3.7668878463060356,-2.0
2005,13,-7.0,-1.517139041370573,-3.5,-5.482860958629427,-3.5
2005,13,7.0,5.682521766418888,3.0,1.3174782335811122,4.0
2005,13,-7.0,5.165027793459283,4.0,-12.165027793459284,-11.0
2005,13,-7.0,-1.20300008760712,-3.0,-5.79699991239288,-4.0
2005,13,-15.0,0.7534235986424016,-3.0,-15.753423598642401,-12.0
2005,13,4.0,0.3400362845839813,0.0,3.6599637154160187,4.0
2005,13,13.0,10.216083969338776,7.5,2.7839160306612243,5.5
2005,13,24.0,14.600393496860585,10.0,9.399606503139415,14.0
2005,13,-42.0,3.064423169874736,-3.0,-45.064423169874736,-39.0
2005,14,-28.0,0.028595404084404308,-3.5,-28.028595404084406,-24.5
2005,14,-10.0,8.078607478412849,5.5,-18.07860747841285,-15.5
2005,14,3.0,11.283529819629477,12.5,-8.283529819629477,-9.5
2005,14,-8.0,-3.5872040489180845,-7.5,-4.4127959510819155,-0.5
2005,14,14.0,5.999473645365077,7.0,8.000526354634923,7.0
2005,14,16.0,2.4741010797882983,-3.0,13.525898920211702,19.0
2005,14,12.0,7.935922761518507,4.0,4.064077238481493,8.0
2005,14,3.0,6.092663427661191,6.5,-3.092663427661191,-3.5
2005,14,-4.0,-0.9918872583498182,-3.0,-3.008112741650182,-1.0
2005,14,-3.0,-0.6164680946598156,-3.0,-2.3835319053401847,0.0
2005,14,38.0,19.49676341714069,15.5,18.50323658285931,22.5
2005,14,3.0,2.088415440955674,3.0,0.9115845590443259,0.0
2005,14,2.0,12.936298068483804,14.0,-10.936298068483804,-12.0
2005,14,-2.0,14.7834792017221,13.5,-16.783479201722102,-15.5
2005,14,3.0,8.569660424469667,5.5,-5.569660424469667,-2.5
2005,14,19.0,11.914999676271275,10.0,7.085000323728725,9.0
2005,15,28.0,6.684812890757989,4.5,21.31518710924201,23.5
2005,15,10.0,4.455972728020116,3.0,5.544027271979884,7.0
2005,15,-11.0,-4.878098288269699,-8.0,-6.121901711730301,-3.0
2005,15,11.0,1.8442483049372083,-1.0,9.155751695062792,12.0
2005,15,-9.0,6.9940157453182215,7.5,-15.994015745318222,-16.5
2005,15,1.0,18.42760785231645,14.5,-17.42760785231645,-13.5
2005,15,4.0,5.950770021476423,7.5,-1.9507700214764228,-3.5
2005,15,-15.0,-3.0774733076198046,-3.0,-11.922526692380195,-12.0
2005,15,-17.0,-6.32472214578211,-7.0,-10.675277854217889,-10.0
2005,15,-1.0,0.21847151272129484,3.0,-1.2184715127212948,-4.0
2005,15,-4.0,-6.901495293094429,-7.5,2.9014952930944293,3.5
2005,15,-24.0,-4.459964379640477,-7.5,-19.540035620359525,-16.5
2005,15,-2.0,2.9432264996473005,3.0,-4.9432264996473005,-5.0
2005,15,28.0,3.2588147245038206,3.0,24.74118527549618,25.0
2005,15,13.0,3.171381891463964,3.0,9.828618108536036,10.0
2005,15,45.0,1.7324763668868326,3.5,43.267523633113164,41.5
2005,16,-4.0,7.0553071325614685,5.5,-11.055307132561468,-9.5
2005,16,-10.0,12.490754292139867,13.0,-22.49075429213987,-23.0
2005,16,-41.0,-3.414241213155723,-7.0,-37.58575878684428,-34.0
2005,16,-18.0,-4.711769994148334,-6.0,-13.288230005851666,-12.0
2005,16,13.0,-1.5226068855036785,1.0,14.522606885503679,12.0
2005,16,14.0,7.5415533819388925,5.5,6.4584466180611075,8.5
2005,16,-1.0,1.4140261941915337,3.0,-2.4140261941915337,-4.0
2005,16,-4.0,10.069517422551016,9.0,-14.069517422551016,-13.0
2005,16,3.0,2.869957434674977,3.0,0.13004256532502279,0.0
2005,16,15.0,1.5240309111666113,3.0,13.475969088833388,12.0
2005,16,6.0,-0.10600610291509582,1.0,6.106006102915096,5.0
2005,16,19.0,13.386934267653572,12.5,5.613065732346428,6.5
2005,16,15.0,-1.082143187739347,7.0,16.082143187739348,8.0
2005,16,-7.0,0.7247347508739233,-7.0,-7.724734750873923,0.0
2005,16,7.0,6.529933396153374,2.5,0.47006660384662613,4.5
2005,16,-10.0,-3.670039352151211,-4.0,-6.3299606478487895,-6.0
2005,17,-16.0,5.629954780482336,7.0,-21.629954780482336,-23.0
2005,17,-9.0,-2.8404815029231494,-7.5,-6.159518497076851,-1.5
2005,17,-33.0,1.8710385255239244,-3.5,-34.87103852552392,-29.5
2005,17,4.0,0.8209578771920594,-3.0,3.1790421228079406,7.0
2005,17,6.0,-5.203058680941119,3.0,11.203058680941119,3.0
2005,17,4.0,18.45022589260722,6.0,-14.450225892607222,-2.0
2005,17,34.0,3.0159760859616296,7.5,30.98402391403837,26.5
2005,17,-2.0,8.89009371142124,3.0,-10.89009371142124,-5.0
2005,17,4.0,2.217850387694778,1.5,1.782149612305222,2.5
2005,17,14.0,15.794541395074107,15.5,-1.7945413950741074,-1.5
2005,17,14.0,11.074137679867007,13.0,2.9258623201329925,1.0
2005,17,27.0,11.83397508718649,4.0,15.16602491281351,23.0
2005,17,3.0,0.49862339391202104,-1.0,2.501376606087979,4.0
2005,17,24.0,-0.57131402150647,3.0,24.57131402150647,21.0
2005,17,-11.0,0.23190021031398533,-7.0,-11.231900210313984,-4.0
2005,17,-10.0,9.81603581958078,12.5,-19.81603581958078,-22.5
2006,1,11.0,6.143394168852172,1.5,4.856605831147828,9.5
2006,1,-14.0,5.2545771964754415,4.5,-19.25457719647544,-18.5
2006,1,-5.0,5.049927977313603,3.0,-10.049927977313603,-8.0
2006,1,-3.0,-5.367809340466346,-6.0,2.367809340466346,3.0
2006,1,-14.0,-1.0795684409158537,-6.0,-12.920431559084147,-8.0
2006,1,-13.0,2.8959696524094842,-1.5,-15.895969652409484,-11.5
2006,1,2.0,6.214029594477111,10.0,-4.214029594477111,-8.0
2006,1,8.0,-4.543444910947528,-3.5,12.543444910947528,11.5
2006,1,-27.0,3.043434911286632,3.0,-30.04343491128663,-30.0
2006,1,-7.0,1.6745074284224817,2.5,-8.674507428422482,-9.5
2006,1,7.0,5.308370444620321,9.5,1.691629555379679,-2.5
2006,1,-26.0,-0.5258521214565732,-3.5,-25.474147878543427,-22.5
2006,1,7.0,3.4812301410742332,-2.5,3.5187698589257668,9.5
2006,1,-5.0,0.014742194838573752,-3.0,-5.014742194838574,-2.0
2006,1,-3.0,5.745566625338462,4.0,-8.745566625338462,-7.0
2006,1,-27.0,-3.972909880658412,-3.0,-23.027090119341587,-24.0
2006,2,11.0,-3.5774962739327782,4.5,14.577496273932779,6.5
2006,2,22.0,-1.8137560472032375,13.0,23.81375604720324,9.0
2006,2,27.0,-1.9235421537841342,7.0,28.923542153784133,20.0
2006,2,17.0,-1.8153143657900443,10.5,18.815314365790044,6.5
2006,2,-7.0,-4.934962890629549,-1.0,-2.0650371093704507,-6.0
2006,2,19.0,3.5742455914965223,12.5,15.425754408503478,6.5
2006,2,-10.0,-5.045309570035403,6.5,-4.954690429964597,-16.5
2006,2,3.0,-9.710190493737827,2.0,12.710190493737827,1.0
2006,2,-6.0,-11.272808213357422,3.0,5.272808213357422,-9.0
2006,2,11.0,-1.8904290888917483,7.0,12.890429088891748,4.0
2006,2,7.0,-12.849639540023283,-3.0,19.849639540023283,10.0
2006,2,3.0,-6.269018277217946,11.0,9.269018277217945,-8.0
2006,2,-7.0,-11.486509209014478,-6.0,4.4865092090144785,-1.0
2006,2,33.0,2.474079001032422,12.0,30.525920998967578,21.0
2006,2,17.0,-9.176123028017146,7.0,26.176123028017145,10.0
2006,2,9.0,-8.047801828887383,-2.5,17.047801828887383,11.5
2006,3,-8.0,1.988688931804721,6.0,-9.98868893180472,-14.0
2006,3,-7.0,1.1459648886908211,6.5,-8.145964888690822,-13.5
2006,3,-16.0,-5.442252906297991,-3.5,-10.557747093702009,-12.5
2006,3,7.0,1.4533115110370094,6.5,5.546688488962991,0.5
2006,3,3.0,5.744727871108225,10.5,-2.744727871108225,-7.5
2006,3,-3.0,-4.9171200771321875,-3.5,1.9171200771321875,0.5
2006,3,-8.0,3.5198638333474315,2.0,-11.519863833347431,-10.0
2006,3,-2.0,-3.286297496565511,-3.0,1.2862974965655112,1.0
2006,3,-1.0,-6.239249011977362,-6.5,5.239249011977362,5.5
2006,3,-2.0,0.6956331645178213,5.5,-2.6956331645178215,-7.5
2006,3,12.0,2.2603808376242704,4.0,9.73961916237573,8.0
2006,3,-14.0,-2.8776851912727683,-6.0,-11.122314808727232,-8.0
2006,3,-10.0,-0.42740463926151895,6.5,-9.57259536073848,-16.5
2006,3,20.0,-4.488646794478154,-4.0,24.488646794478154,24.0
2006,4,22.0,5.048471601561272,7.0,16.95152839843873,15.0
2006,4,3.0,9.045882718554289,1.0,-6.045882718554289,2.0
2006,4,5.0,-1.7768843817792779,1.0,6.776884381779277,4.0
2006,4,3.0,0.7230766709394989,7.0,2.276923329060501,-4.0
2006,4,2.0,-4.725769535815099,-3.5,6.725769535815099,5.5
2006,4,41.0,-5.342415896481184,7.0,46.342415896481185,34.0
2006,4,-3.0,-8.032171179517649,-7.5,5.032171179517649,4.5
2006,4,-31.0,5.6340607260177755,-10.0,-36.63406072601778,-21.0
2006,4,7.0,3.907481274017307,5.5,3.092518725982693,1.5
2006,4,-25.0,5.182502171028857,5.5,-30.182502171028858,-30.5
2006,4,-3.0,-15.157744376811745,-1.0,12.157744376811745,-2.0
2006,4,6.0,-1.3660234039952743,-2.5,7.366023403995275,8.5
2006,4,31.0,0.718715371676835,3.5,30.281284628323164,27.5
2006,4,22.0,4.184750650535792,12.0,17.81524934946421,10.0
2006,5,8.0,4.91726672138257,7.5,3.0827332786174297,0.5
2006,5,33.0,10.717234485091321,9.5,22.28276551490868,23.5
2006,5,-3.0,-2.1716008130578723,-2.5,-0.8283991869421277,-0.5
2006,5,1.0,15.524294773820154,13.5,-14.524294773820154,-12.5
2006,5,9.0,7.185775873029078,4.0,1.814224126970922,5.0
2006,5,10.0,8.67929124991938,9.5,1.3207087500806196,0.5
2006,5,3.0,-4.1277865848637845,7.0,7.1277865848637845,-4.0
2006,5,16.0,11.220267359283968,6.0,4.779732640716032,10.0
2006,5,-3.0,-5.476218573995536,-3.5,2.476218573995536,0.5
2006,5,41.0,7.033579388915722,7.0,33.966420611084274,34.0
2006,5,14.0,0.7541441708062377,3.0,13.245855829193761,11.0
2006,5,14.0,-1.5197218463632447,-1.0,15.519721846363245,15.0
2006,5,10.0,-1.7871778810133758,3.5,11.787177881013376,6.5
2006,5,10.0,10.92470250835139,5.5,-0.9247025083513893,4.5
2006,6,-13.0,9.216783854129854,3.0,-22.216783854129854,-16.0
2006,6,-2.0,5.50662956624938,3.0,-7.50662956624938,-5.0
2006,6,28.0,6.301064956618195,13.0,21.698935043381805,15.0
2006,6,3.0,1.1736564319069536,-1.0,1.8263435680930464,4.0
2006,6,3.0,0.7103529023275477,-3.0,2.2896470976724523,6.0
2006,6,-2.0,-8.176087972361298,-3.0,6.176087972361298,1.0
2006,6,1.0,-10.183315514140444,-4.5,11.183315514140444,5.5
2006,6,-3.0,11.514693175158353,11.5,-14.514693175158353,-14.5
2006,6,3.0,2.6118402512289807,2.0,0.38815974877101933,1.0
2006,6,38.0,1.5040362327339822,6.5,36.49596376726602,31.5
2006,6,-29.0,-11.082804463320059,-9.5,-17.91719553667994,-19.5
2006,6,10.0,13.765769879836078,14.0,-3.7657698798360784,-4.0
2006,6,-1.0,-9.70049640629842,-11.5,8.70049640629842,10.5
2006,7,3.0,-0.7262004680039209,-2.5,3.726200468003921,5.5
2006,7,-22.0,-4.722427987750269,-5.5,-17.27757201224973,-16.5
2006,7,3.0,4.648937510750703,3.0,-1.6489375107507032,0.0
2006,7,20.0,-12.447351915469934,-7.5,32.44735191546994,27.5
2006,7,3.0,-4.71809053074176,-6.0,7.71809053074176,9.0
2006,7,-10.0,3.2246966437352613,6.0,-13.22469664373526,-16.0
2006,7,7.0,4.58505319012021,4.0,2.4149468098797904,3.0
2006,7,2.0,-1.5342012712029507,-6.0,3.5342012712029507,8.0
2006,7,-10.0,-1.591901522715626,-4.5,-8.408098477284375,-5.5
2006,7,14.0,10.177235555939887,8.0,3.8227644440601125,6.0
2006,7,13.0,1.0428044001059544,-3.0,11.957195599894046,16.0
2006,7,-18.0,4.738455370491995,6.0,-22.738455370491995,-24.0
2006,7,-14.0,3.6520191974479874,3.0,-17.652019197447988,-17.0
2006,8,31.0,19.477116857100054,16.0,11.522883142899946,15.0
2006,8,-2.0,4.890091446104147,3.5,-6.890091446104147,-5.5
2006,8,17.0,3.9908682050501567,4.0,13.009131794949843,13.0
2006,8,7.0,3.3108044679985436,4.0,3.6891955320014564,3.0
2006,8,-13.0,-0.20810825015344214,1.0,-12.791891749846558,-14.0
2006,8,14.0,11.06411840472484,9.5,2.935881595275159,4.5
2006,8,-7.0,2.194065107637628,9.0,-9.194065107637627,-16.0
2006,8,6.0,6.5982293023760725,3.0,-0.5982293023760725,3.0
2006,8,14.0,10.732434065469324,9.5,3.2675659345306762,4.5
2006,8,7.0,3.9335989910405167,1.0,3.0664010089594833,6.0
2006,8,-3.0,2.902842426271441,3.0,-5.902842426271441,-6.0
2006,8,7.0,-6.683257139522658,-9.0,13.683257139522658,16.0
2006,8,-21.0,1.801583985063836,4.5,-22.801583985063836,-25.5
2006,8,-24.0,0.39750133993045145,-1.0,-24.39750133993045,-23.0
2006,9,6.0,4.884796107754616,3.0,1.1152038922453844,3.0
2006,9,14.0,4.245094017072269,3.5,9.754905982927731,10.5
2006,9,-18.0,13.390423805454821,13.0,-31.390423805454823,-31.0
2006,9,16.0,-1.1024353340703663,-5.0,17.102435334070368,21.0
2006,9,30.0,12.612600186080023,9.5,17.387399813919977,20.5
2006,9,4.0,15.026555039421503,13.0,-11.026555039421503,-9.0
2006,9,-14.0,-0.1855481396284704,2.5,-13.81445186037153,-16.5
2006,9,-17.0,1.4931537965124126,1.0,-18.493153796512413,-18.0
2006,9,3.0,0.6646475600905561,-3.0,2.335352439909444,6.0
2006,9,6.0,-5.243830172879895,-4.0,11.243830172879896,10.0
2006,9,-11.0,1.6933210293426098,3.0,-12.69332102934261,-14.0
2006,9,7.0,15.157795608433918,13.0,-8.157795608433918,-6.0
2006,9,-7.0,2.4132301868581716,3.0,-9.413230186858172,-10.0
2006,9,16.0,9.037366772407914,7.0,6.962633227592086,9.0
2006,10,-4.0,5.377993690905351,9.0,-9.37799369090535,-13.0
2006,10,-8.0,-4.109252290037898,-1.0,-3.8907477099621017,-7.0
2006,10,-6.0,6.636395382573573,6.5,-12.636395382573573,-12.5
2006,10,1.0,12.679982345119477,12.0,-11.679982345119477,-11.0
2006,10,-3.0,12.970802333005583,10.0,-15.970802333005583,-13.0
2006,10,3.0,-1.2446258989766834,1.0,4.244625898976683,2.0
2006,10,-6.0,5.185438294625278,5.0,-11.185438294625278,-11.0
2006,10,-3.0,6.802547713002905,10.5,-9.802547713002905,-13.5
2006,10,24.0,8.740388932001744,9.0,15.259611067998256,15.0
2006,10,-1.0,-7.810484994420084,-7.0,6.810484994420084,6.0
2006,10,-4.0,-8.881344165907555,-9.0,4.881344165907555,5.0
2006,10,-17.0,-2.7757644640001695,-6.5,-14.224235535999831,-10.5
2006,10,7.0,5.540031280019713,6.5,1.4599687199802869,0.5
2006,10,2.0,5.932824969718644,3.0,-3.932824969718644,-1.0
2006,10,-18.0,0.7274784647517896,1.0,-18.72747846475179,-19.0
2006,10,14.0,11.56393428401703,10.0,2.43606571598297,4.0
2006,11,14.0,6.99650349971396,3.5,7.00349650028604,10.5
2006,11,15.0,3.8850325933415055,6.5,11.114967406658494,8.5
2006,11,-4.0,-2.31308003271749,-4.0,-1.6869199672825101,0.0
2006,11,-35.0,-5.004750749490501,-5.5,-29.9952492505095,-29.5
2006,11,-3.0,0.8893739057841974,3.0,-3.8893739057841974,-6.0
2006,11,4.0,9.449189547350858,9.0,-5.4491895473508585,-5.0
2006,11,4.0,2.692421384725285,3.0,1.307578615274715,1.0
2006,11,-15.0,0.9651194491391071,3.5,-15.965119449139108,-18.5
2006,11,-10.0,-9.33827273166143,-5.5,-0.66172726833857,-4.5
2006,11,-18.0,11.173870576520008,13.0,-29.17387057652001,-31.0
2006,11,3.0,-2.4057129488842155,3.0,5.405712948884215,0.0
2006,11,7.0,1.4163955284058596,2.5,5.583604471594141,4.5
2006,11,6.0,-6.22637649520073,-3.0,12.22637649520073,9.0
2006,11,7.0,2.4363114965477144,-1.0,4.563688503452285,8.0
2006,11,-8.0,-1.2140349098438432,2.5,-6.785965090156157,-10.5
2006,11,16.0,2.4260724501434727,4.0,13.573927549856528,12.0
2006,12,-17.0,-2.15779868884025,-3.0,-14.84220131115975,-14.0
2006,12,28.0,11.9902556816071,12.5,16.009744318392897,15.5
2006,12,9.0,-1.169821688678414,1.0,10.169821688678415,8.0
2006,12,-18.0,2.1636716340832147,3.0,-20.163671634083215,-21.0
2006,12,27.0,3.873279230087619,3.0,23.12672076991238,24.0
2006,12,3.0,-4.546288699683787,-3.0,7.546288699683787,6.0
2006,12,-30.0,-2.221615039124614,-3.0,-27.778384960875385,-27.0
2006,12,5.0,6.323042069073223,7.0,-1.3230420690732227,-2.0
2006,12,15.0,3.64629425941501,4.5,11.35370574058499,10.5
2006,12,3.0,6.15732911981767,4.5,-3.1573291198176703,-1.5
2006,12,4.0,1.096291560533012,-5.5,2.903708439466988,9.5
2006,12,7.0,16.379912692273564,13.5,-9.379912692273564,-6.5
2006,12,4.0,0.07131346276197847,4.5,3.9286865372380215,-0.5
2006,12,3.0,-4.829236485000047,-4.0,7.829236485000047,7.0
2006,12,24.0,6.652486844649502,10.0,17.347513155350498,14.0
2006,12,10.0,7.020715054045475,10.0,2.979284945954525,0.0
2006,13,6.0,0.4177296451548447,3.0,5.582270354845155,3.0
2006,13,-3.0,-8.644148371366875,-5.5,5.6441483713668745,2.5
2006,13,10.0,12.46707076129784,9.0,-2.4670707612978404,1.0
2006,13,3.0,-5.618203388121759,-4.0,8.61820338812176,7.0
2006,13,-28.0,-0.7408897596228846,1.0,-27.259110240377115,-29.0
2006,13,7.0,13.10949262424135,13.0,-6.10949262424135,-6.0
2006,13,24.0,9.038113176253049,7.0,14.961886823746951,17.0
2006,13,-14.0,5.07337856716348,6.0,-19.07337856716348,-20.0
2006,13,3.0,-8.062934562728962,-7.5,11.062934562728962,10.5
2006,13,-10.0,4.290249000337712,-1.0,-14.290249000337713,-9.0
2006,13,-14.0,-0.39991951602954323,1.0,-13.600080483970457,-15.0
2006,13,-9.0,2.803953838997575,3.0,-11.803953838997575,-12.0
2006,13,-3.0,-3.8180791610363474,-3.0,0.8180791610363474,0.0
2006,13,17.0,6.250952932282257,9.0,10.749047067717743,8.0
2006,13,-3.0,9.653709851700027,4.5,-12.653709851700027,-7.5
2006,13,3.0,2.0789686936393648,-3.0,0.9210313063606352,6.0
2006,14,20.0,7.1441221362052225,7.0,12.855877863794777,13.0
2006,14,-14.0,-1.0653869763859358,-3.0,-12.934613023614064,-11.0
2006,14,17.0,13.187961434558328,10.5,3.8120385654416715,6.5
2006,14,-10.0,-2.1343550271257192,1.0,-7.86564497287428,-11.0
2006,14,-6.0,1.176877395711219,1.0,-7.1768773957112195,-7.0
2006,14,27.0,1.3653936453192954,-1.0,25.634606354680706,28.0
2006,14,-10.0,-3.5580936945813084,3.0,-6.441906305418692,-13.0
2006,14,21.0,-5.3826883718038125,-3.0,26.382688371803813,24.0
2006,14,-11.0,-1.648577949919701,-4.0,-9.351422050080298,-7.0
2006,14,-2.0,1.5857759794809816,-2.0,-3.5857759794809816,0.0
2006,14,6.0,-3.8156453827587087,-3.0,9.815645382758708,9.0
2006,14,-11.0,0.2729554347949352,4.0,-11.272955434794936,-15.0
2006,14,-18.0,2.9042268593772187,4.5,-20.904226859377218,-22.5
2006,14,28.0,6.79514519780156,9.0,21.20485480219844,19.0
2006,14,-25.0,8.25385626362945,7.5,-33.25385626362945,-32.5
2006,14,-15.0,-10.290921738754722,-6.0,-4.709078261245278,-9.0
2006,15,-10.0,10.446697520252336,10.0,-20.446697520252336,-20.0
2006,15,-10.0,-3.8510232356347105,-4.0,-6.1489767643652895,-6.0
2006,15,10.0,8.931857210820098,13.0,1.0681427891799018,-3.0
2006,15,21.0,0.9644393003363827,1.0,20.035560699663616,20.0
2006,15,-34.0,-3.170316237389416,-3.0,-30.829683762610586,-31.0
2006,15,3.0,14.99948450260464,13.0,-11.99948450260464,-10.0
2006,15,8.0,3.0554221698939896,6.0,4.94457783010601,2.0
2006,15,-13.0,2.468480377672279,3.5,-15.468480377672279,-16.5
2006,15,33.0,11.810468152016359,13.0,21.18953184798364,20.0
2006,15,-6.0,5.241748358232751,10.0,-11.241748358232751,-16.0
2006,15,7.0,-7.5801632375405115,-3.5,14.58016323754051,10.5
2006,15,-17.0,-5.508182844183254,-2.5,-11.491817155816747,-14.5
2006,15,-14.0,5.000833614566137,5.5,-19.000833614566137,-19.5
2006,15,-20.0,2.0497195325198208,3.0,-22.04971953251982,-23.0
2006,15,11.0,10.098259220813226,9.5,0.901740779186774,1.5
2006,15,18.0,2.649255403367736,3.5,15.350744596632264,14.5
2006,16,2.0,-1.148831412812992,4.0,3.148831412812992,-2.0
2006,16,-11.0,-5.86141096853415,-7.0,-5.13858903146585,-4.0
2006,16,-7.0,2.8386691458709374,6.0,-9.838669145870938,-13.0
2006,16,-1.0,4.263748453965697,5.5,-5.263748453965697,-6.5
2006,16,-15.0,3.182308386473549,3.5,-18.18230838647355,-18.5
2006,16,-5.0,-12.754856456460667,-6.0,7.754856456460667,1.0
2006,16,3.0,-8.511366833996973,-9.0,11.511366833996973,12.0
2006,16,-3.0,1.4725869692877416,3.0,-4.472586969287741,-6.0
2006,16,-23.0,2.6044158347766624,3.0,-25.604415834776663,-26.0
2006,16,-24.0,0.1267564744514258,4.0,-24.126756474451426,-28.0
2006,16,6.0,-1.3519836875931006,1.0,7.3519836875931,5.0
2006,16,-6.0,2.0931475347775983,3.5,-8.093147534777598,-9.5
2006,16,1.0,2.225460078917481,3.0,-1.225460078917481,-2.0
2006,16,-3.0,-6.27917884159786,-4.0,3.2791788415978598,1.0
2006,16,-16.0,6.574237046167214,6.5,-22.574237046167212,-22.5
2006,16,-3.0,2.333373479328072,2.5,-5.333373479328072,-5.5
2006,17,-6.0,-1.1426060466117596,-1.0,-4.85739395338824,-5.0
2006,17,-6.0,1.7435949329405949,6.0,-7.743594932940595,-12.0
2006,17,-8.0,11.17903804585315,13.5,-19.17903804585315,-21.5
2006,17,8.0,0.4470073388189797,6.0,7.552992661181021,2.0
2006,17,5.0,-2.1488428965447506,1.0,7.148842896544751,4.0
2006,17,-20.0,4.633779661761742,-1.0,-24.633779661761743,-19.0
2006,17,-10.0,5.0252887209347605,-3.0,-15.02528872093476,-7.0
2006,17,20.0,5.277974005385326,10.0,14.722025994614674,10.0
2006,17,-16.0,-2.319182697597616,3.0,-13.680817302402383,-19.0
2006,17,-17.0,-7.4338705838956205,3.5,-9.56612941610438,-20.5
2006,17,12.0,8.092640495393287,9.5,3.9073595046067133,2.5
2006,17,-3.0,11.97814340701744,10.5,-14.97814340701744,-13.5
2006,17,5.0,7.883371771984948,9.5,-2.8833717719849483,-4.5
2006,17,7.0,4.068152599137455,7.0,2.9318474008625452,0.0
2006,17,7.0,15.814367686364703,13.5,-8.814367686364703,-6.5
2006,17,-19.0,11.419220086440946,2.5,-30.419220086440944,-21.5
2007,1,31.0,1.8426851943672542,5.5,29.157314805632744,25.5
2007,1,-1.0,2.1257686681854038,-3.0,-3.1257686681854038,2.0
2007,1,-27.0,-2.103131178723943,-4.5,-24.89686882127606,-22.5
2007,1,3.0,-1.5061312654587913,-3.0,4.506131265458791,6.0
2007,1,17.0,-0.6580281604890499,3.0,17.65802816048905,14.0
2007,1,-3.0,6.518751295849407,7.5,-9.518751295849407,-10.5
2007,1,21.0,1.5829135155078051,3.0,19.417086484492195,18.0
2007,1,-24.0,-1.8874662933220656,-6.0,-22.112533706677933,-18.0
2007,1,-14.0,2.152737840237482,1.5,-16.15273784023748,-15.5
2007,1,3.0,0.7625014141516981,3.0,2.237498585848302,0.0
2007,1,-15.0,0.3899644016710129,3.0,-15.389964401671012,-18.0
2007,1,11.0,2.8709619524387118,7.0,8.129038047561288,4.0
2007,1,14.0,4.834235753227643,6.0,9.165764246772357,8.0
2007,1,10.0,4.072095684020844,6.0,5.927904315979156,4.0
2007,1,7.0,-1.0539377832916932,2.5,8.053937783291694,4.5
2007,1,3.0,1.2935491272533897,3.5,1.7064508727466103,-0.5
2007,2,-13.0,4.300202293584632,6.5,-17.300202293584633,-19.5
2007,2,6.0,-4.708945669475186,-7.0,10.708945669475186,13.0
2007,2,6.0,8.191441217068698,10.0,-2.1914412170686983,-4.0
2007,2,-22.0,4.180904280780162,3.0,-26.18090428078016,-25.0
2007,2,23.0,6.6901521679233875,10.0,16.309847832076613,13.0
2007,2,-1.0,3.6445442067169296,3.0,-4.64454420671693,-4.0
2007,2,17.0,-1.0061615257633507,-5.0,18.00616152576335,22.0
2007,2,-2.0,-2.1634815710788224,-7.0,0.16348157107882244,5.0
2007,2,3.0,0.31168755887909416,-3.0,2.688312441120906,6.0
2007,2,3.0,1.592949849058694,3.0,1.407050150941306,0.0
2007,2,-17.0,0.019152826400993916,-3.5,-17.019152826400994,-13.5
2007,2,7.0,8.651738707093298,9.5,-1.6517387070932976,-2.5
2007,2,10.0,8.100732108103701,11.5,1.899267891896299,-1.5
2007,2,3.0,10.218862612740558,10.0,-7.218862612740558,-7.0
2007,2,24.0,3.9034827142526547,3.5,20.096517285747346,20.5
2007,2,-8.0,5.858738589259663,6.5,-13.858738589259662,-14.5
2007,3,3.0,7.895266129561243,7.0,-4.895266129561243,-4.0
2007,3,7.0,-1.6191704981349957,-5.5,8.619170498134995,12.5
2007,3,-6.0,-3.0005736901321622,-6.5,-2.9994263098678378,0.5
2007,3,3.0,0.1473263763462236,3.0,2.8526736236537764,0.0
2007,3,31.0,11.906963292417137,16.5,19.09303670758286,14.5
2007,3,3.0,2.414130996347372,3.0,0.5858690036526282,0.0
2007,3,35.0,5.87963901436543,5.0,29.12036098563457,30.0
2007,3,21.0,10.428158147010418,10.0,10.571841852989582,11.0
2007,3,21.0,1.0838819456283841,3.5,19.916118054371616,17.5
2007,3,-9.0,-0.21174540721087642,3.5,-8.788254592789123,-12.5
2007,3,2.0,0.06224584038412595,3.0,1.937754159615874,-1.0
2007,3,3.0,0.8302212574188274,3.5,2.1697787425811725,-0.5
2007,3,-7.0,-0.33169339212476046,-4.0,-6.668306607875239,-3.0
2007,3,-7.0,6.710916817731035,3.5,-13.710916817731036,-10.5
2007,3,-24.0,1.5331380233268874,3.0,-25.533138023326888,-27.0
2007,3,-17.0,1.1727337244962728,4.5,-18.172733724496272,-21.5
2007,4,10.0,-2.2354155335733648,-2.5,12.235415533573365,12.5
2007,4,3.0,0.006457806788626508,-3.5,2.9935421932113737,6.5
2007,4,14.0,-5.087505171298182,-3.5,19.087505171298183,17.5
2007,4,28.0,12.874161263368507,13.0,15.125838736631493,15.0
2007,4,10.0,-3.146281212780317,-2.5,13.146281212780316,12.5
2007,4,-18.0,6.049944396946823,3.5,-24.049944396946824,-21.5
2007,4,-7.0,-0.3638373476352035,-1.0,-6.6361626523647965,-6.0
2007,4,-13.0,3.3485007694877513,3.0,-16.34850076948775,-16.0
2007,4,-20.0,-2.5955678073875452,-1.0,-17.404432192612454,-19.0
2007,4,7.0,-6.519592660853111,-5.5,13.51959266085311,12.5
2007,4,18.0,8.635585205364741,10.0,9.364414794635259,8.0
2007,4,-14.0,7.002344236774805,12.0,-21.002344236774803,-26.0
2007,4,13.0,-1.899619396206317,-2.0,14.899619396206317,15.0
2007,4,-21.0,-7.525162183661954,-7.5,-13.474837816338045,-13.5
2007,5,3.0,5.199626979497862,4.5,-2.199626979497862,-1.5
2007,5,-10.0,19.214766594661718,-1.0,-29.214766594661718,-9.0
2007,5,17.0,18.632142670384518,15.5,-1.6321426703845177,1.5
2007,5,-3.0,-16.005024369885177,3.5,13.005024369885177,-6.5
2007,5,11.0,3.589268802491744,3.5,7.410731197508256,7.5
2007,5,21.0,5.268304144198447,5.5,15.731695855801554,15.5
2007,5,-3.0,-2.461643580160854,-3.5,-0.538356419839146,0.5
2007,5,7.0,-11.858908293677203,9.0,18.858908293677203,-2.0
2007,5,31.0,-17.204705738249206,4.0,48.2047057382492,27.0
2007,5,19.0,9.373137315400955,9.0,9.626862684599045,10.0
2007,5,-38.0,-1.1874725200085374,-1.0,-36.81252747999146,-37.0
2007,5,-2.0,-5.167077174638727,-4.0,3.1670771746387274,2.0
2007,5,-7.0,3.6165609986866305,3.0,-10.61656099868663,-10.0
2007,5,-1.0,-8.159780904244828,-10.5,7.159780904244828,9.5
2007,6,19.0,10.084517362526029,9.0,8.915482637473971,10.0
2007,6,-3.0,-1.4392107697861238,4.5,-1.5607892302138762,-7.5
2007,6,10.0,2.665172215786623,4.0,7.3348277842133776,6.0
2007,6,3.0,3.475656762169886,3.0,-0.47565676216988617,0.0
2007,6,20.0,5.7752375136333605,6.5,14.22476248636664,13.5
2007,6,7.0,-2.9917249767589644,-1.0,9.991724976758965,8.0
2007,6,-7.0,-8.02598980524844,-4.0,1.0259898052484395,-3.0
2007,6,3.0,0.2803759199553113,1.0,2.7196240800446887,2.0
2007,6,-15.0,2.6163003504754405,6.0,-17.61630035047544,-21.0
2007,6,-21.0,-3.0913878007976594,-5.0,-17.90861219920234,-16.0
2007,6,14.0,4.870298242694025,9.5,9.129701757305975,4.5
2007,6,-11.0,7.158522159257081,5.5,-18.158522159257082,-16.5
2007,6,-21.0,-0.5235532124037188,-4.5,-20.47644678759628,-16.5
2007,7,5.0,0.750791310323812,-3.0,4.249208689676188,8.0
2007,7,7.0,2.0213733217101604,2.5,4.97862667828984,4.5
2007,7,-2.0,-0.6115012965449655,2.0,-1.3884987034550345,-4.0
2007,7,-21.0,-14.698732196793554,-15.5,-6.301267803206446,-5.5
2007,7,6.0,3.6733933578566584,9.0,2.3266066421433416,-3.0
2007,7,18.0,4.967802584858815,9.5,13.032197415141184,8.5
2007,7,2.0,5.367732628573798,9.0,-3.3677326285737976,-7.0
2007,7,7.0,3.5022231778892756,6.0,3.4977768221107244,1.0
2007,7,-2.0,-2.9913588177641635,1.0,0.9913588177641635,-3.0
2007,7,10.0,8.34654455926935,9.5,1.6534554407306494,0.5
2007,7,-3.0,3.0355587018541588,5.5,-6.035558701854159,-8.5
2007,7,27.0,8.088305796093339,9.0,18.911694203906663,18.0
2007,7,3.0,-7.982788722945706,-4.0,10.982788722945706,7.0
2007,7,-22.0,-3.918866823330303,-3.0,-18.081133176669695,-19.0
2007,8,-24.0,-0.08610859604846954,-7.0,-23.91389140395153,-17.0
2007,8,-9.0,8.046529102956555,6.0,-17.046529102956555,-15.0
2007,8,-11.0,-3.4036854280818165,-4.0,-7.5963145719181835,-7.0
2007,8,-3.0,-7.025751968601219,-10.0,4.025751968601219,7.0
2007,8,-7.0,-0.3631037496762821,1.0,-6.636896250323717,-8.0
2007,8,-7.0,-8.323821398651098,-3.0,1.3238213986510985,-4.0
2007,8,4.0,8.151608666725998,7.0,-4.151608666725998,-3.0
2007,8,-10.0,2.353680473915205,3.0,-12.353680473915205,-13.0
2007,8,25.0,14.01449846062016,10.0,10.98550153937984,15.0
2007,8,-1.0,-0.7855477813386124,3.5,-0.21445221866138764,-4.5
2007,8,45.0,14.825772702479846,15.0,30.174227297520154,30.0
2007,8,-21.0,-1.710213283603073,-1.0,-19.289786716396925,-20.0
2007,8,-6.0,-7.706727967011784,3.0,1.7067279670117843,-9.0
2007,9,4.0,8.56452474441057,3.5,-4.564524744410569,0.5
2007,9,12.0,1.1836172562987086,-1.0,10.816382743701292,13.0
2007,9,37.0,1.8779568548057781,3.0,35.12204314519422,34.0
2007,9,-11.0,3.961299142811675,1.0,-14.961299142811676,-12.0
2007,9,18.0,-5.494756802491214,-7.0,23.494756802491214,25.0
2007,9,17.0,-2.3681230283343178,3.5,19.368123028334317,13.5
2007,9,-3.0,0.1653125210901889,-3.5,-3.165312521090189,0.5
2007,9,7.0,0.4016457627603218,3.5,6.598354237239678,3.5
2007,9,13.0,5.002922312953327,5.0,7.997077687046673,8.0
2007,9,3.0,-4.054152501960954,1.0,7.054152501960954,2.0
2007,9,-4.0,-4.163139203892949,-5.0,0.1631392038929489,1.0
2007,9,-7.0,0.013157502625916973,3.0,-7.013157502625917,-10.0
2007,9,-21.0,-5.265355973490074,-3.0,-15.734644026509926,-18.0
2007,9,31.0,2.9064894929224083,9.5,28.093510507077593,21.5
2007,10,-7.0,4.5254371183629,3.5,-11.5254371183629,-10.5
2007,10,34.0,4.51468264330814,5.5,29.48531735669186,28.5
2007,10,-16.0,6.5573972792800355,3.0,-22.557397279280035,-19.0
2007,10,-3.0,0.31180309571803355,-1.0,-3.3118030957180338,-2.0
2007,10,-8.0,9.830476623658937,10.5,-17.83047662365894,-18.5
2007,10,3.0,11.475569889734171,10.0,-8.475569889734171,-7.0
2007,10,-15.0,2.477126887104455,4.5,-17.477126887104454,-19.5
2007,10,-8.0,0.27624305951009287,3.0,-8.276243059510094,-11.0
2007,10,-14.0,3.3538955651455042,3.0,-17.353895565145503,-17.0
2007,10,10.0,0.5510715419132564,2.0,9.448928458086744,8.0
2007,10,-11.0,-1.2749263559866628,-1.0,-9.725073644013337,-10.0
2007,10,-11.0,-4.1577572499770055,-3.5,-6.8422427500229945,-7.5
2007,10,2.0,-1.9217341613657162,-3.5,3.921734161365716,5.5
2007,10,24.0,9.88345931560685,9.5,14.11654068439315,14.5
2007,11,-24.0,-3.273202046702077,-3.0,-20.726797953297922,-21.0
2007,11,-3.0,2.3795289540666724,-1.0,-5.379528954066672,-2.0
2007,11,-8.0,4.203840295365196,3.0,-12.203840295365197,-11.0
2007,11,-6.0,-1.18502764943999,-2.5,-4.81497235056001,-3.5
2007,11,14.0,9.125291985069486,10.0,4.874708014930514,4.0
2007,11,13.0,2.3762787454309704,1.0,10.62372125456903,12.0
2007,11,3.0,12.783176412811407,14.5,-9.783176412811407,-11.5
2007,11,7.0,-0.2689058877081756,3.0,7.268905887708176,4.0
2007,11,7.0,5.798566661174364,4.5,1.2014333388256357,2.5
2007,11,10.0,8.213357117995363,9.5,1.786642882004637,0.5
2007,11,3.0,-6.317643520024436,-9.5,9.317643520024436,12.5
2007,11,5.0,10.697097582120804,11.0,-5.697097582120804,-6.0
2007,11,7.0,1.6076202221150155,6.0,5.392379777884985,1.0
2007,11,-4.0,1.2001493932877234,-3.0,-5.200149393287724,-1.0
2007,11,-46.0,-15.301608180124287,-15.5,-30.698391819875713,-30.5
2007,11,14.0,-2.3210061703089973,1.0,16.321006170308998,13.0
2007,12,-11.0,-4.332147233374119,-3.5,-6.667852766625881,-7.5
2007,12,31.0,11.930292223385498,14.0,19.0697077766145,17.0
2007,12,-18.0,-11.440765624214093,-13.5,-6.559234375785907,-4.5
2007,12,-25.0,-0.09877205372850772,-3.0,-24.901227946271494,-22.0
2007,12,29.0,1.6317643809487103,1.0,27.36823561905129,28.0
2007,12,10.0,2.6087237086599484,3.0,7.391276291340052,7.0
2007,12,22.0,6.553566302105449,9.5,15.446433697894552,12.5
2007,12,-3.0,5.408222435651596,4.0,-8.408222435651595,-7.0
2007,12,-24.0,4.965667012772656,7.0,-28.965667012772656,-31.0
2007,12,-5.0,-6.561879175500584,-3.0,1.561879175500584,-2.0
2007,12,6.0,3.2835428786151883,3.5,2.7164571213848117,2.5
2007,12,-6.0,8.268469998713812,10.0,-14.268469998713812,-16.0
2007,12,3.0,5.990754823168795,1.0,-2.9907548231687953,2.0
2007,12,18.0,7.883413877707923,9.0,10.116586122292077,9.0
2007,12,3.0,16.327229439452047,24.0,-13.327229439452047,-21.0
2007,12,3.0,13.099956432869403,15.0,-10.099956432869403,-12.0
2007,13,10.0,4.950530990701492,7.0,5.049469009298508,3.0
2007,13,17.0,4.763639150419616,3.0,12.236360849580384,14.0
2007,13,3.0,8.350175780377374,7.0,-5.3501757803773735,-4.0
2007,13,-14.0,-5.132145659855244,-6.0,-8.867854340144756,-8.0
2007,13,-27.0,-0.897564118124847,1.0,-26.102435881875152,-28.0
2007,13,32.0,2.299446170117853,5.5,29.700553829882146,26.5
2007,13,-4.0,3.1618047990280402,3.0,-7.16180479902804,-7.0
2007,13,12.0,-1.7513547170365518,3.0,13.751354717036552,9.0
2007,13,8.0,2.3948851544395735,3.5,5.6051148455604265,4.5
2007,13,-1.0,3.3611165141405066,6.5,-4.361116514140507,-7.5
2007,13,6.0,-0.24760177428052477,1.0,6.2476017742805245,5.0
2007,13,14.0,-0.21141253270077986,-3.5,14.21141253270078,17.5
2007,13,-5.0,2.035251673260252,-1.0,-7.035251673260252,-4.0
2007,13,-4.0,0.7314892014410771,5.5,-4.731489201441077,-9.5
2007,13,14.0,7.258958296767785,7.0,6.741041703232215,7.0
2007,13,-3.0,-16.02657470587825,-19.0,13.02657470587825,16.0
2007,14,8.0,0.1755559678835965,3.0,7.8244440321164035,5.0
2007,14,21.0,4.774628746704093,7.0,16.225371253295908,14.0
2007,14,9.0,8.199195318497509,10.0,0.8008046815024912,-1.0
2007,14,-1.0,-11.645521901369417,-10.0,10.645521901369417,9.0
2007,14,31.0,12.2349614188167,10.5,18.765038581183298,20.5
2007,14,14.0,-1.5551916688241272,-3.0,15.555191668824127,17.0
2007,14,31.0,9.866688804845106,11.0,21.133311195154896,20.0
2007,14,-3.0,3.3933602584594125,3.0,-6.3933602584594125,-6.0
2007,14,-6.0,-5.092143056368132,-1.0,-0.9078569436318684,-5.0
2007,14,21.0,5.932816433324448,7.5,15.067183566675553,13.5
2007,14,-20.0,-7.946614610957236,-7.5,-12.053385389042763,-12.5
2007,14,34.0,0.5576537513627009,7.5,33.4423462486373,26.5
2007,14,21.0,10.069343086479913,11.0,10.930656913520087,10.0
2007,14,-6.0,0.2869076206613914,-3.0,-6.286907620661392,-3.0
2007,14,-24.0,-8.041959402893259,-8.5,-15.958040597106741,-15.5
2007,14,-20.0,-3.6730430490224055,-4.0,-16.326956950977596,-16.0
2007,15,18.0,2.218484014687463,-2.5,15.781515985312538,20.5
2007,15,7.0,-6.2634805660587265,-9.0,13.263480566058726,16.0
2007,15,3.0,-4.838618186980057,-7.0,7.838618186980057,10.0
2007,15,8.0,3.0774089000249236,4.5,4.922591099975076,3.5
2007,15,-9.0,0.21806674981162688,-3.5,-9.218066749811626,-5.5
2007,15,6.0,-1.6960243133293624,-3.0,7.696024313329362,9.0
2007,15,10.0,21.097068672318947,20.5,-11.097068672318947,-10.5
2007,15,7.0,5.27281885307781,4.0,1.7271811469221898,3.0
2007,15,-7.0,3.3987941097076564,3.5,-10.398794109707657,-10.5
2007,15,-19.0,-9.827584684375477,-7.0,-9.172415315624523,-12.0
2007,15,34.0,9.966189950231534,13.0,24.033810049768466,21.0
2007,15,-7.0,-11.44549522595699,-9.5,4.445495225956989,2.5
2007,15,-4.0,8.282680634635156,10.0,-12.282680634635156,-14.0
2007,15,37.0,11.037805416813628,9.5,25.962194583186374,27.5
2007,15,-12.0,2.5276270326150807,6.0,-14.527627032615081,-18.0
2007,15,7.0,2.550150874381615,10.5,4.449849125618385,-3.5
2007,16,-17.0,-9.920797420213459,-9.0,-7.079202579786541,-8.0
2007,16,-7.0,-9.488257816792935,-10.5,2.4882578167929346,3.5
2007,16,-17.0,0.2871519495849175,-1.0,-17.287151949584917,-16.0
2007,16,28.0,-4.058743859760411,-9.0,32.05874385976041,37.0
2007,16,5.0,2.9949365109642123,-1.0,2.0050634890357877,6.0
2007,16,5.0,2.1683973395680782,6.0,2.8316026604319218,-1.0
2007,16,23.0,10.675530611089927,6.5,12.324469388910073,16.5
2007,16,38.0,12.546593840018328,14.0,25.45340615998167,24.0
2007,16,-15.0,0.5144917948217067,3.0,-15.514491794821707,-18.0
2007,16,3.0,6.772632348827422,11.0,-3.772632348827422,-8.0
2007,16,2.0,-6.6731112106904105,-6.5,8.673111210690411,8.5
2007,16,21.0,23.4671183862586,22.0,-2.4671183862586012,-1.0
2007,16,21.0,6.63842898687377,12.5,14.36157101312623,8.5
2007,16,4.0,4.533601437732621,9.0,-0.5336014377326208,-5.0
2007,16,-11.0,4.5811701277849535,6.0,-15.581170127784954,-17.0
2007,16,20.0,10.0396895840202,9.0,9.9603104159798,11.0
2007,17,-3.0,-11.253422232194213,-13.0,8.253422232194213,10.0
2007,17,3.0,-7.124900000484402,-2.0,10.124900000484402,5.0
2007,17,8.0,4.123013654668044,1.0,3.8769863453319564,7.0
2007,17,13.0,9.82625532479602,11.5,3.173744675203981,1.5
2007,17,21.0,11.227618404401516,3.5,9.772381595598484,17.5
2007,17,14.0,-5.291709891920659,7.0,19.29170989192066,7.0
2007,17,-13.0,-1.8930591493481264,-1.0,-11.106940850651874,-12.0
2007,17,8.0,8.677900756063217,9.5,-0.6779007560632166,-1.5
2007,17,-8.0,7.846697517957195,-3.0,-15.846697517957196,-5.0
2007,17,29.0,4.949476319360631,6.0,24.05052368063937,23.0
2007,17,6.0,-7.606506243949818,-3.0,13.606506243949818,9.0
2007,17,3.0,-2.4777363721732075,-3.0,5.477736372173208,6.0
2007,17,3.0,4.041701344427484,4.0,-1.0417013444274836,-1.0
2007,17,-13.0,-9.591837894388423,-9.0,-3.408162105611577,-4.0
2007,17,21.0,-4.8077977386791355,9.0,25.807797738679135,12.0
2007,17,-6.0,12.895651040415808,-4.0,-18.895651040415807,-2.0
2008,1,9.0,1.7496004646706225,4.5,7.250399535329377,4.5
2008,1,13.0,-0.13361556321089463,-3.0,13.133615563210896,16.0
2008,1,7.0,-0.055458605013952056,-2.0,7.055458605013952,9.0
2008,1,24.0,-1.9439807357496526,1.0,25.94398073574965,23.0
2008,1,-6.0,-0.04973339316889547,-3.0,-5.9502666068311045,-3.0
2008,1,7.0,13.999735464907209,16.0,-6.999735464907209,-9.0
2008,1,4.0,0.17504187387382308,3.0,3.8249581261261767,1.0
2008,1,35.0,9.27277802627499,8.0,25.72722197372501,27.0
2008,1,21.0,5.289269689784575,6.5,15.710730310215425,14.5
2008,1,7.0,-0.8974216981037788,-3.0,7.897421698103779,10.0
2008,1,-18.0,-1.7918913665219751,-6.0,-16.208108633478027,-12.0
2008,1,-2.0,8.36117977041864,9.5,-10.36117977041864,-11.5
2008,1,-10.0,-1.7561919405727013,-2.5,-8.243808059427298,-7.5
2008,1,-16.0,7.662966016420311,10.0,-23.662966016420313,-26.0
2008,1,5.0,4.554609756895873,2.5,0.4453902431041268,2.5
2008,1,-27.0,1.1345828157660627,-3.0,-28.134582815766063,-24.0
2008,2,3.0,-1.1405083564728664,3.0,4.140508356472866,0.0
2008,2,-17.0,0.15201802210098014,1.0,-17.15201802210098,-18.0
2008,2,-23.0,-4.888127957077122,-3.0,-18.111872042922876,-20.0
2008,2,-4.0,4.837602138777477,4.0,-8.837602138777477,-8.0
2008,2,-15.0,6.42536108802805,3.5,-21.42536108802805,-18.5
2008,2,-3.0,0.8842738712792588,-1.0,-3.884273871279259,-2.0
2008,2,-28.0,-6.980511703485259,-8.0,-21.01948829651474,-20.0
2008,2,5.0,3.4204394286759006,1.0,1.5795605713240994,4.0
2008,2,-3.0,7.421368551519059,6.5,-10.421368551519059,-9.5
2008,2,15.0,6.792568922130188,7.0,8.207431077869812,8.0
2008,2,21.0,7.500559267776984,6.5,13.499440732223016,14.5
2008,2,1.0,0.4989844327549311,1.0,0.5010155672450689,0.0
2008,2,-9.0,-7.319807683789806,1.0,-1.680192316210194,-10.0
2008,2,-4.0,-3.7745467913681403,-6.5,-0.2254532086318597,2.5
2008,2,4.0,3.839880156578493,6.5,0.1601198434215072,-2.5
2008,3,24.0,0.061323999481917996,6.5,23.938676000518083,17.5
2008,3,1.0,4.8669178585513055,10.0,-3.8669178585513055,-9.0
2008,3,-3.0,-0.1600214689134675,3.0,-2.8399785310865324,-6.0
2008,3,10.0,2.451986949272342,3.0,7.548013050727658,7.0
2008,3,-25.0,14.548705575772999,12.5,-39.548705575773,-37.5
2008,3,3.0,6.118615790589503,13.0,-3.1186157905895033,-10.0
2008,3,19.0,-5.786149572078969,5.0,24.78614957207897,14.0
2008,3,7.0,-0.7128514056435491,3.0,7.7128514056435495,4.0
2008,3,2.0,1.0997433569093478,5.5,0.9002566430906522,-3.5
2008,3,24.0,7.865063395088798,8.0,16.134936604911204,16.0
2008,3,18.0,0.8934093333739789,5.0,17.106590666626023,13.0
2008,3,18.0,9.28819287978695,2.5,8.71180712021305,15.5
2008,3,-2.0,1.4924367690557963,4.0,-3.4924367690557965,-6.0
2008,3,9.0,-1.9958770333237292,3.5,10.99587703332373,5.5
2008,3,-11.0,1.584347266725971,-3.0,-12.58434726672597,-8.0
2008,3,19.0,4.597362863940933,8.0,14.402637136059067,11.0
2008,4,15.0,2.199452477166065,7.0,12.800547522833934,8.0
2008,4,-8.0,1.648613064765001,1.0,-9.648613064765001,-9.0
2008,4,3.0,6.889899190695343,6.5,-3.889899190695343,-3.5
2008,4,14.0,-6.109082737014244,-9.0,20.109082737014244,23.0
2008,4,14.0,4.333185478090657,4.0,9.666814521909343,10.0
2008,4,21.0,-3.2257712855573466,1.5,24.225771285557347,19.5
2008,4,9.0,-0.8891877895681675,2.0,9.889187789568167,7.0
2008,4,13.0,3.478921282654894,3.0,9.521078717345105,10.0
2008,4,-10.0,-5.914946591227362,-8.0,-4.085053408772638,-2.0
2008,4,-17.0,-10.376966666494152,-8.5,-6.623033333505848,-8.5
2008,4,-2.0,6.481699883935719,10.0,-8.481699883935718,-12.0
2008,4,4.0,-2.108640064013506,-3.0,6.108640064013506,7.0
2008,4,3.0,5.8111706849496345,6.0,-2.8111706849496345,-3.0
2008,5,-3.0,-2.6755943197731775,-1.0,-0.3244056802268225,-2.0
2008,5,34.0,6.568583540670703,10.0,27.4314164593293,24.0
2008,5,-27.0,-6.027691053627716,-3.5,-20.972308946372284,-23.5
2008,5,-3.0,8.888937439171912,5.0,-11.888937439171912,-8.0
2008,5,-4.0,-3.652216860382076,-4.0,-0.34778313961792406,0.0
2008,5,7.0,-4.48403764306515,-6.0,11.48403764306515,13.0
2008,5,38.0,5.66045250507711,6.5,32.33954749492289,31.5
2008,5,-6.0,4.367110479527868,6.5,-10.367110479527868,-12.5
2008,5,3.0,-1.2549843348615313,3.5,4.254984334861531,-0.5
2008,5,24.0,0.5453120749936553,1.0,23.454687925006343,23.0
2008,5,9.0,11.033572871730028,16.0,-2.033572871730028,-7.0
2008,5,-9.0,-7.072059058975846,-3.0,-1.9279409410241541,-6.0
2008,5,-5.0,0.8320931684634967,5.5,-5.832093168463497,-10.5
2008,5,-3.0,1.8515225643415552,3.0,-4.851522564341555,-6.0
2008,6,2.0,-3.191236031898406,-3.0,5.191236031898406,5.0
2008,6,1.0,1.9656159625392444,3.0,-0.9656159625392444,-2.0
2008,6,28.0,6.394401948835044,4.0,21.605598051164957,24.0
2008,6,2.0,12.497399379342841,13.0,-10.497399379342841,-11.0
2008,6,31.0,8.408414956639852,7.0,22.591585043360148,24.0
2008,6,12.0,3.4754053255464434,9.5,8.524594674453557,2.5
2008,6,24.0,3.8784459512328278,1.0,20.121554048767173,23.0
2008,6,-2.0,18.751005355704727,12.0,-20.751005355704727,-14.0
2008,6,-7.0,0.7103806124990815,3.5,-7.7103806124990815,-10.5
2008,6,6.0,-1.5050458852444515,-4.5,7.505045885244451,10.5
2008,6,-10.0,-3.0387094343960563,1.0,-6.961290565603944,-11.0
2008,6,-14.0,-5.321027292572419,-4.5,-8.678972707427581,-9.5
2008,6,20.0,1.2817862291164683,6.0,18.71821377088353,14.0
2008,6,21.0,-5.994451296247954,-9.0,26.994451296247952,30.0
2008,7,9.0,0.2696204345075284,-1.0,8.730379565492472,10.0
2008,7,23.0,2.1333243490967724,3.0,20.86667565090323,20.0
2008,7,7.0,6.36898844819709,3.0,0.63101155180291,4.0
2008,7,-28.0,-5.883762950896216,-9.0,-22.116237049103784,-19.0
2008,7,-24.0,-7.638486652864177,-9.0,-16.361513347135823,-15.0
2008,7,-14.0,4.0223080329478185,3.0,-18.02230803294782,-17.0
2008,7,12.0,11.746738661165821,10.0,0.2532613388341787,2.0
2008,7,20.0,-12.255489837851417,-9.0,32.255489837851414,29.0
2008,7,7.0,8.95746574400285,11.0,-1.9574657440028496,-4.0
2008,7,20.0,2.2132458911407213,-1.0,17.786754108859277,21.0
2008,7,3.0,-2.02704386508183,-3.0,5.02704386508183,6.0
2008,7,3.0,6.28624737462971,7.0,-3.28624737462971,-4.0
2008,7,10.0,11.782520429414156,10.5,-1.7825204294141557,-0.5
2008,7,34.0,7.814820804981222,3.0,26.185179195018776,31.0
2008,8,19.0,9.22945247184903,9.0,9.77054752815097,10.0
2008,8,4.0,0.10189061858526838,5.0,3.8981093814147316,-1.0
2008,8,4.0,3.087206978264144,1.0,0.912793021735856,3.0
2008,8,-8.0,-5.098619622641885,-7.0,-2.901380377358115,-1.0
2008,8,9.0,1.1016631102682748,1.0,7.898336889731725,8.0
2008,8,7.0,16.716473485365746,9.0,-9.716473485365746,-2.0
2008,8,5.0,-3.881025819790302,-3.0,8.881025819790302,8.0
2008,8,4.0,10.927847042015081,14.0,-6.927847042015081,-10.0
2008,8,13.0,10.16047388388116,9.5,2.83952611611884,3.5
2008,8,29.0,5.809373136941042,9.0,23.19062686305896,20.0
2008,8,-6.0,10.642426882974934,7.0,-16.642426882974934,-13.0
2008,8,-7.0,6.0620271279922555,3.0,-13.062027127992256,-10.0
2008,8,-21.0,2.6452255362680335,5.0,-23.645225536268033,-26.0
2008,8,10.0,6.313158958004124,4.0,3.6868410419958764,6.0
2008,9,-9.0,5.001938036186605,5.0,-14.001938036186605,-14.0
2008,9,4.0,18.03696648859585,12.5,-14.036966488595851,-8.5
2008,9,2.0,-3.0365929838326218,-7.0,5.036592983832621,9.0
2008,9,-10.0,4.84615344472113,1.0,-14.84615344472113,-11.0
2008,9,-3.0,-8.056628292052341,-9.5,5.056628292052341,6.5
2008,9,7.0,8.596373588790776,6.5,-1.596373588790776,0.5
2008,9,-21.0,-5.019605169568223,-3.0,-15.980394830431777,-18.0
2008,9,3.0,2.153412966746894,3.5,0.846587033253106,-0.5
2008,9,-9.0,5.8229535248993205,4.0,-14.82295352489932,-13.0
2008,9,21.0,5.052985135888413,9.5,15.947014864111587,11.5
2008,9,-24.0,-0.99879499113031,-3.0,-23.00120500886969,-21.0
2008,9,-19.0,-2.5336387527853996,-7.0,-16.4663612472146,-12.0
2008,9,3.0,2.40760248716441,6.5,0.5923975128355901,-3.5
2008,9,-17.0,0.7805677198519434,1.0,-17.780567719851945,-18.0
2008,10,-4.0,6.476784593496962,3.0,-10.476784593496962,-7.0
2008,10,14.0,0.7977354605178908,1.0,13.202264539482108,13.0
2008,10,-7.0,0.6070305447305433,-1.0,-7.607030544730543,-6.0
2008,10,-24.0,-4.746129938522346,-5.5,-19.253870061477656,-18.5
2008,10,-28.0,1.725503370635193,2.5,-29.72550337063519,-30.5
2008,10,2.0,4.694867209039639,9.0,-2.6948672090396393,-7.0
2008,10,1.0,-0.1162462633595549,2.5,1.116246263359555,-1.5
2008,10,10.0,8.732504256267498,3.5,1.2674957437325016,6.5
2008,10,44.0,11.024974983933358,9.5,32.97502501606664,34.5
2008,10,-11.0,-7.923029799291952,-10.0,-3.0769702007080477,-1.0
2008,10,-4.0,5.844374004622575,3.5,-9.844374004622576,-7.5
2008,10,1.0,14.886990738813136,14.5,-13.886990738813136,-13.5
2008,10,-5.0,3.0744792079168715,3.0,-8.074479207916871,-8.0
2008,10,5.0,10.2257852350115,9.5,-5.2257852350115,-4.5
2008,11,-3.0,5.993236791866419,3.0,-8.993236791866419,-6.0
2008,11,-4.0,5.488756241056556,6.5,-9.488756241056556,-10.5
2008,11,9.0,12.684645101213203,14.0,-3.684645101213203,-5.0
2008,11,0.0,-7.248392009170006,-9.5,7.248392009170006,9.5
2008,11,34.0,4.19857743912868,3.5,29.80142256087132,30.5
2008,11,6.0,9.069626749638772,9.0,-3.069626749638772,-3.0
2008,11,-10.0,-3.4432189278369876,-6.0,-6.556781072163012,-4.0
2008,11,2.0,9.173391521513317,10.0,-7.173391521513317,-8.0
2008,11,20.0,5.96167595575868,7.0,14.038324044241321,13.0
2008,11,6.0,5.676302970695224,4.5,0.3236970293047756,1.5
2008,11,-6.0,-2.1362129945109776,-3.0,-3.8637870054890224,-3.0
2008,11,19.0,7.221628602437137,7.0,11.778371397562864,12.0
2008,11,-10.0,-1.404683540514041,-1.0,-8.595316459485959,-9.0
2008,11,1.0,5.720665346888308,4.5,-4.720665346888308,-3.5
2008,11,-4.0,1.233940833402857,-1.0,-5.2339408334028565,-3.0
2008,11,-2.0,1.937396939484984,4.5,-3.9373969394849837,-6.5
2008,12,17.0,12.97997551358276,11.5,4.02002448641724,5.5
2008,12,29.0,-0.05012712124436103,1.0,29.050127121244362,28.0
2008,12,-10.0,4.360023681062783,3.0,-14.360023681062783,-13.0
2008,12,13.0,10.378981884115207,9.5,2.6210181158847927,3.5
2008,12,-18.0,-9.105551934866794,-9.0,-8.894448065133206,-9.0
2008,12,-18.0,3.23750616363244,1.0,-21.23750616363244,-19.0
2008,12,-23.0,-2.255085312315134,-3.0,-20.744914687684865,-20.0
2008,12,-20.0,-3.5069100934219746,-1.0,-16.493089906578025,-19.0
2008,12,-24.0,-9.563945850944748,-7.0,-14.436054149055252,-17.0
2008,12,-21.0,7.3701769773449906,5.5,-28.37017697734499,-26.5
2008,12,-21.0,7.748197936891993,9.0,-28.74819793689199,-30.0
2008,12,-8.0,-1.616590471169856,-3.0,-6.3834095288301445,-5.0
2008,12,17.0,0.3816708037014114,1.0,16.61832919629859,16.0
2008,12,-3.0,-0.892226380575277,-3.0,-2.107773619424723,0.0
2008,12,-3.0,1.866411585194217,3.0,-4.866411585194217,-6.0
2008,12,22.0,-2.9628500736912664,1.0,24.962850073691268,21.0
2008,13,-37.0,-11.469163765433665,-11.0,-25.530836234566337,-26.0
2008,13,25.0,7.90388563836423,11.5,17.09611436163577,13.5
2008,13,28.0,3.3229449328233907,3.0,24.67705506717661,25.0
2008,13,-7.0,7.043025953651084,6.5,-14.043025953651085,-13.5
2008,13,-31.0,-5.404144796549456,-7.0,-25.595855203450544,-24.0
2008,13,-4.0,-2.8675993204398127,-4.0,-1.1324006795601873,0.0
2008,13,-4.0,5.467229089877204,3.0,-9.467229089877204,-7.0
2008,13,-4.0,-7.313163062184179,-7.0,3.313163062184179,3.0
2008,13,3.0,5.080409761998826,3.5,-2.080409761998826,-0.5
2008,13,-16.0,-3.9120718494025253,-3.5,-12.087928150597474,-12.5
2008,13,-6.0,4.799943166331115,6.5,-10.799943166331115,-12.5
2008,13,-23.0,1.0296926368445067,1.0,-24.02969263684451,-24.0
2008,13,-17.0,9.129898504875973,7.5,-26.129898504875975,-24.5
2008,13,-7.0,3.6403403316774687,3.0,-10.640340331677468,-10.0
2008,13,20.0,2.6057044957278173,5.0,17.394295504272183,15.0
2008,13,13.0,0.1620995623247472,3.0,12.837900437675252,10.0
2008,14,27.0,10.560439672181692,9.5,16.439560327818306,17.5
2008,14,13.0,2.833564895552585,6.5,10.166435104447416,6.5
2008,14,-4.0,-10.050385622261231,-10.5,6.050385622261231,6.5
2008,14,-3.0,7.035933637812223,7.0,-10.035933637812223,-10.0
2008,14,32.0,11.92561933242032,13.5,20.074380667579682,18.5
2008,14,4.0,2.5836534987093414,3.0,1.4163465012906586,1.0
2008,14,-6.0,4.2747467381900615,6.5,-10.27474673819006,-12.5
2008,14,19.0,9.743599778950589,14.0,9.256400221049411,5.0
2008,14,-13.0,1.079844996028555,1.0,-14.079844996028555,-14.0
2008,14,7.0,6.052438945072609,9.0,0.947561054927391,-2.0
2008,14,-3.0,-5.394152241467789,-7.5,2.394152241467789,4.5
2008,14,10.0,-4.758754613595538,-4.0,14.758754613595539,14.0
2008,14,24.0,14.735962040112973,14.0,9.264037959887027,10.0
2008,14,7.0,4.715725570563717,4.0,2.284274429436283,3.0
2008,14,14.0,6.0622878704513585,6.0,7.9377121295486415,8.0
2008,14,15.0,-0.844398472431716,3.0,15.844398472431717,12.0
2008,15,3.0,1.914118526719821,3.0,1.085881473280179,0.0
2008,15,3.0,0.019194865894906987,5.5,2.980805134105093,-2.5
2008,15,7.0,-4.338137323785293,-6.5,11.338137323785293,13.5
2008,15,1.0,-4.985785079761227,-3.0,5.985785079761227,4.0
2008,15,10.0,16.63279719849031,16.5,-6.632797198490309,-6.5
2008,15,4.0,-1.9814594032817037,-2.5,5.981459403281704,6.5
2008,15,-1.0,-8.879238880447158,-6.0,7.879238880447158,5.0
2008,15,5.0,4.458954119518465,5.5,0.5410458804815352,-0.5
2008,15,4.0,5.297848385536689,9.0,-1.297848385536689,-5.0
2008,15,-3.0,-5.931421304119571,-1.0,2.9314213041195707,-2.0
2008,15,-21.0,0.3729465640351628,4.0,-21.372946564035164,-25.0
2008,15,-4.0,0.14011514221839816,3.0,-4.140115142218399,-7.0
2008,15,20.0,6.99436449558955,7.0,13.00563550441045,13.0
2008,15,-23.0,-7.535137678571966,-6.5,-15.464862321428033,-16.5
2008,15,12.0,-1.658201843877305,3.0,13.658201843877304,9.0
2008,15,20.0,8.15405124290167,15.5,11.84594875709833,4.5
2008,16,-7.0,-2.6618961783378263,-5.5,-4.338103821662173,-1.5
2008,16,-9.0,1.3281537625978563,5.0,-10.328153762597857,-14.0
2008,16,-14.0,6.658624631411604,1.0,-20.658624631411605,-15.0
2008,16,-35.0,-8.90232658748363,-7.0,-26.09767341251637,-28.0
2008,16,-7.0,-2.3556060888722166,-3.5,-4.644393911127784,-3.5
2008,16,40.0,6.528218055038769,9.0,33.47178194496123,31.0
2008,16,-1.0,-5.4638091616295945,-3.5,4.4638091616295945,2.5
2008,16,-17.0,3.128260007656905,4.5,-20.128260007656905,-21.5
2008,16,17.0,2.1015084744829964,-2.5,14.898491525517004,19.5
2008,16,-7.0,1.178123072390123,6.5,-8.178123072390123,-13.5
2008,16,11.0,-5.548161482649917,-7.0,16.548161482649917,18.0
2008,16,10.0,-2.6693791026968463,-3.5,12.669379102696846,13.5
2008,16,-7.0,5.040903040822277,3.0,-12.040903040822277,-10.0
2008,16,7.0,-3.361897127741748,-4.5,10.361897127741749,11.5
2008,16,6.0,5.720957275031698,4.0,0.27904272496830185,2.0
2008,16,3.0,1.0220159573041343,4.0,1.9779840426958657,-1.0
2008,17,4.0,16.005244876182637,14.0,-12.005244876182637,-10.0
2008,17,-13.0,-5.217254732183603,-5.5,-7.782745267816397,-7.5
2008,17,10.0,3.3641023796457405,1.5,6.6358976203542595,8.5
2008,17,10.0,15.503791092174023,11.0,-5.503791092174023,-1.0
2008,17,7.0,0.39851883694960705,3.0,6.601481163050393,4.0
2008,17,23.0,1.1255109325030517,-3.0,21.87448906749695,26.0
2008,17,1.0,-0.7071366700777459,7.0,1.707136670077746,-6.0
2008,17,-2.0,2.337478400237445,-1.0,-4.337478400237445,-1.0
2008,17,31.0,11.425468260642791,11.0,19.57453173935721,20.0
2008,17,-7.0,11.867462589311238,11.0,-18.867462589311238,-18.0
2008,17,13.0,4.634948718117325,7.0,8.365051281882675,6.0
2008,17,20.0,6.855870194067155,10.5,13.144129805932845,9.5
2008,17,-7.0,4.490165563935914,2.5,-11.490165563935914,-9.5
2008,17,38.0,3.68490737366108,2.5,34.315092626338924,35.5
2008,17,3.0,-1.765964480489064,1.0,4.765964480489064,2.0
2008,17,31.0,9.687748793368101,7.0,21.3122512066319,24.0
2009,1,3.0,2.015220864062145,6.5,0.9847791359378548,-3.5
2009,1,12.0,3.748372719440523,4.0,8.251627280559477,8.0
2009,1,14.0,10.461866269727329,13.0,3.538133730272671,1.0
2009,1,-28.0,0.9677468875983406,-1.0,-28.96774688759834,-27.0
2009,1,-5.0,0.8271820938618157,4.5,-5.827182093861816,-9.5
2009,1,-14.0,-2.1768778258828694,-4.0,-11.823122174117131,-10.0
2009,1,-17.0,0.9130855323885556,4.5,-17.913085532388557,-21.5
2009,1,2.0,6.27599002270297,6.5,-4.27599002270297,-4.5
2009,1,18.0,10.755282668424373,14.0,7.244717331575627,4.0
2009,1,-13.0,3.00958314202304,-4.5,-16.00958314202304,-8.5
2009,1,-4.0,3.566384443190853,5.0,-7.566384443190853,-9.0
2009,1,6.0,6.905482922115295,6.0,-0.9054829221152954,0.0
2009,1,28.0,5.7032005079955335,7.0,22.296799492004467,21.0
2009,1,6.0,2.4655945331088875,5.0,3.5344054668911125,1.0
2009,1,1.0,5.348396685844035,13.5,-4.348396685844035,-12.5
2009,1,-4.0,-3.86223683059452,-10.0,-0.13776316940547995,6.0
2009,2,8.0,1.903145274024655,5.5,6.096854725975345,2.5
2009,2,-14.0,-11.3169905572819,-10.0,-2.6830094427181006,-4.0
2009,2,-7.0,4.736330358818955,7.5,-11.736330358818954,-14.5
2009,2,-14.0,-1.8692152424645294,3.0,-12.130784757535471,-17.0
2009,2,-3.0,-2.7899984569076395,1.5,-0.21000154309236052,-4.5
2009,2,7.0,-1.2896518458740436,-3.5,8.289651845874044,10.5
2009,2,-26.0,2.0650017387115547,-2.5,-28.065001738711555,-23.5
2009,2,-3.0,4.550296250763833,7.0,-7.550296250763833,-10.0
2009,2,2.0,7.10999652708485,10.0,-5.10999652708485,-8.0
2009,2,13.0,-1.6241921400912804,4.5,14.62419214009128,8.5
2009,2,13.0,-1.9764129309092833,1.0,14.976412930909284,12.0
2009,2,3.0,-5.541711221469148,-1.0,8.541711221469148,4.0
2009,2,21.0,0.040202188346921686,3.0,20.95979781165308,18.0
2009,2,-5.0,-3.8783460750619767,3.0,-1.1216539249380233,-8.0
2009,2,-2.0,-3.9682347230104984,3.0,1.9682347230104984,-5.0
2009,2,-4.0,-4.415156920313187,-3.0,0.41515692031318707,-1.0
2009,3,31.0,9.78473110711157,13.5,21.21526889288843,17.5
2009,3,5.0,-6.933586814371561,-6.5,11.933586814371562,11.5
2009,3,-7.0,-0.0366609188340673,4.0,-6.963339081165933,-11.0
2009,3,3.0,1.7654105093906831,7.0,1.2345894906093169,-4.0
2009,3,16.0,-2.9870397128170123,4.5,18.987039712817012,11.5
2009,3,7.0,-1.4007974955740394,1.0,8.40079749557404,6.0
2009,3,20.0,7.381705367886509,7.5,12.618294632113491,12.5
2009,3,-19.0,-10.476217359487427,-6.5,-8.523782640512573,-12.5
2009,3,-24.0,-6.1811705725951445,-6.0,-17.818829427404857,-18.0
2009,3,-20.0,-6.209838070726806,-5.5,-13.790161929273193,-14.5
2009,3,-6.0,-2.847383217623071,-1.0,-3.152616782376929,-5.0
2009,3,3.0,-8.012959606922593,-3.5,11.012959606922593,6.5
2009,3,-20.0,-3.9682233984653323,-1.0,-16.031776601534666,-19.0
2009,3,10.0,-0.64730452657219,5.5,10.64730452657219,4.5
2009,3,-21.0,-5.1414456943432345,3.0,-15.858554305656765,-24.0
2009,3,14.0,1.3897714915193027,9.0,12.610228508480697,5.0
2009,4,24.0,6.552001013520414,9.5,17.447998986479586,14.5
2009,4,-3.0,-5.558129891427177,-6.0,2.5581298914271766,3.0
2009,4,23.0,1.9172392417266364,9.0,21.082760758273363,14.0
2009,4,17.0,5.561771978948505,10.0,11.438228021051495,7.0
2009,4,20.0,-5.3233892038293185,-3.0,25.32338920382932,23.0
2009,4,-11.0,-11.375941053900833,-9.0,0.3759410539008332,-2.0
2009,4,6.0,-4.482942767599544,1.0,10.482942767599544,5.0
2009,4,3.0,0.11790632555299563,9.5,2.8820936744470043,-6.5
2009,4,28.0,-1.1315081243218752,1.0,29.131508124321876,27.0
2009,4,14.0,2.804847044673447,7.5,11.195152955326552,6.5
2009,4,7.0,-4.241414242884627,-1.0,11.241414242884627,8.0
2009,4,35.0,9.188420214242617,9.5,25.81157978575738,25.5
2009,4,10.0,0.39107911950257745,5.5,9.608920880497422,4.5
2009,4,7.0,0.9205136971770563,4.5,6.079486302822944,2.5
2009,5,-3.0,10.373147457187324,9.0,-13.373147457187324,-12.0
2009,5,-3.0,6.112196542308995,6.0,-9.112196542308995,-9.0
2009,5,3.0,-8.342529201479653,5.0,11.342529201479653,-2.0
2009,5,-8.0,-9.377238478543259,-11.0,1.3772384785432585,3.0
2009,5,-6.0,-4.897862210561168,-7.0,-1.1021377894388316,1.0
2009,5,37.0,14.670979198025991,15.5,22.32902080197401,21.5
2009,5,19.0,-3.076742715487624,15.5,22.076742715487626,3.5
2009,5,-28.0,-14.080896650902543,-10.0,-13.919103349097457,-18.0
2009,5,-35.0,16.065792882997922,1.0,-51.065792882997926,-36.0
2009,5,7.0,-10.49338646848525,5.5,17.493386468485248,1.5
2009,5,3.0,1.2337254386312861,-3.0,1.7662745613687139,6.0
2009,5,41.0,-0.7119546619405233,1.0,41.711954661940524,40.0
2009,5,-22.0,-1.078205479609077,-3.0,-20.92179452039092,-19.0
2009,5,4.0,0.1978558969972024,-3.0,3.8021441030027976,7.0
2009,6,-11.0,1.4068910879836922,4.0,-12.406891087983691,-15.0
2009,6,26.0,19.450801503732887,14.0,6.549198496267113,12.0
2009,6,3.0,11.325304105395489,9.5,-8.325304105395489,-6.5
2009,6,2.0,1.4058274682213052,3.0,0.5941725317786948,-1.0
2009,6,21.0,12.374301083841193,3.5,8.625698916158807,17.5
2009,6,13.0,10.908668153477157,14.0,2.091331846522843,-1.0
2009,6,-7.0,0.6357289177152592,-3.0,-7.635728917715259,-4.0
2009,6,-8.0,6.159578921490041,6.5,-14.159578921490041,-14.5
2009,6,4.0,-10.32229745878313,-14.0,14.32229745878313,18.0
2009,6,-24.0,3.473928578755298,3.0,-27.4739285787553,-27.0
2009,6,59.0,6.252850330733372,9.5,52.747149669266626,49.5
2009,6,-3.0,5.918990659409811,9.5,-8.918990659409811,-12.5
2009,6,7.0,-7.591176178402202,4.0,14.591176178402202,3.0
2009,6,-11.0,12.264770376451526,3.5,-23.264770376451526,-14.5
2009,7,-28.0,-5.98113584975576,-9.5,-22.01886415024424,-18.5
2009,7,3.0,-6.073642357765927,3.0,9.073642357765927,0.0
2009,7,-30.0,-2.6560052629505244,-5.5,-27.343994737049474,-24.5
2009,7,10.0,0.03242986414792193,6.0,9.967570135852078,4.0
2009,7,-36.0,-24.117349769625253,-14.0,-11.882650230374747,-22.0
2009,7,-28.0,-11.136758406467216,-15.5,-16.863241593532784,-12.5
2009,7,-11.0,2.7011412506358363,7.0,-13.701141250635835,-18.0
2009,7,-38.0,-6.755979783959333,-6.0,-31.244020216040667,-32.0
2009,7,35.0,-1.7050205681664352,-1.0,36.70502056816643,36.0
2009,7,16.0,6.195764357363484,5.5,9.804235642636517,10.5
2009,7,-12.0,1.4728249753649703,-6.0,-13.47282497536497,-6.0
2009,7,-7.0,7.906489995700923,9.0,-14.906489995700923,-16.0
2009,7,-10.0,-4.912970295689703,-9.0,-5.087029704310297,-1.0
2009,8,23.0,3.6270254805219624,4.5,19.37297451947804,18.5
2009,8,-21.0,-1.2528395561499082,-3.5,-19.747160443850092,-17.5
2009,8,24.0,7.5613365875764185,11.5,16.43866341242358,12.5
2009,8,21.0,-1.8910444535651916,10.0,22.891044453565193,11.0
2009,8,-7.0,12.853555783721733,3.5,-19.85355578372173,-10.5
2009,8,4.0,8.589294436941614,13.0,-4.589294436941614,-9.0
2009,8,-5.0,3.9307323145999917,3.5,-8.930732314599991,-8.5
2009,8,23.0,-1.7017878926031713,-1.0,24.70178789260317,24.0
2009,8,8.0,11.79660481482922,16.0,-3.7966048148292195,-8.0
2009,8,17.0,0.16851840246520888,3.0,16.83148159753479,14.0
2009,8,-13.0,5.222374996464259,10.0,-18.22237499646426,-23.0
2009,8,-12.0,0.3589984818477405,3.5,-12.35899848184774,-15.5
2009,8,8.0,6.01700258889389,11.0,1.9829974111061102,-3.0
2009,9,14.0,5.4400821473455325,9.0,8.559917852654468,5.0
2009,9,-20.0,1.015786327485529,1.0,-21.01578632748553,-21.0
2009,9,10.0,-0.5237190008730668,-3.0,10.523719000873067,13.0
2009,9,3.0,6.770944542113476,7.5,-3.770944542113476,-4.5
2009,9,3.0,-0.5069221366160157,7.0,3.5069221366160157,-4.0
2009,9,10.0,11.682138490910027,10.5,-1.6821384909100274,-0.5
2009,9,10.0,-2.819550603014771,-9.5,12.819550603014772,19.5
2009,9,10.0,11.175570330503032,12.5,-1.1755703305030316,-2.5
2009,9,12.0,7.513829043497999,11.0,4.486170956502001,1.0
2009,9,-1.0,2.951763023215468,5.0,-3.951763023215468,-6.0
2009,9,-7.0,4.261346502712007,4.5,-11.261346502712007,-11.5
2009,9,-4.0,3.09896434671691,3.0,-7.09896434671691,-7.0
2009,9,-18.0,-4.061508614631595,-3.0,-13.938491385368405,-15.0
2009,10,4.0,1.1404280204052677,3.5,2.8595719795947323,0.5
2009,10,9.0,-4.899978912966362,-1.0,13.899978912966361,10.0
2009,10,2.0,7.5531325011672825,10.0,-5.5531325011672825,-8.0
2009,10,17.0,20.289022716094763,17.0,-3.289022716094763,0.0
2009,10,-2.0,13.876110091606,6.5,-15.876110091606,-8.5
2009,10,-6.0,3.393996696745226,6.5,-9.393996696745226,-12.5
2009,10,-5.0,-15.443512790006585,-14.0,10.443512790006585,9.0
2009,10,24.0,-4.040801191093449,9.0,28.04080119109345,15.0
2009,10,10.0,-4.158152669167283,-3.5,14.158152669167283,13.5
2009,10,-6.0,4.731291925347356,1.0,-10.731291925347357,-7.0
2009,10,11.0,5.717003105512199,9.0,5.282996894487801,2.0
2009,10,10.0,-1.4594663148374551,-3.0,11.459466314837455,13.0
2009,10,8.0,-1.8060330416692918,1.0,9.806033041669291,7.0
2009,10,1.0,-0.37004019481457195,1.0,1.370040194814572,0.0
2009,10,-16.0,-8.087705183379589,-10.5,-7.9122948166204115,-5.5
2009,11,-7.0,0.008866431902442073,3.5,-7.008866431902442,-10.5
2009,11,-2.0,0.1000124433723345,-1.0,-2.1000124433723344,-1.0
2009,11,1.0,8.415377413963824,11.0,-7.415377413963824,-10.0
2009,11,1.0,0.918012363566325,3.5,0.08198763643367502,-2.5
2009,11,6.0,3.1114118497005987,6.0,2.8885881502994013,0.0
2009,11,3.0,2.4310406057581826,9.0,0.5689593942418174,-6.0
2009,11,3.0,-8.985025684004073,-10.5,11.985025684004073,13.5
2009,11,26.0,8.83389696233315,10.5,17.16610303766685,15.5
2009,11,3.0,4.17995377576143,7.0,-1.1799537757614296,-4.0
2009,11,-31.0,-11.375492751225238,-10.5,-19.624507248774762,-20.5
2009,11,-8.0,-12.382034413719841,-9.5,4.3820344137198415,1.5
2009,11,-29.0,-0.8077602065770821,-6.5,-28.192239793422917,-22.5
2009,11,17.0,6.73032204658327,10.5,10.26967795341673,6.5
2009,11,3.0,-9.45503458867054,-9.0,12.45503458867054,12.0
2009,11,-4.0,-2.9002847873546753,-3.5,-1.0997152126453247,-0.5
2009,11,-3.0,7.009446503048388,4.0,-10.009446503048387,-7.0
2009,12,-22.0,-10.727060933026268,-11.0,-11.272939066973732,-11.0
2009,12,17.0,12.557212825246873,13.5,4.442787174753127,3.5
2009,12,20.0,-3.3688340863558333,-4.5,23.368834086355832,24.5
2009,12,3.0,10.673838451133891,12.0,-7.673838451133891,-9.0
2009,12,17.0,-5.458043422369096,-3.5,22.458043422369094,20.5
2009,12,9.0,11.246539698278228,12.0,-2.2465396982782284,-3.0
2009,12,-8.0,-5.121503622465625,-3.0,-2.8784963775343746,-5.0
2009,12,11.0,3.273211447726622,3.5,7.726788552273378,7.5
2009,12,3.0,9.401215947580347,9.5,-6.401215947580347,-6.5
2009,12,-10.0,-5.960353634160489,-3.5,-4.039646365839511,-6.5
2009,12,29.0,11.298785855709903,13.0,17.7012141442901,16.0
2009,12,17.0,3.8661990798464867,3.0,13.133800920153513,14.0
2009,12,26.0,7.783773341622494,10.0,18.216226658377508,16.0
2009,12,3.0,-1.49143782367869,3.5,4.49143782367869,-0.5
2009,12,3.0,3.9451735923499878,9.0,-0.9451735923499878,-6.0
2009,12,21.0,2.372240372281709,1.0,18.62775962771829,20.0
2009,13,-6.0,-3.6838270574610963,-3.5,-2.3161729425389037,-2.5
2009,13,-27.0,0.7340701934443232,-4.0,-27.734070193444325,-23.0
2009,13,10.0,6.0427687583831755,3.5,3.9572312416168245,6.5
2009,13,8.0,11.37068696743868,9.5,-3.3706869674386795,-1.5
2009,13,10.0,12.180580571847894,13.5,-2.1805805718478943,-3.5
2009,13,10.0,9.615065646804252,6.0,0.38493435319574765,4.0
2009,13,5.0,-2.8375048890354417,-1.0,7.837504889035442,6.0
2009,13,-31.0,-5.543994822356586,-6.0,-25.456005177643412,-25.0
2009,13,1.0,-4.748988279377935,-4.5,5.748988279377935,5.5
2009,13,-3.0,13.258507699487433,14.5,-16.25850769948743,-17.5
2009,13,-3.0,-10.933592389168767,-9.0,7.933592389168767,6.0
2009,13,-7.0,-11.709526034016367,-13.5,4.709526034016367,6.5
2009,13,7.0,1.4547420801503432,-1.0,5.545257919849657,8.0
2009,13,3.0,-1.7398804087468576,-1.0,4.739880408746858,4.0
2009,13,13.0,-2.7102648638345705,-3.5,15.71026486383457,16.5
2009,13,13.0,-0.1693843959664052,4.0,13.169384395966405,9.0
2009,14,7.0,-9.259912456387852,-10.0,16.259912456387852,17.0
2009,14,-3.0,-5.9613214046298,-10.0,2.9613214046297998,7.0
2009,14,45.0,16.76718024596228,14.0,28.23281975403772,31.0
2009,14,-7.0,-3.610363055985068,-4.0,-3.389636944014932,-3.0
2009,14,27.0,5.962123342598399,7.0,21.0378766574016,20.0
2009,14,12.0,7.699735802010693,6.5,4.300264197989307,5.5
2009,14,-4.0,-2.3589373190819964,1.0,-1.6410626809180036,-5.0
2009,14,-6.0,-3.720282029893405,-3.0,-2.279717970106595,-3.0
2009,14,20.0,6.508903239221216,6.0,13.491096760778785,14.0
2009,14,10.0,9.885753044706581,12.5,0.1142469552934191,-2.5
2009,14,-23.0,-7.181133483972213,-3.5,-15.818866516027786,-19.5
2009,14,-21.0,-3.4847452572046365,-1.0,-17.515254742795364,-20.0
2009,14,40.0,12.603737614951859,13.5,27.39626238504814,26.5
2009,14,-3.0,-0.1802044303052721,3.5,-2.819795569694728,-6.5
2009,14,-7.0,-0.9764496443169013,-1.0,-6.023550355683099,-6.0
2009,14,15.0,-0.8687219253444805,-4.0,15.868721925344481,19.0
2009,15,-4.0,-8.73852002623295,-3.5,4.738520026232949,-0.5
2009,15,-7.0,9.241244480559823,7.5,-16.24124448055982,-14.5
2009,15,-7.0,-8.019142139773853,-6.5,1.0191421397738534,-0.5
2009,15,-7.0,-10.398108695918705,-14.0,3.3981086959187046,7.0
2009,15,-7.0,0.8773654126385471,1.0,-7.877365412638547,-8.0
2009,15,-3.0,3.512510344027972,5.5,-6.512510344027972,-8.5
2009,15,-3.0,-12.059798301548012,-14.0,9.059798301548012,11.0
2009,15,3.0,2.2817522041362714,4.5,0.7182477958637286,-1.5
2009,15,-1.0,12.100465269229955,13.5,-13.100465269229955,-14.5
2009,15,3.0,7.0428692515636335,6.5,-4.0428692515636335,-3.5
2009,15,24.0,11.373677150732632,10.5,12.626322849267368,13.5
2009,15,14.0,8.265238940943629,7.0,5.734761059056371,7.0
2009,15,1.0,1.7444021268103858,2.5,-0.7444021268103858,-1.5
2009,15,-17.0,3.512371882031163,6.5,-20.512371882031164,-23.5
2009,15,19.0,-4.5052956851752715,-9.0,23.50529568517527,28.0
2009,15,-33.0,-2.2022801920562176,-1.0,-30.797719807943782,-32.0
2009,16,-25.0,-1.9740051758168318,1.0,-23.02599482418317,-26.0
2009,16,28.0,7.445681560606294,9.0,20.554318439393704,19.0
2009,16,7.0,10.328802338296224,13.0,-3.3288023382962244,-6.0
2009,16,14.0,2.6954532218134966,3.0,11.304546778186504,11.0
2009,16,38.0,11.3060484472986,13.5,26.6939515527014,24.5
2009,16,-7.0,1.7336981995097056,1.0,-8.733698199509705,-8.0
2009,16,28.0,11.303559261602521,9.5,16.696440738397477,18.5
2009,16,-3.0,16.534378825571032,14.0,-19.534378825571032,-17.0
2009,16,-32.0,5.30674715347968,9.0,-37.30674715347968,-41.0
2009,16,3.0,-3.237349969312605,3.0,6.237349969312605,0.0
2009,16,21.0,15.755850838880814,16.0,5.244149161119186,5.0
2009,16,14.0,13.313661346849308,14.0,0.6863386531506919,0.0
2009,16,-14.0,7.330761116517329,3.0,-21.33076111651733,-17.0
2009,16,3.0,7.586534570723909,7.0,-4.586534570723909,-4.0
2009,16,-17.0,-5.3844580236902955,-7.0,-11.615541976309704,-10.0
2009,16,6.0,-5.931677577289987,-9.0,11.931677577289987,15.0
2009,17,23.0,-7.732802558410347,9.0,30.73280255841035,14.0
2009,17,13.0,-4.601820538693188,10.0,17.60182053869319,3.0
2009,17,6.0,-0.6589293013653144,1.0,6.658929301365315,5.0
2009,17,-14.0,-6.545286768877357,-4.0,-7.454713231122643,-10.0
2009,17,7.0,-4.936891504202042,9.0,11.936891504202041,-2.0
2009,17,-6.0,0.3777463498607434,-3.0,-6.377746349860743,-3.0
2009,17,37.0,3.458656749141657,9.0,33.54134325085834,28.0
2009,17,-22.0,-10.696667561230791,-7.0,-11.303332438769209,-15.0
2009,17,-10.0,-5.646199143843001,-3.0,-4.353800856156999,-7.0
2009,17,-26.0,-1.6078594476818047,3.0,-24.392140552318196,-29.0
2009,17,24.0,-0.24734284268493334,3.0,24.247342842684933,21.0
2009,17,-20.0,10.77230314623957,9.5,-30.772303146239572,-29.5
2009,17,-8.0,-13.534826522535736,-10.0,5.534826522535736,2.0
2009,17,3.0,12.110809384355294,3.0,-9.110809384355294,0.0
2009,17,-4.0,-5.535141631218229,-6.0,1.535141631218229,2.0
2009,17,37.0,5.738031030332601,9.5,31.2619689696674,27.5
2010,1,5.0,2.976746236260967,4.5,2.023253763739033,0.5
2010,1,-5.0,0.5757952715690478,-3.0,-5.5757952715690475,-2.0
2010,1,5.0,7.076299783040621,6.5,-2.0762997830406213,-1.5
2010,1,10.0,0.504144295191121,-1.0,9.495855704808879,11.0
2010,1,7.0,-0.8539102423059042,3.0,7.853910242305904,4.0
2010,1,14.0,6.265202592822726,5.0,7.734797407177274,9.0
2010,1,13.0,0.830087857688194,5.5,12.169912142311805,7.5
2010,1,6.0,1.1803201803456702,-1.0,4.81967981965433,7.0
2010,1,3.0,2.547991476710465,2.5,0.452008523289535,0.5
2010,1,25.0,5.965663776154997,6.5,19.034336223845003,18.5
2010,1,-7.0,0.610382773549583,-3.0,-7.610382773549583,-4.0
2010,1,25.0,-2.3873531215541006,-3.0,27.3873531215541,28.0
2010,1,-4.0,-6.078664387996122,-3.0,2.078664387996122,-1.0
2010,1,6.0,-3.3123125944403315,-3.5,9.312312594440332,9.5
2010,1,-1.0,1.7491372782705237,1.0,-2.7491372782705237,-2.0
2010,1,7.0,-4.9968718638001395,-4.0,11.99687186380014,11.0
2010,2,34.0,9.200744905440839,7.0,24.79925509455916,27.0
2010,2,-13.0,12.428832473724558,4.0,-25.428832473724558,-17.0
2010,2,5.0,3.655644228459014,-2.5,1.344355771540986,7.5
2010,2,-2.0,8.074380859802138,3.0,-10.074380859802138,-5.0
2010,2,-7.0,13.325723633463582,7.0,-20.325723633463582,-14.0
2010,2,-3.0,1.1767212653521817,-6.5,-4.176721265352182,3.5
2010,2,27.0,16.264678285298125,12.5,10.735321714701875,14.5
2010,2,-4.0,11.242386546412506,5.5,-15.242386546412506,-9.5
2010,2,-8.0,7.419342517528731,6.0,-15.419342517528731,-14.0
2010,2,17.0,9.800416980328546,3.5,7.199583019671454,13.5
2010,2,2.0,9.837377529901133,3.0,-7.837377529901133,-1.0
2010,2,14.0,5.974919836943908,-3.0,8.025080163056092,17.0
2010,2,25.0,13.344269582094363,7.0,11.655730417905637,18.0
2010,2,-3.0,4.615835640065729,-2.5,-7.615835640065729,-0.5
2010,2,24.0,10.334397856465898,4.0,13.665602143534102,20.0
2010,2,-3.0,2.3116334093679205,-4.5,-5.3116334093679205,1.5
2010,3,7.0,14.858082261796206,12.0,-7.858082261796206,-5.0
2010,3,-13.0,4.305858742857534,-3.0,-17.305858742857534,-10.0
2010,3,-14.0,8.463407053683541,1.5,-22.46340705368354,-15.5
2010,3,21.0,4.5397091287970515,-2.5,16.46029087120295,23.5
2010,3,14.0,16.578060374533216,13.0,-2.578060374533216,1.0
2010,3,8.0,14.893839262586543,14.0,-6.893839262586543,-6.0
2010,3,-3.0,10.819724518148986,3.0,-13.819724518148986,-6.0
2010,3,-19.0,6.894895897785196,3.0,-25.894895897785197,-22.0
2010,3,-25.0,2.7709629637271993,-2.0,-27.7709629637272,-23.0
2010,3,-25.0,1.9017664879671816,-2.0,-26.90176648796718,-23.0
2010,3,14.0,1.898636481060799,-4.5,12.101363518939202,18.5
2010,3,1.0,12.658266209550657,5.5,-11.658266209550657,-4.5
2010,3,-14.0,3.7349725107283698,-5.5,-17.73497251072837,-8.5
2010,3,7.0,0.964478696909083,-3.5,6.035521303090917,10.5
2010,3,-8.0,5.20509498273564,1.0,-13.205094982735641,-9.0
2010,3,3.0,-0.041944647200388374,-3.0,3.0419446472003884,6.0
2010,4,2.0,13.268157378401167,7.0,-11.268157378401167,-5.0
2010,4,-24.0,-4.137410441082913,-5.5,-19.862589558917087,-18.5
2010,4,3.0,-1.0873126054043039,-1.5,4.087312605404303,4.5
2010,4,2.0,17.48571817643133,14.5,-15.48571817643133,-12.5
2010,4,2.0,11.89336829926052,12.5,-9.89336829926052,-10.5
2010,4,-3.0,5.299191362936861,2.0,-8.299191362936861,-5.0
2010,4,17.0,-0.41203319020701334,-1.5,17.412033190207012,18.5
2010,4,-6.0,6.430862193455855,6.0,-12.430862193455855,-12.0
2010,4,3.0,-6.382935180397883,-7.0,9.382935180397883,10.0
2010,4,-7.0,-3.053889729946388,-3.5,-3.946110270053612,-3.5
2010,4,-5.0,10.861357676106607,5.0,-15.861357676106607,-10.0
2010,4,31.0,9.290408935182114,10.0,21.709591064817886,21.0
2010,4,14.0,-0.9387672635063915,3.5,14.938767263506392,10.5
2010,4,-27.0,0.25458182858752343,1.0,-27.254581828587522,-28.0
2010,5,14.0,7.065509851305942,8.0,6.934490148694058,6.0
2010,5,-10.0,2.583712637598349,2.5,-12.58371263759835,-12.5
2010,5,-17.0,1.0276818095711349,2.5,-18.027681809571135,-19.5
2010,5,-3.0,11.406956343799918,6.5,-14.406956343799918,-9.5
2010,5,-10.0,-4.279266782880198,-3.0,-5.720733217119802,-7.0
2010,5,38.0,2.718279562855922,3.0,35.28172043714408,35.0
2010,5,-24.0,6.023335738337636,3.0,-30.023335738337636,-27.0
2010,5,10.0,10.962071306388768,7.5,-0.9620713063887685,2.5
2010,5,3.0,-3.660524672889189,-2.5,6.6605246728891885,5.5
2010,5,10.0,-4.890621955896128,-6.5,14.890621955896128,16.5
2010,5,-7.0,1.1009244992819096,6.5,-8.10092449928191,-13.5
2010,5,8.0,-8.184487818611457,-7.0,16.18448781861146,15.0
2010,5,-3.0,-2.70343114300459,3.0,-0.2965688569954099,-6.0
2010,5,9.0,9.897408890628533,4.0,-0.8974088906285331,5.0
2010,6,-3.0,8.586763947920547,6.0,-11.586763947920547,-9.0
2010,6,-3.0,10.368520228106128,3.0,-13.368520228106128,-6.0
2010,6,4.0,2.6929410076729097,4.5,1.3070589923270903,-0.5
2010,6,3.0,2.7442533283882895,3.0,0.2557466716117105,0.0
2010,6,8.0,5.673687855186932,10.0,2.326312144813068,-2.0
2010,6,14.0,1.288475250620524,1.0,12.711524749379477,13.0
2010,6,18.0,9.119706773009614,14.0,8.880293226990386,4.0
2010,6,3.0,-7.804833565287318,-9.5,10.804833565287318,12.5
2010,6,-25.0,-2.214085517629363,-5.5,-22.785914482370636,-19.5
2010,6,-4.0,-4.00799896285446,-3.5,0.00799896285445989,-0.5
2010,6,8.0,5.345863165901761,9.0,2.6541368340982388,-1.0
2010,6,3.0,4.270267946601595,1.0,-1.270267946601595,2.0
2010,6,-3.0,-2.9540324194863357,-3.0,-0.04596758051366434,0.0
2010,6,-27.0,-2.7714486103708453,-3.0,-24.228551389629153,-24.0
2010,7,7.0,3.2378103210419775,3.5,3.7621896789580225,3.5
2010,7,3.0,10.873184041058309,12.0,-7.873184041058309,-9.0
2010,7,3.0,3.9705087841026465,-1.0,-0.9705087841026465,4.0
2010,7,-3.0,4.468892112067536,3.0,-7.468892112067536,-6.0
2010,7,22.0,7.325380487878234,9.0,14.674619512121765,13.0
2010,7,-1.0,-2.5769316911437246,-3.0,1.5769316911437246,2.0
2010,7,-13.0,10.399656186251882,12.0,-23.39965618625188,-25.0
2010,7,1.0,4.202260731815046,3.0,-3.202260731815046,-2.0
2010,7,18.0,2.533075438296137,3.0,15.466924561703863,15.0
2010,7,12.0,0.6643817959054572,6.5,11.335618204094542,5.5
2010,7,-45.0,8.009131211239303,7.0,-53.00913121123931,-52.0
2010,7,-3.0,-0.38601728001595603,2.5,-2.613982719984044,-5.5
2010,7,4.0,4.085942634107243,2.5,-0.08594263410724334,1.5
2010,7,-6.0,3.586401563022876,3.5,-9.586401563022875,-9.5
2010,8,-8.0,2.545503315247517,-1.0,-10.545503315247517,-7.0
2010,8,-18.0,9.43291303397806,6.5,-27.43291303397806,-24.5
2010,8,12.0,2.3204711981297805,2.5,9.67952880187022,9.5
2010,8,3.0,7.578030885960454,7.0,-4.578030885960454,-4.0
2010,8,-9.0,6.479865756781518,6.5,-15.479865756781518,-15.5
2010,8,8.0,0.9646350294093105,2.0,7.03536497059069,6.0
2010,8,10.0,0.24220250237115426,2.5,9.757797497628847,7.5
2010,8,8.0,0.157677102630017,6.0,7.842322897369983,2.0
2010,8,-3.0,2.903665217048175,3.0,-5.903665217048175,-6.0
2010,8,10.0,5.555195041613562,5.0,4.444804958386438,5.0
2010,8,30.0,2.055713977552571,1.5,27.94428602244743,28.5
2010,8,10.0,-0.4424427090220706,1.0,10.442442709022071,9.0
2010,8,13.0,6.450237423252253,5.5,6.549762576747747,7.5
2010,9,6.0,12.304548716636432,10.0,-6.3045487166364325,-4.0
2010,9,16.0,7.886680171828005,5.0,8.113319828171996,11.0
2010,9,-3.0,-4.275071588897038,-3.0,1.2750715888970383,0.0
2010,9,-31.0,-5.249964088766427,-5.5,-25.750035911233574,-25.5
2010,9,20.0,-4.944385453418785,-4.0,24.944385453418786,24.0
2010,9,-3.0,-5.441597638504458,-5.5,2.441597638504458,2.5
2010,9,-6.0,-2.2505545782342815,-3.0,-3.7494454217657185,-3.0
2010,9,3.0,8.704499388198425,7.0,-5.704499388198425,-4.0
2010,9,-34.0,-4.473805213132362,-7.0,-29.526194786867638,-27.0
2010,9,3.0,1.740388472945322,-1.0,1.259611527054678,4.0
2010,9,2.0,2.5273965409126524,3.5,-0.5273965409126524,-1.5
2010,9,38.0,7.838023096090032,7.0,30.161976903909967,31.0
2010,9,-6.0,-2.5001439136325536,-5.0,-3.4998560863674464,-1.0
2010,10,5.0,0.9023377410409044,1.0,4.097662258959096,4.0
2010,10,2.0,-0.888915240298012,1.5,2.888915240298012,0.5
2010,10,14.0,-0.06541540852599192,1.0,14.065415408525991,13.0
2010,10,-6.0,-4.579257936810277,-3.5,-1.4207420631897234,-2.5
2010,10,6.0,8.67086145717085,6.5,-2.670861457170851,-0.5
2010,10,7.0,2.831843582389965,1.0,4.168156417610035,6.0
2010,10,12.0,-7.198223569547201,1.0,19.198223569547203,11.0
2010,10,15.0,4.218564542906052,7.0,10.781435457093949,8.0
2010,10,20.0,3.1638218603569124,-1.0,16.83617813964309,21.0
2010,10,-18.0,3.4389204446327994,3.5,-21.4389204446328,-21.5
2010,10,-13.0,7.33916143952835,11.5,-20.33916143952835,-24.5
2010,10,3.0,5.575515735936813,4.5,-2.575515735936813,-1.5
2010,10,-13.0,1.021512772299987,4.5,-14.021512772299987,-17.5
2010,10,-31.0,2.721131889070751,-3.5,-33.72113188907075,-27.5
2010,11,-16.0,2.6482980640484097,2.5,-18.64829806404841,-18.5
2010,11,-24.0,-10.812388572985517,-13.0,-13.187611427014483,-11.0
2010,11,-18.0,5.920623962746532,4.0,-23.920623962746532,-22.0
2010,11,16.0,2.3466763298784263,5.0,13.653323670121573,11.0
2010,11,4.0,-1.3391234504673102,2.5,5.33912345046731,1.5
2010,11,18.0,6.037809692763257,7.0,11.962190307236742,11.0
2010,11,-28.0,-7.435553427689042,-3.0,-20.564446572310956,-25.0
2010,11,3.0,9.162453121710794,6.5,-6.162453121710794,-3.5
2010,11,32.0,2.681565853200876,7.0,29.318434146799124,25.0
2010,11,-3.0,9.261105756893107,7.0,-12.261105756893107,-10.0
2010,11,15.0,13.949120519758107,11.0,1.0508794802418926,4.0
2010,11,-21.0,3.512304685321026,3.5,-24.512304685321027,-24.5
2010,11,-17.0,-8.654660400966723,-3.5,-8.345339599033277,-13.5
2010,11,3.0,3.0020715237073805,4.0,-0.002071523707380507,-1.0
2010,11,10.0,4.308355711085969,3.5,5.691644288914031,6.5
2010,11,21.0,11.800784019356133,9.0,9.199215980643867,12.0
2010,12,-21.0,-6.580243212726897,-6.0,-14.419756787273103,-15.0
2010,12,-3.0,-3.170448250980907,-4.5,0.1704482509809071,1.5
2010,12,16.0,8.915617780350782,10.0,7.084382219649218,6.0
2010,12,3.0,-2.2108073099036276,2.5,5.210807309903627,0.5
2010,12,-3.0,-6.707707722002688,-6.5,3.707707722002688,3.5
2010,12,1.0,7.704833410282545,9.0,-6.704833410282545,-8.0
2010,12,20.0,-2.22715996513728,5.0,22.22715996513728,15.0
2010,12,4.0,7.045640551405219,8.0,-3.045640551405219,-4.0
2010,12,-4.0,-0.7263548247246243,-1.0,-3.2736451752753757,-3.0
2010,12,-16.0,-2.295238224719158,3.0,-13.704761775280842,-19.0
2010,12,-18.0,-2.3756703154745176,-1.0,-15.624329684525483,-17.0
2010,12,7.0,9.369161149158211,7.5,-2.369161149158211,-0.5
2010,12,5.0,-0.15718007056819427,-3.0,5.157180070568194,8.0
2010,12,-3.0,3.539958581323154,3.0,-6.5399585813231536,-6.0
2010,12,-22.0,3.216798335655711,2.0,-25.21679833565571,-24.0
2010,12,-21.0,-0.8914616123825017,-1.0,-20.1085383876175,-20.0
2010,13,10.0,5.500551648667919,8.5,4.499448351332081,1.5
2010,13,-4.0,-4.869684318609075,-6.5,0.8696843186090746,2.5
2010,13,-4.0,-1.7919413105234452,-5.0,-2.208058689476555,1.0
2010,13,18.0,12.141604960247163,9.0,5.858395039752837,9.0
2010,13,4.0,5.2256292484482225,9.0,-1.2256292484482225,-5.0
2010,13,-3.0,3.451672827208286,6.0,-6.451672827208286,-9.0
2010,13,24.0,4.298119451249634,5.0,19.701880548750367,19.0
2010,13,24.0,4.95789008568748,7.0,19.04210991431252,17.0
2010,13,-11.0,6.947629576389678,3.0,-17.94762957638968,-14.0
2010,13,-15.0,9.093629740471277,12.5,-24.09362974047128,-27.5
2010,13,-13.0,-0.7531409181376078,-3.0,-12.246859081862393,-10.0
2010,13,-3.0,3.916832573620868,5.5,-6.916832573620868,-8.5
2010,13,17.0,2.721038199298216,4.5,14.278961800701783,12.5
2010,13,-4.0,-5.448932907439642,-3.0,1.4489329074396418,-1.0
2010,13,-3.0,1.5727041114776397,3.0,-4.572704111477639,-6.0
2010,13,42.0,1.757162464179067,4.0,40.24283753582093,38.0
2010,14,-2.0,-0.8850970709477308,-3.0,-1.1149029290522692,1.0
2010,14,7.0,-1.1833067067586378,1.0,8.183306706758637,6.0
2010,14,-21.0,-10.520480573241125,-7.0,-10.479519426758875,-14.0
2010,14,4.0,-10.033164290473534,-7.0,14.033164290473534,11.0
2010,14,7.0,0.14506316400431252,3.5,6.854936835995687,3.5
2010,14,16.0,8.803647420992576,9.0,7.196352579007424,7.0
2010,14,-1.0,0.13967947684409232,-1.0,-1.1396794768440923,0.0
2010,14,18.0,10.495114850141643,9.5,7.504885149858357,8.5
2010,14,19.0,3.5375279044598194,4.5,15.46247209554018,14.5
2010,14,30.0,-2.2531708219025415,-4.0,32.25317082190254,34.0
2010,14,-29.0,-4.528702982809017,-3.0,-24.471297017190984,-26.0
2010,14,-4.0,4.491284709901237,5.0,-8.491284709901237,-9.0
2010,14,31.0,5.203164185797323,10.0,25.796835814202677,21.0
2010,14,-3.0,-5.299466325799119,-4.0,2.299466325799119,1.0
2010,14,-18.0,-0.9102725479652127,-4.5,-17.089727452034786,-13.5
2010,14,-6.0,-1.988088106205354,-3.0,-4.011911893794646,-3.0
2010,15,27.0,8.803564636783147,10.0,18.196435363216853,17.0
2010,15,6.0,1.990202115953156,1.0,4.009797884046844,5.0
2010,15,7.0,-0.1927600146280004,2.5,7.192760014628,4.5
2010,15,2.0,0.9046863670208101,1.0,1.09531363297919,1.0
2010,15,3.0,5.059231358897453,9.5,-2.0592313588974527,-6.5
2010,15,10.0,9.540470167235394,4.0,0.4595298327646056,6.0
2010,15,-3.0,5.960255609622264,5.5,-8.960255609622264,-8.5
2010,15,-7.0,-0.6011288501616735,3.0,-6.398871149838326,-10.0
2010,15,-14.0,-2.413107852662049,3.0,-11.58689214733795,-17.0
2010,15,-3.0,2.5225814280226833,3.5,-5.522581428022683,-6.5
2010,15,14.0,5.28085819283943,2.0,8.71914180716057,12.0
2010,15,-16.0,-8.706616983565779,-5.5,-7.2933830164342215,-10.5
2010,15,16.0,4.996418766438643,9.0,11.003581233561357,7.0
2010,15,-5.0,3.796192663724071,3.5,-8.79619266372407,-8.5
2010,15,4.0,3.6771836939410405,14.0,0.3228163060589595,-10.0
2010,15,-26.0,1.024864619795757,-5.5,-27.024864619795757,-20.5
2010,16,24.0,14.74609922542037,14.0,9.25390077457963,10.0
2010,16,1.0,-4.4736250056045135,-7.0,5.4736250056045135,8.0
2010,16,-31.0,-10.896706296443952,-7.0,-20.103293703556048,-24.0
2010,16,4.0,-1.2913888550796753,1.5,5.291388855079675,2.5
2010,16,-10.0,-5.2494479380415795,-3.5,-4.7505520619584205,-6.5
2010,16,-3.0,2.4076188615727467,7.0,-5.407618861572747,-10.0
2010,16,20.0,-0.3484163562504372,4.0,20.348416356250436,16.0
2010,16,-7.0,4.570230130482416,3.5,-11.570230130482416,-10.5
2010,16,8.0,-3.005884204211335,2.0,11.005884204211334,6.0
2010,16,14.0,-8.205825896770664,-9.0,22.205825896770662,23.0
2010,16,1.0,-3.5293999016249282,-2.0,4.529399901624928,3.0
2010,16,-5.0,-3.4298091459719453,-1.0,-1.5701908540280547,-4.0
2010,16,28.0,6.594192911670909,3.0,21.40580708832909,25.0
2010,16,23.0,5.0512896685154045,5.0,17.948710331484595,18.0
2010,16,-3.0,2.7627079686461853,2.0,-5.762707968646185,-5.0
2010,16,-10.0,7.750195719035961,14.0,-17.75019571903596,-24.0
2010,17,21.0,13.027450603623638,14.0,7.972549396376362,7.0
2010,17,6.0,8.792031489713507,9.5,-2.792031489713507,-3.5
2010,17,-32.0,-7.029557217427254,-6.5,-24.970442782572746,-25.5
2010,17,7.0,0.9362842537369983,3.5,6.063715746263002,3.5
2010,17,-21.0,3.7926038504917012,4.5,-24.7926038504917,-25.5
2010,17,31.0,12.244751492019173,4.0,18.755248507980827,27.0
2010,17,-10.0,7.297727354618734,7.0,-17.297727354618733,-17.0
2010,17,31.0,9.518793600467328,1.0,21.481206399532674,30.0
2010,17,-5.0,-8.715613965611102,-5.0,3.7156139656111016,0.0
2010,17,7.0,8.271620285475628,11.0,-1.2716202854756276,-4.0
2010,17,17.0,4.0447323821589425,4.5,12.955267617841058,12.5
2010,17,3.0,4.836955099024574,9.0,-1.836955099024574,-6.0
2010,17,-1.0,4.968384290177626,-1.5,-5.968384290177626,0.5
2010,17,31.0,4.2399693650533905,6.0,26.76003063494661,25.0
2010,17,-3.0,-2.8979645545013035,-4.5,-0.10203544549869648,1.5
2010,17,10.0,0.5835931858177854,-3.0,9.416406814182215,13.0
2011,1,8.0,5.314337607469563,4.5,2.6856623925304373,3.5
2011,1,28.0,0.5221496766129445,1.0,27.477850323387056,27.0
2011,1,18.0,0.30708558304408307,-1.0,17.692914416955915,19.0
2011,1,-10.0,2.175960139357346,6.5,-12.175960139357347,-16.5
2011,1,27.0,-0.22356691859473043,9.0,27.22356691859473,18.0
2011,1,2.0,-0.45529558435011586,-1.0,2.455295584350116,3.0
2011,1,-34.0,5.649097344076927,3.5,-39.64909734407693,-37.5
2011,1,-18.0,-1.7824608308779633,-3.5,-16.217539169122038,-14.5
2011,1,-7.0,2.1629320164913777,1.0,-9.162932016491379,-8.0
2011,1,7.0,3.1320941896287935,6.5,3.8679058103712065,0.5
2011,1,7.0,6.1975614407598645,9.0,0.8024385592401355,-2.0
2011,1,16.0,3.7777356572806964,6.0,12.222264342719303,10.0
2011,1,14.0,-0.7253927399371967,-1.0,14.725392739937197,15.0
2011,1,3.0,5.6966147410721595,6.5,-2.6966147410721595,-3.5
2011,1,-14.0,-5.057703395431311,-7.0,-8.94229660456869,-7.0
2011,1,-3.0,-2.3080093470800924,3.0,-0.6919906529199076,-6.0
2011,2,3.0,3.4372566870577286,3.5,-0.4372566870577286,-0.5
2011,2,-7.0,-7.874024915462416,-10.5,0.8740249154624156,3.5
2011,2,45.0,8.1410903859836,9.0,36.8589096140164,36.0
2011,2,-8.0,4.813287841175752,-1.0,-12.813287841175752,-7.0
2011,2,-4.0,2.9337674640544327,1.0,-6.933767464054433,-5.0
2011,2,17.0,1.5241101963621815,4.5,15.475889803637818,12.5
2011,2,29.0,7.2056660789306015,9.0,21.7943339210694,20.0
2011,2,24.0,9.470012487130116,13.5,14.529987512869884,10.5
2011,2,13.0,-1.7536262199991297,-5.5,14.75362621999913,18.5
2011,2,1.0,7.528132462534355,4.5,-6.528132462534355,-3.5
2011,2,-3.0,3.7081587645381173,-3.0,-6.708158764538117,0.0
2011,2,2.0,-0.7218302297846622,3.5,2.721830229784662,-1.5
2011,2,-10.0,-0.264952132644213,-3.0,-9.735047867355787,-7.0
2011,2,14.0,8.035419828031117,6.5,5.964580171968883,7.5
2011,2,4.0,1.3551379272961117,-2.5,2.644862072703888,6.5
2011,2,12.0,6.619081178914166,7.0,5.380918821085834,5.0
2011,3,3.0,-1.5426670267128202,-7.0,4.54266702671282,10.0
2011,3,6.0,4.409144336972833,3.5,1.5908556630271669,2.5
2011,3,-5.0,8.10845071484358,1.0,-13.10845071484358,-6.0
2011,3,1.0,7.726148251007591,-1.0,-6.726148251007591,2.0
2011,3,-3.0,-0.40826019376035383,-3.0,-2.591739806239646,0.0
2011,3,7.0,5.797227805769817,3.5,1.2027721942301826,3.5
2011,3,-13.0,12.395320271950535,9.0,-25.395320271950535,-22.0
2011,3,3.0,11.535637446691467,7.0,-8.535637446691467,-4.0
2011,3,10.0,4.2785754409092664,-1.0,5.7214245590907336,11.0
2011,3,3.0,15.10520239951842,14.0,-12.10520239951842,-11.0
2011,3,-30.0,-4.614823272494938,-5.5,-25.385176727505062,-24.5
2011,3,-10.0,4.284667431801867,-4.0,-14.284667431801868,-6.0
2011,3,3.0,5.0243080813600525,-3.0,-2.0243080813600525,6.0
2011,3,3.0,4.37378303140715,1.0,-1.3737830314071502,2.0
2011,3,-3.0,1.00101831892305,-10.5,-4.00101831892305,7.5
2011,3,2.0,8.203976954313289,3.5,-6.203976954313289,-1.5
2011,4,5.0,10.398143612038776,7.0,-5.398143612038776,-2.0
2011,4,3.0,1.7830753204397762,-3.0,1.2169246795602238,6.0
2011,4,-18.0,0.9145609629645439,1.0,-18.914560962964543,-19.0
2011,4,-4.0,-3.041634226766064,2.5,-0.9583657732339361,-6.5
2011,4,7.0,2.7384592895461415,4.0,4.2615407104538585,3.0
2011,4,-13.0,-2.844222930711518,-9.0,-10.155777069288483,-4.0
2011,4,5.0,-0.2800169911171313,-3.0,5.280016991117131,8.0
2011,4,-1.0,5.682286951356515,9.5,-6.682286951356515,-10.5
2011,4,-7.0,0.38260004382104373,-3.0,-7.382600043821044,-4.0
2011,4,-4.0,-1.8990006254432474,-1.0,-2.1009993745567526,-3.0
2011,4,-2.0,-3.1104071631537034,-6.0,1.1104071631537034,4.0
2011,4,26.0,12.28506416687414,12.0,13.71493583312586,14.0
2011,4,-12.0,-1.6061277534971827,-6.0,-10.393872246502816,-6.0
2011,4,10.0,7.180989553675678,6.5,2.819010446324322,3.5
2011,4,17.0,6.889558313799057,5.0,10.110441686200943,12.0
2011,4,7.0,6.3234829510769766,10.0,0.6765170489230234,-3.0
2011,5,7.0,3.831006946374387,-3.0,3.168993053625613,10.0
2011,5,-3.0,-4.912550732376545,-6.5,1.9125507323765447,3.5
2011,5,-5.0,5.16458932504667,4.5,-10.16458932504667,-9.5
2011,5,-4.0,5.478646851872229,1.0,-9.478646851872229,-5.0
2011,5,-10.0,-0.44590544243254726,-1.0,-9.554094557567453,-9.0
2011,5,24.0,5.370176253852833,3.5,18.629823746147167,20.5
2011,5,-11.0,10.651317567971795,10.0,-21.651317567971795,-21.0
2011,5,21.0,3.995369554051652,3.0,17.004630445948347,18.0
2011,5,45.0,4.675657688476386,2.5,40.324342311523615,42.5
2011,5,-5.0,-2.0294790125338356,-3.5,-2.9705209874661644,-1.5
2011,5,9.0,9.533042678304698,7.5,-0.5330426783046978,1.5
2011,5,-11.0,-1.8785243840506274,-6.0,-9.121475615949372,-5.0
2011,5,11.0,7.3937089493500014,6.5,3.6062910506499986,4.5
2011,6,14.0,9.006584202987222,3.5,4.993415797012778,10.5
2011,6,10.0,6.991359267977433,5.0,3.0086407320225668,5.0
2011,6,-6.0,2.933860437711333,5.5,-8.933860437711333,-11.5
2011,6,21.0,-2.6234634739519294,14.0,23.62346347395193,7.0
2011,6,3.0,2.648856497393721,3.0,0.3511435026062788,0.0
2011,6,4.0,13.860989026298387,12.5,-9.860989026298387,-8.5
2011,6,-7.0,23.382058616244066,-3.0,-30.382058616244066,-4.0
2011,6,15.0,29.435989088644583,7.0,-14.435989088644583,8.0
2011,6,7.0,-11.26633327480815,6.5,18.26633327480815,0.5
2011,6,4.0,-8.184133392938636,6.5,12.184133392938636,-2.5
2011,6,6.0,-1.6464025860596418,-6.0,7.646402586059642,12.0
2011,6,29.0,3.135720915917635,1.0,25.864279084082366,28.0
2011,6,18.0,-11.815381947074673,7.0,29.815381947074673,11.0
2011,7,13.0,0.0637264908047781,1.5,12.936273509195221,11.5
2011,7,3.0,3.3779383544172052,3.0,-0.37793835441720525,0.0
2011,7,-7.0,7.365823612431227,4.5,-14.365823612431228,-11.5
2011,7,-3.0,3.8424419952031377,-1.0,-6.842441995203138,-2.0
2011,7,6.0,4.348432074057373,-1.0,1.6515679259426266,7.0
2011,7,-6.0,-4.213546431828916,-1.5,-1.7864535681710842,-4.5
2011,7,-34.0,4.764036097412982,3.0,-38.76403609741298,-37.0
2011,7,-12.0,-4.402284477527221,-4.0,-7.597715522472779,-8.0
2011,7,-28.0,9.68607070837986,3.5,-37.68607070837986,-31.5
2011,7,27.0,11.585567727866977,14.0,15.414432272133023,13.0
2011,7,-6.0,-6.690014386397603,-10.0,0.6900143863976034,4.0
2011,7,55.0,10.836191710834882,13.5,44.16380828916512,41.5
2011,7,5.0,-8.452399496155746,-10.0,13.452399496155746,15.0
2011,8,3.0,16.52550059998162,12.0,-13.52550059998162,-9.0
2011,8,-3.0,2.369943873885087,3.0,-5.369943873885087,-6.0
2011,8,10.0,11.802195413073754,10.0,-1.802195413073754,0.0
2011,8,3.0,8.279243118364645,9.5,-5.279243118364645,-6.5
2011,8,10.0,-10.691759596517528,-13.5,20.691759596517528,23.5
2011,8,17.0,8.778443764833806,9.0,8.221556235166194,8.0
2011,8,23.0,8.546514960630509,4.0,14.453485039369491,19.0
2011,8,-35.0,-3.98581171480098,-3.0,-31.01418828519902,-32.0
2011,8,8.0,-0.5072497366969622,-3.0,8.507249736696963,11.0
2011,8,-22.0,-0.6622580807696814,-1.0,-21.337741919230318,-21.0
2011,8,10.0,12.76750994043239,9.0,-2.76750994043239,1.0
2011,8,27.0,4.85875926100549,3.0,22.14124073899451,24.0
2011,8,3.0,-0.3996336030508356,-3.0,3.3996336030508356,6.0
2011,9,-16.0,0.04459798578544971,2.5,-16.04459798578545,-18.5
2011,9,10.0,8.828600395221263,11.0,1.1713996047787365,-1.0
2011,9,18.0,11.308953129884932,10.5,6.691046870115068,7.5
2011,9,-24.0,-7.926731283726527,-6.5,-16.073268716273475,-17.5
2011,9,-28.0,4.474085488443755,5.0,-32.474085488443755,-33.0
2011,9,11.0,7.9880814235634485,9.0,3.0119185764365515,2.0
2011,9,-8.0,-3.076962412714099,-5.0,-4.923037587285901,-3.0
2011,9,-14.0,12.876096292448578,7.0,-26.87609629244858,-21.0
2011,9,-7.0,1.5837038959631093,1.5,-8.58370389596311,-8.5
2011,9,6.0,5.605452804869744,1.0,0.39454719513025616,5.0
2011,9,-4.0,11.552133937182958,9.5,-15.552133937182958,-13.5
2011,9,-7.0,-6.5884488819973726,-5.5,-0.41155111800262745,-1.5
2011,9,-3.0,2.887294419001709,3.5,-5.887294419001709,-6.5
2011,9,-6.0,1.1366868195628532,9.0,-7.136686819562853,-15.0
2011,10,-7.0,6.128387127644866,7.5,-13.128387127644867,-14.5
2011,10,-3.0,0.9989207610890483,1.0,-3.9989207610890483,-4.0
2011,10,-27.0,3.63020851172388,3.5,-30.63020851172388,-30.5
2011,10,-7.0,0.5159037935423134,-3.5,-7.515903793542313,-3.5
2011,10,-1.0,6.405886063779283,2.5,-7.405886063779283,-3.5
2011,10,37.0,1.8254564271707956,4.5,35.17454357282921,32.5
2011,10,-14.0,-4.1310323815786605,-3.0,-9.86896761842134,-11.0
2011,10,-7.0,3.015512707959864,3.0,-10.015512707959864,-10.0
2011,10,11.0,5.025346405688238,4.0,5.974653594311762,7.0
2011,10,-4.0,10.730705991927247,13.5,-14.730705991927247,-17.5
2011,10,-28.0,-3.438354703954262,-3.5,-24.56164529604574,-24.5
2011,10,5.0,-7.846572858855573,-7.0,12.846572858855573,12.0
2011,10,24.0,-3.387193583467689,2.5,27.38719358346769,21.5
2011,10,7.0,6.868282473168543,4.0,0.13171752683145677,3.0
2011,10,-21.0,1.0788762045205433,2.5,-22.078876204520544,-23.5
2011,10,38.0,10.15687357874998,12.5,27.84312642125002,25.5
2011,11,4.0,-3.991508952538566,-6.5,7.991508952538566,10.5
2011,11,7.0,6.976565604954623,7.0,0.02343439504537681,0.0
2011,11,4.0,1.615829660255212,1.0,2.384170339744788,3.0
2011,11,14.0,12.684476658885842,7.0,1.315523341114158,7.0
2011,11,9.0,15.916917177587854,13.5,-6.9169171775878535,-4.5
2011,11,27.0,2.086592853628304,3.0,24.913407146371696,24.0
2011,11,-6.0,-0.22630235144067146,1.0,-5.773697648559328,-7.0
2011,11,-3.0,-3.0547551590238173,-7.0,0.054755159023817335,4.0
2011,11,16.0,11.719053205302387,10.0,4.280946794697613,6.0
2011,11,-17.0,0.19708192226228682,3.0,-17.197081922262285,-20.0
2011,11,6.0,5.12074479606516,6.0,0.8792552039348402,0.0
2011,11,11.0,6.201102196462515,4.5,4.798897803537485,6.5
2011,11,-7.0,1.5629853027543716,6.0,-8.562985302754372,-13.0
2011,11,31.0,15.391661978123164,17.0,15.608338021876836,14.0
2011,12,-12.0,-2.01581796905498,-4.0,-9.98418203094502,-8.0
2011,12,1.0,4.8769234308154115,7.0,-3.8769234308154115,-6.0
2011,12,10.0,4.051026132237171,3.0,5.948973867762829,7.0
2011,12,10.0,10.037542321762539,10.0,-0.03754232176253858,0.0
2011,12,3.0,8.462514034965364,6.5,-5.4625140349653645,-3.5
2011,12,-8.0,1.6827823701703652,-3.5,-9.682782370170365,-4.5
2011,12,-7.0,-7.133904742104762,-6.0,0.1339047421047619,-1.0
2011,12,4.0,7.943057781825503,9.5,-3.9430577818255026,-5.5
2011,12,-3.0,0.32904207810676533,1.0,-3.3290420781067653,-4.0
2011,12,6.0,6.634014230180378,3.0,-0.6340142301803784,3.0
2011,12,5.0,-2.6746001683987903,3.0,7.67460016839879,2.0
2011,12,-6.0,3.6659089877957807,3.0,-9.665908987795781,-9.0
2011,12,-18.0,-2.9509649330900376,-3.0,-15.049035066909962,-15.0
2011,12,-3.0,5.943984262931408,4.5,-8.943984262931409,-7.5
2011,12,-4.0,-9.493938870027344,-10.5,5.493938870027344,6.5
2011,12,25.0,9.288118044906605,7.0,15.711881955093395,18.0
2011,13,17.0,-2.136234676474726,-3.0,19.136234676474725,20.0
2011,13,-6.0,0.47791724031255356,1.0,-6.477917240312554,-7.0
2011,13,-7.0,12.73397112188296,9.0,-19.73397112188296,-16.0
2011,13,7.0,5.423985530801207,-1.0,1.5760144691987934,8.0
2011,13,20.0,4.040384919052735,3.5,15.959615080947266,16.5
2011,13,-3.0,1.5175978351804513,1.0,-4.517597835180451,-4.0
2011,13,7.0,20.218455089490014,20.5,-13.218455089490014,-13.5
2011,13,28.0,6.019416032429696,7.0,21.980583967570304,21.0
2011,13,-19.0,4.804416921600147,-1.0,-23.804416921600147,-18.0
2011,13,-15.0,-3.251311773235079,-3.0,-11.748688226764921,-12.0
2011,13,-14.0,-7.50692891736635,-7.0,-6.49307108263365,-7.0
2011,13,6.0,-4.440071079063298,-4.0,10.440071079063298,10.0
2011,13,-3.0,-8.499287756423612,-7.0,5.4992877564236124,4.0
2011,13,26.0,15.055104436284463,14.0,10.944895563715537,12.0
2011,13,14.0,4.270326687186451,9.5,9.72967331281355,4.5
2011,13,-24.0,-0.3515059476662361,-3.0,-23.648494052333763,-21.0
2011,14,11.0,12.485116119146502,14.0,-1.485116119146502,-3.0
2011,14,14.0,17.084049438293082,16.5,-3.084049438293082,-2.5
2011,14,-8.0,-4.372412020460851,-3.0,-3.6275879795391486,-5.0
2011,14,-1.0,-2.726846017935135,2.5,1.7268460179351348,-3.5
2011,14,6.0,10.291476734761789,10.0,-4.291476734761789,-4.0
2011,14,27.0,2.679598059998166,-3.0,24.320401940001833,30.0
2011,14,-16.0,3.07362346600571,3.0,-19.07362346600571,-19.0
2011,14,27.0,10.447460832262546,10.5,16.552539167737454,16.5
2011,14,-5.0,-2.9115141756816736,-3.5,-2.0884858243183264,-1.5
2011,14,-7.0,-9.62803455077366,-7.5,2.628034550773661,0.5
2011,14,2.0,-6.195766921287428,-3.5,8.195766921287428,5.5
2011,14,3.0,-3.0612067738191597,3.5,6.06120677381916,-0.5
2011,14,30.0,13.402577866002694,11.5,16.597422133997306,18.5
2011,14,27.0,5.69544991759307,7.0,21.30455008240693,20.0
2011,14,-3.0,4.40474768685457,4.5,-7.40474768685457,-7.5
2011,14,17.0,8.613457934704389,9.0,8.386542065295611,8.0
2011,15,27.0,8.977072147546348,14.0,18.022927852453652,13.0
2011,15,-16.0,-3.292779046225699,-7.0,-12.7072209537743,-9.0
2011,15,-7.0,-0.2931616969918811,-1.0,-6.706838303008119,-6.0
2011,15,-24.0,8.404647760744364,3.5,-32.40464776074437,-27.5
2011,15,-15.0,12.98101397061362,4.5,-27.98101397061362,-19.5
2011,15,14.0,-5.564056113072996,-6.5,19.564056113072997,20.5
2011,15,5.0,-12.81985563354852,-11.0,17.81985563354852,16.0
2011,15,-22.0,-7.586920364463112,-7.0,-14.413079635536889,-15.0
2011,15,-13.0,6.770310776768601,5.5,-19.7703107767686,-18.5
2011,15,-7.0,-6.063642505020602,-7.0,-0.936357494979398,0.0
2011,15,-1.0,-1.9851335881062804,-1.0,0.9851335881062804,0.0
2011,15,3.0,2.4928877787273036,6.0,0.5071122212726964,-3.0
2011,15,-18.0,-7.520078518885337,-7.0,-10.479921481114662,-11.0
2011,15,26.0,0.344534735255162,3.0,25.655465264744837,23.0
2011,15,20.0,-1.2801597882760847,-1.0,21.280159788276084,21.0
2011,15,17.0,0.8002011568314462,3.0,16.199798843168555,14.0
2011,16,3.0,-8.466303096136107,-7.0,11.466303096136107,10.0
2011,16,6.0,12.415954968143533,10.5,-6.415954968143533,-4.5
2011,16,26.0,2.5365093116413835,-3.0,23.46349068835862,29.0
2011,16,32.0,5.640678643155604,9.0,26.359321356844397,23.0
2011,16,7.0,6.934080343100616,3.5,0.06591965689938384,3.5
2011,16,-3.0,0.2799799339943885,3.0,-3.2799799339943885,-6.0
2011,16,3.0,11.164866505737981,7.5,-8.164866505737981,-4.5
2011,16,-15.0,6.22418485131481,1.5,-21.22418485131481,-16.5
2011,16,27.0,15.908748463551964,10.0,11.091251536448036,17.0
2011,16,6.0,6.124804205436305,8.5,-0.12480420543630544,-2.5
2011,16,-7.0,4.9983251757547364,6.0,-11.998325175754736,-13.0
2011,16,28.0,3.0962948051818913,-1.0,24.90370519481811,29.0
2011,16,-13.0,2.4421939330891522,-1.5,-15.442193933089152,-11.5
2011,16,-2.0,-2.681927409315413,-1.5,0.6819274093154131,-0.5
2011,16,14.0,10.879273910975606,13.0,3.1207260890243944,1.0
2011,16,29.0,5.536168092659371,7.0,23.46383190734063,22.0
2011,17,4.0,8.7410193352732,-6.5,-4.741019335273201,10.5
2011,17,-1.0,7.558262069094254,-1.0,-8.558262069094255,0.0
2011,17,6.0,5.6449102512572855,3.0,0.3550897487427145,3.0
2011,17,2.0,2.3356390031530863,1.5,-0.33563900315308626,0.5
2011,17,-4.0,-2.3569866694120423,1.5,-1.6430133305879577,-5.5
2011,17,28.0,13.96291382505624,10.0,14.03708617494376,18.0
2011,17,28.0,12.96045665774299,7.0,15.03954334225701,21.0
2011,17,24.0,9.315360920761925,7.0,14.684639079238075,17.0
2011,17,-7.0,-10.415473399139712,-12.5,3.415473399139712,5.5
2011,17,3.0,0.40981246737624843,2.5,2.5901875326237516,0.5
2011,17,21.0,12.98618266642565,10.0,8.01381733357435,11.0
2011,17,-8.0,-1.4142883851097063,-2.5,-6.585711614890293,-5.5
2011,17,-4.0,-6.029192457124996,-7.0,2.0291924571249957,3.0
2011,17,-4.0,4.312349142270929,1.0,-8.312349142270929,-5.0
2011,17,-12.0,-0.5580327326820806,2.5,-11.441967267317919,-14.5
2011,17,17.0,2.4891081958456676,3.0,14.510891804154333,14.0
2012,1,-7.0,1.8827379820961436,3.5,-8.882737982096144,-10.5
2012,1,20.0,7.851411755334114,10.0,12.148588244665886,10.0
2012,1,-1.0,-2.4215884682544604,-9.0,1.4215884682544604,8.0
2012,1,4.0,10.125321141090856,9.0,-6.125321141090856,-5.0
2012,1,20.0,4.101365262036739,13.0,15.89863473796326,7.0
2012,1,-16.0,-3.1973495237842022,-1.0,-12.802650476215797,-15.0
2012,1,3.0,1.7259009425223217,3.5,1.2740990574776783,-0.5
2012,1,-8.0,9.76001590292523,9.5,-17.760015902925232,-17.5
2012,1,20.0,4.16640903736383,3.0,15.833590962636169,17.0
2012,1,-21.0,-2.601457824218158,-4.5,-18.39854217578184,-16.5
2012,1,4.0,0.7530826020811558,-1.0,3.2469173979188444,5.0
2012,1,-8.0,3.567241401876764,6.0,-11.567241401876764,-14.0
2012,1,6.0,-2.4934207307000587,-3.0,8.493420730700059,9.0
2012,1,12.0,-2.9658786550854352,2.5,14.965878655085435,9.5
2012,1,31.0,4.741861803359705,7.0,26.258138196640296,24.0
2012,1,-8.0,-0.6764733055029084,1.0,-7.323526694497092,-9.0
2012,2,13.0,5.6547884818721155,5.0,7.3452115181278845,8.0
2012,2,18.0,5.139127008127412,3.0,12.860872991872588,15.0
2012,2,8.0,-1.8849230221110793,-3.0,9.88492302211108,11.0
2012,2,7.0,3.420303814522376,7.0,3.579696185477624,0.0
2012,2,3.0,-0.33244343800293885,-3.0,3.332443438002939,6.0
2012,2,-20.0,-3.3539152047503484,-6.5,-16.646084795249653,-13.5
2012,2,22.0,5.18030491107638,-1.0,16.81969508892362,23.0
2012,2,-2.0,10.521277073500515,13.0,-12.521277073500515,-15.0
2012,2,7.0,7.031251666471158,9.0,-0.0312516664711584,-2.0
2012,2,1.0,-0.3743999703061358,3.0,1.3743999703061358,-2.0
2012,2,20.0,1.5434502020426044,-3.0,18.456549797957397,23.0
2012,2,3.0,-1.2382950071690089,-3.5,4.238295007169009,6.5
2012,2,17.0,2.488723936280908,4.5,14.511276063719091,12.5
2012,2,28.0,6.653773403234011,6.5,21.346226596765987,21.5
2012,2,8.0,6.387549969698378,7.0,1.6124500303016216,1.0
2012,2,6.0,7.12278813724698,3.0,-1.12278813724698,3.0
2012,3,-29.0,5.541120529975007,2.5,-34.541120529975004,-31.5
2012,3,17.0,4.25921899000548,7.0,12.740781009994521,10.0
2012,3,-10.0,5.293969887637079,-2.5,-15.293969887637079,-7.5
2012,3,6.0,12.321184503816305,7.0,-6.321184503816305,-1.0
2012,3,-5.0,3.7136502008787717,3.0,-8.71365020087877,-8.0
2012,3,-3.0,5.965272183039888,-2.5,-8.965272183039888,-0.5
2012,3,11.0,-2.9385084455858603,-6.5,13.93850844558586,17.5
2012,3,-3.0,14.814391123317412,9.0,-17.814391123317414,-12.0
2012,3,3.0,-0.09380355057578615,-3.5,3.093803550575786,6.5
2012,3,-7.0,7.6204157899115685,3.0,-14.620415789911569,-10.0
2012,3,21.0,3.75825975682013,-3.0,17.24174024317987,24.0
2012,3,-24.0,3.762763430391142,3.0,-27.762763430391143,-27.0
2012,3,-6.0,1.5160165743153176,-1.0,-7.5160165743153176,-5.0
2012,3,3.0,-1.4562215168801274,-3.5,4.456221516880127,6.5
2012,3,1.0,5.804847383234013,2.5,-4.804847383234013,-1.5
2012,3,2.0,9.16371756067892,-3.0,-7.16371756067892,5.0
2012,4,7.0,12.374128608058857,11.5,-5.374128608058857,-4.5
2012,4,2.0,17.164473003008204,7.0,-15.164473003008204,-5.0
2012,4,-24.0,-2.6586475905378126,-3.5,-21.34135240946219,-20.5
2012,4,-7.0,6.780813996929763,3.5,-13.780813996929762,-10.5
2012,4,24.0,13.562975194455131,13.0,10.437024805544869,11.0
2012,4,-17.0,-1.9382712911860214,-2.5,-15.061728708813979,-14.5
2012,4,-34.0,0.9783727199363526,-3.5,-34.97837271993635,-30.5
2012,4,6.0,-4.645273662227185,-2.0,10.645273662227185,8.0
2012,4,3.0,5.260066106186841,4.0,-2.260066106186841,-1.0
2012,4,31.0,6.874733337034231,6.5,24.12526666296577,24.5
2012,4,-17.0,1.4966250159826462,1.0,-18.496625015982644,-18.0
2012,4,1.0,9.294836769687967,7.5,-8.294836769687967,-6.5
2012,4,-2.0,0.8442927656416628,1.5,-2.844292765641663,-3.5
2012,4,2.0,6.750700496091252,1.5,-4.750700496091252,0.5
2012,4,-16.0,2.266818781019311,3.0,-18.26681878101931,-19.0
2012,5,14.0,-4.565687389404369,-1.0,18.565687389404367,15.0
2012,5,-4.0,1.958351792322476,3.0,-5.9583517923224765,-7.0
2012,5,3.0,-14.496989277778205,-6.5,17.496989277778205,9.5
2012,5,-3.0,-6.759741074452176,-6.0,3.759741074452176,3.0
2012,5,14.0,10.16061396939089,7.5,3.839386030609109,6.5
2012,5,2.0,-2.1924361086348982,4.0,4.192436108634898,-2.0
2012,5,-7.0,-4.0299142731152084,-3.0,-2.9700857268847916,-4.0
2012,5,-4.0,-1.0645483376795624,1.0,-2.9354516623204376,-5.0
2012,5,-38.0,-6.6742167986460705,-6.0,-31.32578320135393,-32.0
2012,5,23.0,5.806752275441793,6.0,17.193247724558205,17.0
2012,5,10.0,7.69784597549347,6.0,2.30215402450653,4.0
2012,5,42.0,11.221411369205033,10.0,30.778588630794967,32.0
2012,5,7.0,1.8706246814043574,3.5,5.129375318595643,3.5
2012,5,-6.0,-6.476523221167822,-9.5,0.4765232211678221,3.5
2012,6,3.0,-4.772089902551139,-5.5,7.772089902551139,8.5
2012,6,3.0,15.58726347250788,10.0,-12.58726347250788,-7.0
2012,6,2.0,10.194568467686814,3.0,-8.194568467686814,-1.0
2012,6,10.0,-0.8338563421866909,-1.0,10.83385634218669,11.0
2012,6,3.0,7.0695212265983,5.5,-4.0695212265983,-2.5
2012,6,26.0,6.55624597597,3.5,19.44375402403,22.5
2012,6,-3.0,4.471646982984181,3.5,-7.471646982984181,-6.5
2012,6,28.0,1.9420001830917193,5.0,26.057999816908282,23.0
2012,6,-3.0,7.5759656371570605,5.0,-10.575965637157061,-8.0
2012,6,1.0,-2.6264423479466177,-3.5,3.6264423479466177,4.5
2012,6,-23.0,9.196284637001913,7.0,-32.19628463700191,-30.0
2012,6,12.0,0.49288821077595424,-1.5,11.507111789224046,13.5
2012,6,-18.0,5.675298805757877,4.0,-23.675298805757876,-22.0
2012,6,-11.0,3.217916872204447,1.0,-14.217916872204448,-12.0
2012,7,7.0,7.159357945271665,7.5,-0.15935794527166536,-0.5
2012,7,-1.0,2.0945718952356627,4.0,-3.0945718952356627,-5.0
2012,7,-5.0,5.180381544771704,-2.5,-10.180381544771704,-2.5
2012,7,30.0,3.4306720763607523,6.5,26.569327923639246,23.5
2012,7,4.0,-1.0684725090172664,1.0,5.068472509017266,3.0
2012,7,7.0,1.9838924648528047,7.0,5.016107535147196,0.0
2012,7,4.0,7.920329507537762,6.5,-3.9203295075377618,-2.5
2012,7,-10.0,-5.765656757701711,-4.0,-4.234343242298289,-6.0
2012,7,-7.0,-6.265752586782019,-1.0,-0.7342474132179806,-6.0
2012,7,3.0,9.507673516208806,11.0,-6.507673516208806,-8.0
2012,7,3.0,-0.12277513636582249,6.0,3.1227751363658225,-3.0
2012,7,-7.0,-1.3552392497714452,-1.0,-5.644760750228555,-6.0
2012,7,6.0,11.808778644861917,6.5,-5.808778644861917,-0.5
2012,8,-19.0,5.119070217824852,5.0,-24.119070217824852,-24.0
2012,8,1.0,10.466830275337294,7.0,-9.466830275337294,-6.0
2012,8,1.0,-4.348429296500972,-2.5,5.348429296500972,3.5
2012,8,4.0,-0.15628924489168416,3.0,4.156289244891684,1.0
2012,8,9.0,15.70308099195378,15.0,-6.7030809919537795,-6.0
2012,8,-21.0,-0.640658291565428,1.0,-20.35934170843457,-22.0
2012,8,-13.0,-1.454197527493092,1.5,-11.545802472506908,-14.5
2012,8,15.0,4.6428533354545625,4.5,10.357146664545438,10.5
2012,8,-38.0,-8.812232638517854,-7.5,-29.187767361482145,-30.5
2012,8,-6.0,3.7705500203171125,3.5,-9.770550020317113,-9.5
2012,8,-10.0,3.329131431157616,1.0,-13.329131431157617,-11.0
2012,8,-5.0,-1.9634670904177707,-1.5,-3.0365329095822293,-3.5
2012,8,20.0,4.926067134205959,6.0,15.073932865794042,14.0
2012,8,-21.0,-5.949940478417976,-7.0,-15.050059521582025,-14.0
2012,9,18.0,9.997669289965424,7.5,8.002330710034576,10.5
2012,9,-8.0,1.1918915449610115,-5.0,-9.191891544961011,-3.0
2012,9,-10.0,-8.144765072694582,-3.5,-1.8552349273054176,-6.5
2012,9,14.0,9.247241303767755,10.5,4.752758696232245,3.5
2012,9,12.0,13.468339667319642,11.0,-1.4683396673196416,1.0
2012,9,3.0,-5.569491795869906,-2.5,8.569491795869906,5.5
2012,9,-17.0,-5.946714745293057,-6.0,-11.053285254706942,-11.0
2012,9,-31.0,-8.467549509496326,-4.5,-22.532450490503674,-26.5
2012,9,-8.0,2.918638547537488,3.0,-10.918638547537487,-11.0
2012,9,-10.0,-2.6558148888351005,1.0,-7.344185111164899,-11.0
2012,9,10.0,3.4276458335585964,4.5,6.572354166441404,5.5
2012,9,-4.0,4.434720360170005,3.5,-8.434720360170004,-7.5
2012,9,6.0,7.5638506219438275,4.0,-1.5638506219438275,2.0
2012,9,15.0,2.975667334748376,2.5,12.024332665251624,12.5
2012,10,-17.0,-0.2622476014270996,-3.0,-16.7377523985729,-14.0
2012,10,35.0,8.884243279973477,9.5,26.115756720026525,25.5
2012,10,-22.0,-3.584015250078199,-3.5,-18.4159847499218,-18.5
2012,10,18.0,-4.6108012225582256,-3.5,22.610801222558226,21.5
2012,10,-34.0,9.388992508868721,6.5,-43.388992508868725,-40.5
2012,10,10.0,-1.7807298910031406,-3.0,11.78072989100314,13.0
2012,10,6.0,17.07133409528892,13.5,-11.071334095288918,-7.5
2012,10,4.0,-2.0898062578700816,-1.0,6.089806257870082,5.0
2012,10,10.0,-1.0684019618111162,3.0,11.068401961811116,7.0
2012,10,21.0,1.2601824349651878,5.0,19.739817565034812,16.0
2012,10,-15.0,0.4664369213284458,-1.0,-15.466436921328446,-14.0
2012,10,0.0,13.349172452625885,13.5,-13.349172452625885,-13.5
2012,10,-7.0,0.9142233692834871,1.0,-7.914223369283487,-8.0
2012,10,3.0,11.022315783673475,12.5,-8.022315783673475,-9.5
2012,11,5.0,-1.2250852724473735,1.0,6.225085272447373,4.0
2012,11,4.0,5.76844498616801,9.5,-1.76844498616801,-5.5
2012,11,-6.0,-0.7739241306380409,-1.0,-5.226075869361959,-5.0
2012,11,3.0,3.8744182788148174,7.0,-0.8744182788148174,-4.0
2012,11,-4.0,-5.476200789628738,-3.0,1.476200789628738,-1.0
2012,11,6.0,16.175946703032107,15.0,-10.175946703032107,-9.0
2012,11,-22.0,-6.032712466944032,-3.0,-15.967287533055968,-19.0
2012,11,-14.0,-0.541563601794353,3.5,-13.458436398205647,-17.5
2012,11,25.0,2.9644338118866482,3.5,22.03556618811335,21.5
2012,11,-21.0,-7.25659907969767,-6.0,-13.74340092030233,-15.0
2012,11,7.0,5.793436859014273,7.5,1.2065631409857271,-0.5
2012,11,35.0,12.411174029387372,10.0,22.58882597061263,25.0
2012,11,-3.0,-1.19233673416593,-3.0,-1.80766326583407,0.0
2012,11,25.0,2.150487551596219,3.5,22.849512448403782,21.5
2012,12,-3.0,-4.409222654383087,-3.5,1.409222654383087,0.5
2012,12,-7.0,2.801794413061292,3.5,-9.801794413061291,-10.5
2012,12,-30.0,-8.467488200737234,-7.0,-21.532511799262764,-23.0
2012,12,18.0,4.106299131059242,6.5,13.893700868940758,11.5
2012,12,24.0,8.5426335863994,9.5,15.4573664136006,14.5
2012,12,6.0,-3.9477931552817207,-1.0,9.94779315528172,7.0
2012,12,7.0,-1.9034561273961599,2.0,8.90345612739616,5.0
2012,12,5.0,-4.361054951722923,-3.5,9.361054951722924,8.5
2012,12,-8.0,-12.119431678893998,-10.0,4.1194316788939975,2.0
2012,12,3.0,-5.159578209266287,-3.0,8.159578209266286,6.0
2012,12,-1.0,-3.011460077355456,-1.0,2.011460077355456,0.0
2012,12,-3.0,-2.811671189371334,-1.0,-0.1883288106286658,-2.0
2012,12,-14.0,4.45570283778109,1.0,-18.45570283778109,-15.0
2012,12,-10.0,-3.439514258334869,-1.0,-6.560485741665131,-9.0
2012,12,28.0,1.1064376336298036,1.0,26.893562366370197,27.0
2012,12,-8.0,1.165368457030887,-3.0,-9.165368457030887,-5.0
2012,13,10.0,3.3469975802988303,3.5,6.65300241970117,6.5
2012,13,16.0,5.074518086426087,6.0,10.925481913573913,10.0
2012,13,-6.0,4.2048381936886035,3.0,-10.204838193688603,-9.0
2012,13,-2.0,8.692421685319504,7.0,-10.692421685319504,-9.0
2012,13,9.0,7.687357632520337,7.0,1.312642367479663,2.0
2012,13,6.0,-4.728295153434654,-5.0,10.728295153434654,11.0
2012,13,-7.0,-10.51139967877363,-7.0,3.51139967877363,0.0
2012,13,1.0,2.561325332207036,6.0,-1.5613253322070362,-5.0
2012,13,3.0,-10.405945341486792,-7.0,13.405945341486792,10.0
2012,13,-14.0,-11.019664683250493,-7.0,-2.980335316749507,-7.0
2012,13,8.0,5.967293005710837,9.5,2.032706994289163,-1.5
2012,13,-3.0,4.47929861974767,7.0,-7.47929861974767,-10.0
2012,13,-3.0,-3.442483259014679,-2.5,0.4424832590146792,-0.5
2012,13,-7.0,0.5269119587511168,1.0,-7.526911958751117,-8.0
2012,13,5.0,6.389055367494753,10.5,-1.3890553674947528,-5.5
2012,13,1.0,-2.2856635358508623,-2.5,3.2856635358508623,3.5
2012,14,-13.0,-10.916916934519154,-10.0,-2.083083065480846,-3.0
2012,14,-3.0,1.2808759530410516,3.5,-4.280875953041051,-6.5
2012,14,10.0,-6.353630956665381,-3.0,16.35363095666538,13.0
2012,14,-1.0,2.8644949571762433,3.5,-3.8644949571762433,-4.5
2012,14,23.0,6.87666432395745,7.0,16.12333567604255,16.0
2012,14,4.0,1.9461821583036618,3.5,2.053817841696338,0.5
2012,14,-7.0,-4.085000399762314,-3.0,-2.914999600237686,-4.0
2012,14,7.0,-4.867140243516563,-1.0,11.867140243516562,8.0
2012,14,-10.0,3.784204638158008,7.0,-13.784204638158009,-17.0
2012,14,-2.0,5.062989750330642,8.0,-7.062989750330642,-10.0
2012,14,3.0,-2.7074153201229794,1.0,5.70741532012298,2.0
2012,14,14.0,10.658323789095789,10.5,3.341676210904211,3.5
2012,14,25.0,2.7159497481293764,4.0,22.284050251870624,21.0
2012,14,58.0,7.039677489524217,10.5,50.960322510475784,47.5
2012,14,7.0,5.762922874499227,6.0,1.2370771255007726,1.0
2012,14,28.0,4.364469770906766,5.5,23.635530229093234,22.5
2012,15,-21.0,-2.321627071069452,-4.5,-18.67837292893055,-16.5
2012,15,34.0,0.3149437403038182,1.0,33.68505625969618,33.0
2012,15,-17.0,0.6568002735281269,-3.0,-17.656800273528127,-14.0
2012,15,-8.0,1.9267889273745382,-3.0,-9.926788927374538,-5.0
2012,15,-17.0,-0.301835583056405,4.0,-16.698164416943595,-21.0
2012,15,12.0,12.313650809176012,10.5,-0.3136508091760124,1.5
2012,15,21.0,8.910395624885002,7.5,12.089604375114998,13.5
2012,15,41.0,3.501793709800861,3.5,37.498206290199136,37.5
2012,15,-14.0,0.479979537256509,1.0,-14.47997953725651,-15.0
2012,15,28.0,-2.7155744637826995,-5.5,30.7155744637827,33.5
2012,15,-33.0,-6.964798820840341,-4.5,-26.03520117915966,-28.5
2012,15,-24.0,4.139125748244911,3.0,-28.13912574824491,-27.0
2012,15,3.0,1.4965822412772964,-1.0,1.5034177587227036,4.0
2012,15,15.0,3.600099555217458,4.5,11.399900444782542,10.5
2012,15,-7.0,4.711547748034595,4.0,-11.711547748034594,-11.0
2012,15,4.0,-0.9996610412931566,1.0,4.999661041293157,3.0
2012,16,-13.0,-4.02583961289246,-3.5,-8.97416038710754,-9.5
2012,16,11.0,9.235847906872362,9.5,1.7641520931276382,1.5
2012,16,-3.0,-0.13127011849369774,1.0,-2.8687298815063023,-4.0
2012,16,48.0,12.717432264497035,10.5,35.282567735502965,37.5
2012,16,-17.0,8.220211842110464,7.5,-25.220211842110466,-24.5
2012,16,-7.0,-16.791958897563166,-14.0,9.791958897563166,7.0
2012,16,-7.0,-2.4154586292293705,-4.5,-4.58454137077063,-2.5
2012,16,14.0,6.056652000385769,5.0,7.943347999614231,9.0
2012,16,-10.0,0.5424315926494244,3.0,-10.542431592649425,-13.0
2012,16,-7.0,-1.9900339413504207,-3.5,-5.00996605864958,-3.5
2012,16,-3.0,0.43747042346706977,3.5,-3.4374704234670697,-6.5
2012,16,-15.0,3.814798540928046,3.0,-18.814798540928045,-18.0
2012,16,22.0,10.7439655860979,11.0,11.2560344139021,11.0
2012,16,-15.0,-4.799796603205246,-7.0,-10.200203396794754,-8.0
2012,16,19.0,0.9195740672208514,-1.0,18.08042593277915,20.0
2012,16,29.0,0.5375185865246341,2.5,28.462481413475366,26.5
2012,17,-5.0,10.652968579395996,3.0,-15.652968579395996,-8.0
2012,17,19.0,-0.13848098971023592,3.5,19.138480989710235,15.5
2012,17,6.0,0.7302297278122278,5.5,5.269770272187772,0.5
2012,17,-2.0,-3.0202443984520415,-3.0,1.0202443984520415,1.0
2012,17,12.0,-6.960908507027205,-6.5,18.960908507027206,18.5
2012,17,-6.0,5.5900399809389985,4.0,-11.590039980938998,-10.0
2012,17,35.0,9.732213145673274,6.5,25.267786854326726,28.5
2012,17,14.0,6.591378112045827,10.0,7.408621887954173,4.0
2012,17,18.0,3.9141471478892624,6.0,14.085852852110737,12.0
2012,17,35.0,17.818118087523448,17.0,17.181881912476552,18.0
2012,17,3.0,-3.80537751338363,-3.0,6.80537751338363,6.0
2012,17,28.0,12.511277083175106,11.5,15.488722916824894,16.5
2012,17,3.0,9.236919133196423,9.5,-6.236919133196423,-6.5
2012,17,7.0,12.809583111865884,11.0,-5.809583111865884,-4.0
2012,17,14.0,12.781918171114349,16.0,1.2180818288856514,-2.0
2012,17,10.0,3.007087895240976,3.0,6.992912104759024,7.0
2013,1,22.0,5.695774589107689,7.5,16.30422541089231,14.5
2013,1,-2.0,-6.829523092693144,-10.0,4.829523092693144,8.0
2013,1,-5.0,-3.034646759497511,-3.0,-1.965353240502489,-2.0
2013,1,3.0,3.6359384927095877,3.0,-0.6359384927095877,0.0
2013,1,-13.0,1.0480319857603722,2.5,-14.048031985760373,-15.5
2013,1,10.0,-0.44832042095238167,4.0,10.448320420952381,6.0
2013,1,4.0,4.983646676689149,11.0,-0.9836466766891494,-7.0
2013,1,-26.0,2.505429421036228,-3.5,-28.50542942103623,-22.5
2013,1,6.0,-0.659638519028062,3.5,6.6596385190280625,2.5
2013,1,1.0,-0.5970788191322507,-4.0,1.5970788191322507,5.0
2013,1,-7.0,6.660232573694412,6.0,-13.660232573694412,-13.0
2013,1,6.0,3.1986889493912796,5.0,2.8013110506087204,1.0
2013,1,3.0,3.8316504166419834,3.5,-0.8316504166419834,-0.5
2013,1,5.0,-0.7740887592727868,3.5,5.774088759272787,1.5
2013,1,-6.0,7.751258516477591,4.0,-13.751258516477591,-10.0
2013,1,-3.0,-0.5300846144836009,-5.0,-2.469915385516399,2.0
2013,2,3.0,8.113045097642514,10.5,-5.113045097642514,-7.5
2013,2,7.0,3.1024207308077396,4.0,3.8975792691922604,3.0
2013,2,8.0,3.4305827651312333,5.5,4.569417234868767,2.5
2013,2,1.0,-2.016123889972277,-3.5,3.016123889972277,4.5
2013,2,1.0,3.49378943785445,6.0,-2.49378943785445,-5.0
2013,2,18.0,2.682623920684143,9.0,15.317376079315856,9.0
2013,2,6.0,5.624993651640762,7.5,0.3750063483592383,-1.5
2013,2,-4.0,-1.5065340461086323,1.0,-2.4934659538913677,-5.0
2013,2,1.0,-3.809612688817513,3.0,4.809612688817513,-2.0
2013,2,-3.0,-1.972444240038762,7.5,-1.027555759961238,-10.5
2013,2,4.0,-1.7962491810771937,-1.0,5.796249181077194,5.0
2013,2,-2.0,-1.3566435543203514,-3.0,-0.6433564456796486,1.0
2013,2,-18.0,-4.705583994346313,-3.5,-13.294416005653687,-14.5
2013,2,10.0,4.101726981320748,3.5,5.898273018679252,6.5
2013,2,26.0,1.0040957080543684,3.0,24.99590429194563,23.0
2013,2,10.0,2.6988576396827373,7.0,7.301142360317263,3.0
2013,3,-10.0,1.9922660642908752,3.0,-11.992266064290876,-13.0
2013,3,21.0,-1.1177081245556946,1.0,22.117708124555694,20.0
2013,3,38.0,0.46431638860116164,-1.0,37.53568361139884,39.0
2013,3,4.0,-2.9233101855483934,-3.0,6.923310185548393,7.0
2013,3,24.0,2.858294461669529,3.5,21.14170553833047,20.5
2013,3,-4.0,5.202879051989692,7.0,-9.202879051989692,-11.0
2013,3,20.0,17.635380724679287,7.5,2.364619275320713,12.5
2013,3,24.0,5.272423033997809,8.0,18.72757696600219,16.0
2013,3,3.0,-0.6746686264196393,3.0,3.6746686264196393,0.0
2013,3,-7.0,1.8467962139630654,-1.0,-8.846796213963065,-6.0
2013,3,4.0,0.06346954319904241,3.0,3.9365304568009574,1.0
2013,3,7.0,12.713665067295459,2.5,-5.713665067295459,4.5
2013,3,28.0,18.605801347924203,19.5,9.394198652075797,8.5
2013,3,-20.0,6.625805041868496,10.5,-26.625805041868496,-30.5
2013,3,-17.0,-5.71758434594512,-2.5,-11.28241565405488,-14.5
2013,3,16.0,13.458086571360157,16.0,2.541913428639843,0.0
2013,4,-24.0,0.20002242509587864,-3.0,-24.200022425095877,-21.0
2013,4,3.0,-0.1432990196462316,-4.0,3.1432990196462316,7.0
2013,4,11.0,-1.2305261205333076,-3.5,12.230526120533307,14.5
2013,4,8.0,-0.6579075228627413,3.0,8.657907522862741,5.0
2013,4,-3.0,-4.851070469318756,-1.0,1.8510704693187563,-2.0
2013,4,-34.0,-6.715839190016659,-9.5,-27.28416080998334,-24.5
2013,4,24.0,10.81095690813856,3.5,13.18904309186144,20.5
2013,4,7.0,2.63212803718412,-3.0,4.3678719628158795,10.0
2013,4,-3.0,5.7915694395266755,2.5,-8.791569439526675,-5.5
2013,4,25.0,2.066679987478254,3.5,22.933320012521747,21.5
2013,4,32.0,3.4488068996663603,10.5,28.55119310033364,21.5
2013,4,-10.0,-2.1744243278083024,-3.5,-7.825575672191698,-6.5
2013,4,9.0,0.19569776725188115,-1.0,8.80430223274812,10.0
2013,4,-7.0,0.19096278167764602,3.0,-7.190962781677646,-10.0
2013,4,21.0,4.295752688625164,7.0,16.704247311374836,14.0
2013,5,13.0,4.237549284335567,3.5,8.762450715664432,9.5
2013,5,-8.0,4.046377830068369,1.0,-12.04637783006837,-9.0
2013,5,7.0,-1.1134314625979527,-2.0,8.113431462597953,9.0
2013,5,13.0,17.87634030726953,10.0,-4.87634030726953,3.0
2013,5,6.0,-2.544252202604689,-3.0,8.544252202604689,9.0
2013,5,-3.0,0.6710244922208903,2.5,-3.6710244922208903,-5.5
2013,5,-15.0,6.731490112279863,-1.0,-21.731490112279864,-14.0
2013,5,14.0,15.789495292983572,11.0,-1.7894952929835721,3.0
2013,5,-9.0,3.403457653390137,-2.5,-12.403457653390138,-6.5
2013,5,16.0,-14.161904099220264,-3.0,30.161904099220266,19.0
2013,5,-3.0,-5.1116911815480055,-7.5,2.1116911815480055,4.5
2013,5,31.0,9.921798055657433,4.0,21.078201944342567,27.0
2013,5,10.0,-0.8390348726878387,-6.0,10.839034872687838,16.0
2013,5,-2.0,9.101785257354104,10.0,-11.101785257354104,-12.0
2013,6,6.0,10.990114776946697,9.5,-4.990114776946697,-3.5
2013,6,-2.0,2.0306626062203765,-1.0,-4.0306626062203765,-1.0
2013,6,-3.0,0.7425495773538833,-6.0,-3.7425495773538833,3.0
2013,6,-14.0,3.9371937802579464,-1.0,-17.937193780257946,-13.0
2013,6,-25.0,6.969448047557526,9.5,-31.969448047557528,-34.5
2013,6,17.0,7.937286422855686,7.5,9.062713577144315,9.5
2013,6,-25.0,6.72733265203694,2.5,-31.72733265203694,-27.5
2013,6,-13.0,0.35981740324380773,-1.0,-13.359817403243808,-12.0
2013,6,-11.0,10.07400032396406,-2.5,-21.07400032396406,-8.5
2013,6,16.0,24.60695836957498,27.0,-8.60695836957498,-11.0
2013,6,7.0,13.57285466792103,11.0,-6.57285466792103,-4.0
2013,6,3.0,4.578462202894113,2.5,-1.578462202894113,0.5
2013,6,12.0,8.925318305653871,10.0,3.074681694346129,2.0
2013,6,15.0,2.143497909661342,5.5,12.856502090338658,9.5
2013,6,10.0,-0.28896114622830904,-1.0,10.28896114622831,11.0
2013,7,-12.0,-5.798375450826794,-5.0,-6.201624549173206,-7.0
2013,7,8.0,3.790633131088145,6.0,4.2093668689118555,2.0
2013,7,15.0,7.809494990204459,8.0,7.190505009795541,7.0
2013,7,-3.0,1.990683669076183,2.5,-4.9906836690761835,-5.5
2013,7,-18.0,-8.286154501752184,-7.5,-9.713845498247816,-10.5
2013,7,-2.0,2.323944796199343,6.0,-4.323944796199343,-8.0
2013,7,3.0,-6.674804560903994,-3.5,9.674804560903993,6.5
2013,7,-14.0,-1.6539946283413247,3.0,-12.346005371658675,-17.0
2013,7,4.0,0.9681267578564972,-1.0,3.0318732421435026,5.0
2013,7,-14.0,-3.346795179225535,-3.0,-10.653204820774466,-11.0
2013,7,18.0,9.852925844704902,7.5,8.147074155295098,10.5
2013,7,1.0,7.378095911607712,7.0,-6.378095911607712,-6.0
2013,7,3.0,-0.9113467507280437,2.5,3.9113467507280437,0.5
2013,7,6.0,-3.048339332846334,-6.0,9.048339332846334,12.0
2013,7,16.0,-2.0901672498984176,4.0,18.090167249898418,12.0
2013,8,-18.0,-3.922510758246796,-6.5,-14.077489241753204,-11.5
2013,8,1.0,1.0060451388378648,3.0,-0.0060451388378648385,-2.0
2013,8,-32.0,-17.143505709198017,-16.0,-14.856494290801983,-16.0
2013,8,6.0,6.3625017194968425,7.0,-0.3625017194968425,-1.0
2013,8,10.0,8.209451591328879,6.5,1.7905484086711212,3.5
2013,8,18.0,7.171458694308975,10.5,10.828541305691026,7.5
2013,8,-8.0,2.519884126252842,5.5,-10.519884126252842,-13.5
2013,8,40.0,8.587559796795151,6.0,31.41244020320485,34.0
2013,8,3.0,-3.007126125350938,-2.5,6.007126125350938,5.5
2013,8,14.0,-1.745374192470738,2.5,15.745374192470738,11.5
2013,8,24.0,12.29724693701526,11.0,11.70275306298474,13.0
2013,8,-13.0,-4.647149439303453,-7.0,-8.352850560696547,-6.0
2013,8,-5.0,-5.346230901855558,-13.0,0.3462309018555576,8.0
2013,9,2.0,-1.3855245692764373,-3.0,3.3855245692764373,5.0
2013,9,-10.0,-0.5641433760404642,-4.5,-9.435856623959536,-5.5
2013,9,24.0,7.121210134816843,10.0,16.87878986518316,14.0
2013,9,4.0,8.88928941724187,10.0,-4.889289417241869,-6.0
2013,9,6.0,-7.389632632327343,-6.0,13.389632632327343,12.0
2013,9,-7.0,5.421292089871843,-3.0,-12.421292089871843,-4.0
2013,9,6.0,2.821117543179782,1.0,3.178882456820218,5.0
2013,9,-29.0,3.085884589559391,-1.0,-32.08588458955939,-28.0
2013,9,3.0,16.029165307290242,16.0,-13.029165307290242,-13.0
2013,9,6.0,0.7220190453902227,-1.0,5.277980954609777,7.0
2013,9,24.0,10.22205348298679,5.5,13.77794651701321,18.5
2013,9,-3.0,-2.4627304759410173,-1.0,-0.5372695240589827,-2.0
2013,9,-7.0,8.871854578938697,10.0,-15.871854578938697,-17.0
2013,10,7.0,1.8606925961146452,-1.0,5.139307403885355,8.0
2013,10,-23.0,-4.79969652888437,-3.5,-18.20030347111563,-19.5
2013,10,3.0,-0.3176490120442088,1.0,3.3176490120442086,2.0
2013,10,-2.0,3.8394852657825775,-1.0,-5.839485265782578,-1.0
2013,10,-14.0,10.230554358344955,-1.0,-24.230554358344953,-13.0
2013,10,-30.0,8.336546370675311,7.5,-38.33654637067531,-37.5
2013,10,4.0,7.548415957882466,7.5,-3.548415957882466,-3.5
2013,10,13.0,3.2204737427096553,3.0,9.779526257290344,10.0
2013,10,-2.0,13.336311149388045,11.5,-15.336311149388045,-13.5
2013,10,-1.0,4.0539527504503905,6.0,-5.0539527504503905,-7.0
2013,10,3.0,5.5685330355790965,4.0,-2.5685330355790965,-1.0
2013,10,-8.0,-6.6819630108661885,-7.0,-1.3180369891338115,-1.0
2013,10,32.0,4.680690440645133,6.0,27.319309559354867,26.0
2013,10,3.0,0.13568116171515743,-1.0,2.8643188382848424,4.0
2013,11,-3.0,-0.6235226954385111,-2.5,-2.376477304561489,-0.5
2013,11,23.0,2.2620501550483874,-1.0,20.73794984495161,24.0
2013,11,3.0,3.9638964221264628,4.0,-0.9638964221264628,-1.0
2013,11,21.0,7.304282372557919,4.0,13.69571762744208,17.0
2013,11,-5.0,6.211411786993933,10.5,-11.211411786993933,-15.5
2013,11,-13.0,-8.615985044687086,-9.5,-4.384014955312914,-3.5
2013,11,8.0,2.959129724998156,4.5,5.0408702750018435,3.5
2013,11,10.0,-1.1874219992366863,-3.0,11.187421999236687,13.0
2013,11,13.0,1.061608798018598,1.0,11.938391201981402,12.0
2013,11,4.0,1.8788904335198833,-2.5,2.1211095664801167,6.5
2013,11,3.0,2.481454845241672,3.5,0.518545154758328,-0.5
2013,11,14.0,-3.640498373452352,3.5,17.640498373452353,10.5
2013,11,21.0,12.77676234471036,13.0,8.22323765528964,8.0
2013,11,10.0,9.065087644079554,7.5,0.9349123559204457,2.5
2013,11,4.0,2.0157856458366665,3.0,1.9842143541633335,1.0
2013,12,-4.0,-4.88536723741281,-7.5,0.8853672374128099,3.5
2013,12,16.0,9.580953275965195,4.0,6.419046724034805,12.0
2013,12,-16.0,2.0278751081376947,2.5,-18.027875108137696,-18.5
2013,12,-3.0,5.787742683654912,7.0,-8.787742683654912,-10.0
2013,12,0.0,8.66898016353707,6.0,-8.66898016353707,-6.0
2013,12,-7.0,11.714952418588432,10.5,-18.71495241858843,-17.5
2013,12,-3.0,4.7965293861522404,3.5,-7.7965293861522404,-6.5
2013,12,-4.0,-3.9277872827858356,-4.5,-0.07221271721416445,0.5
2013,12,21.0,-0.05412595007258969,1.0,21.05412595007259,20.0
2013,12,29.0,1.707880580322261,3.5,27.29211941967774,25.5
2013,12,-4.0,0.18882750500220996,-2.5,-4.18882750500221,-1.5
2013,12,-3.0,0.36315730913943756,1.0,-3.363157309139438,-4.0
2013,12,3.0,-0.3708130862357558,1.0,3.370813086235756,2.0
2013,12,-21.0,-5.185787473928855,-5.5,-15.814212526071145,-15.5
2013,13,30.0,0.7836430929649305,7.0,29.21635690703507,23.0
2013,13,7.0,10.07084295083077,10.0,-3.0708429508307695,-3.0
2013,13,2.0,5.196158393779318,3.0,-3.196158393779318,-1.0
2013,13,21.0,11.050867180092816,7.5,9.949132819907184,13.5
2013,13,-4.0,9.842516510329464,7.5,-13.842516510329464,-11.5
2013,13,-3.0,-6.931514145214417,-7.0,3.9315141452144173,4.0
2013,13,8.0,4.8897710090518425,3.5,3.1102289909481575,4.5
2013,13,3.0,-0.9916361890856265,2.5,3.9916361890856265,0.5
2013,13,-20.0,-2.1429699384701513,-1.0,-17.857030061529848,-19.0
2013,13,3.0,0.8537051424690049,3.5,2.1462948575309952,-0.5
2013,13,-3.0,-1.0767793488157706,5.0,-1.9232206511842294,-8.0
2013,13,10.0,9.005357681351533,7.5,0.9946423186484665,2.5
2013,13,-7.0,-4.972889366665805,-5.0,-2.0271106333341953,-2.0
2013,13,-7.0,-1.409658472279506,-2.5,-5.5903415277204935,-4.5
2013,13,-7.0,1.5044214924985921,1.0,-8.504421492498592,-8.0
2013,13,27.0,5.6475874865015,6.5,21.3524125134985,20.5
2013,14,7.0,-3.466313260804725,-3.0,10.466313260804725,10.0
2013,14,3.0,6.795768049021294,6.0,-3.7957680490212944,-3.0
2013,14,14.0,7.147547203810997,7.0,6.852452796189003,7.0
2013,14,1.0,5.750767652805932,3.5,-4.750767652805932,-2.5
2013,14,1.0,13.092585941461357,9.5,-12.092585941461357,-8.5
2013,14,10.0,1.5358352249200464,3.0,8.464164775079954,7.0
2013,14,14.0,0.49016168514059694,2.5,13.509838314859403,11.5
2013,14,-6.0,2.280685355647592,3.0,-8.280685355647591,-9.0
2013,14,21.0,3.9835662883653784,3.0,17.016433711634622,18.0
2013,14,-35.0,-1.3591688597366165,-3.5,-33.64083114026339,-31.5
2013,14,23.0,14.202168101449415,13.0,8.797831898550585,10.0
2013,14,20.0,3.5039598748052017,4.0,16.4960401251948,16.0
2013,14,23.0,4.171465997596757,4.5,18.828534002403245,18.5
2013,14,2.0,0.1323867523138173,2.5,1.8676132476861826,-0.5
2013,14,18.0,0.6231654374500075,3.0,17.37683456254999,15.0
2013,14,17.0,2.313530594278672,2.0,14.686469405721327,15.0
2013,15,-7.0,12.053849876970425,10.0,-19.053849876970425,-17.0
2013,15,1.0,7.035837641885557,5.5,-6.035837641885557,-4.5
2013,15,-7.0,-2.040116541689307,1.0,-4.959883458310693,-8.0
2013,15,22.0,7.28068743136569,6.0,14.71931256863431,16.0
2013,15,-7.0,-2.4917181859454614,-4.0,-4.508281814054539,-3.0
2013,15,4.0,-1.22670796546796,2.5,5.22670796546796,1.5
2013,15,18.0,1.1702866738849935,-6.5,16.829713326115005,24.5
2013,15,-23.0,-8.789483771398771,-9.5,-14.210516228601229,-13.5
2013,15,-19.0,-4.705405825648227,-4.5,-14.294594174351772,-14.5
2013,15,10.0,15.994620248030948,10.0,-5.994620248030948,0.0
2013,15,-25.0,-4.9643245585593805,-6.5,-20.03567544144062,-18.5
2013,15,-1.0,3.537690549410498,4.0,-4.537690549410498,-5.0
2013,15,11.0,-2.4273346602903034,-6.5,13.427334660290303,17.5
2013,15,-3.0,-1.2689902262429085,-3.0,-1.7310097737570915,0.0
2013,15,10.0,-2.6785195959424,-2.0,12.6785195959424,12.0
2013,15,-2.0,3.2219811391818847,4.5,-5.221981139181885,-6.5
2013,16,19.0,-1.1829181445382737,1.0,20.182918144538274,18.0
2013,16,4.0,4.063485641587908,3.5,-0.06348564158790815,0.5
2013,16,28.0,9.065999110455728,7.5,18.934000889544272,20.5
2013,16,-24.0,-9.802702236545025,-9.0,-14.197297763454975,-15.0
2013,16,-4.0,-3.9021383598167443,-4.0,-0.09786164018325572,0.0
2013,16,-16.0,5.739390074468037,7.5,-21.739390074468037,-23.5
2013,16,11.0,1.0682642634568271,2.5,9.931735736543173,8.5
2013,16,10.0,5.7382923124390866,3.5,4.2617076875609134,6.5
2013,16,-1.0,-2.1640458994579737,-3.0,1.1640458994579737,2.0
2013,16,-3.0,6.724602148733091,9.5,-9.72460214873309,-12.5
2013,16,-7.0,11.575715392815978,8.0,-18.57571539281598,-15.0
2013,16,-34.0,-0.4581127692545789,-1.0,-33.541887230745424,-33.0
2013,16,-7.0,4.6605322625500385,-1.0,-11.660532262550038,-6.0
2013,16,13.0,11.051495553761665,10.0,1.948504446238335,3.0
2013,16,43.0,0.2677955652755193,2.5,42.73220443472448,40.5
2013,16,10.0,12.438267931069833,15.5,-2.4382679310698325,-5.5
2013,17,-1.0,-4.591002923812506,-5.5,3.591002923812506,4.5
2013,17,17.0,8.415798221162218,6.5,8.584201778837782,10.5
2013,17,20.0,14.166995474208118,11.0,5.833004525791882,9.0
2013,17,-13.0,8.813379343124002,7.5,-21.813379343124,-20.5
2013,17,1.0,0.3978282700344882,-2.5,0.6021717299655118,3.5
2013,17,14.0,5.344355246533858,3.5,8.655644753466142,10.5
2013,17,13.0,7.291717111547185,9.5,5.708282888452815,3.5
2013,17,6.0,5.780402477152155,7.0,0.21959752284784528,-1.0
2013,17,-3.0,-1.411827903274273,3.0,-1.588172096725727,-6.0
2013,17,-5.0,2.8606542025551196,-3.0,-7.86065420255512,-2.0
2013,17,14.0,11.974439291407315,7.5,2.0255607085926854,6.5
2013,17,25.0,10.237703312355283,11.0,14.762296687644717,14.0
2013,17,-20.0,-12.788481274703434,-10.0,-7.211518725296566,-10.0
2013,17,3.0,2.3006296817562824,15.5,0.6993703182437176,-12.5
2013,17,18.0,11.994956674718638,13.0,6.0050433252813615,5.0
2013,17,-2.0,2.897103048966669,-7.5,-4.8971030489666685,5.5
2014,1,20.0,8.528685011682754,4.5,11.471314988317246,15.5
2014,1,3.0,-3.505806748599207,-3.0,6.505806748599207,6.0
2014,1,-7.0,-2.1848649144364543,1.0,-4.815135085563545,-8.0
2014,1,-3.0,2.1024863944760783,7.0,-5.102486394476078,-10.0
2014,1,11.0,2.30100528586426,3.0,8.69899471413574,8.0
2014,1,-16.0,5.824066339498933,3.0,-21.824066339498934,-19.0
2014,1,13.0,-1.1839009685362814,-3.5,14.183900968536282,16.5
2014,1,5.0,2.923590864812276,6.5,2.076409135187724,-1.5
2014,1,17.0,8.828533670518647,10.0,8.171466329481353,7.0
2014,1,3.0,4.818964260361665,5.5,-1.818964260361665,-2.5
2014,1,-28.0,4.95659175456315,3.0,-32.95659175456315,-31.0
2014,1,-11.0,-1.9815174673202596,-3.5,-9.01848253267974,-7.5
2014,1,-6.0,-3.7526891321954365,5.5,-2.2473108678045635,-11.5
2014,1,7.0,6.049284647263908,8.0,0.9507153527360916,-1.0
2014,1,21.0,4.355791407920524,6.5,16.644208592079476,14.5
2014,1,1.0,2.9993846045464445,3.0,-1.9993846045464445,-2.0
2014,2,20.0,0.3135562002126686,2.5,19.68644379978733,17.5
2014,2,19.0,-0.5798598251441704,1.0,19.57985982514417,18.0
2014,2,17.0,3.785661070019387,1.0,13.214338929980613,16.0
2014,2,14.0,6.243690571676823,5.5,7.756309428323177,8.5
2014,2,2.0,-4.431554705745043,-4.5,6.431554705745043,6.5
2014,2,-23.0,0.6871966033257262,-3.5,-23.687196603325727,-19.5
2014,2,-11.0,-4.848774619616602,1.0,-6.151225380383398,-12.0
2014,2,-16.0,3.806111319513641,3.0,-19.80611131951364,-19.0
2014,2,31.0,2.659633912988558,5.0,28.340366087011443,26.0
2014,2,9.0,-3.866265478214289,-4.5,12.866265478214288,13.5
2014,2,-2.0,2.1970678141549778,4.0,-4.197067814154978,-6.0
2014,2,7.0,6.132103352191585,13.0,0.8678966478084149,-6.0
2014,2,7.0,1.8959902813967824,7.0,5.104009718603217,0.0
2014,2,-16.0,0.4632054511771029,-3.0,-16.463205451177103,-13.0
2014,2,-8.0,8.134561852353874,7.0,-16.134561852353876,-15.0
2014,2,-3.0,0.7408902680670604,3.0,-3.7408902680670604,-6.0
2014,3,42.0,2.5231567053595794,6.5,39.47684329464042,35.5
2014,3,-12.0,0.6208708365801652,2.5,-12.620870836580165,-14.5
2014,3,26.0,6.690353843520468,6.5,19.30964615647953,19.5
2014,3,-2.0,1.9469434298464448,-2.0,-3.9469434298464448,0.0
2014,3,12.0,3.7378655044573783,1.5,8.262134495542622,10.5
2014,3,-27.0,-8.764713252796437,-6.0,-18.235286747203563,-21.0
2014,3,7.0,10.99265016819827,14.0,-3.9926501681982707,-7.0
2014,3,11.0,5.8101509495081345,10.0,5.1898490504918655,1.0
2014,3,13.0,-1.5487849356347083,1.0,14.548784935634709,12.0
2014,3,3.0,7.48282326379554,4.0,-4.48282326379554,-1.0
2014,3,-3.0,-1.60963889399607,-1.5,-1.39036110600393,-1.5
2014,3,9.0,1.1711808558861563,-3.0,7.828819144113844,12.0
2014,3,-19.0,0.7372363565334503,6.0,-19.73723635653345,-25.0
2014,3,6.0,2.340179658563312,4.0,3.659820341436688,2.0
2014,3,-18.0,12.17252168726835,3.0,-30.17252168726835,-21.0
2014,3,-8.0,-1.2876366014696834,1.5,-6.712363398530316,-9.5
2014,4,-31.0,3.371179300476946,3.0,-34.371179300476946,-34.0
2014,4,28.0,-0.16482548995165747,3.5,28.164825489951657,24.5
2014,4,-21.0,4.145543253390646,-2.0,-25.145543253390645,-19.0
2014,4,6.0,-0.030389061115183136,3.0,6.030389061115184,3.0
2014,4,24.0,6.793999098921032,7.5,17.20600090107897,16.5
2014,4,-7.0,-3.4486291068130575,2.0,-3.5513708931869425,-9.0
2014,4,-24.0,-2.9468542416443895,-4.0,-21.053145758355612,-20.0
2014,4,-3.0,4.565436180772341,7.5,-7.565436180772341,-10.5
2014,4,19.0,17.03049233890451,13.0,1.9695076610954914,6.0
2014,4,13.0,-4.751023848272472,-5.5,17.75102384827247,18.5
2014,4,5.0,3.3117198797175376,3.5,1.6882801202824624,1.5
2014,4,21.0,-0.0822497133688147,-3.0,21.082249713368814,24.0
2014,4,27.0,1.6102707677722319,-3.0,25.38972923222777,30.0
2014,5,32.0,3.0891865851958786,8.5,28.91081341480412,23.5
2014,5,7.0,5.124311397854722,1.5,1.8756886021452779,5.5
2014,5,3.0,7.257808130072011,5.0,-4.257808130072011,-2.0
2014,5,-3.0,4.88913752038628,4.5,-7.88913752038628,-7.5
2014,5,7.0,4.655901440886764,2.5,2.3440985591132364,4.5
2014,5,-8.0,-6.922867037172896,-6.0,-1.077132962827104,-2.0
2014,5,6.0,10.218545558383822,11.0,-4.218545558383822,-5.0
2014,5,10.0,5.5105031764835815,4.0,4.4894968235164185,6.0
2014,5,6.0,-0.03414926515802286,3.5,6.034149265158023,2.5
2014,5,-1.0,-5.318116657565496,-1.0,4.318116657565496,0.0
2014,5,21.0,4.784642367134579,8.0,16.21535763286542,13.0
2014,5,31.0,11.358044311493824,7.0,19.641955688506176,24.0
2014,5,5.0,2.8015654491472803,4.0,2.1984345508527197,1.0
2014,5,26.0,-11.066110788585025,-2.5,37.06611078858502,28.5
2014,5,-10.0,-12.363481435396057,-7.0,2.363481435396057,-3.0
2014,6,-5.0,-2.1205186214068945,-2.5,-2.8794813785931055,-2.5
2014,6,-15.0,0.8825969245954601,1.0,-15.882596924595461,-16.0
2014,6,0.0,7.310337030193741,7.0,-7.310337030193741,-7.0
2014,6,21.0,2.14367104657207,2.5,18.85632895342793,18.5
2014,6,-3.0,0.34836273509184623,-1.5,-3.3483627350918463,-1.5
2014,6,-14.0,-1.040676200892002,1.0,-12.959323799107999,-15.0
2014,6,-14.0,-9.22724032769565,-10.0,-4.77275967230435,-4.0
2014,6,-31.0,-3.7750192131428246,-3.5,-27.224980786857174,-27.5
2014,6,2.0,11.018357174881617,4.0,-9.018357174881617,-2.0
2014,6,-3.0,-10.242458694677605,-7.0,7.242458694677605,4.0
2014,6,10.0,11.299469651833608,5.0,-1.2994696518336077,5.0
2014,6,-14.0,4.821270526365984,3.5,-18.821270526365986,-17.5
2014,6,-7.0,8.895298582019674,10.0,-15.895298582019674,-17.0
2014,6,27.0,5.307040168972128,1.0,21.69295983102787,26.0
2014,6,-14.0,-2.5536928814979802,-3.5,-11.44630711850202,-10.5
2014,7,2.0,12.50305140919161,9.5,-10.50305140919161,-7.5
2014,7,22.0,9.141500184865931,7.0,12.858499815134069,15.0
2014,7,1.0,6.043195777703107,7.0,-5.043195777703107,-6.0
2014,7,-13.0,2.900373544270324,3.0,-15.900373544270323,-16.0
2014,7,1.0,4.77780102005177,1.5,-3.77780102005177,-0.5
2014,7,21.0,3.615303692479567,6.5,17.384696307520432,14.5
2014,7,27.0,3.271968727520708,3.0,23.728031272479292,24.0
2014,7,18.0,-6.408457388293838,-4.0,24.40845738829384,22.0
2014,7,2.0,-6.635295477503565,-7.0,8.635295477503565,9.0
2014,7,2.0,1.339590662442327,6.0,0.660409337557673,-4.0
2014,7,-3.0,4.406823552724151,3.0,-7.406823552724151,-6.0
2014,7,10.0,7.487649845570116,5.0,2.5123501544298836,5.0
2014,7,-11.0,-6.319164901786136,-3.5,-4.680835098213864,-7.5
2014,7,25.0,5.810886807221012,7.0,19.18911319277899,18.0
2014,7,7.0,3.2733235804527014,3.0,3.7266764195472986,4.0
2014,8,14.0,7.365524441759841,9.0,6.634475558240159,5.0
2014,8,-1.0,-4.87590022458042,-3.5,3.8759002245804197,2.5
2014,8,-4.0,-1.789911860519636,-6.0,-2.210088139480364,2.0
2014,8,3.0,0.7092557337757843,-2.5,2.2907442662242157,5.5
2014,8,-14.0,-4.974310589051457,-7.0,-9.025689410948543,-7.0
2014,8,27.0,11.973040903968824,7.5,15.026959096031176,19.5
2014,8,28.0,9.275800361301139,5.5,18.724199638698863,22.5
2014,8,-20.0,0.4104100898831764,3.0,-20.410410089883175,-23.0
2014,8,-6.0,1.5352347924878704,1.0,-7.53523479248787,-7.0
2014,8,-14.0,2.483217688189078,-3.5,-16.48321768818908,-10.5
2014,8,4.0,1.3942863890148196,1.0,2.6057136109851804,3.0
2014,8,10.0,7.889939771348455,6.5,2.1100602286515446,3.5
2014,8,17.0,-4.728164723795015,-5.0,21.728164723795015,22.0
2014,8,21.0,1.2953947351859023,2.0,19.7046052648141,19.0
2014,8,-3.0,11.149717996272509,9.5,-14.149717996272509,-12.5
2014,9,-18.0,1.0843334704237995,-3.0,-19.0843334704238,-15.0
2014,9,10.0,14.386878467503973,10.0,-4.386878467503973,0.0
2014,9,5.0,9.169141510077454,7.0,-4.169141510077454,-2.0
2014,9,-11.0,2.5897806542904966,1.5,-13.589780654290497,-12.5
2014,9,-10.0,-0.3941500122642423,-1.5,-9.605849987735757,-8.5
2014,9,14.0,16.03379234512156,9.5,-2.0337923451215616,4.5
2014,9,37.0,0.14798052602555295,3.0,36.852019473974444,34.0
2014,9,3.0,4.40224839689777,-1.0,-1.40224839689777,4.0
2014,9,-3.0,11.277311261901161,10.5,-14.277311261901161,-13.5
2014,9,22.0,-0.9402034024836697,-3.0,22.940203402483668,25.0
2014,9,6.0,15.655963980861488,13.5,-9.655963980861488,-7.5
2014,9,20.0,-1.272688568995569,2.5,21.27268856899557,17.5
2014,9,-16.0,-3.1613317870632023,-3.0,-12.838668212936797,-13.0
2014,10,-21.0,7.20180298782777,6.5,-28.20180298782777,-27.5
2014,10,14.0,15.401851925234515,10.5,-1.4018519252345154,3.5
2014,10,-4.0,-6.56225837497383,2.0,2.5622583749738297,-6.0
2014,10,4.0,-2.69360602623329,3.0,6.69360602623329,1.0
2014,10,-14.0,-9.765907521211618,-7.5,-4.234092478788382,-6.5
2014,10,-3.0,2.8963103261216276,6.0,-5.896310326121627,-9.0
2014,10,7.0,-3.5901079979499597,-4.5,10.59010799794996,11.5
2014,10,-10.0,3.3414256464075835,-3.5,-13.341425646407583,-6.5
2014,10,-24.0,-10.171918355831135,-13.0,-13.828081644168865,-11.0
2014,10,17.0,10.666733395143599,7.0,6.3332666048564015,10.0
2014,10,21.0,9.94738856665291,9.0,11.05261143334709,12.0
2014,10,41.0,8.176019171788145,9.5,32.82398082821186,31.5
2014,10,24.0,10.281585590000757,7.0,13.718414409999243,17.0
2014,11,13.0,6.554034297930057,4.0,6.445965702069943,9.0
2014,11,-2.0,4.200916598126804,-2.5,-6.200916598126804,0.5
2014,11,8.0,5.176129156635619,2.5,2.8238708433643813,5.5
2014,11,-16.0,6.071944447031001,4.5,-22.071944447031,-20.5
2014,11,4.0,4.353459918604081,-1.0,-0.35345991860408077,5.0
2014,11,-17.0,8.032221721620852,8.5,-25.03222172162085,-25.5
2014,11,-6.0,-2.026745059099132,-4.0,-3.973254940900868,-2.0
2014,11,15.0,-8.891980148945276,-8.0,23.891980148945276,23.0
2014,11,-20.0,4.463086524223238,6.5,-24.463086524223236,-26.5
2014,11,7.0,9.289013982744825,10.5,-2.289013982744825,-3.5
2014,11,8.0,6.2010301455882955,-1.0,1.7989698544117045,9.0
2014,11,33.0,2.3940392622595303,4.5,30.60596073774047,28.5
2014,11,-22.0,3.840652144535297,3.0,-25.840652144535298,-25.0
2014,11,-3.0,-1.0659324473402245,-7.0,-1.9340675526597755,4.0
2014,12,4.0,-9.196629911584479,-7.5,13.196629911584479,11.5
2014,12,-2.0,2.9306129453160237,3.0,-4.930612945316024,-5.0
2014,12,8.0,5.76140706414889,4.0,2.23859293585111,4.0
2014,12,-9.0,1.40776234705555,3.0,-10.40776234705555,-12.0
2014,12,20.0,19.03528065398848,13.0,0.9647193460115204,7.0
2014,12,-3.0,-5.081717554444602,-7.5,2.0817175544446016,4.5
2014,12,25.0,9.099094855554787,7.5,15.900905144445213,17.5
2014,12,19.0,10.462753129150306,11.0,8.537246870849694,8.0
2014,12,3.0,7.8263155108462845,4.0,-4.8263155108462845,-1.0
2014,12,16.0,4.692012828376184,7.5,11.307987171623816,8.5
2014,12,3.0,8.412276912419827,6.5,-5.412276912419827,-3.5
2014,12,4.0,11.617676148386414,9.0,-7.617676148386414,-5.0
2014,12,-3.0,1.2223564390778479,-4.0,-4.222356439077847,1.0
2014,12,35.0,7.040295863338319,2.5,27.95970413666168,32.5
2014,12,-7.0,4.854556640044331,2.5,-11.854556640044331,-9.5
2014,13,17.0,7.798943775263984,7.5,9.201056224736016,9.5
2014,13,-23.0,1.9237133372164334,3.0,-24.923713337216434,-26.0
2014,13,-16.0,-0.05261469161069865,1.0,-15.9473853083893,-17.0
2014,13,-1.0,6.038160574726191,6.5,-7.038160574726191,-7.5
2014,13,16.0,6.313322069178168,3.0,9.686677930821832,13.0
2014,13,24.0,7.54888314147548,7.0,16.45111685852452,17.0
2014,13,22.0,12.643401914864313,7.5,9.356598085135687,14.5
2014,13,1.0,-1.9042181164067933,-3.0,2.9042181164067933,4.0
2014,13,18.0,5.477776908168385,2.5,12.522223091831615,15.5
2014,13,-3.0,-0.5271955746804178,3.5,-2.4728044253195822,-6.5
2014,13,52.0,7.8321300995344805,6.5,44.16786990046552,45.5
2014,13,-1.0,-5.120383832493225,-6.0,4.120383832493225,5.0
2014,13,11.0,-2.334656488849489,-1.5,13.33465648884949,12.5
2014,13,5.0,0.48561339933933434,3.0,4.514386600660666,2.0
2014,13,-13.0,0.711479849064705,1.0,-13.711479849064705,-14.0
2014,13,-3.0,-7.130967786092136,-6.5,4.130967786092136,3.5
2014,14,-13.0,-1.2292992786061951,-3.5,-11.770700721393805,-9.5
2014,14,-21.0,5.4981988609357115,3.0,-26.498198860935712,-24.0
2014,14,-1.0,-2.8440367960723263,-3.0,1.8440367960723263,2.0
2014,14,17.0,9.242455041737985,10.5,7.757544958262015,6.5
2014,14,-14.0,-4.734839337865876,-6.5,-9.265160662134125,-7.5
2014,14,-15.0,4.301746733702242,3.0,-19.30174673370224,-18.0
2014,14,6.0,7.722969547856303,4.5,-1.7229695478563034,1.5
2014,14,-31.0,8.046878080380571,8.5,-39.04687808038057,-39.5
2014,14,-29.0,1.4058259717704722,-3.0,-30.405825971770472,-26.0
2014,14,-24.0,-1.374521744066823,-2.5,-22.625478255933178,-21.5
2014,14,3.0,1.5375226987133734,-2.5,1.4624773012866266,5.5
2014,14,7.0,9.69991072226789,9.0,-2.699910722267891,-2.0
2014,14,11.0,-4.345588242822648,-8.0,15.345588242822648,19.0
2014,14,-10.0,1.4055691173919467,-1.5,-11.405569117391947,-8.5
2014,14,-9.0,-2.1756498087276706,-4.0,-6.8243501912723294,-5.0
2014,14,6.0,10.75209295720375,13.5,-4.75209295720375,-7.5
2014,15,-6.0,0.519841623390576,6.0,-6.519841623390576,-12.0
2014,15,-7.0,0.9024160645308019,-3.0,-7.902416064530802,-4.0
2014,15,8.0,16.395652759100486,14.0,-8.395652759100486,-6.0
2014,15,8.0,-1.2525354593740945,-3.5,9.252535459374094,11.5
2014,15,2.0,8.338995101677153,3.5,-6.338995101677153,-1.5
2014,15,-30.0,0.38507861545119937,2.5,-30.3850786154512,-32.5
2014,15,7.0,7.270050509822329,7.0,-0.2700505098223287,0.0
2014,15,18.0,14.751415273653585,11.0,3.248584726346415,7.0
2014,15,28.0,8.012762663618588,9.5,19.987237336381412,18.5
2014,15,11.0,7.105380753417134,7.0,3.8946192465828657,4.0
2014,15,-12.0,-3.027367512910363,-4.0,-8.972632487089637,-8.0
2014,15,-5.0,2.2546460022949653,-3.5,-7.254646002294965,-1.5
2014,15,2.0,6.668147097208297,8.0,-4.668147097208297,-6.0
2014,15,10.0,9.000318258652879,10.0,0.9996817413471213,0.0
2014,15,-11.0,7.465833433979567,3.5,-18.46583343397957,-14.5
2014,15,-16.0,-3.6730050303547532,-3.0,-12.326994969645247,-13.0
2014,16,8.0,1.3273576555807822,4.0,6.672642344419218,4.0
2014,16,3.0,-7.240291022160232,-7.0,10.240291022160232,10.0
2014,16,-3.0,2.2958991142659615,2.0,-5.2958991142659615,-5.0
2014,16,4.0,4.155020686439388,6.0,-0.15502068643938838,-2.0
2014,16,-6.0,-3.535069965551749,-10.0,-2.464930034448251,4.0
2014,16,12.0,-1.3595579210249404,-6.0,13.35955792102494,18.0
2014,16,2.0,6.644331517363003,4.5,-4.644331517363003,-2.5
2014,16,-16.0,5.3455820237924225,6.0,-21.345582023792424,-22.0
2014,16,-1.0,-12.549473343822754,-10.0,11.549473343822754,9.0
2014,16,8.0,-0.9491592739271462,2.5,8.949159273927146,5.5
2014,16,-17.0,-8.647308973797866,-11.5,-8.352691026202134,-5.5
2014,16,-10.0,3.180335047984442,7.0,-13.180335047984443,-17.0
2014,16,35.0,0.027890935661900595,3.5,34.9721090643381,31.5
2014,16,2.0,-6.743994872088537,-7.0,8.743994872088537,9.0
2014,16,-29.0,-3.3090375110359425,-9.5,-25.690962488964058,-19.5
2014,16,9.0,-3.49314280670472,-3.5,12.49314280670472,12.5
2014,17,10.0,9.149652099825197,14.0,0.8503479001748033,-4.0
2014,17,6.0,14.038683378300371,8.5,-8.038683378300371,-2.5
2014,17,12.0,6.442698899116473,3.0,5.557301100883527,9.0
2014,17,-13.0,10.233927252807081,7.0,-23.23392725280708,-20.0
2014,17,4.0,6.1970289443230175,7.0,-2.1970289443230175,-3.0
2014,17,-8.0,9.178167696687716,4.5,-17.178167696687716,-12.5
2014,17,-8.0,-0.8124272210705843,-1.0,-7.1875727789294155,-7.0
2014,17,-3.0,-3.6343139754666534,-6.0,0.6343139754666534,3.0
2014,17,-17.0,-10.322321718159008,-7.5,-6.677678281840992,-9.5
2014,17,-27.0,-7.7048328618370325,-6.0,-19.295167138162967,-21.0
2014,17,-31.0,3.182624269857425,2.5,-34.18262426985743,-33.5
2014,17,33.0,17.73753859440936,16.5,15.262461405590638,16.5
2014,17,10.0,6.447164011697421,9.0,3.5528359883025793,1.0
2014,17,14.0,11.304548349083518,11.0,2.695451650916482,3.0
2014,17,3.0,0.6445276447634123,6.0,2.3554723552365875,-3.0
2014,17,10.0,1.301241841800904,3.0,8.698758158199096,7.0
2015,1,7.0,4.949226490731034,7.5,2.050773509268966,-0.5
2015,1,13.0,1.9002694025313516,-1.0,11.099730597468648,14.0
2015,1,-8.0,-5.262121474844044,-5.5,-2.7378785251559563,-2.5
2015,1,-7.0,1.2530973920637702,-1.0,-8.25309739206377,-6.0
2015,1,-11.0,-1.2902292097509052,-3.0,-9.709770790249095,-8.0
2015,1,21.0,0.47493183108984005,3.5,20.52506816891016,17.5
2015,1,3.0,-2.9319424738129896,-3.5,5.93194247381299,6.5
2015,1,-7.0,-2.3934201960805264,-4.0,-4.606579803919473,-3.0
2015,1,12.0,3.860249093380131,2.0,8.13975090661987,10.0
2015,1,5.0,1.435988953419737,3.5,3.564011046580263,1.5
2015,1,6.0,3.2675432638991437,4.5,2.7324567361008563,1.5
2015,1,-20.0,-3.560240733753974,-3.0,-16.439759266246025,-17.0
2015,1,-28.0,2.999671270719325,3.0,-30.999671270719325,-31.0
2015,1,1.0,5.728802118627902,7.0,-4.728802118627902,-6.0
2015,1,2.0,-0.98127295420973,-3.5,2.98127295420973,5.5
2015,1,17.0,2.4004303455556717,-2.5,14.599569654444329,19.5
2015,2,-7.0,0.5398819437961799,3.0,-7.53988194379618,-10.0
2015,2,-8.0,0.01805275580360477,2.0,-8.018052755803605,-10.0
2015,2,7.0,1.0835501374161671,3.0,5.916449862583833,4.0
2015,2,-25.0,-3.449766419628892,-2.0,-21.550233580371106,-23.0
2015,2,5.0,3.523830726600723,3.5,1.476169273399277,1.5
2015,2,14.0,0.46235565804347956,1.0,13.53764434195652,13.0
2015,2,10.0,-1.1372574790965129,2.5,11.137257479096514,7.5
2015,2,-7.0,7.093748772851698,9.5,-14.093748772851697,-16.5
2015,2,-4.0,2.3484457548198425,2.0,-6.348445754819842,-6.0
2015,2,25.0,2.2461247402429945,6.0,22.753875259757006,19.0
2015,2,14.0,-2.540109713061401,-3.0,16.5401097130614,17.0
2015,2,3.0,-4.59726709873389,-5.0,7.59726709873389,8.0
2015,2,4.0,-7.163574423877603,-6.0,11.163574423877602,10.0
2015,2,-10.0,0.7758831205269927,7.0,-10.775883120526993,-17.0
2015,2,10.0,2.087081729406835,3.5,7.912918270593165,6.5
2015,2,-13.0,3.5735272341949456,6.0,-16.573527234194945,-19.0
2015,3,11.0,3.5255163691016027,3.0,7.474483630898398,8.0
2015,3,-4.0,0.5922826521186828,2.5,-4.592282652118683,-6.5
2015,3,5.0,5.4421307590547485,10.0,-0.4421307590547485,-5.0
2015,3,-7.0,5.1425712276819056,3.5,-12.142571227681906,-10.5
2015,3,-11.0,4.7850986661672525,1.0,-15.785098666167253,-12.0
2015,3,10.0,7.943486446037221,6.0,2.0565135539627786,4.0
2015,3,17.0,0.3255373608715917,2.5,16.674462639128407,14.5
2015,3,34.0,10.778604200083661,14.5,23.221395799916337,19.5
2015,3,-7.0,-2.38570035697291,3.0,-4.61429964302709,-10.0
2015,3,-6.0,-1.9763693957293618,1.5,-4.023630604270638,-7.5
2015,3,-2.0,2.879653276715665,-3.0,-4.879653276715665,1.0
2015,3,40.0,4.638176744535162,7.0,35.36182325546484,33.0
2015,3,-27.0,-0.998478588234387,1.0,-26.001521411765612,-28.0
2015,3,26.0,10.253327921398881,16.5,15.746672078601119,9.5
2015,3,-12.0,-15.565770678718653,-3.0,3.5657706787186534,-9.0
2015,3,10.0,-7.545959890263047,4.5,17.54595989026305,5.5
2015,4,-3.0,4.130182264628358,-3.0,-7.130182264628358,0.0
2015,4,-13.0,-2.0495493625137455,-2.5,-10.950450637486254,-10.5
2015,4,27.0,3.887329794565413,4.0,23.112670205434586,23.0
2015,4,-14.0,0.7023817283981391,6.0,-14.702381728398139,-20.0
2015,4,2.0,0.24683062601663375,-3.0,1.7531693739833663,5.0
2015,4,15.0,6.757381054707661,3.5,8.242618945292339,11.5
2015,4,3.0,9.150200493559003,4.0,-6.150200493559003,-1.0
2015,4,-14.0,-4.147414944813171,-3.0,-9.852585055186829,-11.0
2015,4,3.0,4.550437753878512,-3.0,-1.5504377538785121,6.0
2015,4,3.0,4.693220990017467,4.5,-1.6932209900174673,-1.5
2015,4,-2.0,10.481080919596794,7.0,-12.481080919596794,-9.0
2015,4,3.0,7.431540572468016,7.0,-4.431540572468016,-4.0
2015,4,-14.0,-3.624853773937836,-7.5,-10.375146226062164,-6.5
2015,4,6.0,-2.2924403216160356,3.0,8.292440321616036,3.0
2015,4,3.0,7.565008160882792,10.0,-4.565008160882792,-7.0
2015,5,-7.0,0.6366978994045422,4.5,-7.636697899404542,-11.5
2015,5,6.0,9.234276535888336,7.5,-3.234276535888336,-1.5
2015,5,-3.0,15.847534958167243,6.0,-18.847534958167245,-9.0
2015,5,3.0,4.595146440586264,3.0,-1.595146440586264,0.0
2015,5,14.0,9.69246319217885,8.5,4.307536807821149,5.5
2015,5,-1.0,8.804646279748106,10.0,-9.804646279748106,-11.0
2015,5,22.0,6.145598634964404,6.5,15.854401365035596,15.5
2015,5,7.0,1.110021240584476,1.0,5.8899787594155235,6.0
2015,5,-1.0,15.204729161679296,1.0,-16.204729161679296,-2.0
2015,5,-25.0,-6.61502364200821,-4.5,-18.38497635799179,-20.5
2015,5,-24.0,-24.441818337027396,-8.0,0.4418183370273958,-16.0
2015,5,-6.0,-6.803656538971815,-5.0,0.8036565389718149,-1.0
2015,5,3.0,6.289594574226724,7.5,-3.289594574226724,-4.5
2015,5,-4.0,-10.230248320862827,4.0,6.230248320862827,-8.0
2015,6,10.0,-5.182554627971978,-3.0,15.182554627971978,13.0
2015,6,-13.0,2.393952810972695,-3.0,-15.393952810972696,-10.0
2015,6,-3.0,-4.770420976453745,-3.5,1.770420976453745,0.5
2015,6,3.0,4.879507756983387,3.5,-1.8795077569833873,-0.5
2015,6,-11.0,-9.327894428370563,2.5,-1.6721055716294373,-13.5
2015,6,6.0,16.43575441403534,3.5,-10.43575441403534,2.5
2015,6,14.0,20.65761887920143,7.5,-6.657618879201429,6.5
2015,6,12.0,-5.290183488942674,-5.5,17.290183488942674,17.5
2015,6,-28.0,-14.992032706748281,2.5,-13.007967293251719,-30.5
2015,6,-4.0,-10.253168022952796,7.0,6.253168022952796,-11.0
2015,6,7.0,10.829574549895261,10.5,-3.829574549895261,-3.5
2015,6,5.0,-2.7336702615790944,-2.5,7.733670261579094,7.5
2015,6,-7.0,0.083458829109607,-8.0,-7.083458829109607,1.0
2015,6,20.0,3.2629980302348427,3.5,16.737001969765156,16.5
2015,7,-17.0,-6.104387513101102,-6.5,-10.895612486898898,-10.5
2015,7,3.0,-10.145500646018307,-3.5,13.145500646018307,6.5
2015,7,-9.0,-0.25601739983620897,1.0,-8.743982600163791,-10.0
2015,7,-6.0,-2.3158420020598105,5.5,-3.6841579979401895,-11.5
2015,7,10.0,-1.7099193588251378,4.0,11.709919358825138,6.0
2015,7,18.0,1.9366432281411452,4.5,16.063356771858857,13.5
2015,7,7.0,8.544442109746349,7.0,-1.544442109746349,0.0
2015,7,18.0,14.764815109439802,6.5,3.2351848905601983,11.5
2015,7,-3.0,-11.470195388599453,-5.5,8.470195388599453,2.5
2015,7,1.0,-7.203436194772996,3.0,8.203436194772996,-2.0
2015,7,-8.0,-7.346410509389459,3.5,-0.6535894906105408,-11.5
2015,7,7.0,-14.483627783512155,3.0,21.483627783512155,4.0
2015,7,11.0,0.03780502120706264,3.0,10.962194978792937,8.0
2015,7,8.0,6.76290886377776,10.0,1.23709113622224,-2.0
2015,8,29.0,10.393017570060346,8.0,18.606982429939656,21.0
2015,8,35.0,3.8398508778992833,3.0,31.160149122100716,32.0
2015,8,-3.0,10.676525305880102,8.0,-13.676525305880102,-11.0
2015,8,3.0,1.5036025421491996,4.5,1.4963974578508004,-1.5
2015,8,-3.0,6.592150776274703,-1.0,-9.592150776274703,-2.0
2015,8,-14.0,-4.494630826554825,-7.0,-9.505369173445175,-7.0
2015,8,14.0,3.7744993750054348,3.5,10.225500624994565,10.5
2015,8,3.0,-0.8279190769108955,3.0,3.8279190769108955,0.0
2015,8,-6.0,-10.22244276045714,1.0,4.22244276045714,-7.0
2015,8,21.0,0.6046368641503133,8.0,20.395363135849685,13.0
2015,8,14.0,-3.4077640885451417,-3.0,17.407764088545143,17.0
2015,8,-1.0,-7.73260371110654,-4.5,6.73260371110654,3.5
2015,8,19.0,-0.18824709715864918,-2.5,19.188247097158648,21.5
2015,8,3.0,4.508874618742789,5.0,-1.508874618742789,-2.0
2015,9,21.0,10.227313336418161,13.0,10.772686663581839,8.0
2015,9,16.0,10.575879064536299,4.0,5.424120935463701,12.0
2015,9,8.0,-2.155111221484569,-2.0,10.15511122148457,10.0
2015,9,3.0,2.6632000835281344,2.0,0.3367999164718656,1.0
2015,9,17.0,9.955415624239865,13.5,7.0445843757601345,3.5
2015,9,-6.0,6.422289242558348,7.0,-12.422289242558348,-13.0
2015,9,5.0,0.4649414730472845,7.5,4.5350585269527155,-2.5
2015,9,3.0,8.65794277687627,6.0,-5.65794277687627,-3.0
2015,9,1.0,-3.4438564539611876,-9.5,4.443856453961187,10.5
2015,9,-14.0,-3.871107551654148,-1.5,-10.128892448345852,-12.5
2015,9,3.0,-5.313905428190383,-3.5,8.313905428190383,6.5
2015,9,-6.0,-8.615964160906493,-3.0,2.6159641609064934,-3.0
2015,9,-3.0,7.254556848954179,3.5,-10.254556848954179,-6.5
2015,10,-5.0,0.6417899194138794,2.5,-5.641789919413879,-7.5
2015,10,-2.0,16.588953743077006,4.0,-18.588953743077006,-6.0
2015,10,-2.0,4.237800258861038,10.5,-6.237800258861038,-12.5
2015,10,-1.0,7.021420178412837,5.5,-8.021420178412837,-6.5
2015,10,21.0,5.86343224558074,7.0,15.13656775441926,14.0
2015,10,-24.0,9.143301117437627,7.5,-33.14330111743763,-31.5
2015,10,4.0,-4.413623706815029,-1.0,8.413623706815029,5.0
2015,10,-17.0,-4.9048361229042055,-3.5,-12.095163877095795,-13.5
2015,10,33.0,1.5379795032918637,-1.0,31.462020496708135,34.0
2015,10,-16.0,-0.5739939512371763,3.0,-15.426006048762824,-19.0
2015,10,-16.0,-2.6642358661053853,4.0,-13.335764133894614,-20.0
2015,10,-1.0,-6.578317068969968,-7.0,5.578317068969968,6.0
2015,10,-7.0,0.8387884571708049,3.0,-7.838788457170805,-10.0
2015,10,-4.0,6.136117421013388,10.0,-10.136117421013388,-14.0
2015,11,6.0,2.8071961865410953,3.0,3.1928038134589047,3.0
2015,11,-3.0,2.88363845187365,3.5,-5.88363845187365,-6.5
2015,11,3.0,2.7761248016682227,3.0,0.22387519833177727,0.0
2015,11,28.0,6.700357739087568,7.0,21.29964226091243,21.0
2015,11,-2.0,-5.725198389311789,-2.5,3.725198389311789,0.5
2015,11,5.0,1.2536980207319632,-2.0,3.7463019792680368,7.0
2015,11,7.0,-3.924790936117762,-4.0,10.924790936117763,11.0
2015,11,-10.0,1.2671325352583271,-2.5,-11.267132535258327,-7.5
2015,11,-28.0,10.42762683483059,7.0,-38.42762683483059,-35.0
2015,11,-30.0,2.597734644019433,-3.0,-32.59773464401943,-27.0
2015,11,-17.0,-0.7085290857072044,-1.0,-16.291470914292795,-16.0
2015,11,16.0,3.7677189876052495,14.0,12.23228101239475,2.0
2015,11,3.0,4.356940416533778,4.0,-1.356940416533778,-1.0
2015,11,7.0,5.872528888348063,7.0,1.1274711116519374,0.0
2015,12,31.0,-2.5821287862759137,3.0,33.582128786275916,28.0
2015,12,-19.0,-2.9565854359154304,-1.0,-16.04341456408457,-18.0
2015,12,-4.0,9.677035613298123,7.5,-13.677035613298123,-11.5
2015,12,-10.0,1.2004802789824867,2.0,-11.200480278982486,-12.0
2015,12,24.0,8.172789089390838,10.5,15.827210910609162,13.5
2015,12,18.0,0.011504051404316762,3.5,17.988495948595684,14.5
2015,12,13.0,5.461642272410971,3.0,7.538357727589029,10.0
2015,12,-6.0,2.5172794035546318,5.0,-8.517279403554632,-11.0
2015,12,8.0,5.118973111599157,4.5,2.881026888400843,3.5
2015,12,18.0,3.1554754039328365,4.5,14.844524596067163,13.5
2015,12,-3.0,1.531224154450328,-1.0,-4.531224154450328,-2.0
2015,12,6.0,-7.096503224859614,-1.0,13.096503224859614,7.0
2015,12,-6.0,-10.1923467413711,-7.5,4.1923467413711,1.5
2015,12,9.0,-2.415384875566839,3.0,11.41538487556684,6.0
2015,12,6.0,-3.1339568139514284,-2.5,9.133956813951428,8.5
2015,12,-6.0,2.1079217512098243,6.0,-8.107921751209824,-12.0
2015,13,-4.0,-4.619080518551443,-2.5,0.619080518551443,-1.5
2015,13,9.0,3.8165177121669185,3.0,5.1834822878330815,6.0
2015,13,-6.0,6.326544435580416,6.0,-12.326544435580416,-12.0
2015,13,-34.0,-9.98783388308706,-7.5,-24.01216611691294,-26.5
2015,13,2.0,-0.4939696206253375,3.5,2.4939696206253377,-1.5
2015,13,-31.0,-1.6374071767860667,-2.5,-29.362592823213934,-28.5
2015,13,-3.0,1.3713344040592008,-2.0,-4.371334404059201,-1.0
2015,13,-24.0,-6.481325197999003,-3.5,-17.518674802000998,-20.5
2015,13,4.0,-2.030165129502223,1.0,6.0301651295022225,3.0
2015,13,3.0,0.8204587087317927,3.0,2.1795412912682073,0.0
2015,13,-14.0,-7.005804088866587,-3.0,-6.994195911133413,-11.0
2015,13,-14.0,-6.0637149228959,-6.0,-7.9362850771041,-8.0
2015,13,-7.0,11.077430477536302,9.5,-18.077430477536303,-16.5
2015,13,-3.0,-9.653932690737884,-5.5,6.653932690737884,2.5
2015,13,35.0,4.700643799328491,10.0,30.29935620067151,25.0
2015,13,-3.0,-0.8871587050979715,2.0,-2.1128412949020285,-5.0
2015,14,3.0,8.717592302999968,10.0,-5.717592302999968,-7.0
2015,14,-29.0,-5.294667028771771,-10.5,-23.70533297122823,-18.5
2015,14,38.0,7.271899746915994,8.5,30.728100253084005,29.5
2015,14,-3.0,2.3052386976863435,4.0,-5.3052386976863435,-7.0
2015,14,-13.0,4.122456969672669,1.0,-17.12245696967267,-14.0
2015,14,14.0,-0.340883957995314,2.5,14.340883957995313,11.5
2015,14,35.0,-2.7042579971927054,1.0,37.704257997192705,34.0
2015,14,7.0,10.944395624967854,11.5,-3.9443956249678536,-4.5
2015,14,22.0,7.887196492423307,8.0,14.112803507576693,14.0
2015,14,3.0,-1.6103263271036115,1.0,4.6103263271036115,2.0
2015,14,7.0,-0.7305987592322944,-3.0,7.7305987592322944,10.0
2015,14,-7.0,1.9715036513799484,6.0,-8.971503651379948,-13.0
2015,14,-3.0,9.866214921214167,6.0,-12.866214921214167,-9.0
2015,14,21.0,9.038367085463578,6.0,11.961632914536422,15.0
2015,14,-21.0,-6.788514211702189,-4.0,-14.21148578829781,-17.0
2015,14,-7.0,-0.9030581955762647,-2.5,-6.096941804423736,-4.5
2015,15,8.0,4.00795788711296,1.0,3.99204211288704,7.0
2015,15,-3.0,-1.0871591212563216,-3.0,-1.9128408787436784,0.0
2015,15,-20.0,-5.548710095953858,-6.5,-14.451289904046142,-13.5
2015,15,-6.0,-0.4614173056705746,2.5,-5.538582694329426,-8.5
2015,15,-6.0,0.27204165522433676,2.0,-6.272041655224337,-8.0
2015,15,21.0,6.064799960221229,4.0,14.93520003977877,17.0
2015,15,17.0,17.137408157577077,14.5,-0.13740815757707736,2.5
2015,15,-3.0,-5.368571995245122,-4.5,2.368571995245122,1.5
2015,15,10.0,-3.2093550716560686,-2.5,13.209355071656068,12.5
2015,15,-10.0,-6.3357553823560675,-4.0,-3.6642446176439325,-6.0
2015,15,17.0,14.97763507774808,14.5,2.0223649222519207,2.5
2015,15,7.0,2.5985336366990075,7.5,4.401466363300992,-0.5
2015,15,16.0,1.9812896189812244,1.0,14.018710381018776,15.0
2015,15,-10.0,-10.140227061955043,-7.0,0.1402270619550432,-3.0
2015,15,-23.0,-7.449368583557971,-3.5,-15.55063141644203,-19.5
2015,15,-8.0,-0.7733937737893148,2.5,-7.226606226210685,-10.5
2015,16,3.0,1.04151619138702,4.0,1.95848380861298,-1.0
2015,16,-14.0,2.435349181712933,3.5,-16.435349181712933,-17.5
2015,16,7.0,-6.745904675690221,-7.0,13.74590467569022,14.0
2015,16,3.0,-5.896103456950244,-11.0,8.896103456950243,14.0
2015,16,10.0,4.3204916336147114,6.5,5.6795083663852886,3.5
2015,16,15.0,4.317389453897689,8.5,10.68261054610231,6.5
2015,16,4.0,14.031591172638912,11.5,-10.031591172638912,-7.5
2015,16,-6.0,1.0158565022678252,2.5,-7.015856502267825,-8.5
2015,16,6.0,-5.689414244448715,-2.5,11.689414244448715,8.5
2015,16,-5.0,1.4690210763288505,3.0,-6.4690210763288505,-8.0
2015,16,-28.0,-4.623739738357764,-3.5,-23.376260261642237,-24.5
2015,16,11.0,0.42767653206923706,2.5,10.572323467930763,8.5
2015,16,30.0,3.96189949796963,6.0,26.03810050203037,24.0
2015,16,-6.0,9.856358431979489,11.0,-15.856358431979489,-17.0
2015,16,32.0,2.8664260396853787,7.0,29.13357396031462,25.0
2015,16,3.0,-0.8048050756434597,3.5,3.8048050756434595,-0.5
2015,17,-3.0,4.392004587217203,6.0,-7.392004587217203,-9.0
2015,17,5.0,2.072940862991344,-2.5,2.927059137008656,7.5
2015,17,-4.0,0.03668296519993608,-2.5,-4.036682965199936,-1.5
2015,17,8.0,9.240999508597815,10.0,-1.240999508597815,-2.0
2015,17,-16.0,-8.940951432124367,-13.0,-7.059048567875633,-3.0
2015,17,-11.0,0.46070954562363753,3.0,-11.460709545623638,-14.0
2015,17,24.0,6.659097656959089,5.0,17.34090234304091,19.0
2015,17,6.0,6.714287689162708,3.5,-0.7142876891627079,2.5
2015,17,10.0,-10.467427211171477,-10.0,20.467427211171476,20.0
2015,17,-5.0,1.7652509304254114,4.0,-6.765250930425411,-9.0
2015,17,-30.0,3.35900800357561,6.0,-33.35900800357561,-36.0
2015,17,28.0,12.446768943006038,10.0,15.553231056993962,18.0
2015,17,7.0,6.464465740137603,10.0,0.5355342598623967,-3.0
2015,17,6.0,9.23243601871684,6.5,-3.2324360187168395,-0.5
2015,17,3.0,-2.282890233102575,-3.0,5.2828902331025756,6.0
2015,17,-7.0,3.740198156177648,3.0,-10.740198156177648,-10.0
2016,1,1.0,-0.40592803920828757,-3.0,1.4059280392082876,4.0
2016,1,-7.0,4.104268626495669,2.5,-11.104268626495669,-9.5
2016,1,6.0,-0.2805990951160551,3.0,6.280599095116055,3.0
2016,1,9.0,3.983266900079685,5.5,5.016733099920315,3.5
2016,1,-4.0,-2.3253672373989756,-3.5,-1.6746327626010244,-0.5
2016,1,6.0,7.721340612703825,6.5,-1.721340612703825,-0.5
2016,1,-1.0,0.6006340150388438,2.5,-1.6006340150388438,-3.5
2016,1,-1.0,-0.6998781000996184,1.0,-0.30012189990038163,-2.0
2016,1,19.0,4.225291011877458,3.5,14.774708988122542,15.5
2016,1,-9.0,-4.044123013696671,-2.5,-4.955876986303329,-6.5
2016,1,2.0,9.484057846598798,10.5,-7.484057846598798,-8.5
2016,1,-1.0,0.48893694883134176,1.0,-1.4889369488313418,-2.0
2016,1,-4.0,0.7195617907565872,2.5,-4.719561790756587,-6.5
2016,1,-2.0,3.0836596037007236,9.0,-5.083659603700724,-11.0
2016,1,-22.0,-1.1213505793351595,-2.5,-20.87864942066484,-19.5
2016,1,28.0,-1.5142627819061056,-2.5,29.514262781906105,30.5
2016,2,-6.0,0.4333047417775808,1.5,-6.433304741777581,-7.5
2016,2,33.0,8.24448853698822,7.5,24.75551146301178,25.5
2016,2,19.0,6.9309140613945095,12.0,12.06908593860549,7.0
2016,2,-5.0,-2.3641349683297586,-4.0,-2.6358650316702414,-1.0
2016,2,-1.0,5.897378194736987,6.0,-6.897378194736987,-7.0
2016,2,7.0,-0.7171360972080774,-1.0,7.717136097208077,8.0
2016,2,7.0,8.192412614692788,5.5,-1.1924126146927883,1.5
2016,2,3.0,3.5383472565944345,3.5,-0.5383472565944345,-0.5
2016,2,8.0,2.9733035757969795,3.0,5.0266964242030205,5.0
2016,2,-4.0,2.585128426171532,3.5,-6.585128426171532,-7.5
2016,2,6.0,-5.2734768226799,-5.5,11.2734768226799,11.5
2016,2,14.0,6.935522782686772,5.0,7.064477217313228,9.0
2016,2,-7.0,3.058732787829639,4.0,-10.058732787829639,-11.0
2016,2,24.0,2.867737836126147,3.0,21.132262163873854,21.0
2016,2,3.0,2.4099699524477605,-1.5,0.5900300475522395,4.5
2016,2,-15.0,0.05929296258971495,3.0,-15.059292962589716,-18.0
2016,3,27.0,5.792380911912497,1.0,21.207619088087505,26.0
2016,3,15.0,1.3615495720481725,-5.0,13.638450427951827,20.0
2016,3,-12.0,4.784409589275077,6.0,-16.78440958927508,-18.0
2016,3,-12.0,4.119670380785486,3.5,-16.119670380785486,-15.5
2016,3,7.0,5.595182415916124,6.0,1.404817584083876,1.0
2016,3,-2.0,-1.2741424897007692,-1.0,-0.7258575102992308,-1.0
2016,3,6.0,6.320088076991318,10.0,-0.32008807699131836,-4.0
2016,3,-2.0,4.178435922407773,3.5,-6.178435922407773,-5.5
2016,3,-7.0,0.3413028974203578,-1.5,-7.341302897420357,-5.5
2016,3,19.0,6.406097020288353,10.5,12.593902979711647,8.5
2016,3,-5.0,0.4919917469321273,3.5,-5.491991746932127,-8.5
2016,3,4.0,-0.5181941782148081,1.5,4.518194178214808,2.5
2016,3,21.0,-2.420009533337529,3.0,23.420009533337527,18.0
2016,3,31.0,-4.197386799042903,-3.5,35.1973867990429,34.5
2016,3,14.0,5.533941588461705,6.5,8.466058411538295,7.5
2016,3,-13.0,1.2649900516219341,2.5,-14.264990051621934,-15.5
2016,4,15.0,7.209375761883745,7.5,7.790624238116255,7.5
2016,4,3.0,-1.9108479313411122,1.0,4.910847931341112,2.0
2016,4,15.0,-0.8144233522904548,-2.5,15.814423352290454,17.5
2016,4,-1.0,4.097047431459005,3.5,-5.097047431459005,-4.5
2016,4,3.0,0.9785051825739766,-3.0,2.0214948174260234,6.0
2016,4,7.0,9.786737440978325,4.0,-2.7867374409783245,3.0
2016,4,-16.0,11.162569463435046,3.5,-27.162569463435048,-19.5
2016,4,-10.0,0.00308346137833837,-1.0,-10.003083461378338,-9.0
2016,4,11.0,6.1963892350280165,7.5,4.8036107649719835,3.5
2016,4,-20.0,-4.36231032725984,-3.5,-15.63768967274016,-16.5
2016,4,-4.0,10.259588152573981,10.0,-14.259588152573981,-14.0
2016,4,-1.0,8.093246789522238,4.0,-9.093246789522238,-5.0
2016,4,-7.0,2.790364817277451,-1.0,-9.790364817277451,-6.0
2016,4,29.0,2.270424249514647,3.0,26.729575750485353,26.0
2016,4,14.0,9.347353075000264,3.5,4.652646924999736,10.5
2016,5,-12.0,-3.630668406766934,-3.5,-8.369331593233067,-8.5
2016,5,-6.0,4.694938201868965,4.0,-10.694938201868965,-10.0
2016,5,-20.0,-6.2688373122034475,-10.0,-13.731162687796552,-10.0
2016,5,1.0,7.084354932751063,-3.5,-6.084354932751063,4.5
2016,5,6.0,3.6542780253855107,4.0,2.3457219746144893,2.0
2016,5,-13.0,2.4841538035849045,2.5,-15.484153803584904,-15.5
2016,5,18.0,9.767074959271662,6.0,8.232925040728338,12.0
2016,5,18.0,8.511762075387232,10.0,9.488237924612768,8.0
2016,5,-7.0,7.843067072579175,3.5,-14.843067072579174,-10.5
2016,5,14.0,3.603300589880878,-2.5,10.396699410119123,16.5
2016,5,-11.0,0.27096146530555565,-2.5,-11.270961465305556,-8.5
2016,5,3.0,3.9639617265334466,3.5,-0.9639617265334466,-0.5
2016,5,7.0,-2.6834293495352934,7.0,9.683429349535293,0.0
2016,5,-3.0,12.42458789690917,6.0,-15.42458789690917,-9.0
2016,6,8.0,-2.4543211271408323,-3.0,10.454321127140833,11.0
2016,6,29.0,13.18640643691242,7.5,15.81359356308758,21.5
2016,6,-1.0,9.953290446504116,2.5,-10.953290446504116,-3.5
2016,6,3.0,2.4397006722155536,2.5,0.5602993277844464,0.5
2016,6,15.0,-6.470336304240863,-7.5,21.470336304240863,22.5
2016,6,18.0,5.862531242201078,7.5,12.137468757798922,10.5
2016,6,3.0,-10.450534135601277,-2.5,13.450534135601277,5.5
2016,6,4.0,2.0916816492562846,3.5,1.9083183507437154,0.5
2016,6,2.0,5.678884481585393,7.5,-3.678884481585393,-5.5
2016,6,7.0,-2.547942080964779,-3.0,9.547942080964779,10.0
2016,6,-16.0,7.206640301699789,-1.0,-23.20664030169979,-15.0
2016,6,-14.0,5.207424974338504,5.0,-19.207424974338505,-19.0
2016,6,2.0,-1.5876199396827193,7.0,3.5876199396827193,-5.0
2016,6,3.0,5.235897001477132,3.0,-2.2358970014771318,0.0
2016,6,25.0,4.955599956484679,7.5,20.04440004351532,17.5
2016,7,16.0,8.208784810531743,7.5,7.791215189468257,8.5
2016,7,-7.0,0.23692608890197442,-3.0,-7.236926088901974,-4.0
2016,7,14.0,10.258909794501202,11.5,3.7410902054987982,2.5
2016,7,3.0,2.1189756537748274,-1.0,0.8810243462251726,4.0
2016,7,-17.0,0.3426426136833909,1.5,-17.34264261368339,-18.5
2016,7,6.0,8.75721173158243,6.0,-2.75721173158243,0.0
2016,7,3.0,-3.79869475483795,-2.5,6.79869475483795,5.5
2016,7,8.0,2.5647617402491836,2.0,5.435238259750816,6.0
2016,7,11.0,1.254318067452,-2.5,9.745681932547999,13.5
2016,7,-8.0,2.837641505218539,4.0,-10.837641505218539,-12.0
2016,7,-3.0,5.627899927127107,4.5,-8.627899927127107,-7.5
2016,7,-17.0,2.564049879165883,1.0,-19.564049879165882,-18.0
2016,7,-11.0,1.1717641348893602,-7.5,-12.17176413488936,-3.5
2016,7,0.0,4.701776479327769,2.5,-4.701776479327769,-2.5
2016,7,18.0,7.559039846067824,8.5,10.440960153932176,9.5
2016,8,14.0,4.238011268729686,3.0,9.761988731270314,11.0
2016,8,0.0,1.8009172044161696,3.0,-1.8009172044161696,-3.0
2016,8,-16.0,0.19903613504202067,-5.5,-16.19903613504202,-10.5
2016,8,10.0,-0.2565020243425111,2.5,10.256502024342511,7.5
2016,8,-3.0,-1.7430591324791394,-2.5,-1.2569408675208606,-0.5
2016,8,7.0,1.9377877561736778,1.0,5.062212243826322,6.0
2016,8,-16.0,-2.4942139117994717,-3.0,-13.505786088200528,-13.0
2016,8,5.0,-3.9428752142470804,-1.0,8.942875214247081,6.0
2016,8,-6.0,0.054240753498866034,1.0,-6.054240753498866,-7.0
2016,8,8.0,6.320531535478166,3.5,1.6794684645218343,4.5
2016,8,1.0,3.1959263383127916,3.0,-2.1959263383127916,-2.0
2016,8,6.0,1.7947129021789527,5.0,4.2052870978210475,1.0
2016,8,10.0,-5.679680043828596,-5.5,15.679680043828597,15.5
2016,9,-15.0,-2.8845605230286244,-4.5,-12.115439476971375,-10.5
2016,9,7.0,-2.7235735915992896,-3.5,9.72357359159929,10.5
2016,9,-25.0,-5.180934957616649,-7.0,-19.81906504238335,-18.0
2016,9,5.0,11.600403200767136,7.0,-6.600403200767136,-2.0
2016,9,4.0,5.521864807655481,3.5,-1.521864807655481,0.5
2016,9,-6.0,7.262899456621528,4.0,-13.262899456621529,-10.0
2016,9,5.0,1.3055681347872419,3.0,3.694431865212758,2.0
2016,9,-3.0,1.7158819306555348,-3.0,-4.715881930655534,0.0
2016,9,-18.0,1.1845528822807552,-5.0,-19.184552882280755,-13.0
2016,9,-5.0,7.3349061089871395,7.5,-12.33490610898714,-12.5
2016,9,8.0,5.477133839555648,3.5,2.5228661604443516,4.5
2016,9,10.0,-0.9667824680655843,1.0,10.966782468065585,9.0
2016,9,6.0,3.2032910787164504,5.5,2.7967089212835496,0.5
2016,10,21.0,8.62728339575402,7.5,12.37271660424598,13.5
2016,10,-3.0,1.2056447942205994,3.0,-4.2056447942206,-6.0
2016,10,-3.0,-3.323024141794,3.0,0.32302414179399985,-6.0
2016,10,-2.0,-1.6529364184032795,3.0,-0.34706358159672046,-5.0
2016,10,-3.0,2.8167692151833363,-1.0,-5.816769215183337,-2.0
2016,10,9.0,1.9779913882486766,2.0,7.022008611751323,7.0
2016,10,26.0,1.0757642850460885,-2.5,24.924235714953912,28.5
2016,10,22.0,-1.769714541647482,-3.0,23.76971454164748,25.0
2016,10,6.0,1.5266823876210929,2.5,4.473317612378907,3.5
2016,10,-7.0,5.038248276526378,4.0,-12.038248276526378,-11.0
2016,10,3.0,16.519198540464107,14.0,-13.519198540464107,-11.0
2016,10,-5.0,2.6945061564005997,3.0,-7.6945061564006,-8.0
2016,10,-7.0,8.347885092225601,7.5,-15.347885092225601,-14.5
2016,10,1.0,-1.0162563232320923,-1.0,2.016256323232092,2.0
2016,11,3.0,5.2027193016441515,3.5,-2.2027193016441515,-0.5
2016,11,-4.0,0.8613020592137255,2.5,-4.861302059213726,-6.5
2016,11,-15.0,-8.029989810239314,-8.0,-6.970010189760686,-7.0
2016,11,10.0,6.687297119582161,7.0,3.312702880417839,3.0
2016,11,7.0,7.279723814766681,5.5,-0.2797238147666814,1.5
2016,11,7.0,2.3414619346092986,3.0,4.658538065390701,4.0
2016,11,-2.0,9.27007993165837,7.0,-11.27007993165837,-9.0
2016,11,6.0,0.5781729601076826,2.0,5.421827039892317,4.0
2016,11,6.0,7.328125996747138,7.0,-1.3281259967471382,-1.0
2016,11,-4.0,2.121532283881252,1.0,-6.121532283881252,-5.0
2016,11,11.0,4.409715579772108,6.5,6.590284420227892,4.5
2016,11,-13.0,-10.733264387071864,-10.5,-2.2667356129281355,-2.5
2016,11,18.0,3.203857862770043,2.5,14.796142137229957,15.5
2016,11,7.0,2.360238102164235,6.5,4.639761897835765,0.5
2016,12,3.0,-0.6592098200081633,2.0,3.6592098200081633,1.0
2016,12,5.0,5.293691305731471,5.5,-0.2936913057314712,-0.5
2016,12,-21.0,-2.9426066484706763,-8.0,-18.057393351529324,-13.0
2016,12,19.0,1.381919600399273,3.5,17.61808039960073,15.5
2016,12,5.0,0.7537992729798124,3.5,4.246200727020188,1.5
2016,12,7.0,11.597983107310194,8.5,-4.597983107310194,-1.5
2016,12,-6.0,0.1026581766879735,-6.5,-6.1026581766879735,0.5
2016,12,-14.0,-5.074064817950692,-6.5,-8.925935182049308,-7.5
2016,12,-8.0,0.48378152309277794,-2.5,-8.483781523092778,-5.5
2016,12,7.0,8.473904848163343,7.0,-1.4739048481633432,0.0
2016,12,28.0,4.2258727702924075,7.5,23.77412722970759,20.5
2016,12,9.0,-4.859325709006296,-5.0,13.859325709006296,14.0
2016,12,-5.0,-6.290856494489306,-9.0,1.2908564944893062,4.0
2016,12,3.0,1.7273759826420585,3.5,1.2726240173579415,-0.5
2016,12,-3.0,3.480571293154961,3.5,-6.480571293154961,-6.5
2016,12,-14.0,6.723468024567131,4.0,-20.723468024567133,-18.0
2016,13,-2.0,1.2566725793647482,-3.0,-3.256672579364748,1.0
2016,13,-1.0,2.3869238760122315,5.0,-3.3869238760122315,-6.0
2016,13,32.0,2.9373801359555607,3.5,29.06261986404444,28.5
2016,13,20.0,3.7516697465587425,-0.0,16.248330253441257,20.0
2016,13,18.0,1.5758612178964129,1.0,16.424138782103586,17.0
2016,13,8.0,4.244838033884895,7.0,3.7551619661151054,1.0
2016,13,-10.0,-6.193612925890985,-3.5,-3.806387074109015,-6.5
2016,13,16.0,12.45577729193271,13.0,3.5442227080672897,3.0
2016,13,-15.0,3.6997673002520695,6.5,-18.69976730025207,-21.5
2016,13,14.0,1.0888426910786977,3.0,12.911157308921302,11.0
2016,13,8.0,4.210757922806314,2.5,3.789242077193686,5.5
2016,13,10.0,7.083260639130984,7.0,2.916739360869016,3.0
2016,13,-7.0,4.728933033294934,3.5,-11.728933033294934,-10.5
2016,13,33.0,4.951581804194758,8.5,28.04841819580524,24.5
2016,13,-31.0,2.999966300803138,1.0,-33.99996630080314,-32.0
2016,14,8.0,4.4512276060135845,3.5,3.5487723939864155,4.5
2016,14,-7.0,0.8055846323619753,-1.0,-7.805584632361976,-6.0
2016,14,12.0,3.2333214543306403,1.0,8.76667854566936,11.0
2016,14,-13.0,-5.688152902334929,-4.0,-7.311847097665071,-9.0
2016,14,3.0,7.280227253557989,7.5,-4.280227253557989,-4.5
2016,14,-5.0,2.980509863795949,6.5,-7.980509863795949,-11.5
2016,14,-9.0,-5.386510270575483,-3.0,-3.6134897294245167,-6.0
2016,14,3.0,-2.8384120031424227,-2.0,5.838412003142423,5.0
2016,14,-5.0,3.3482426808287746,-1.5,-8.348242680828776,-3.5
2016,14,3.0,-1.0667140145686433,2.0,4.066714014568643,1.0
2016,14,-6.0,-0.6781782935604337,3.0,-5.321821706439566,-9.0
2016,14,28.0,-2.5907417361255036,-3.0,30.590741736125505,31.0
2016,14,-28.0,-4.188917150070134,-4.5,-23.811082849929868,-23.5
2016,14,5.0,1.8176651249164373,2.0,3.182334875083563,3.0
2016,14,3.0,-1.871404387690466,-3.5,4.8714043876904665,6.5
2016,14,7.0,8.692538057643004,6.0,-1.692538057643004,1.0
2016,15,21.0,11.350789707141214,15.0,9.649210292858786,6.0
2016,15,-21.0,1.2877387689437416,-2.5,-22.28773876894374,-18.5
2016,15,1.0,2.068276425201248,5.0,-1.068276425201248,-4.0
2016,15,20.0,13.325588506632585,10.5,6.6744114933674155,9.5
2016,15,-3.0,-3.0731833909903035,-4.5,0.07318339099030347,1.5
2016,15,-4.0,-0.030930897149384684,-3.0,-3.9690691028506153,-1.0
2016,15,1.0,6.284256735945532,3.5,-5.284256735945532,-2.5
2016,15,-2.0,9.119001670713788,6.0,-11.119001670713788,-8.0
2016,15,-28.0,6.864811458252487,5.0,-34.86481145825249,-33.0
2016,15,11.0,2.8418679520795895,4.0,8.158132047920411,7.0
2016,15,-7.0,5.760627606271244,3.0,-12.760627606271244,-10.0
2016,15,28.0,14.943275362940891,13.5,13.056724637059109,14.5
2016,15,-13.0,-0.10146691222580892,-3.0,-12.898533087774192,-10.0
2016,15,-3.0,-0.39105580583912414,-2.5,-2.608944194160876,-0.5
2016,15,6.0,7.348726638950771,7.0,-1.3487266389507706,-1.0
2016,15,-11.0,3.152269100932502,7.0,-14.152269100932502,-18.0
2016,16,5.0,2.842130985829599,2.0,2.157869014170401,3.0
2016,16,-3.0,5.523912222535959,4.5,-8.523912222535959,-7.5
2016,16,-17.0,-1.5688421839091156,-3.0,-15.431157816090884,-14.0
2016,16,-20.0,-2.2140341872248994,-3.0,-17.7859658127751,-17.0
2016,16,3.0,-6.6702988006359085,-4.5,9.670298800635909,7.5
2016,16,13.0,2.991038147964546,6.0,10.008961852035455,7.0
2016,16,21.0,-1.6256708344602426,-4.0,22.625670834460244,25.0
2016,16,38.0,13.72858251072395,17.0,24.27141748927605,21.0
2016,16,8.0,4.653831236290868,3.5,3.346168763709132,4.5
2016,16,-1.0,6.23933902208664,6.0,-7.23933902208664,-7.0
2016,16,7.0,3.348825772702836,3.0,3.651174227297164,4.0
2016,16,-3.0,5.244394572267844,9.0,-8.244394572267844,-12.0
2016,16,2.0,-1.1047742653216566,3.0,3.1047742653216566,-1.0
2016,16,4.0,6.141367178056008,5.5,-2.141367178056008,-1.5
2016,16,23.0,2.823748196107852,3.5,20.17625180389215,19.5
2016,16,21.0,6.132257430312881,6.5,14.867742569687119,14.5
2016,17,17.0,3.193483340626839,-2.5,13.80651665937316,19.5
2016,17,4.0,6.1989976832949445,5.5,-2.1989976832949445,-1.5
2016,17,-21.0,-6.627576630143996,-7.5,-14.372423369856005,-13.5
2016,17,28.0,7.8680996835521935,6.0,20.131900316447805,22.0
2016,17,20.0,-4.877443370540944,-3.5,24.877443370540945,23.5
2016,17,14.0,0.24935414761561903,6.5,13.75064585238438,7.5
2016,17,3.0,15.807908982610334,3.5,-12.807908982610334,-0.5
2016,17,1.0,0.7249868344956936,3.5,0.27501316550430643,-2.5
2016,17,7.0,2.03891609224571,3.0,4.96108390775429,4.0
2016,17,6.0,7.839811536129367,7.5,-1.8398115361293668,-1.5
2016,17,18.0,2.3518084686539025,1.0,15.648191531346097,17.0
2016,17,-38.0,-5.38886008957006,-7.0,-32.61113991042994,-31.0
2016,17,-10.0,-2.4084352157993174,-5.5,-7.591564784200683,-4.5
2016,17,-2.0,-9.740377617235062,-11.5,7.740377617235062,9.5
2016,17,-9.0,3.06873401085891,10.0,-12.06873401085891,-19.0
2016,17,-7.0,-0.9274049583864892,-3.5,-6.072595041613511,-3.5
2017,1,-15.0,4.459555184616846,8.0,-19.459555184616846,-23.0
2017,1,9.0,6.088890556894215,7.0,2.9111094431057847,2.0
2017,1,-6.0,-5.345428618934356,-6.5,-0.6545713810656437,0.5
2017,1,-20.0,1.9082731086618554,2.5,-21.908273108661856,-22.5
2017,1,-3.0,-5.103956793086072,-10.0,2.1039567930860716,7.0
2017,1,12.0,0.2701315166920162,-2.5,11.729868483307984,14.5
2017,1,-22.0,3.017140555115045,5.5,-25.017140555115045,-27.5
2017,1,-10.0,0.49124829205893406,2.5,-10.491248292058934,-12.5
2017,1,-13.0,1.0945068944029583,-2.0,-14.094506894402958,-11.0
2017,1,37.0,-3.0107780983176258,3.5,40.01077809831762,33.5
2017,1,8.0,1.9815542327642917,2.5,6.018445767235709,5.5
2017,1,-20.0,-2.2112363334108482,-4.5,-17.78876366658915,-15.5
2017,1,16.0,4.426519009190953,6.0,11.573480990809047,10.0
2017,1,10.0,1.9821707389641012,3.0,8.0178292610359,7.0
2017,1,3.0,3.6226477527723673,3.0,-0.6226477527723673,0.0
2017,2,-4.0,2.3608757559073195,5.5,-6.360875755907319,-9.5
2017,2,14.0,7.568047457550168,7.5,6.431952542449832,6.5
2017,2,6.0,0.5345542531280998,6.5,5.4654457468719,-0.5
2017,2,-3.0,-3.6481933745477875,-7.0,0.6481933745477875,4.0
2017,2,-21.0,1.4832833378352694,-1.0,-22.48328333783527,-20.0
2017,2,7.0,1.6520299162831455,4.0,5.347970083716854,3.0
2017,2,-16.0,-3.1741791902880725,-5.5,-12.825820809711928,-10.5
2017,2,17.0,0.550721170411558,8.5,16.449278829588444,8.5
2017,2,22.0,3.4084976464451846,7.0,18.591502353554816,15.0
2017,2,-2.0,1.0145114779418902,3.5,-3.0145114779418902,-5.5
2017,2,25.0,6.721787900226273,14.0,18.278212099773725,11.0
2017,2,25.0,-2.644163647182555,-2.5,27.644163647182555,27.5
2017,2,-7.0,0.1267981038683068,3.0,-7.126798103868307,-10.0
2017,2,3.0,7.366468177859263,13.5,-4.366468177859263,-10.5
2017,2,11.0,2.0601178383522734,3.5,8.939882161647727,7.5
2017,2,-14.0,-0.9691463077881868,3.0,-13.030853692211814,-17.0
2017,3,-2.0,-3.0291412622573217,-3.0,1.0291412622573217,1.0
2017,3,10.0,-2.700048624683137,-3.5,12.700048624683138,13.5
2017,3,-21.0,4.0320405213409956,5.5,-25.032040521340996,-26.5
2017,3,6.0,-5.667771586423799,-7.0,11.6677715864238,13.0
2017,3,-4.0,-2.7124765761165497,-3.0,-1.2875234238834503,-1.0
2017,3,3.0,2.5215183679228916,1.0,0.47848163207710837,2.0
2017,3,17.0,1.0614182404817885,-0.0,15.938581759518211,17.0
2017,3,3.0,3.7425438641357136,13.5,-0.7425438641357136,-10.5
2017,3,14.0,-2.6430550687135996,-5.5,16.6430550687136,19.5
2017,3,3.0,7.97542822398438,5.0,-4.97542822398438,-2.0
2017,3,6.0,2.456071975874752,2.0,3.543928024125248,4.0
2017,3,3.0,0.2623612985985657,7.0,2.7376387014014343,-4.0
2017,3,-14.0,-1.9438729226266107,-3.0,-12.05612707737339,-11.0
2017,3,17.0,-2.6430731853008513,-3.5,19.64307318530085,20.5
2017,3,37.0,-5.0997337511848855,-3.0,42.099733751184885,40.0
2017,3,-11.0,-0.1266323324082943,-3.0,-10.873367667591706,-8.0
2017,4,21.0,6.536579615139919,7.5,14.46342038486008,13.5
2017,4,-6.0,5.9468661891454655,8.0,-11.946866189145465,-14.0
2017,4,-17.0,-0.5425555219369853,-3.5,-16.457444478063014,-13.5
2017,4,-24.0,-0.4622157772994395,-3.0,-23.53778422270056,-21.0
2017,4,-5.0,-0.3358086010471659,5.0,-4.664191398952834,-10.0
2017,4,43.0,-2.33851235099256,-2.5,45.33851235099256,45.5
2017,4,-7.0,1.763762953418136,2.5,-8.763762953418135,-9.5
2017,4,-3.0,6.5389318464914465,9.0,-9.538931846491447,-12.0
2017,4,3.0,-3.930321523977435,-4.0,6.930321523977435,7.0
2017,4,3.0,0.9270163812660694,6.5,2.0729836187339306,-3.5
2017,4,-2.0,-1.112940022312098,1.5,-0.887059977687902,-3.5
2017,4,2.0,2.393996026723076,2.5,-0.3939960267230762,-0.5
2017,4,6.0,2.435060963429039,3.5,3.564939036570961,2.5
2017,4,28.0,6.102459855676626,12.5,21.897540144323372,15.5
2017,4,-20.0,-4.5145996727447235,-4.0,-15.485400327255277,-16.0
2017,4,9.0,5.886890286646503,6.5,3.113109713353497,2.5
2017,5,-5.0,-2.3143309944239596,-3.5,-2.6856690055760404,-1.5
2017,5,4.0,-0.4199703024101775,3.0,4.419970302410178,1.0
2017,5,-3.0,-1.1190313608250673,-1.5,-1.8809686391749327,-1.5
2017,5,-3.0,4.502909456949547,2.0,-7.502909456949547,-5.0
2017,5,3.0,2.7224511019130717,-1.0,0.2775488980869283,4.0
2017,5,6.0,-0.14679288897541465,-0.0,6.146792888975415,6.0
2017,5,-5.0,1.6140143464165182,3.0,-6.614014346416518,-8.0
2017,5,27.0,6.227383728473397,6.0,20.7726162715266,21.0
2017,5,-21.0,4.657438852249411,7.5,-25.65743885224941,-28.5
2017,5,-6.0,-0.39590470597430416,2.0,-5.604095294025695,-8.0
2017,5,-13.0,6.421709946229301,3.0,-19.4217099462293,-16.0
2017,5,-4.0,-3.05146247055722,2.5,-0.9485375294427798,-6.5
2017,5,-8.0,-0.714829222677887,-2.0,-7.285170777322113,-6.0
2017,5,-3.0,2.6018603712366546,-3.5,-5.601860371236654,0.5
2017,6,-5.0,-1.976583378809595,3.0,-3.023416621190405,-8.0
2017,6,-3.0,20.463436603587773,14.0,-23.463436603587773,-17.0
2017,6,-3.0,7.7264013068179,5.5,-10.7264013068179,-8.5
2017,6,16.0,9.745810161715823,7.5,6.2541898382841765,8.5
2017,6,13.0,-1.4486502837611024,-3.0,14.448650283761102,16.0
2017,6,14.0,13.399518709092066,6.0,0.6004812909079345,8.0
2017,6,-7.0,-10.516151479456088,-9.0,3.516151479456088,2.0
2017,6,2.0,18.86806613780717,12.0,-16.86806613780717,-10.0
2017,6,5.0,-3.9152193172966268,-2.5,8.915219317296627,7.5
2017,6,-10.0,6.453294588663596,1.0,-16.453294588663596,-11.0
2017,6,-6.0,6.600828526733566,3.5,-12.600828526733565,-9.5
2017,6,-1.0,2.2424612966975337,3.0,-3.2424612966975337,-4.0
2017,6,-13.0,17.64368359093671,14.0,-30.64368359093671,-27.0
2017,6,14.0,5.463222509249862,7.0,8.536777490750138,7.0
2017,7,1.0,-4.172548868688705,-3.0,5.172548868688705,4.0
2017,7,3.0,5.405279189705735,3.0,-2.405279189705735,0.0
2017,7,14.0,-4.874488982171973,-2.5,18.87448898217197,16.5
2017,7,-3.0,-4.821878924587906,-5.5,1.8218789245879057,2.5
2017,7,-9.0,-0.04570181583242583,-3.5,-8.954298184167573,-5.5
2017,7,-27.0,-7.47533300300689,-3.0,-19.524666996993112,-24.0
2017,7,33.0,1.9301218071816828,3.0,31.06987819281832,30.0
2017,7,3.0,2.781481885922708,3.0,0.21851811407729205,0.0
2017,7,8.0,3.931817241223256,5.0,4.068182758776744,3.0
2017,7,-30.0,-7.767828974294116,-6.5,-22.232171025705885,-23.5
2017,7,21.0,-0.6825480426055215,-1.0,21.68254804260552,22.0
2017,7,-17.0,-3.1640373406967424,-4.0,-13.835962659303258,-13.0
2017,7,15.0,1.487469691235206,4.0,13.512530308764795,11.0
2017,7,16.0,2.2608503418150523,3.0,13.739149658184948,13.0
2017,7,10.0,5.665293298566435,5.0,4.334706701433565,5.0
2017,8,40.0,2.3130241475485778,3.0,37.686975852451425,37.0
2017,8,20.0,0.10411781649971985,2.5,19.89588218350028,17.5
2017,8,1.0,7.828840390765098,11.0,-6.828840390765098,-10.0
2017,8,8.0,5.009779364264612,6.5,2.9902206357353878,1.5
2017,8,8.0,8.07496910413695,7.5,-0.07496910413694913,0.5
2017,8,-5.0,-4.12627153476398,-6.5,-0.8737284652360202,1.5
2017,8,23.0,12.207390609455214,13.0,10.792609390544786,10.0
2017,8,-14.0,1.199945927350773,1.5,-15.199945927350774,-15.5
2017,8,3.0,-0.8301439522645477,6.0,3.8301439522645477,-3.0
2017,8,-14.0,-1.4216173345303509,-3.0,-12.578382665469649,-11.0
2017,8,-5.0,2.367310741899811,-3.0,-7.367310741899811,-2.0
2017,8,-17.0,-10.154746810608895,-11.0,-6.845253189391105,-6.0
2017,8,10.0,8.163039777995081,7.0,1.8369602220049188,3.0
2017,9,13.0,-4.504385402754077,-3.0,17.504385402754078,16.0
2017,9,3.0,0.100799789969374,-3.0,2.8992002100306262,6.0
2017,9,-6.0,10.05884668127406,6.0,-16.058846681274062,-12.0
2017,9,16.0,8.611919006868495,6.0,7.388080993131505,10.0
2017,9,20.0,6.6117237748765,7.0,13.3882762251235,13.0
2017,9,-34.0,-1.2880424170970268,-5.5,-32.711957582902976,-28.5
2017,9,28.0,6.983705191812848,7.0,21.01629480818715,21.0
2017,9,3.0,-0.16878800136610517,3.0,3.168788001366105,0.0
2017,9,-3.0,4.647492703088411,8.0,-7.647492703088411,-11.0
2017,9,-10.0,-3.6707229784761175,-2.5,-6.3292770215238825,-7.5
2017,9,11.0,-0.10637354678374172,2.0,11.106373546783741,9.0
2017,9,-3.0,-1.419071340056034,-3.0,-1.580928659943966,0.0
2017,9,-13.0,4.672236675565282,-2.5,-17.67223667556528,-10.5
2017,10,-6.0,-4.364481730199939,-6.0,-1.6355182698000608,0.0
2017,10,-37.0,-0.7692240189440562,-2.0,-36.23077598105594,-35.0
2017,10,-7.0,0.658573915886544,4.5,-7.658573915886544,-11.5
2017,10,14.0,8.686323345573982,10.5,5.313676654426018,3.5
2017,10,-3.0,-10.846105331482452,-10.5,7.846105331482452,7.5
2017,10,3.0,3.084678537527177,5.0,-0.0846785375271768,-2.0
2017,10,5.0,1.193031427647928,1.0,3.806968572352072,4.0
2017,10,4.0,1.7781633885858679,4.5,2.2218366114141324,-0.5
2017,10,-8.0,-2.8879160848426735,-1.0,-5.112083915157326,-7.0
2017,10,26.0,5.163181455994863,12.0,20.836818544005137,14.0
2017,10,20.0,-0.830217180299675,3.5,20.830217180299677,16.5
2017,10,10.0,-2.561734428945074,-3.0,12.561734428945075,13.0
2017,10,-25.0,-6.980625022849361,-7.0,-18.01937497715064,-18.0
2017,10,24.0,6.647538187452405,8.0,17.352461812547595,16.0
2017,11,23.0,6.7928640300391745,7.0,16.207135969960824,16.0
2017,11,-3.0,-3.5553480803894613,-3.0,0.5553480803894613,0.0
2017,11,-12.0,-10.838318827804109,-7.5,-1.161681172195891,-4.5
2017,11,-23.0,0.20217475956562492,-2.5,-23.202174759565626,-20.5
2017,11,10.0,3.6527893601285912,2.5,6.347210639871409,7.5
2017,11,-10.0,-1.6027904194051334,-1.0,-8.397209580594867,-9.0
2017,11,17.0,-0.059146889716966466,1.0,17.059146889716967,16.0
2017,11,3.0,8.061484515534522,9.5,-5.061484515534522,-6.5
2017,11,3.0,-8.679846377679414,-10.0,11.679846377679414,13.0
2017,11,30.0,2.8636985906412202,7.0,27.13630140935878,23.0
2017,11,-3.0,1.116475440097807,2.5,-4.1164754400978065,-5.5
2017,11,-25.0,-5.245101513655145,-7.0,-19.754898486344857,-18.0
2017,11,-28.0,-3.08739072966318,-6.0,-24.91260927033682,-22.0
2017,11,-3.0,1.8896964206902165,1.0,-4.889696420690217,-4.0
2017,12,-7.0,-0.1807556363552405,-2.5,-6.81924436364476,-4.5
2017,12,-22.0,1.7257653013570329,-1.0,-23.725765301357033,-21.0
2017,12,10.0,5.425899854761218,7.0,4.574100145238782,3.0
2017,12,14.0,6.123647805934341,10.5,7.876352194065659,3.5
2017,12,14.0,8.182366000656744,7.5,5.817633999343256,6.5
2017,12,-4.0,-0.38035135481601334,-3.0,-3.619648645183987,-1.0
2017,12,-6.0,8.50169455411343,8.5,-14.50169455411343,-14.5
2017,12,18.0,14.562490371933361,17.0,3.437509628066639,1.0
2017,12,-8.0,-3.401527630341607,-5.5,-4.598472369658393,-2.5
2017,12,28.0,12.46306241461137,14.0,15.53693758538863,14.0
2017,12,-11.0,-4.501529995177231,-7.0,-6.498470004822769,-4.0
2017,12,3.0,-6.4708638578201345,-6.5,9.470863857820135,9.5
2017,12,6.0,-0.5615008074828709,2.5,6.5615008074828705,3.5
2017,12,7.0,2.7062528032254463,3.5,4.293747196774554,3.5
2017,12,3.0,7.368337720919817,14.0,-4.368337720919817,-11.0
2017,12,7.0,4.508622253718059,7.5,2.491377746281941,-0.5
2017,13,24.0,1.5785286850740115,-1.5,22.421471314925988,25.5
2017,13,-5.0,0.11225923617254985,2.0,-5.11225923617255,-7.0
2017,13,24.0,1.2864359786252941,2.5,22.713564021374705,21.5
2017,13,-20.0,-7.345567453552526,-7.5,-12.654432546447474,-12.5
2017,13,-1.0,4.774827089309516,2.5,-5.774827089309516,-3.5
2017,13,6.0,3.5746367572388786,3.0,2.4253632427611214,3.0
2017,13,20.0,11.686538153967486,10.0,8.313461846032514,10.0
2017,13,26.0,-1.0602241494576905,-1.0,27.06022414945769,27.0
2017,13,7.0,-5.6253344750088665,-3.5,12.625334475008867,10.5
2017,13,11.0,0.3648034447236467,7.0,10.635196555276353,4.0
2017,13,9.0,14.016201630210954,13.5,-5.016201630210954,-4.5
2017,13,-16.0,-5.991448273888844,-7.5,-10.008551726111156,-8.5
2017,13,10.0,5.520120922656862,5.5,4.479879077343138,4.5
2017,13,7.0,3.0863086680416956,10.0,3.9136913319583044,-3.0
2017,13,14.0,-4.226040463771845,-3.5,18.226040463771845,17.5
2017,13,-3.0,-4.050804259577806,-4.5,1.0508042595778058,1.5
2017,14,3.0,-0.594645419647581,2.5,3.594645419647581,0.5
2017,14,6.0,6.250049945493869,3.5,-0.2500499454938687,2.5
2017,14,7.0,-0.33225872721598826,-2.5,7.332258727215988,9.5
2017,14,-26.0,4.748540689527771,6.0,-30.748540689527772,-32.0
2017,14,-6.0,-6.047137876291643,-2.5,0.04713787629164301,-3.5
2017,14,-10.0,7.920020060425012,1.0,-17.92002006042501,-11.0
2017,14,11.0,6.534798501975585,4.5,4.465201498024415,6.5
2017,14,-20.0,-3.5397544046770912,-4.0,-16.46024559532291,-16.0
2017,14,-3.0,-0.36441773931310273,-0.0,-2.6355822606868973,-3.0
2017,14,5.0,-0.1512867047792108,-2.5,5.151286704779211,7.5
2017,14,23.0,0.9662487286986203,-1.0,22.03375127130138,24.0
2017,14,17.0,4.71291614847211,6.0,12.287083851527889,11.0
2017,14,6.0,3.403537594461754,3.0,2.596462405538246,3.0
2017,14,-8.0,-0.34916868433841675,-1.0,-7.650831315661583,-7.0
2017,14,1.0,2.7883462377937875,6.0,-1.7883462377937875,-5.0
2017,14,7.0,-9.967626002633867,-10.0,16.967626002633867,17.0
2017,15,-12.0,-1.0129949932765756,-3.0,-10.987005006723425,-9.0
2017,15,10.0,5.742870356971618,5.0,4.257129643028382,5.0
2017,15,17.0,2.003353067520692,1.0,14.996646932479308,16.0
2017,15,8.0,3.4805950370381606,3.5,4.51940496296184,4.5
2017,15,7.0,4.529526941032248,3.0,2.4704730589677517,4.0
2017,15,-17.0,-9.755730790048329,-6.5,-7.244269209951671,-10.5
2017,15,38.0,8.585115597042138,10.5,29.41488440295786,27.5
2017,15,27.0,9.429377744854008,12.5,17.57062225514599,14.5
2017,15,12.0,12.820582078565407,16.5,-0.8205820785654065,-4.5
2017,15,-5.0,-10.12329601811348,-7.5,5.12329601811348,2.5
2017,15,5.0,5.002804531597496,4.0,-0.0028045315974960516,1.0
2017,15,-35.0,0.9495431167088566,-1.0,-35.94954311670886,-34.0
2017,15,-3.0,-0.8636397695070218,-2.5,-2.1363602304929783,-0.5
2017,15,2.0,-1.5931497671213926,2.5,3.5931497671213926,-0.5
2017,15,-3.0,-1.523780564627693,-3.0,-1.476219435372307,0.0
2017,15,-3.0,-4.062241953239316,-7.0,1.0622419532393161,4.0
2017,16,7.0,12.310057017766425,13.5,-5.310057017766425,-6.5
2017,16,-16.0,-2.864148342997962,-8.5,-13.135851657002037,-7.5
2017,16,3.0,7.054198817472715,10.0,-4.054198817472715,-7.0
2017,16,17.0,8.515286282428082,5.5,8.484713717571918,11.5
2017,16,9.0,-2.777325149026789,-3.0,11.777325149026789,12.0
2017,16,16.0,9.843904436811098,11.0,6.156095563188902,5.0
2017,16,21.0,11.849502794189954,11.0,9.150497205810046,10.0
2017,16,10.0,5.124183622058439,5.5,4.875816377941561,4.5
2017,16,-7.0,-4.489186059850459,-7.5,-2.510813940149541,0.5
2017,16,-4.0,-6.027746167942416,-5.5,2.027746167942416,1.5
2017,16,16.0,3.6256276914803216,3.0,12.374372308519678,13.0
2017,16,11.0,-8.954839032474405,-4.0,19.954839032474403,15.0
2017,16,23.0,2.847127908355224,3.0,20.152872091644777,20.0
2017,16,-9.0,3.0472222958640645,4.5,-12.047222295864064,-13.5
2017,16,-28.0,-4.916736455846763,-8.0,-23.083263544153237,-20.0
2017,16,9.0,11.529558566677698,10.0,-2.5295585666776983,-1.0
2017,17,24.0,3.428277763582608,7.5,20.571722236417394,16.5
2017,17,9.0,0.3139442880266364,5.5,8.686055711973363,3.5
2017,17,13.0,10.825970961515427,13.5,2.174029038484573,-0.5
2017,17,20.0,14.155598330423572,17.0,5.844401669576428,3.0
2017,17,8.0,-2.3474422279872784,-5.0,10.347442227987278,13.0
2017,17,-6.0,8.035032517070336,-3.5,-14.035032517070336,-2.5
2017,17,4.0,16.41917334814995,5.0,-12.41917334814995,-1.0
2017,17,12.0,3.2912542575113433,5.0,8.708745742488656,7.0
2017,17,-4.0,9.46001498508961,8.0,-13.46001498508961,-12.0
2017,17,-3.0,-4.804510902175956,3.0,1.8045109021759558,-6.0
2017,17,-21.0,13.272179905846013,-6.5,-34.272179905846016,-14.5
2017,17,20.0,6.86830343800133,7.0,13.13169656199867,13.0
2017,17,-6.0,1.1116040643448613,-2.5,-7.111604064344862,-3.5
2017,17,-2.0,7.32778197656792,8.0,-9.32778197656792,-10.0
2017,17,7.0,-5.691336482019498,-6.0,12.691336482019498,13.0
2017,17,5.0,-4.523997250223266,2.5,9.523997250223266,2.5
2018,1,6.0,5.034777666000442,1.0,0.9652223339995576,5.0
2018,1,44.0,5.947610911423654,7.5,38.05238908857635,36.5
2018,1,0.0,-5.517551609695719,-3.5,5.517551609695719,3.5
2018,1,-11.0,-0.2155854822089296,-1.0,-10.78441451779107,-10.0
2018,1,7.0,0.269576921197731,-1.0,6.730423078802269,8.0
2018,1,8.0,7.2831123145131365,6.0,0.7168876854868635,2.0
2018,1,7.0,9.117289787364761,6.0,-2.1172897873647614,1.0
2018,1,-8.0,6.8911233317258205,10.0,-14.89112333172582,-18.0
2018,1,-5.0,-5.18199833496066,-2.5,0.1819983349606602,-2.5
2018,1,-10.0,2.314446369360737,3.5,-12.314446369360738,-13.5
2018,1,-18.0,1.0783692411538248,2.0,-19.078369241153826,-20.0
2018,1,8.0,2.900035087318239,2.5,5.099964912681761,5.5
2018,1,3.0,-1.7867438164817608,3.0,4.786743816481761,0.0
2018,1,1.0,1.8920790998785288,6.5,-0.8920790998785288,-5.5
2018,1,-31.0,5.558875993246982,7.0,-36.558875993246986,-38.0
2018,1,-20.0,-4.299971586572227,-6.0,-15.700028413427773,-14.0
2018,2,11.0,-8.395236603551638,1.0,19.395236603551638,10.0
2018,2,7.0,-2.279410057982319,5.5,9.279410057982318,1.5
2018,2,-11.0,-8.133095008144387,-7.5,-2.8669049918556126,-3.5
2018,2,0.0,-6.338450615004234,-2.0,6.338450615004234,2.0
2018,2,3.0,5.6565583387690666,10.0,-2.6565583387690666,-7.0
2018,2,-8.0,1.9431844003743488,3.0,-9.94318440037435,-11.0
2018,2,-5.0,-1.9814254934578204,4.5,-3.01857450654218,-9.5
2018,2,6.0,-5.743634052637216,-3.0,11.743634052637216,9.0
2018,2,3.0,-0.2738267331147419,-3.5,3.273826733114742,6.5
2018,2,-12.0,4.846094240763483,6.0,-16.846094240763485,-18.0
2018,2,34.0,8.011287671824295,13.5,25.988712328175705,20.5
2018,2,3.0,-0.5199345414583876,6.0,3.5199345414583876,-3.0
2018,2,1.0,0.12866268231418942,5.5,0.8713373176858106,-4.5
2018,2,11.0,-1.997887517652671,-2.0,12.997887517652671,13.0
2018,2,7.0,2.0832399575582783,3.0,4.916760042441721,4.0
2018,2,7.0,-2.5134104782039564,5.0,9.513410478203957,2.0
2018,3,4.0,-2.607420892520522,3.0,6.607420892520522,1.0
2018,3,-6.0,1.4374290821180291,1.5,-7.4374290821180296,-7.5
2018,3,13.0,5.54368700298088,5.5,7.45631299701912,7.5
2018,3,10.0,4.418829533473408,2.5,5.581170466526592,7.5
2018,3,-5.0,2.0556852577347327,6.5,-7.055685257734733,-11.5
2018,3,-3.0,7.508136362023509,10.0,-10.50813636202351,-13.0
2018,3,11.0,6.165015011133654,6.0,4.834984988866346,5.0
2018,3,8.0,3.593826775457744,3.0,4.406173224542256,5.0
2018,3,-21.0,11.403192759850908,16.5,-32.40319275985091,-37.5
2018,3,4.0,8.805309315391328,6.5,-4.805309315391328,-2.5
2018,3,14.0,1.1585672418526403,-2.5,12.84143275814736,16.5
2018,3,12.0,7.782086555855865,7.5,4.217913444144135,4.5
2018,3,-2.0,-5.074580047402726,-6.0,3.0745800474027263,4.0
2018,3,11.0,1.6645220186980323,1.0,9.335477981301967,10.0
2018,3,16.0,-4.576620756391079,-7.0,20.57662075639108,23.0
2018,3,-3.0,0.6616383053303392,1.0,-3.661638305330339,-4.0
2018,4,7.0,9.09719755059744,7.5,-2.097197550597439,-0.5
2018,4,-1.0,2.7075705416492166,3.5,-3.7075705416492166,-4.5
2018,4,38.0,-0.387441009265161,3.0,38.38744100926516,35.0
2018,4,2.0,2.289270548041642,2.5,-0.289270548041642,-0.5
2018,4,22.0,3.0450771248182855,8.5,18.954922875181715,13.5
2018,4,-3.0,2.190686311204117,-1.0,-5.190686311204117,-2.0
2018,4,19.0,7.687822738900455,7.5,11.312177261099546,11.5
2018,4,31.0,3.503411583713397,6.5,27.496588416286603,24.5
2018,4,3.0,-2.772358309158381,-3.0,5.772358309158381,6.0
2018,4,-3.0,-4.440352956846574,-3.5,1.4403529568465743,0.5
2018,4,3.0,3.536213581297403,2.5,-0.5362135812974032,0.5
2018,4,2.0,4.874726621638978,10.0,-2.8747266216389784,-8.0
2018,4,-15.0,-4.079788896473963,-3.5,-10.920211103526036,-11.5
2018,4,-12.0,-0.7217000803736249,3.0,-11.278299919626376,-15.0
2018,4,-4.0,-5.367655477074623,-3.5,1.3676554770746234,-0.5
2018,5,14.0,9.542542763153286,10.5,4.4574572368467145,3.5
2018,5,1.0,-1.7623369816238408,-6.0,2.762336981623841,7.0
2018,5,2.0,4.954980865169713,7.0,-2.9549808651697127,-5.0
2018,5,10.0,6.133622204225304,6.0,3.866377795774696,4.0
2018,5,3.0,-6.582228575730822,-3.0,9.582228575730822,6.0
2018,5,8.0,2.359827782600094,1.0,5.640172217399906,7.0
2018,5,16.0,2.6430613932244342,3.0,13.356938606775566,13.0
2018,5,18.0,3.8937471701366286,-1.0,14.106252829863372,19.0
2018,5,24.0,2.675220300605556,3.5,21.324779699394444,20.5
2018,5,16.0,7.483394003923326,5.5,8.516605996076674,10.5
2018,5,-2.0,5.780644280688357,3.5,-7.780644280688357,-5.5
2018,5,-2.0,-3.0109815648087315,-7.5,1.0109815648087315,5.5
2018,5,-10.0,6.564214201667305,3.0,-16.564214201667305,-13.0
2018,5,3.0,0.40492754272732645,3.5,2.5950724572726735,-0.5
2018,5,24.0,8.887499824207287,5.5,15.112500175792713,18.5
2018,6,-21.0,-2.288069756941944,-1.5,-18.711930243058056,-19.5
2018,6,5.0,12.20893639646967,3.0,-7.208936396469671,2.0
2018,6,-7.0,2.112977037029309,1.0,-9.112977037029308,-8.0
2018,6,-24.0,-0.5507161733550898,1.0,-23.44928382664491,-25.0
2018,6,7.0,5.603214578428282,10.5,1.3967854215717184,-3.5
2018,6,3.0,5.004350190549411,-7.5,-2.0043501905494114,10.5
2018,6,10.0,9.41852214255621,10.0,0.5814778574437902,0.0
2018,6,8.0,10.114552791096308,2.5,-2.1145527910963082,5.5
2018,6,-24.0,-5.352946566197577,-3.0,-18.647053433802423,-21.0
2018,6,6.0,2.5772304539461426,-1.0,3.4227695460538574,7.0
2018,6,-3.0,-8.598434392471578,-7.0,5.598434392471578,4.0
2018,6,33.0,-0.4401934835141783,-3.0,33.44019348351418,36.0
2018,6,-21.0,-2.5797108810757665,-2.5,-18.420289118924234,-18.5
2018,6,3.0,-0.5627900252276627,4.0,3.5627900252276627,-1.0
2018,6,3.0,4.799811666199673,9.0,-1.7998116661996733,-6.0
2018,7,-35.0,2.786965719142916,-1.0,-37.78696571914291,-34.0
2018,7,-7.0,2.1901047000140155,-1.0,-9.190104700014015,-6.0
2018,7,32.0,4.356100780923514,7.0,27.643899219076488,25.0
2018,7,-13.0,6.6999976609135174,4.0,-19.699997660913517,-17.0
2018,7,-11.0,6.174420379183659,-3.0,-17.17442037918366,-8.0
2018,7,-20.0,1.0871155573488758,-3.5,-21.087115557348877,-16.5
2018,7,-4.0,3.0017697331112556,5.0,-7.001769733111256,-9.0
2018,7,3.0,5.592723894900381,3.5,-2.592723894900381,-0.5
2018,7,-1.0,10.871542195644489,2.5,-11.871542195644489,-3.5
2018,7,-29.0,-5.795940170144419,-8.0,-23.20405982985558,-21.0
2018,7,3.0,1.121119283522055,-1.5,1.878880716477945,4.5
2018,7,35.0,7.630678068583345,6.5,27.369321931416657,28.5
2018,7,1.0,5.127475817484354,6.5,-4.127475817484354,-5.5
2018,7,3.0,9.861382227803936,4.5,-6.8613822278039365,-1.5
2018,8,19.0,5.387984902737806,7.5,13.612015097262194,11.5
2018,8,15.0,-1.7470311445459017,-2.5,16.7470311445459,17.5
2018,8,14.0,5.741016330273695,8.5,8.258983669726305,5.5
2018,8,3.0,3.1384230096984598,3.5,-0.13842300969845978,-0.5
2018,8,-14.0,2.8509206564429683,3.0,-16.85092065644297,-17.0
2018,8,7.0,11.097169263171596,8.5,-4.097169263171596,-1.5
2018,8,-7.0,-1.1360850954787862,-1.0,-5.863914904521214,-6.0
2018,8,15.0,7.136964328375848,8.5,7.863035671624152,6.5
2018,8,-14.0,-3.1822993259519223,-3.5,-10.817700674048078,-10.5
2018,8,3.0,-1.3873413470103122,-2.5,4.387341347010312,5.5
2018,8,2.0,14.904393959515032,7.5,-12.904393959515032,-5.5
2018,8,-10.0,0.5467407677924188,-2.5,-10.546740767792418,-7.5
2018,8,-6.0,-2.827199047194208,-4.0,-3.172800952805792,-2.0
2018,8,-19.0,-8.49203547548612,-13.5,-10.50796452451388,-5.5
2018,9,31.0,4.673707479934137,-1.5,26.326292520065863,32.5
2018,9,-7.0,3.8957014714884903,1.5,-10.89570147148849,-8.5
2018,9,-32.0,-6.7417469199384,-10.5,-25.2582530800616,-21.5
2018,9,14.0,7.032232610911164,6.0,6.967767389088836,8.0
2018,9,-16.0,-8.509461872227543,-7.5,-7.4905381277724565,-8.5
2018,9,7.0,-0.2112785352777983,3.0,7.211278535277798,4.0
2018,9,15.0,4.925731523528055,4.5,10.074268476471945,10.5
2018,9,-24.0,3.4761848523437604,1.5,-27.47618485234376,-25.5
2018,9,-2.0,1.9848465540601694,1.0,-3.9848465540601694,-3.0
2018,9,-8.0,3.5443828179926125,1.0,-11.544382817992613,-9.0
2018,9,10.0,-0.7074040386132006,-2.5,10.7074040386132,12.5
2018,9,14.0,8.26180788151305,5.0,5.73819211848695,9.0
2018,9,-14.0,6.258780396080554,4.5,-20.258780396080553,-18.5
2018,10,31.0,3.162724910556613,3.5,27.837275089443388,27.5
2018,10,12.0,6.8990492069861915,7.5,5.1009507930138085,4.5
2018,10,-37.0,-2.3796624453769644,-5.5,-34.620337554623035,-31.5
2018,10,12.0,-3.5687921878672144,-5.5,15.568792187867214,17.5
2018,10,3.0,0.753856007392979,3.0,2.246143992607021,0.0
2018,10,12.0,13.207138671835505,16.5,-1.207138671835505,-4.5
2018,10,-31.0,8.239892752431736,6.5,-39.239892752431736,-37.5
2018,10,-13.0,1.643189428346541,3.5,-14.643189428346542,-16.5
2018,10,24.0,-4.5292712250457665,-6.0,28.52927122504577,30.0
2018,10,-14.0,-7.5859185555089,-10.5,-6.4140814444911,-3.5
2018,10,19.0,5.057162114007939,13.0,13.942837885992061,6.0
2018,10,5.0,7.448763737148006,10.0,-2.448763737148006,-5.0
2018,10,-7.0,8.081462511808443,7.5,-15.081462511808443,-14.5
2018,10,-4.0,2.7305501864752557,3.0,-6.730550186475256,-7.0
2018,11,3.0,4.8473054838532565,3.0,-1.8473054838532565,0.0
2018,11,-3.0,1.0652342950928222,3.5,-4.065234295092822,-6.5
2018,11,3.0,9.19827526777312,6.5,-6.19827526777312,-3.5
2018,11,1.0,-0.8513687093834444,-4.0,1.8513687093834443,5.0
2018,11,28.0,-0.4018916378780957,2.0,28.401891637878094,26.0
2018,11,-4.0,-3.531424455638109,-4.0,-0.4685755443618911,0.0
2018,11,3.0,1.056850317058421,3.0,1.943149682941579,0.0
2018,11,-2.0,1.8326651400569152,-3.0,-3.832665140056915,1.0
2018,11,-2.0,4.151664526697122,4.5,-6.151664526697122,-6.5
2018,11,-1.0,7.583048078058132,7.5,-8.583048078058132,-8.5
2018,11,41.0,7.010857732746423,7.0,33.98914226725358,34.0
2018,11,5.0,3.7318442156696654,2.5,1.2681557843303346,2.5
2018,11,3.0,3.029053858854103,3.0,-0.029053858854103165,0.0
2018,12,-7.0,-3.1623801643050147,-3.0,-3.8376198356949853,-4.0
2018,12,8.0,4.151774519569362,7.0,3.8482254804306377,1.0
2018,12,14.0,11.813102828342725,11.5,2.186897171657275,2.5
2018,12,17.0,14.210809903017365,13.0,2.789190096982635,4.0
2018,12,3.0,-3.534503522742806,-3.0,6.534503522742806,6.0
2018,12,-3.0,0.6666859266639256,3.0,-3.6666859266639253,-6.0
2018,12,-15.0,3.3330797738353546,-1.0,-18.333079773835355,-14.0
2018,12,-14.0,-6.413308440784542,-13.0,-7.586691559215458,-1.0
2018,12,3.0,6.91887113096832,4.5,-3.91887113096832,-1.5
2018,12,18.0,1.9481508643427587,1.5,16.051849135657243,16.5
2018,12,35.0,11.836132222111049,14.0,23.163867777888953,21.0
2018,12,7.0,-4.092764110366191,-3.0,11.09276411036619,10.0
2018,12,3.0,7.240426283113153,9.0,-4.240426283113153,-6.0
2018,12,7.0,4.736008293805754,4.0,2.263991706194246,3.0
2018,12,17.0,3.317142960107855,3.5,13.682857039892145,13.5
2018,13,3.0,-5.693890508306966,-7.0,8.693890508306966,10.0
2018,13,-10.0,-1.5168191533879765,2.5,-8.483180846612024,-12.5
2018,13,-14.0,-0.7017804673286454,-3.5,-13.298219532671354,-10.5
2018,13,-14.0,-7.496770888434746,-10.5,-6.503229111565254,-3.5
2018,13,-3.0,9.909924435526042,13.5,-12.909924435526042,-16.5
2018,13,16.0,6.2661466684950895,5.0,9.73385333150491,11.0
2018,13,6.0,2.3608958955092656,-4.0,3.6391041044907344,10.0
2018,13,4.0,3.3467177275116176,3.5,0.6532822724883824,0.5
2018,13,3.0,-5.4869985087491475,-3.5,8.486998508749148,6.5
2018,13,7.0,-0.6221924474749643,-3.5,7.622192447474964,10.5
2018,13,-7.0,-12.848443155591227,-14.0,5.848443155591227,7.0
2018,13,4.0,5.87649286696899,10.5,-1.8764928669689898,-6.5
2018,13,14.0,4.745159430044298,6.0,9.254840569955702,8.0
2018,13,27.0,9.198028673483892,10.0,17.80197132651611,17.0
2018,13,-3.0,2.9916990079169445,3.5,-5.991699007916944,-6.5
2018,13,15.0,3.5498997408949595,5.5,11.45010025910504,9.5
2018,14,21.0,1.790302184013166,5.5,19.209697815986836,15.5
2018,14,-4.0,1.6677922451139677,4.5,-5.667792245113968,-8.5
2018,14,6.0,-1.2291168452086243,-1.0,7.229116845208624,7.0
2018,14,14.0,2.5348171795227277,4.0,11.465182820477272,10.0
2018,14,-3.0,4.735859565374767,4.0,-7.735859565374767,-7.0
2018,14,3.0,4.869959511996991,6.5,-1.8699595119969912,-3.5
2018,14,1.0,-7.283890944570552,-8.5,8.283890944570551,9.5
2018,14,-14.0,-8.68999932739599,-8.5,-5.31000067260401,-5.5
2018,14,-24.0,4.560175201221116,-3.0,-28.560175201221117,-21.0
2018,14,5.0,11.96376803109473,17.0,-6.96376803109473,-12.0
2018,14,6.0,-2.213052969045707,-3.0,8.213052969045707,9.0
2018,14,-14.0,-2.0026188517549928,-2.5,-11.997381148245008,-11.5
2018,14,6.0,3.6925217304359452,3.5,2.3074782695640548,2.5
2018,14,3.0,-9.250829816818662,-10.5,12.250829816818662,13.5
2018,14,9.0,-1.9452249283173924,-3.0,10.945224928317392,12.0
2018,14,14.0,4.707061974102581,3.0,9.292938025897419,11.0
2018,15,-1.0,4.791115020418074,3.5,-5.791115020418074,-4.5
2018,15,-7.0,-2.6820891837902123,-7.0,-4.317910816209787,0.0
2018,15,-1.0,6.066918958095388,1.0,-7.066918958095388,-2.0
2018,15,26.0,9.102657445338156,10.0,16.897342554661844,16.0
2018,15,8.0,9.87093180614597,8.5,-1.87093180614597,-0.5
2018,15,1.0,-1.5965849492855804,2.5,2.5965849492855804,-1.5
2018,15,7.0,7.499820637380534,6.0,-0.49982063738053384,1.0
2018,15,14.0,5.553025178866161,3.0,8.44697482113384,11.0
2018,15,23.0,0.8043120250121025,3.0,22.195687974987898,20.0
2018,15,-3.0,4.729136141186643,7.5,-7.729136141186643,-10.5
2018,15,24.0,8.732005569876621,7.5,15.267994430123379,16.5
2018,15,-17.0,0.8697799191445375,-2.5,-17.869779919144538,-14.5
2018,15,3.0,-5.414344503819052,-3.5,8.414344503819052,6.5
2018,15,7.0,2.1329180915815003,-2.5,4.8670819084185,9.5
2018,15,-7.0,9.836281647612502,13.5,-16.836281647612502,-20.5
2018,15,-3.0,-6.291183790226697,-6.0,3.2911837902266967,3.0
2018,16,9.0,5.680536013061567,12.5,3.319463986938433,-3.5
2018,16,-12.0,3.448140844838885,4.0,-15.448140844838885,-16.0
2018,16,-14.0,3.656434995711802,-2.5,-17.656434995711802,-11.5
2018,16,8.0,3.8847131919751035,10.0,4.115286808024896,-2.0
2018,16,7.0,6.104654245295844,7.0,0.8953457547041559,0.0
2018,16,-18.0,-0.9528644915841045,-6.5,-17.047135508415895,-11.5
2018,16,1.0,6.538514321604971,10.0,-5.538514321604971,-9.0
2018,16,-10.0,-0.8130190168414577,3.0,-9.186980983158541,-13.0
2018,16,12.0,13.259038818787204,14.0,-1.2590388187872037,-2.0
2018,16,-6.0,-1.0193129082068197,-3.0,-4.980687091793181,-3.0
2018,16,2.0,3.024808489837807,1.0,-1.024808489837807,1.0
2018,16,-22.0,-12.396985339230804,-14.5,-9.603014660769196,-7.5
2018,16,-5.0,-4.999034192119938,-3.5,-0.000965807880062286,-1.5
2018,16,3.0,7.852444453290768,6.5,-4.852444453290768,-3.5
2018,16,7.0,0.09571110063736105,-1.0,6.904288899362639,8.0
2018,16,13.0,-4.024100728562457,-2.5,17.02410072856246,15.5
2018,17,25.0,2.3734362361325956,5.5,22.626563763867406,19.5
2018,17,-31.0,5.03495289450804,7.5,-36.03495289450804,-38.5
2018,17,17.0,5.1243762402400765,7.0,11.875623759759923,10.0
2018,17,35.0,11.880940737504279,14.0,23.11905926249572,21.0
2018,17,-19.0,12.157452050736502,8.0,-31.157452050736502,-27.0
2018,17,-1.0,-0.8980195045214416,7.5,-0.10198049547855836,-8.5
2018,17,-2.0,0.16772492751589185,-2.5,-2.167724927515892,0.5
2018,17,2.0,10.674369574116035,7.0,-8.674369574116035,-5.0
2018,17,-14.0,-2.6801829634844143,-7.0,-11.319817036515586,-7.0
2018,17,32.0,15.192845957867835,14.5,16.807154042132165,17.5
2018,17,16.0,13.955656439586535,10.5,2.0443435604134645,5.5
2018,17,-14.0,1.4063638812439843,6.0,-15.406363881243983,-20.0
2018,17,3.0,10.982005288916323,14.0,-7.982005288916323,-11.0
2018,17,3.0,15.358425746846027,15.5,-12.358425746846027,-12.5
2018,17,-24.0,-1.4789871792581881,-6.0,-22.521012820741813,-18.0
2018,17,-16.0,2.637600670185514,-5.0,-18.637600670185513,-11.0
2019,1,-7.0,6.46166571527492,3.5,-13.46166571527492,-10.5
2019,1,-3.0,-1.8341281156903193,-1.5,-1.1658718843096807,-1.5
2019,1,-30.0,1.37429419929201,5.5,-31.37429419929201,-35.5
2019,1,-14.0,-3.7695127082517206,-3.5,-10.230487291748279,-10.5
2019,1,-49.0,-4.637150599663396,-7.0,-44.3628494003366,-42.0
2019,1,16.0,2.854862907225274,3.5,13.145137092774727,12.5
2019,1,-1.0,1.7630115832307944,2.5,-2.7630115832307944,-3.5
2019,1,5.0,5.066737202746619,10.5,-0.06673720274661932,-5.5
2019,1,6.0,2.9179349460367012,6.0,3.0820650539632988,0.0
2019,1,1.0,6.254358832341731,9.5,-5.254358832341731,-8.5
2019,1,0.0,-2.242196265320286,-2.5,2.242196265320286,2.5
2019,1,18.0,3.6664889916172068,7.0,14.333511008382793,11.0
2019,1,-14.0,3.1443358732970594,1.0,-17.14433587329706,-15.0
2019,1,30.0,2.688076596260663,5.5,27.311923403739335,24.5
2019,1,2.0,4.473454569829952,6.5,-2.4734545698299524,-4.5
2019,1,8.0,-2.080460393597909,-3.0,10.080460393597908,11.0
2019,2,-6.0,1.7413287537606614,6.5,-7.741328753760661,-12.5
2019,2,6.0,10.479185556745099,13.0,-4.479185556745099,-7.0
2019,2,-24.0,-2.124510153639183,1.0,-21.875489846360818,-25.0
2019,2,3.0,-6.741275372783367,-1.0,9.741275372783367,4.0
2019,2,5.0,-3.681936920832431,3.0,8.681936920832431,2.0
2019,2,1.0,2.883476608147202,7.5,-1.8834766081472019,-6.5
2019,2,-43.0,-15.251686520111912,-18.0,-27.74831347988809,-25.0
2019,2,-14.0,-1.342435543696373,-1.0,-12.657564456303627,-13.0
2019,2,-2.0,-4.3467508502776555,4.0,2.3467508502776555,-6.0
2019,2,-2.0,0.1130005882862446,3.0,-2.1130005882862446,-5.0
2019,2,-10.0,-6.472506943622329,-6.0,-3.527493056377671,-4.0
2019,2,-18.0,-9.509185652010743,-7.0,-8.490814347989257,-11.0
2019,2,-2.0,-5.726850278105199,-3.0,3.726850278105199,1.0
2019,2,18.0,-2.32568303722993,2.0,20.32568303722993,16.0
2019,2,4.0,-4.477468134164748,-1.0,8.477468134164749,5.0
2019,2,-20.0,-1.4530359033624183,-6.5,-18.54696409663758,-13.5
2019,3,13.0,-7.992643723278835,-1.5,20.992643723278835,14.5
2019,3,4.0,-1.1457110051443817,5.5,5.145711005144381,-1.5
2019,3,25.0,9.850279192959787,22.0,15.149720807040213,3.0
2019,3,11.0,-1.4249953253571803,7.0,12.42499532535718,4.0
2019,3,3.0,-0.3414861748651945,1.0,3.3414861748651945,2.0
2019,3,5.0,-4.00038252210987,4.5,9.00038252210987,0.5
2019,3,20.0,2.6581473080197457,8.5,17.341852691980254,11.5
2019,3,16.0,11.81210184081945,20.5,4.18789815918055,-4.5
2019,3,-3.0,-1.7337893902182557,4.0,-1.2662106097817443,-7.0
2019,3,-18.0,-11.479866512284552,2.5,-6.520133487715448,-20.5
2019,3,-1.0,3.572736569854834,5.0,-4.572736569854834,-6.0
2019,3,-7.0,-1.9284747669419118,3.0,-5.071525233058088,-10.0
2019,3,-6.0,-3.995926666799861,5.0,-2.004073333200139,-11.0
2019,3,4.0,-1.772346800177633,6.0,5.772346800177633,-2.0
2019,3,-7.0,-11.23902530350382,-4.0,4.239025303503819,-3.0
2019,3,-16.0,-7.414718548806796,-5.0,-8.585281451193204,-11.0
2019,4,-7.0,0.34018804010580994,3.5,-7.34018804010581,-10.5
2019,4,-14.0,-7.978732526019978,3.5,-6.021267473980022,-17.5
2019,4,-15.0,5.973037265957731,7.5,-20.973037265957732,-22.5
2019,4,-6.0,-11.525587050828335,-7.0,5.525587050828335,1.0
2019,4,-4.0,-8.052802347200533,-7.5,4.052802347200533,3.5
2019,4,-6.0,0.834518223866068,5.5,-6.834518223866068,-11.5
2019,4,-7.0,5.331201929476966,5.5,-12.331201929476965,-12.5
2019,4,-20.0,-14.93281055377905,-15.0,-5.067189446220951,-5.0
2019,4,21.0,0.5880808314610031,3.0,20.411919168538997,18.0
2019,4,-17.0,-7.689363139866997,-5.5,-9.310636860133002,-11.5
2019,4,-15.0,6.442477264681126,9.0,-21.442477264681127,-24.0
2019,4,10.0,-3.393491501923454,-1.0,13.393491501923453,11.0
2019,4,-2.0,-6.756362989345708,2.5,4.756362989345708,-4.5
2019,4,2.0,-1.6310918157125012,-2.5,3.631091815712501,4.5
2019,4,24.0,2.1527395281388415,3.5,21.84726047186116,20.5
2019,5,1.0,-3.336977033652749,1.5,4.336977033652749,-0.5
2019,5,7.0,0.42871444285193583,3.0,6.571285557148064,4.0
2019,5,-3.0,-2.7995790373120126,3.0,-0.20042096268798737,-6.0
2019,5,21.0,2.3382123148727434,4.0,18.66178768512726,17.0
2019,5,7.0,2.431342520952518,3.0,4.5686574790474825,4.0
2019,5,-18.0,-5.293347135041405,-5.5,-12.706652864958595,-12.5
2019,5,3.0,-7.619903505356808,-6.5,10.619903505356808,9.5
2019,5,25.0,-2.27157285958034,14.0,27.27157285958034,11.0
2019,5,-3.0,-5.8840606333256895,-3.5,2.8840606333256895,0.5
2019,5,-7.0,1.4818831203223022,3.5,-8.481883120322301,-10.5
2019,5,-26.0,-15.043852276002708,-15.5,-10.956147723997292,-10.5
2019,5,-7.0,2.278247090589154,4.0,-9.278247090589154,-11.0
2019,5,-10.0,-3.6406122902558544,3.5,-6.359387709744146,-13.5
2019,5,-6.0,3.6624764536998873,10.5,-9.662476453699888,-16.5
2019,5,28.0,10.29255359494329,5.0,17.70744640505671,23.0
2019,6,21.0,10.349062379054315,16.5,10.650937620945685,4.5
2019,6,-11.0,-2.222051099458618,-2.0,-8.777948900541382,-9.0
2019,6,6.0,7.894648389909085,10.5,-1.8946483899090847,-4.5
2019,6,-4.0,-11.920227823638662,1.0,7.920227823638662,-5.0
2019,6,-7.0,-6.422214658761067,2.5,-0.5777853412389327,-9.5
2019,6,-7.0,0.4300651154494386,3.5,-7.430065115449438,-10.5
2019,6,-1.0,4.894882647815407,-6.0,-5.894882647815407,5.0
2019,6,18.0,-0.2550833134481427,3.5,18.255083313448143,14.5
2019,6,1.0,-4.147630402784997,-3.0,5.147630402784997,4.0
2019,6,-13.0,6.706391366968985,3.0,-19.706391366968987,-16.0
2019,6,16.0,-2.619069214284157,1.0,18.619069214284156,15.0
2019,6,2.0,-10.991791613617172,-7.0,12.991791613617172,9.0
2019,6,-7.0,-0.7230777767770433,6.0,-6.2769222232229565,-13.0
2019,6,1.0,-11.5923745768519,3.5,12.5923745768519,-2.5
2019,7,-24.0,-4.970169909387608,-3.0,-19.029830090612393,-21.0
2019,7,-27.0,-6.814762395345788,-3.0,-20.185237604654212,-24.0
2019,7,10.0,16.91988330711011,17.0,-6.9198833071101085,-7.0
2019,7,-10.0,-4.847705135487953,-4.0,-5.152294864512047,-6.0
2019,7,-12.0,-6.814209472569289,-2.5,-5.185790527430711,-9.5
2019,7,18.0,-2.326573123500687,5.5,20.326573123500687,12.5
2019,7,7.0,2.4457854601885254,1.5,4.554214539811475,5.5
2019,7,-6.0,3.985362299093958,3.5,-9.985362299093957,-9.5
2019,7,-9.0,-11.446974776391716,-10.0,2.4469747763917162,1.0
2019,7,3.0,-2.43080021442866,3.0,5.430800214428659,0.0
2019,7,-11.0,4.746244537131407,4.0,-15.746244537131407,-15.0
2019,7,-14.0,-2.3171638737286586,3.0,-11.682836126271342,-17.0
2019,7,27.0,0.06086488678496815,3.0,26.93913511321503,24.0
2019,7,-33.0,-19.271819879150847,-9.5,-13.728180120849153,-23.5
2019,8,10.0,9.291270109106563,16.5,0.7087298908934372,-6.5
2019,8,-7.0,-7.847020582073591,-7.5,0.8470205820735908,0.5
2019,8,-18.0,-0.9978765293220984,1.0,-17.0021234706779,-19.0
2019,8,-1.0,-0.03906731449566747,3.5,-0.9609326855043325,-4.5
2019,8,5.0,1.5391436083511847,6.5,3.4608563916488153,-1.5
2019,8,2.0,0.2903116961002048,6.0,1.7096883038997952,-4.0
2019,8,14.0,5.130756901414796,7.0,8.869243098585205,7.0
2019,8,14.0,9.603992260790086,12.0,4.396007739209914,2.0
2019,8,22.0,8.43279424486574,12.5,13.56720575513426,9.5
2019,8,4.0,-2.4441262529361083,2.0,6.444126252936108,2.0
2019,8,38.0,-1.6565314795986081,4.5,39.656531479598605,33.5
2019,8,3.0,6.402106795586721,5.0,-3.402106795586721,-2.0
2019,8,14.0,8.89716543189965,9.5,5.10283456810035,4.5
2019,8,-7.0,2.2258557980549503,-5.0,-9.225855798054951,-2.0
2019,8,13.0,14.409563039777376,14.0,-1.4095630397773764,-1.0
2019,9,-3.0,-13.868643898002933,-10.5,10.868643898002933,7.5
2019,9,-23.0,-2.9670210975067217,1.0,-20.032978902493277,-24.0
2019,9,15.0,4.382966333140671,10.5,10.617033666859328,4.5
2019,9,10.0,-0.9942504102273952,3.5,10.994250410227394,6.5
2019,9,3.0,0.7224185931444486,-5.5,2.2775814068555515,8.5
2019,9,8.0,-5.037771221697257,-3.5,13.037771221697257,11.5
2019,9,8.0,-3.811541420779102,5.0,11.811541420779102,3.0
2019,9,2.0,-0.1555722554837564,1.0,2.155572255483756,1.0
2019,9,7.0,-4.1970551536661596,2.5,11.19705515366616,4.5
2019,9,6.0,1.8094250672744487,4.0,4.190574932725552,2.0
2019,9,5.0,0.08585950454216629,-4.0,4.914140495457834,9.0
2019,9,15.0,-3.0757724872342798,-4.0,18.07577248723428,19.0
2019,9,17.0,-8.697217239512437,-3.0,25.697217239512437,20.0
2019,9,-19.0,-6.887426985995313,-6.5,-12.112573014004688,-12.5
2019,10,2.0,-5.5382990726374475,-1.0,7.5382990726374475,3.0
2019,10,7.0,3.053112645987161,6.0,3.946887354012839,1.0
2019,10,-36.0,-11.11030207178976,-10.5,-24.88969792821024,-25.5
2019,10,3.0,-0.9435283284004577,3.0,3.9435283284004576,0.0
2019,10,-17.0,9.917693978176885,14.0,-26.917693978176885,-31.0
2019,10,7.0,-3.515110510239348,-3.0,10.515110510239348,10.0
2019,10,3.0,4.161715355783923,5.5,-1.1617153557839233,-2.5
2019,10,3.0,-5.625606860258025,-5.0,8.625606860258024,8.0
2019,10,-4.0,12.517276049940685,11.0,-16.517276049940683,-15.0
2019,10,8.0,1.7697021288451154,5.0,6.230297871154884,3.0
2019,10,5.0,-2.689761513125164,-4.0,7.689761513125164,9.0
2019,10,-4.0,-0.33421791198157086,3.5,-3.665782088018429,-7.5
2019,10,-3.0,4.280863465123332,6.5,-7.280863465123332,-9.5
2019,11,14.0,-5.108961442624794,3.0,19.108961442624793,11.0
2019,11,34.0,4.3957192252764,4.0,29.6042807747236,30.0
2019,11,-26.0,3.4169464683822435,3.5,-29.416946468382243,-29.5
2019,11,-8.0,-5.391240152087484,-7.5,-2.6087598479125162,-0.5
2019,11,20.0,3.2848054489033256,2.5,16.715194551096673,17.5
2019,11,-17.0,-8.662156072518872,-7.0,-8.337843927481128,-10.0
2019,11,4.0,6.348463955270406,10.0,-2.3484639552704056,-6.0
2019,11,-17.0,-5.350960363758184,-5.0,-11.649039636241817,-12.0
2019,11,-17.0,-0.9819276181589808,1.0,-16.01807238184102,-18.0
2019,11,10.0,11.189428275902067,10.0,-1.189428275902067,0.0
2019,11,7.0,3.11983212348808,13.0,3.88016787651192,-6.0
2019,11,-7.0,-9.344259239337504,-4.5,2.3442592393375037,-2.5
2019,11,10.0,1.7884614159505126,5.0,8.211538584049487,5.0
2019,11,-7.0,-3.7621106103497524,-5.5,-3.2378893896502476,-1.5
2019,12,3.0,0.3190333722729991,3.5,2.680966627727001,-0.5
2019,12,-13.0,0.009300883656510162,3.5,-13.00930088365651,-16.5
2019,12,17.0,-0.5461878029384551,3.5,17.546187802938455,13.5
2019,12,5.0,10.734727021330713,6.0,-5.734727021330713,-1.0
2019,12,-6.0,-7.3612808742547315,-5.5,1.3612808742547315,-0.5
2019,12,17.0,7.718993072090479,11.0,9.281006927909521,6.0
2019,12,3.0,4.929095612028509,10.0,-1.929095612028509,-7.0
2019,12,31.0,-4.7130918599171565,-3.5,35.71309185991716,34.5
2019,12,-8.0,0.688532865279794,-1.0,-8.688532865279793,-7.0
2019,12,3.0,-6.734102600293359,-4.0,9.734102600293358,7.0
2019,12,22.0,-1.2896699661385456,4.5,23.289669966138547,17.5
2019,12,4.0,5.245378613503819,5.5,-1.245378613503819,-1.5
2019,12,29.0,6.266223731104103,3.0,22.733776268895898,26.0
2019,12,-39.0,-4.171769948439276,-3.5,-34.82823005156072,-35.5
2019,13,-4.0,-3.302338136218118,-5.5,-0.6976618637818821,1.5
2019,13,-11.0,3.9691681320109624,6.5,-14.969168132010962,-17.5
2019,13,-8.0,-6.245530516351886,-7.0,-1.7544694836481138,-1.0
2019,13,3.0,4.397684333111277,5.5,-1.3976843331112772,-2.5
2019,13,-8.0,6.2452015114120085,10.5,-14.24520151141201,-18.5
2019,13,16.0,-1.4997478601231933,-2.5,17.499747860123193,18.5
2019,13,-14.0,-1.0040420985195384,-1.0,-12.995957901480462,-13.0
2019,13,-17.0,-1.965969312479229,-3.0,-15.03403068752077,-14.0
2019,13,6.0,-10.648684065293878,-10.5,16.648684065293878,16.5
2019,13,-18.0,-6.06898182983854,-6.5,-11.93101817016146,-11.5
2019,13,7.0,2.1368250473855417,-1.0,4.863174952614458,8.0
2019,13,-27.0,-11.181455565346958,-2.5,-15.818544434653042,-24.5
2019,13,3.0,-1.0015470421907984,-4.5,4.001547042190799,7.5
2019,13,31.0,7.555934681993391,11.5,23.444065318006608,19.5
2019,13,6.0,-8.592401045310378,-3.5,14.592401045310378,9.5
2019,13,7.0,1.8044089469824107,2.5,5.195591053017589,4.5
2019,14,7.0,-1.9270016043067868,-3.0,8.927001604306787,10.0
2019,14,20.0,-1.9269757488844683,3.5,21.92697574888447,16.5
2019,14,-7.0,-11.203809240074573,-6.5,4.203809240074573,-0.5
2019,14,8.0,5.466755712442917,6.5,2.533244287557083,1.5
2019,14,5.0,8.291820393964505,13.0,-3.291820393964505,-8.0
2019,14,-14.0,4.519241122264944,8.0,-18.519241122264944,-22.0
2019,14,13.0,7.640278803266102,12.0,5.359721196733898,1.0
2019,14,-2.0,-4.011775175082847,1.0,2.011775175082847,-3.0
2019,14,1.0,3.748000148079887,5.0,-2.748000148079887,-4.0
2019,14,3.0,-1.3878413811868757,3.0,4.387841381186876,0.0
2019,14,-35.0,-5.144918461280412,-3.5,-29.85508153871959,-31.5
2019,14,-6.0,-8.146246443666382,-2.5,2.1462464436663815,-3.5
2019,14,-7.0,2.9345937969020084,3.0,-9.934593796902009,-10.0
2019,14,-21.0,-7.630688568364453,-3.0,-13.369311431635547,-18.0
2019,14,16.0,0.15310559994115241,1.0,15.846894400058847,15.0
2019,14,6.0,5.226130935269318,9.5,0.7738690647306816,-3.5
2019,15,21.0,16.893348331195625,17.0,4.106651668804375,4.0
2019,15,-6.0,-5.53462194698613,-6.0,-0.46537805301387003,0.0
2019,15,-21.0,-14.434354799322419,-10.5,-6.565645200677581,-10.5
2019,15,-21.0,-2.0529837156048907,-5.5,-18.947016284395108,-15.5
2019,15,8.0,0.8092757864671696,4.0,7.19072421353283,4.0
2019,15,20.0,7.221051707456664,10.0,12.778948292543337,10.0
2019,15,16.0,4.0607437579394645,3.5,11.939256242060535,12.5
2019,15,-3.0,0.7766071774290109,3.0,-3.776607177429011,-6.0
2019,15,-10.0,-6.466249047111765,-7.0,-3.5337509528882354,-3.0
2019,15,14.0,-5.738366120047838,-3.0,19.73836612004784,17.0
2019,15,-29.0,-1.2657323896541572,-1.0,-27.734267610345842,-28.0
2019,15,-4.0,-0.8627927486700866,7.0,-3.1372072513299134,-11.0
2019,15,23.0,-3.072568611864239,-1.0,26.072568611864238,24.0
2019,15,-7.0,8.293414698019264,10.5,-15.293414698019264,-17.5
2019,15,-7.0,1.2040107662303903,1.0,-8.20401076623039,-8.0
2019,15,27.0,3.394133187994692,8.0,23.60586681200531,19.0
2019,16,-3.0,-1.379728434994677,-3.0,-1.620271565005323,0.0
2019,16,7.0,7.651393026606998,7.0,-0.651393026606998,0.0
2019,16,3.0,2.6544105625178176,7.0,0.3455894374821824,-4.0
2019,16,12.0,4.687429519054316,7.5,7.312570480945684,4.5
2019,16,-16.0,-10.818494798968072,-9.5,-5.1815052010319285,-6.5
2019,16,32.0,2.5235577942387653,7.5,29.476442205761234,24.5
2019,16,3.0,-3.6913530461375617,-1.5,6.691353046137562,4.5
2019,16,6.0,-8.810787868559578,-3.0,14.810787868559578,9.0
2019,16,-10.0,-3.211996677912009,-3.5,-6.788003322087992,-6.5
2019,16,-6.0,-1.536112345097895,-1.0,-4.463887654902105,-5.0
2019,16,10.0,1.8611993320688394,9.5,8.13880066793116,0.5
2019,16,-7.0,7.816076075385721,7.5,-14.81607607538572,-14.5
2019,16,8.0,-4.093885320208924,-2.0,12.093885320208923,10.0
2019,16,-14.0,8.074470860755357,8.0,-22.074470860755355,-22.0
2019,16,-23.0,-5.489921980731608,-6.5,-17.51007801926839,-16.5
2019,16,-13.0,3.5819102327439536,4.0,-16.581910232743954,-17.0
2019,17,-7.0,7.110489573388053,-1.5,-14.110489573388053,-5.5
2019,17,-32.0,-9.246782305580675,-13.5,-22.753217694419327,-18.5
2019,17,10.0,-5.218177515136995,-2.5,15.218177515136995,12.5
2019,17,-3.0,-6.161494581496631,-13.5,3.1614945814966307,10.5
2019,17,10.0,7.057969124052543,10.0,2.9420308759474567,0.0
2019,17,-2.0,4.205698884971007,-5.5,-6.205698884971007,3.5
2019,17,-3.0,18.72060598752756,17.5,-21.72060598752756,-20.5
2019,17,-6.0,0.7541040572191515,1.0,-6.754104057219152,-7.0
2019,17,18.0,10.031942022161282,-2.0,7.968057977838718,20.0
2019,17,31.0,10.434813175214687,13.0,20.565186824785314,18.0
2019,17,1.0,4.77115260100412,5.5,-3.77115260100412,-4.5
2019,17,-21.0,0.012310904837790921,-10.0,-21.01231090483779,-11.0
2019,17,18.0,-6.346782148116843,-5.0,24.346782148116844,23.0
2019,17,7.0,7.730762076049544,7.0,-0.7307620760495439,0.0
2019,17,-17.0,-5.118919884811611,-4.0,-11.88108011518839,-13.0
2019,17,-5.0,-4.210422189294048,-3.5,-0.7895778107059517,-1.5
2020,1,14.0,6.296720668621164,9.5,7.703279331378836,4.5
2020,1,-13.0,1.0953509396159102,1.0,-14.09535093961591,-14.0
2020,1,32.0,10.483801482259333,7.0,21.51619851774067,25.0
2020,1,10.0,6.155255893263972,6.5,3.8447441067360284,3.5
2020,1,-4.0,-1.348758429391952,-3.0,-2.651241570608048,-1.0
2020,1,-4.0,0.15811943203304235,2.5,-4.158119432033042,-6.5
2020,1,7.0,-0.18837686652166274,-7.0,7.188376866521663,14.0
2020,1,-9.0,3.2239216596463147,1.0,-12.223921659646315,-10.0
2020,1,10.0,12.595013120824898,7.5,-2.5950131208248983,2.5
2020,1,10.0,-3.147123338546749,-5.5,13.147123338546749,15.5
2020,1,-3.0,-1.2958714741157311,-2.5,-1.7041285258842689,-0.5
2020,1,11.0,5.2298023173686286,4.0,5.7701976826313714,7.0
2020,1,-4.0,8.789179627707753,7.0,-12.789179627707753,-11.0
2020,1,3.0,0.596029662292408,1.0,2.403970337707592,2.0
2020,1,-10.0,-1.155803747682775,-6.0,-8.844196252317225,-4.0
2020,1,-2.0,-0.6136832472973901,-3.0,-1.38631675270261,1.0
2020,2,5.0,2.670160827189755,6.0,2.329839172810245,-1.0
2020,2,4.0,6.603499167870082,4.5,-2.6034991678700816,-0.5
2020,2,1.0,6.487515359157841,3.0,-5.487515359157841,-2.0
2020,2,21.0,7.693888704297528,7.0,13.306111295702472,14.0
2020,2,17.0,-0.7421850289736582,3.5,17.74218502897366,13.5
2020,2,-3.0,-4.682915015893255,-5.5,1.682915015893255,2.5
2020,2,-18.0,-4.466437566422851,-7.0,-13.53356243357715,-11.0
2020,2,-18.0,-0.3631914989025984,2.0,-17.636808501097402,-20.0
2020,2,5.0,3.9771163084849213,6.0,1.0228836915150787,-1.0
2020,2,14.0,5.508811493709966,7.5,8.491188506290033,6.5
2020,2,3.0,6.350746409274584,7.0,-3.350746409274584,-4.0
2020,2,15.0,5.115384078957918,7.5,9.884615921042082,7.5
2020,2,-17.0,-7.673264515976609,-7.5,-9.326735484023391,-9.5
2020,2,-3.0,-3.131172445567671,-8.5,0.13117244556767105,5.5
2020,2,5.0,-0.4504312669090318,4.0,5.450431266909032,1.0
2020,2,10.0,-1.4446836660531153,-4.0,11.444683666053116,14.0
2020,3,-18.0,6.204747405454189,3.0,-24.20474740545419,-21.0
2020,3,-4.0,1.7985317593137473,2.5,-5.7985317593137475,-6.5
2020,3,3.0,1.0086931191806792,1.5,1.9913068808193208,1.5
2020,3,14.0,0.07005761484970208,7.5,13.929942385150298,6.5
2020,3,-1.0,1.3048914370694464,-3.0,-2.3048914370694464,2.0
2020,3,16.0,4.4596611178823515,7.0,11.540338882117648,9.0
2020,3,-27.0,-6.260628816265967,-3.0,-20.739371183734033,-24.0
2020,3,0.0,8.473541402210817,5.5,-8.473541402210817,-5.5
2020,3,7.0,4.650962816843591,4.0,2.349037183156409,3.0
2020,3,29.0,7.452051637906539,12.5,21.54794836209346,16.5
2020,3,-5.0,6.606454852568522,6.0,-11.606454852568522,-11.0
2020,3,-3.0,7.103121722064563,4.5,-10.103121722064563,-7.5
2020,3,-18.0,1.2666654322886848,-6.0,-19.266665432288686,-12.0
2020,3,7.0,3.191811109072935,5.5,3.808188890927065,1.5
2020,3,-7.0,3.158326826727775,3.5,-10.158326826727775,-10.5
2020,3,-14.0,7.083603332792304,3.5,-21.083603332792304,-17.5
2020,4,-9.0,-2.1758536254324072,1.0,-6.824146374567593,-10.0
2020,4,10.0,-1.9019183184153414,-3.0,11.90191831841534,13.0
2020,4,8.0,-0.7036914196533903,1.0,8.70369141965339,7.0
2020,4,-11.0,5.559994177448786,3.5,-16.559994177448786,-14.5
2020,4,-6.0,-4.249050855668318,-3.0,-1.750949144331682,-3.0
2020,4,-8.0,-0.7979335608555012,3.5,-7.202066439144499,-11.5
2020,4,-8.0,-3.4987507667786417,-4.5,-4.501249233221358,-3.5
2020,4,7.0,3.8948368279547085,7.5,3.1051631720452915,-0.5
2020,4,-14.0,-12.283631193034902,-14.5,-1.7163688069650984,0.5
2020,4,8.0,9.742099146890975,13.5,-1.7420991468909754,-5.5
2020,4,-8.0,-0.7718145421871161,-3.5,-7.228185457812884,-4.5
2020,4,-7.0,-0.037168180109465654,-3.0,-6.962831819890535,-4.0
2020,4,-5.0,10.376620928310953,8.5,-15.376620928310953,-13.5
2020,4,16.0,1.803448133058699,7.0,14.1965518669413,9.0
2020,4,14.0,7.329952576693399,5.0,6.670047423306601,9.0
2020,5,1.0,-1.8554443862995054,-3.5,2.8554443862995056,4.5
2020,5,-7.0,1.7686670332281091,2.5,-8.768667033228109,-9.5
2020,5,24.0,12.601979810452244,12.5,11.398020189547756,11.5
2020,5,16.0,2.628221558366705,6.5,13.371778441633296,9.5
2020,5,-8.0,9.301576801831644,11.0,-17.301576801831644,-19.0
2020,5,-20.0,-5.866233796019796,-7.0,-14.133766203980205,-13.0
2020,5,9.0,0.47004577649998946,7.5,8.52995422350001,1.5
2020,5,-20.0,-7.482385941709979,-7.0,-12.517614058290022,-13.0
2020,5,-26.0,9.045732713426322,8.5,-35.04573271342632,-34.5
2020,5,9.0,-2.6223382913699105,1.0,11.62233829136991,8.0
2020,5,3.0,7.105925074920425,7.5,-4.105925074920425,-4.5
2020,5,1.0,3.1380703169335655,6.5,-2.1380703169335655,-5.5
2020,5,3.0,4.377000238346957,7.0,-1.377000238346957,-4.0
2020,5,26.0,-3.047931853102632,-3.0,29.047931853102632,29.0
2020,6,-7.0,-4.03705822371742,2.0,-2.9629417762825803,-9.0
2020,6,4.0,5.909613853316023,7.5,-1.9096138533160234,-3.5
2020,6,-18.0,-8.702206376706801,-3.0,-9.297793623293199,-15.0
2020,6,-17.0,4.108345781410996,3.5,-21.108345781410996,-20.5
2020,6,-6.0,2.919325754313915,7.0,-8.919325754313915,-13.0
2020,6,1.0,1.0294574095872706,2.0,-0.02945740958727061,-1.0
2020,6,-2.0,-11.082331943073749,-10.5,9.082331943073749,8.5
2020,6,31.0,1.7347315118655544,3.0,29.265268488134446,28.0
2020,6,6.0,2.7403933877445072,4.0,3.2596066122554928,2.0
2020,6,24.0,7.491276862368781,9.5,16.50872313763122,14.5
2020,6,28.0,-5.69435932878402,-3.0,33.69435932878402,31.0
2020,6,8.0,-0.7023078254850045,-2.0,8.702307825485004,10.0
2020,6,-9.0,-7.2199291137416175,-5.5,-1.7800708862583825,-3.5
2020,6,-28.0,0.9609397405072329,1.0,-28.960939740507232,-29.0
2020,7,1.0,5.275465508822357,5.0,-4.275465508822357,-4.0
2020,7,-1.0,1.7694371546170051,1.0,-2.7694371546170053,-2.0
2020,7,-3.0,-0.7211104863345257,-4.5,-2.278889513665474,1.5
2020,7,-15.0,-3.7570999305279464,-2.5,-11.242900069472054,-12.5
2020,7,3.0,11.534711032310202,7.0,-8.534711032310202,-4.0
2020,7,-8.0,-8.356833550553073,-9.5,0.3568335505530733,1.5
2020,7,-3.0,0.6662864169641438,1.0,-3.6662864169641436,-4.0
2020,7,22.0,-2.5706406565977318,-1.0,24.570640656597732,23.0
2020,7,-25.0,4.78378607059686,-3.5,-29.78378607059686,-21.5
2020,7,-27.0,-6.037024521187474,-7.0,-20.962975478812524,-20.0
2020,7,10.0,12.522565188674948,8.0,-2.522565188674948,2.0
2020,7,-27.0,1.432168000384581,3.0,-28.432168000384582,-30.0
2020,7,3.0,-9.404329398603982,-3.5,12.404329398603982,6.5
2020,7,14.0,3.6047814033895094,6.5,10.39521859661049,7.5
2020,8,-8.0,0.3780734130378847,1.5,-8.378073413037885,-9.5
2020,8,-4.0,7.545873226510418,4.0,-11.545873226510418,-8.0
2020,8,3.0,-1.227247280449368,4.0,4.227247280449368,-1.0
2020,8,11.0,-6.904097854159365,-7.5,17.904097854159364,18.5
2020,8,-10.0,-1.2693174636108053,1.0,-8.730682536389194,-11.0
2020,8,-20.0,-4.8055397641212405,-3.5,-15.19446023587876,-16.5
2020,8,-6.0,2.56360379464135,5.5,-8.56360379464135,-11.5
2020,8,26.0,16.872927863785904,20.0,9.127072136214096,6.0
2020,8,11.0,-1.3452587123688575,-3.5,12.345258712368857,14.5
2020,8,1.0,-1.8299931711631612,-3.0,2.829993171163161,4.0
2020,8,-3.0,-2.973199391227283,-5.5,-0.02680060877271684,2.5
2020,8,10.0,-2.4006336878464287,1.0,12.40063368784643,9.0
2020,8,14.0,3.0230558721714016,10.0,10.976944127828599,4.0
2020,8,-2.0,-9.707255240050248,-13.0,7.707255240050248,11.0
2020,9,-17.0,1.4674671255509804,-6.0,-18.467467125550982,-11.0
2020,9,7.0,3.2541133341410995,4.5,3.7458866658589005,2.5
2020,9,10.0,-2.0703919641256947,-3.0,12.070391964125694,13.0
2020,9,-14.0,-6.125109039793417,1.0,-7.874890960206583,-15.0
2020,9,-2.0,-3.3256058561674378,-7.0,1.3256058561674378,5.0
2020,9,2.0,8.549712148519033,10.0,-6.549712148519033,-8.0
2020,9,14.0,3.1111075942808912,3.0,10.888892405719108,11.0
2020,9,7.0,2.594179881701912,6.5,4.405820118298088,0.5
2020,9,-3.0,5.4045173999681735,3.0,-8.404517399968174,-6.0
2020,9,-5.0,0.2584160142374393,-1.0,-5.258416014237439,-4.0
2020,9,-3.0,6.62137947073434,6.0,-9.62137947073434,-9.0
2020,9,-5.0,-7.7767577675908885,-14.0,2.7767577675908885,9.0
2020,9,-35.0,2.9385223195869536,3.0,-37.93852231958695,-38.0
2020,9,-3.0,-10.792754126834593,-9.5,7.792754126834593,6.5
2020,10,-17.0,0.7116934303156257,-1.0,-17.711693430315627,-16.0
2020,10,-23.0,-5.054139620573615,-6.0,-17.945860379426385,-17.0
2020,10,3.0,2.9086028864545685,4.5,0.09139711354543145,-1.5
2020,10,3.0,1.4950327737066027,2.5,1.5049672262933973,0.5
2020,10,4.0,11.72643859355915,13.5,-7.72643859355915,-9.5
2020,10,10.0,-7.411105085582735,-4.5,17.411105085582733,14.5
2020,10,2.0,0.1397249824945926,3.0,1.8602750175054075,-1.0
2020,10,25.0,2.6337994375739155,3.5,22.366200562426084,21.5
2020,10,8.0,1.6316442213465447,1.0,6.368355778653456,7.0
2020,10,7.0,4.026942622869871,3.0,2.9730573771301287,4.0
2020,10,14.0,-0.2875114524287501,9.5,14.28751145242875,4.5
2020,10,26.0,3.8439035300773456,6.5,22.156096469922655,19.5
2020,10,6.0,-8.188371159050842,-7.0,14.188371159050842,13.0
2020,10,-6.0,-1.3140886281764632,-3.5,-4.685911371823536,-2.5
2020,11,7.0,1.237517130391146,3.0,5.762482869608854,4.0
2020,11,-6.0,6.848636988842307,6.0,-12.848636988842307,-12.0
2020,11,20.0,1.2018352714666007,-3.0,18.7981647285334,23.0
2020,11,5.0,-0.4164901654793077,2.5,5.416490165479308,2.5
2020,11,7.0,-3.4877517315063638,-2.5,10.487751731506364,9.5
2020,11,-24.0,-10.359568205635288,-11.0,-13.640431794364712,-13.0
2020,11,15.0,5.836943808399172,3.5,9.163056191600827,11.5
2020,11,11.0,-0.22403870840313062,2.0,11.22403870840313,9.0
2020,11,7.0,-4.616702404379927,-4.0,11.616702404379927,11.0
2020,11,6.0,7.39161497547712,10.0,-1.39161497547712,-4.0
2020,11,3.0,-0.5012824764482704,1.5,3.5012824764482704,1.5
2020,11,-3.0,3.853816696158716,7.0,-6.853816696158717,-10.0
2020,11,-4.0,-7.117771701217474,-7.5,3.1177717012174737,3.5
2020,11,-3.0,1.655386156878258,4.0,-4.655386156878258,-7.0
2020,12,-16.0,-1.9850774642401938,-3.0,-14.014922535759807,-13.0
2020,12,-25.0,1.7316045589339182,2.5,-26.731604558933917,-27.5
2020,12,37.0,-2.60526721816716,-3.5,39.60526721816716,40.5
2020,12,10.0,4.331714499476921,4.5,5.668285500523079,5.5
2020,12,-2.0,-1.9029176394581555,-6.5,-0.09708236054184449,4.5
2020,12,-19.0,1.4348989771690324,3.0,-20.434898977169034,-22.0
2020,12,-2.0,-3.5914154420456375,-7.5,1.5914154420456375,5.5
2020,12,1.0,2.8721118572987456,3.0,-1.8721118572987456,-2.0
2020,12,3.0,0.0891041874015499,-1.0,2.91089581259845,4.0
2020,12,-17.0,-8.967204579588218,-7.5,-8.032795420411782,-9.5
2020,12,-28.0,-8.439871826214441,-17.0,-19.560128173785557,-11.0
2020,12,-3.0,-0.10075178471183177,5.0,-2.8992482152881682,-8.0
2020,12,-3.0,-2.934783473934875,-3.5,-0.06521652606512518,0.5
2020,12,16.0,3.973901899108002,7.5,12.026098100891998,8.5
2020,12,-6.0,-4.290254351906022,-6.5,-1.7097456480939783,0.5
2020,12,5.0,-0.8900183680824321,10.5,5.890018368082432,-5.5
2020,13,-5.0,-6.039270971180084,-2.5,1.039270971180084,-2.5
2020,13,-4.0,3.492064217830935,3.0,-7.492064217830935,-7.0
2020,13,-6.0,-1.4378971669313534,-3.5,-4.562102833068646,-2.5
2020,13,12.0,6.182028419045931,10.5,5.817971580954069,1.5
2020,13,3.0,7.386370974987582,10.5,-4.386370974987582,-7.5
2020,13,-3.0,-8.701671479419115,-7.5,5.701671479419115,4.5
2020,13,-6.0,5.639399498893829,4.0,-11.63939949889383,-10.0
2020,13,-10.0,-1.7332646443567736,-2.5,-8.266735355643226,-7.5
2020,13,-5.0,6.527691140443315,11.0,-11.527691140443315,-16.0
2020,13,14.0,7.080175097610127,8.0,6.919824902389873,6.0
2020,13,-45.0,-2.3235664612083107,2.5,-42.67643353879169,-47.5
2020,13,6.0,11.972001501005337,13.0,-5.972001501005337,-7.0
2020,13,-6.0,8.747621872261789,5.5,-14.747621872261789,-11.5
2020,13,-10.0,1.3971145748820253,1.5,-11.397114574882025,-11.5
2020,13,17.0,11.114603293057844,8.5,5.885396706942156,8.5
2020,14,21.0,0.33950245889563013,5.0,20.66049754110437,16.0
2020,14,-5.0,3.861252294721575,4.0,-8.861252294721575,-9.0
2020,14,29.0,-0.550192620745249,-1.0,29.55019262074525,30.0
2020,14,-23.0,0.07152323651391324,-3.0,-23.07152323651391,-20.0
2020,14,-21.0,-8.376024671750715,-7.5,-12.623975328249285,-13.5
2020,14,-6.0,-5.874408536845342,-7.5,-0.12559146315465775,1.5
2020,14,-19.0,-3.893391792678342,-3.0,-15.106608207321658,-16.0
2020,14,12.0,5.209283365150404,7.0,6.790716634849596,5.0
2020,14,-17.0,-2.4438671068494124,-2.5,-14.556132893150588,-14.5
2020,14,37.0,11.353329844537273,16.5,25.64667015546273,20.5
2020,14,-7.0,-9.247664028490584,-9.5,2.2476640284905844,2.5
2020,14,3.0,-3.876766962661879,1.0,6.876766962661879,2.0
2020,14,3.0,-8.873637738095914,-7.5,11.873637738095914,10.5
2020,14,-8.0,4.814941915719284,3.0,-12.814941915719285,-11.0
2020,14,11.0,-3.6150953638109997,2.0,14.615095363811,9.0
2020,14,-5.0,-8.971511661295645,-3.0,3.9715116612956454,-2.0
2020,15,-3.0,2.2952218298757203,3.5,-5.29522182987572,-6.5
2020,15,-29.0,-5.984698357753275,-5.5,-23.015301642246726,-23.5
2020,15,8.0,6.891680508155528,9.5,1.1083194918444716,-1.5
2020,15,-4.0,-3.9954609486213544,-6.0,-0.004539051378645631,2.0
2020,15,26.0,14.303333166111466,13.0,11.696666833888534,13.0
2020,15,8.0,-5.198403522063846,-4.0,13.198403522063845,12.0
2020,15,7.0,5.062531602717379,7.5,1.937468397282621,-0.5
2020,15,10.0,-1.4609362782055753,-1.5,11.460936278205576,11.5
2020,15,-6.0,0.6249362986141281,2.5,-6.624936298614128,-8.5
2020,15,21.0,7.344365739334188,9.5,13.655634260665812,11.5
2020,15,-5.0,-4.937311696593939,-6.0,-0.0626883034060608,1.0
2020,15,7.0,3.5333687543975216,6.5,3.4666312456024784,0.5
2020,15,-3.0,15.865813454612436,17.5,-18.865813454612436,-20.5
2020,15,-3.0,-0.5140491649264751,-2.5,-2.485950835073525,-0.5
2020,15,-14.0,-1.3344984278764653,-6.0,-12.665501572123535,-8.0
2020,15,10.0,-10.772213511788403,-14.5,20.7722135117884,24.5
2020,16,19.0,6.278033498969616,6.5,12.721966501030384,12.5
2020,16,-40.0,-8.848610171003703,-12.0,-31.151389828996297,-28.0
2020,16,-8.0,0.6784177983539288,6.0,-8.678417798353928,-14.0
2020,16,-1.0,-2.801253107781685,-2.0,1.801253107781685,1.0
2020,16,14.0,12.254717135016191,10.0,1.7452828649838086,4.0
2020,16,-6.0,2.948137929133389,7.5,-8.948137929133388,-13.5
2020,16,-24.0,-7.1539917932588954,-9.5,-16.846008206741104,-14.5
2020,16,3.0,7.24358373043038,11.0,-4.24358373043038,-8.0
2020,16,7.0,-8.056745527938705,-6.5,15.056745527938705,13.5
2020,16,4.0,1.5412542446230462,-1.0,2.458745755376954,5.0
2020,16,3.0,1.8457890648607524,2.5,1.1542109351392476,0.5
2020,16,-7.0,0.615564683226316,-1.0,-7.6155646832263155,-6.0
2020,16,20.0,-0.8388185816570479,-3.0,20.838818581657048,23.0
2020,16,11.0,-0.24296133079905793,1.5,11.242961330799059,9.5
2020,16,26.0,1.3753698324937838,3.0,24.624630167506215,23.0
2020,16,-29.0,-1.5386634493326128,-7.0,-27.461336550667387,-22.0
2020,17,30.0,3.0337097862968445,-3.5,26.966290213703154,33.5
2020,17,-35.0,-12.508275208407213,-13.5,-22.491724791592787,-21.5
2020,17,2.0,-5.672784034973288,10.5,7.672784034973288,-8.5
2020,17,-2.0,-5.600816884395456,-3.0,3.6008168843954564,1.0
2020,17,14.0,9.536760801075921,3.0,4.463239198924079,11.0
2020,17,4.0,-1.8735644539248533,-1.5,5.873564453924853,5.5
2020,17,17.0,5.47936158159965,7.5,11.520638418400349,9.5
2020,17,-26.0,-8.33482104512047,-6.0,-17.66517895487953,-20.0
2020,17,-19.0,-4.656837055247935,-4.5,-14.343162944752066,-14.5
2020,17,-1.0,-3.142176611675976,-2.5,2.142176611675976,1.5
2020,17,-3.0,-5.251249842161762,-7.0,2.251249842161762,4.0
2020,17,14.0,10.805771071294753,15.5,3.1942289287052468,-1.5
2020,17,-17.0,10.23710698356237,-7.0,-27.23710698356237,-10.0
2020,17,11.0,2.249856264673999,1.0,8.750143735326,10.0
2020,17,-3.0,-2.055428170125033,-7.0,-0.9445718298749668,4.0
2020,17,-6.0,-0.3878520494382399,-6.5,-5.61214795056176,0.5
2021,1,2.0,8.590721848447382,10.0,-6.590721848447382,-8.0
2021,1,-26.0,4.143208846207287,3.5,-30.143208846207287,-29.5
2021,1,-7.0,3.0464954364350785,6.5,-10.046495436435078,-13.5
2021,1,5.0,6.859631862190204,3.5,-1.859631862190204,1.5
2021,1,3.0,0.016199100837389846,-3.0,2.98380089916261,6.0
2021,1,-8.0,-1.74624413854451,-9.5,-6.25375586145549,1.5
2021,1,16.0,5.0102140364650705,-3.5,10.98978596353493,19.5
2021,1,-12.0,1.4374468921803705,-3.0,-13.43744689218037,-9.0
2021,1,-25.0,2.0723918806199135,2.5,-27.072391880619914,-27.5
2021,1,-4.0,3.2621416510921275,2.5,-7.2621416510921275,-6.5
2021,1,4.0,5.993781037406654,5.5,-1.993781037406654,-1.5
2021,1,-1.0,0.014223728889615206,3.5,-1.0142237288896152,-4.5
2021,1,35.0,0.5307764049416268,-4.0,34.469223595058374,39.0
2021,1,-14.0,3.1268410633268453,-3.0,-17.126841063326847,-11.0
2021,1,20.0,4.424389308990585,9.5,15.575610691009416,10.5
2021,1,6.0,-3.357345422182472,-3.0,9.357345422182473,9.0
2021,2,1.0,-0.6624859237048013,4.0,1.6624859237048013,-3.0
2021,2,19.0,-11.762133959287329,-3.0,30.76213395928733,22.0
2021,2,3.0,-3.1473051516431028,2.0,6.147305151643103,1.0
2021,2,10.0,-3.958604190532081,13.5,13.958604190532082,-3.5
2021,2,-3.0,-6.963224996638132,-4.0,3.9632249966381323,1.0
2021,2,-10.0,-8.470218833217299,-6.0,-1.5297811667827013,-4.0
2021,2,-35.0,-5.600868574476576,-3.5,-29.399131425523425,-31.5
2021,2,-19.0,-9.432001635755917,-5.5,-9.567998364244083,-13.5
2021,2,-6.0,-3.2884036743686105,-3.0,-2.7115963256313895,-3.0
2021,2,-9.0,-0.7883468780601506,5.5,-8.21165312193985,-14.5
2021,2,1.0,1.8221990360194509,4.0,-0.8221990360194509,-3.0
2021,2,23.0,3.083478164808276,13.5,19.916521835191723,9.5
2021,2,-3.0,-2.47407848113406,3.0,-0.5259215188659399,-6.0
2021,2,-3.0,0.8118705253214662,6.5,-3.811870525321466,-9.5
2021,2,1.0,-4.092794523575222,-3.5,5.092794523575222,4.5
2021,2,18.0,0.6295626795669369,11.5,17.370437320433062,6.5
2021,3,-15.0,-6.4216947616025895,-8.0,-8.57830523839741,-7.0
2021,3,22.0,-3.427212368805007,7.5,25.42721236880501,14.5
2021,3,20.0,-0.874733925554567,7.5,20.874733925554565,12.5
2021,3,-2.0,-13.903489507293944,-7.5,11.903489507293944,5.5
2021,3,-12.0,-12.88377003889381,-8.0,0.8837700388938092,-4.0
2021,3,-6.0,1.0510579461974476,6.5,-7.051057946197448,-12.5
2021,3,-15.0,-7.057025798834889,3.0,-7.942974201165111,-18.0
2021,3,-3.0,5.066958324124174,3.0,-8.066958324124174,-6.0
2021,3,-14.0,2.886144636096059,2.5,-16.88614463609606,-16.5
2021,3,9.0,-4.296526175301861,4.5,13.29652617530186,4.5
2021,3,26.0,2.6415038348269935,10.5,23.35849616517301,15.5
2021,3,3.0,0.5850136088372468,4.0,2.414986391162753,-1.0
2021,3,10.0,-3.23981547055787,-1.0,13.23981547055787,11.0
2021,3,13.0,-7.174671754422239,-2.0,20.17467175442224,15.0
2021,3,-2.0,-1.1471948992522805,3.5,-0.8528051007477195,-5.5
2021,3,20.0,-4.9599556159160425,3.5,24.959955615916044,16.5
2021,4,3.0,5.90760970732933,7.5,-2.90760970732933,-4.5
2021,4,-4.0,-2.574361173074344,-1.0,-1.4256388269256561,-3.0
2021,4,40.0,11.149995944007973,19.0,28.850004055992027,21.0
2021,4,10.0,2.0150014195409076,3.0,7.984998580459092,7.0
2021,4,8.0,0.21298450590405849,4.5,7.787015494095941,3.5
2021,4,-10.0,-1.3660117808789867,2.5,-8.633988219121013,-12.5
2021,4,-7.0,-1.1857790834983266,-1.0,-5.814220916501673,-6.0
2021,4,-6.0,9.747561493101585,7.5,-15.747561493101585,-13.5
2021,4,3.0,-8.56076731057669,-5.5,11.56076731057669,8.5
2021,4,-12.0,-3.7150268262492703,-7.5,-8.28497317375073,-4.5
2021,4,-17.0,1.186590296065644,3.5,-18.186590296065646,-20.5
2021,4,-7.0,-0.7640762410577068,2.5,-6.235923758942294,-9.5
2021,4,-16.0,-2.2236630225750633,1.0,-13.776336977424936,-17.0
2021,4,10.0,0.3487401847203019,6.5,9.651259815279698,3.5
2021,4,-2.0,-5.130153023498879,-6.0,3.1301530234988793,4.0
2021,4,14.0,-1.447974190451499,3.0,15.447974190451498,11.0
2021,5,-9.0,-1.8223623648126104,-2.5,-7.17763763518739,-6.5
2021,5,7.0,2.248190724844066,3.0,4.751809275155934,4.0
2021,5,-3.0,4.6704015706321,2.5,-7.6704015706321,-5.5
2021,5,-3.0,-9.97228640367438,-2.0,6.97228640367438,-1.0
2021,5,-3.0,-4.496650109041818,-8.0,1.496650109041818,5.0
2021,5,-18.0,-12.972930875409862,-4.0,-5.027069124590138,-14.0
2021,5,2.0,5.434188583418933,10.0,-3.4341885834189334,-8.0
2021,5,8.0,0.650891489444222,-2.0,7.349108510555778,10.0
2021,5,28.0,6.779718177070258,11.0,21.220281822929742,17.0
2021,5,-11.0,-6.436301082265527,-2.5,-4.563698917734473,-8.5
2021,5,5.0,0.6305883588262775,2.5,4.3694116411737225,2.5
2021,5,-11.0,3.976142391568783,5.5,-14.976142391568782,-16.5
2021,5,7.0,4.581298588800319,6.0,2.418701411199681,1.0
2021,5,24.0,2.9468012518052027,7.5,21.0531987481948,16.5
2021,5,-18.0,-4.856249752523517,2.5,-13.143750247476483,-20.5
2021,5,6.0,3.3451203815738224,7.5,2.6548796184261776,-1.5
2021,6,-6.0,-8.251546056470453,-7.0,2.2515460564704526,1.0
2021,6,3.0,-3.6977907312046776,-2.5,6.697790731204678,5.5
2021,6,28.0,4.607430169678122,3.0,23.39256983032188,25.0
2021,6,-6.0,1.8521867581949107,-2.5,-7.852186758194911,-3.5
2021,6,-10.0,-2.8031438481467217,-5.5,-7.196856151853279,-4.5
2021,6,-23.0,-4.240289789334775,-3.5,-18.759710210665226,-19.5
2021,6,28.0,6.446278572743121,10.5,21.55372142725688,17.5
2021,6,-27.0,-2.5877574976036826,-7.5,-24.412242502396317,-19.5
2021,6,-18.0,-4.201734227449212,-6.0,-13.798265772550788,-12.0
2021,6,-23.0,-3.619956706721428,3.0,-19.380043293278572,-26.0
2021,6,-10.0,0.4122558450601916,5.0,-10.41225584506019,-15.0
2021,6,-6.0,-3.2072511787210196,-3.5,-2.7927488212789804,-2.5
2021,6,3.0,4.887173307869373,5.5,-1.8871733078693733,-2.5
2021,6,3.0,-9.465057991122455,-6.0,12.465057991122455,9.0
2021,7,3.0,1.3868448602307337,2.0,1.6131551397692663,1.0
2021,7,-24.0,4.719412706541356,6.5,-28.719412706541355,-30.5
2021,7,14.0,4.666199236945901,8.5,9.3338007630541,5.5
2021,7,-2.0,10.769186847355394,-1.5,-12.769186847355394,-0.5
2021,7,41.0,17.304431455040095,7.0,23.695568544959905,34.0
2021,7,22.0,-6.724152953034088,-3.0,28.72415295303409,25.0
2021,7,24.0,-1.223940769409924,-4.0,25.223940769409925,28.0
2021,7,9.0,11.940816171175925,17.0,-2.940816171175925,-8.0
2021,7,11.0,5.098068616540456,1.0,5.901931383459544,10.0
2021,7,26.0,12.689192752569408,20.5,13.310807247430592,5.5
2021,7,35.0,2.844744295074058,12.5,32.15525570492594,22.5
2021,7,-12.0,-12.416857347197093,3.5,0.41685734719709266,-15.5
2021,7,-3.0,6.903934402859951,-6.0,-9.903934402859951,3.0
2021,8,-3.0,5.247901271488692,6.5,-8.247901271488692,-9.5
2021,8,-6.0,-2.392384233578253,2.5,-3.607615766421747,-8.5
2021,8,15.0,6.074493485106508,15.0,8.925506514893492,0.0
2021,8,-11.0,-3.04152710943542,-4.5,-7.95847289056458,-6.5
2021,8,-5.0,4.092404584767331,5.5,-9.09240458476733,-10.5
2021,8,-38.0,-3.452423544946675,-3.0,-34.547576455053324,-35.0
2021,8,-16.0,-12.79799488095018,-17.0,-3.2020051190498204,1.0
2021,8,-3.0,-0.22346076994769964,3.0,-2.7765392300523004,-6.0
2021,8,3.0,-11.222348431170925,-11.5,14.222348431170925,14.5
2021,8,-3.0,-9.646727782008531,3.5,6.646727782008531,-6.5
2021,8,24.0,18.389580595091793,4.0,5.610419404908207,20.0
2021,8,7.0,-1.5151745482639871,4.0,8.515174548263987,3.0
2021,8,9.0,-0.7684628914970766,-4.0,9.768462891497077,13.0
2021,8,-4.0,-2.104643073360406,4.5,-1.895356926639594,-8.5
2021,8,3.0,5.444975950576258,10.5,-2.444975950576258,-7.5
2021,9,15.0,10.872906601981926,10.5,4.127093398018074,4.5
2021,9,3.0,-3.4351009535457164,7.5,6.435100953545716,-4.5
2021,9,-18.0,-0.9490771423129858,-3.5,-17.050922857687013,-14.5
2021,9,-25.0,1.955463707938396,2.5,-26.955463707938396,-27.5
2021,9,-14.0,4.780540815622224,10.5,-18.780540815622224,-24.5
2021,9,3.0,-15.983729771498869,-14.5,18.98372977149887,17.5
2021,9,8.0,2.9040082655151545,4.0,5.095991734484846,4.0
2021,9,-2.0,10.67452581092831,7.0,-12.67452581092831,-9.0
2021,9,7.0,5.5209153981294365,-3.0,1.4790846018705635,10.0
2021,9,-3.0,0.7363977103628451,-1.0,-3.736397710362845,-2.0
2021,9,6.0,2.5553059334721264,7.0,3.4446940665278736,-1.0
2021,9,-14.0,-3.218104496178355,5.5,-10.781895503821644,-19.5
2021,9,-12.0,3.516752979876691,7.0,-15.516752979876692,-19.0
2021,9,2.0,6.075375295530962,7.0,-4.075375295530962,-5.0
2021,10,12.0,-8.560536492248477,-8.5,20.560536492248477,20.5
2021,10,40.0,5.233459239591594,8.0,34.766540760408404,32.0
2021,10,6.0,5.476886297359139,10.5,0.5231137026408614,-4.5
2021,10,38.0,0.2863283557392794,2.5,37.71367164426072,35.5
2021,10,-28.0,-19.758608341859834,-13.0,-8.241391658140166,-15.0
2021,10,0.0,17.075133688548206,9.0,-17.075133688548206,-9.0
2021,10,2.0,-1.9325428391739448,3.0,3.9325428391739448,-1.0
2021,10,10.0,-11.45748770234779,-10.0,21.45748770234779,20.0
2021,10,-24.0,9.378447890882127,7.0,-33.37844789088213,-31.0
2021,10,-7.0,-0.022662368650526482,3.0,-6.9773376313494735,-10.0
2021,10,-17.0,0.21216449039546073,1.0,-17.212164490395462,-18.0
2021,10,17.0,7.041767049476336,3.0,9.958232950523664,14.0
2021,10,-27.0,-2.324941705384922,-2.5,-24.675058294615077,-24.5
2021,10,21.0,-5.431826416206435,-3.5,26.431826416206434,24.5
2021,11,-25.0,-8.667136796713034,-7.0,-16.332863203286966,-18.0
2021,11,-26.0,6.61064713059027,7.5,-32.61064713059027,-33.5
2021,11,-6.0,2.968964348378324,3.5,-8.968964348378325,-9.5
2021,11,-3.0,-8.851261605869091,-5.0,5.851261605869091,2.0
2021,11,3.0,6.562226279480415,13.0,-3.5622262794804147,-10.0
2021,11,-20.0,-8.257514120614484,-6.5,-11.742485879385516,-13.5
2021,11,3.0,-3.3531611288194236,-1.0,6.353161128819424,4.0
2021,11,-7.0,-3.3982909842164517,-3.5,-3.6017090157835483,-3.5
2021,11,11.0,-4.677955044091176,2.5,15.677955044091176,8.5
2021,11,-9.0,17.057076215130664,10.5,-26.057076215130664,-19.5
2021,11,-19.0,4.28066599429663,-1.0,-23.28066599429663,-18.0
2021,11,10.0,-0.9471643207699656,2.5,10.947164320769966,7.5
2021,11,-10.0,-4.372234863453835,2.5,-5.627765136546165,-12.5
2021,11,4.0,-0.6750473712269601,5.5,4.6750473712269605,-1.5
2021,11,20.0,14.997720426567898,11.5,5.0022795734321015,8.5
2021,12,-2.0,-3.733316211073365,-2.0,1.7333162110733649,0.0
2021,12,-3.0,6.363259728633729,7.0,-9.363259728633729,-10.0
2021,12,-25.0,-2.895934717019479,-7.0,-22.10406528298052,-18.0
2021,12,31.0,-0.09766396844340752,3.5,31.097663968443406,27.5
2021,12,-7.0,2.712986313066563,3.0,-9.712986313066562,-10.0
2021,12,-7.0,-3.49516009064904,-3.0,-3.50483990935096,-4.0
2021,12,-7.0,-0.014386484846071967,-1.5,-6.985613515153928,-5.5
2021,12,23.0,-3.09006014382879,-1.0,26.09006014382879,24.0
2021,12,23.0,0.48954459303951237,7.5,22.51045540696049,15.5
2021,12,6.0,-4.607196936180144,-4.0,10.607196936180145,10.0
2021,12,15.0,-4.534123893477305,-2.5,19.534123893477304,17.5
2021,12,8.0,2.1294205138651296,-2.0,5.87057948613487,10.0
2021,12,8.0,1.1543008982930214,3.5,6.845699101706979,4.5
2021,12,6.0,3.081433164500451,3.0,2.918566835499549,3.0
2021,12,2.0,-3.8982420300463376,-1.0,5.898242030046338,3.0
2021,13,-10.0,0.28067501059769745,-6.0,-10.280675010597697,-4.0
2021,13,-13.0,-12.240227956314326,-11.0,-0.7597720436856736,-2.0
2021,13,-11.0,-8.639077579554566,-7.5,-2.3609224204454335,-3.5
2021,13,-19.0,3.247859815615224,2.5,-22.247859815615225,-21.5
2021,13,2.0,-7.928812246918192,-7.0,9.928812246918191,9.0
2021,13,-31.0,-10.486818877866972,-10.0,-20.513181122133027,-21.0
2021,13,11.0,1.766482706579988,6.5,9.233517293420013,4.5
2021,13,-15.0,-9.20291862507872,-5.0,-5.79708137492128,-10.0
2021,13,30.0,10.965345342512192,14.0,19.034654657487806,16.0
2021,13,-2.0,-0.9529610705394882,1.0,-1.0470389294605118,-3.0
2021,13,1.0,-3.567457661192269,-4.0,4.567457661192269,5.0
2021,13,7.0,-0.7549163679292088,-3.0,7.754916367929209,10.0
2021,13,13.0,2.6440765520993788,8.5,10.355923447900622,4.5
2021,13,-4.0,1.81702287591542,3.0,-5.81702287591542,-7.0
2021,14,8.0,1.0870303626056994,3.5,6.9129696373943,4.5
2021,14,-8.0,3.310891405788691,2.5,-11.310891405788691,-10.5
2021,14,2.0,-4.195252074282529,3.0,6.195252074282529,-1.0
2021,14,-20.0,-9.092438862492825,-10.0,-10.907561137507175,-10.0
2021,14,39.0,6.650352058133401,10.0,32.3496479418666,29.0
2021,14,-21.0,-11.220800656741384,-4.5,-9.779199343258616,-16.5
2021,14,20.0,9.623345816220551,8.5,10.376654183779449,11.5
2021,14,-7.0,-5.07978258127168,-6.5,-1.9202174187283196,-0.5
2021,14,28.0,6.065845411506876,13.0,21.934154588493122,15.0
2021,14,16.0,3.6527237639550516,9.5,12.347276236044948,6.5
2021,14,-3.0,-0.9238310720801078,-2.5,-2.076168927919892,-0.5
2021,14,6.0,-0.6855175249387393,3.5,6.6855175249387395,2.5
2021,14,15.0,7.01599060959153,11.5,7.98400939040847,3.5
2021,14,-7.0,2.192383129812315,3.0,-9.192383129812315,-10.0
2021,15,-6.0,-4.359366836052524,-3.0,-1.6406331639474763,-3.0
2021,15,10.0,-1.2366448603371651,-1.0,11.236644860337165,11.0
2021,15,17.0,10.44731175397638,14.0,6.552688246023621,3.0
2021,15,18.0,-13.043061637474178,-13.0,31.043061637474178,31.0
2021,15,-14.0,0.4226256200874622,6.0,-14.422625620087462,-20.0
2021,15,7.0,8.722836893642555,10.5,-1.7228368936425547,-3.5
2021,15,-15.0,-7.283520940469073,-11.5,-7.716479059530927,-3.5
2021,15,6.0,-3.258357417824918,1.0,9.258357417824918,5.0
2021,15,-5.0,0.12600034091000317,3.0,-5.126000340910003,-8.0
2021,15,18.0,7.510235811592828,9.5,10.489764188407172,8.5
2021,15,-1.0,-1.4979601881951794,-9.5,0.4979601881951794,8.5
2021,15,-9.0,4.823966586373436,11.5,-13.823966586373436,-20.5
2021,15,-2.0,3.55106845953095,-3.0,-5.55106845953095,1.0
2021,15,-8.0,-3.8746589952596127,-7.0,-4.125341004740387,-1.0
2021,15,10.0,3.1789584373191433,7.5,6.821041562680857,2.5
2021,15,10.0,3.3909343251152575,10.0,6.609065674884743,0.0
2021,16,3.0,0.4191593472612336,-3.5,2.5808406527387664,6.5
2021,16,2.0,6.0122933910254535,7.5,-4.0122933910254535,-5.5
2021,16,-6.0,-0.0314363058146383,3.0,-5.968563694185361,-9.0
2021,16,4.0,1.4732212577217614,7.5,2.5267787422782386,-3.5
2021,16,-26.0,-8.834969485664883,-11.5,-17.165030514335115,-14.5
2021,16,20.0,-1.070746853856316,7.5,21.070746853856317,12.5
2021,16,12.0,-8.172876361753783,-13.5,20.172876361753783,25.5
2021,16,-7.0,-3.528982273572123,-3.5,-3.471017726427877,-3.5
2021,16,-12.0,-1.3675104885432368,1.0,-10.632489511456763,-13.0
2021,16,5.0,0.605194208909603,2.5,4.394805791090397,2.5
2021,16,24.0,6.25329399955606,11.0,17.74670600044394,13.0
2021,16,-1.0,6.629371280201157,7.0,-7.629371280201157,-8.0
2021,16,26.0,7.134362906788034,10.5,18.865637093211966,15.5
2021,16,4.0,-2.5619941845962453,-1.0,6.561994184596245,5.0
2021,16,42.0,7.109679738807548,10.5,34.89032026119245,31.5
2021,16,-17.0,5.86923082491025,-3.0,-22.86923082491025,-14.0
2021,17,-1.0,-2.38082859325993,-7.0,1.3808285932599298,6.0
2021,17,14.0,14.825216340521349,14.0,-0.8252163405213491,0.0
2021,17,26.0,1.7088715494947837,7.0,24.291128450505216,19.0
2021,17,3.0,-3.945626527236858,-3.5,6.945626527236858,6.5
2021,17,-3.0,9.511416607598388,8.5,-12.511416607598388,-11.5
2021,17,40.0,15.937707005179304,17.5,24.062292994820695,22.5
2021,17,-4.0,-15.997879248970785,-14.5,11.997879248970785,10.5
2021,17,31.0,3.5209437176700504,3.0,27.47905628232995,28.0
2021,17,-4.0,-4.825733141614488,-6.5,0.8257331416144877,2.5
2021,17,21.0,1.134353692293336,8.0,19.865646307706665,13.0
2021,17,16.0,10.396502551231455,14.0,5.603497448768545,2.0
2021,17,-3.0,2.324642498327786,6.5,-5.324642498327786,-9.5
2021,17,8.0,6.993734639296422,7.0,1.006265360703578,1.0
2021,17,22.0,8.659884319599035,8.5,13.340115680400965,13.5
2021,17,27.0,4.691343824204296,13.0,22.308656175795704,14.0
2021,17,12.0,0.12380605355690658,-1.0,11.876193946443093,13.0
2021,18,-4.0,-5.917351949404711,-11.5,1.9173519494047113,7.5
2021,18,-25.0,-1.8928771473938473,-6.5,-23.107122852606153,-18.5
2021,18,-3.0,4.233429803748742,3.0,-7.233429803748742,-6.0
2021,18,5.0,-1.589495560941383,6.5,6.5894955609413834,-1.5
2021,18,7.0,-10.67561235214112,-4.0,17.675612352141123,11.0
2021,18,-3.0,-9.331953850041701,-10.5,6.331953850041701,7.5
2021,18,15.0,-13.910478635909852,-14.0,28.910478635909854,29.0
2021,18,14.0,3.962065473520167,3.5,10.037934526479834,10.5
2021,18,-15.0,-0.8527024084614379,-6.0,-14.147297591538562,-9.0
2021,18,-8.0,3.963921933698043,5.5,-11.963921933698042,-13.5
2021,18,-10.0,-6.981849609850899,-4.5,-3.018150390149101,-5.5
2021,18,17.0,18.701160119774723,16.0,-1.7011601197747233,1.0
2021,18,-3.0,3.767516600412539,3.0,-6.767516600412539,-6.0
2021,18,9.0,-6.689579662439035,-6.0,15.689579662439035,15.0
2021,18,24.0,12.056976541915231,11.0,11.943023458084769,13.0
2021,18,3.0,-1.7165109160926644,-3.5,4.716510916092664,6.5
2022,1,-21.0,-0.34453330563124407,-1.0,-20.655466694368755,-20.0
2022,1,-1.0,-2.861438673939722,-6.0,1.861438673939722,5.0
2022,1,-2.0,0.07666776487491189,2.5,-2.076667764874912,-4.5
2022,1,9.0,-2.1761259101195853,-6.5,11.176125910119586,15.5
2022,1,-3.0,5.055387621634037,7.5,-8.055387621634036,-10.5
2022,1,-3.0,-3.001046999164499,-6.0,0.0010469991644987964,3.0
2022,1,0.0,-4.8016276319128846,-7.0,4.8016276319128846,7.0
2022,1,13.0,-3.2983970374237903,3.0,16.29839703742379,10.0
2022,1,-15.0,-2.8342883017895217,-6.5,-12.165711698210478,-8.5
2022,1,6.0,5.358996194388332,3.0,0.6410038056116676,3.0
2022,1,-23.0,1.098822072979277,-6.0,-24.098822072979278,-17.0
2022,1,5.0,4.212322864612348,3.5,0.7876771353876517,1.5
2022,1,16.0,0.0895323778806949,2.5,15.910467622119306,13.5
2022,1,-1.0,7.887792151671745,5.5,-8.887792151671745,-6.5
2022,1,-16.0,2.6463090781417713,-2.5,-18.646309078141773,-13.5
2022,1,1.0,3.0900331600517204,-6.0,-2.0900331600517204,7.0
2022,2,3.0,3.9750383747619207,4.0,-0.9750383747619207,-1.0
2022,2,-4.0,-0.6550995856189691,3.0,-3.344900414381031,-7.0
2022,2,-1.0,4.5525491153121385,6.5,-5.5525491153121385,-7.5
2022,2,9.0,-2.4083161404954323,-1.0,11.408316140495433,10.0
2022,2,24.0,-7.968420737303641,-3.0,31.968420737303642,27.0
2022,2,-10.0,-6.006047473214587,-2.5,-3.993952526785413,-7.5
2022,2,3.0,-1.6090378022220344,-1.0,4.609037802222034,4.0
2022,2,-3.0,-3.775798621275389,-3.0,0.7757986212753889,0.0
2022,2,4.0,3.482257458377518,10.5,0.5177425416224821,-6.5
2022,2,20.0,-1.317500340756732,8.5,21.31750034075673,11.5
2022,2,3.0,1.2834297081149417,-7.5,1.7165702918850583,10.5
2022,2,7.0,3.0264340385355286,10.5,3.9735659614644714,-3.5
2022,2,-6.0,-3.003715002854457,5.5,-2.996284997145543,-11.5
2022,2,17.0,0.6136146515337283,10.5,16.386385348466273,6.5
2022,2,34.0,4.883827996805288,10.0,29.116172003194713,24.0
2022,2,17.0,-1.6824210600117322,2.5,18.682421060011734,14.5
2022,3,12.0,1.7119825699107443,4.5,10.288017430089255,7.5
2022,3,8.0,-1.0350463147930542,-2.0,9.035046314793053,10.0
2022,3,3.0,4.830301672568112,3.0,-1.8303016725681118,0.0
2022,3,3.0,-16.96395058060596,-4.5,19.96395058060596,7.5
2022,3,2.0,-0.24612852445549116,-4.0,2.246128524455491,6.0
2022,3,4.0,1.3745421341628692,6.5,2.625457865837131,-2.5
2022,3,-11.0,4.7063308425256825,-2.5,-15.706330842525682,-8.5
2022,3,-15.0,-4.129702257638351,-6.5,-10.87029774236165,-8.5
2022,3,2.0,-0.04082810901957323,-1.5,2.0408281090195732,3.5
2022,3,-16.0,1.2503048656056723,-6.0,-17.25030486560567,-10.0
2022,3,-28.0,19.092722562669667,6.5,-47.092722562669664,-34.5
2022,3,-8.0,3.8349371271507318,-3.5,-11.83493712715073,-4.5
2022,3,-4.0,4.277839753726389,1.0,-8.27783975372639,-5.0
2022,3,-2.0,7.538216814495505,1.0,-9.538216814495506,-3.0
2022,3,1.0,0.9810368906270222,-1.0,0.01896310937297785,2.0
2022,3,-7.0,-3.6545571526095744,1.0,-3.3454428473904256,-8.0
2022,4,12.0,1.291361313009129,4.0,10.70863868699087,8.0
2022,4,-3.0,-1.1157461218666356,-4.0,-1.8842538781333644,1.0
2022,4,3.0,1.0398196430369182,-1.0,1.9601803569630818,4.0
2022,4,-3.0,-5.586732771221767,-3.0,2.586732771221767,0.0
2022,4,15.0,8.706350026147213,3.0,6.293649973852787,12.0
2022,4,-3.0,0.63793460787964,3.0,-3.63793460787964,-6.0
2022,4,-10.0,-1.1607533942831447,-5.5,-8.839246605716855,-4.5
2022,4,-7.0,2.9814942526237367,4.5,-9.981494252623737,-11.5
2022,4,8.0,1.2026682509554039,3.0,6.797331749044596,5.0
2022,4,8.0,5.589002014916039,6.5,2.410997985083961,1.5
2022,4,-4.0,3.564352847407074,3.0,-7.564352847407074,-7.0
2022,4,-10.0,-0.4448983576738057,1.0,-9.555101642326195,-11.0
2022,4,3.0,2.2484092266893763,10.0,0.7515907733106237,-7.0
2022,4,9.0,-1.0739550991516598,2.5,10.073955099151659,6.5
2022,4,-10.0,2.55833833012216,1.0,-12.55833833012216,-11.0
2022,4,15.0,1.905224265136148,1.0,13.094775734863852,14.0
2022,5,-3.0,2.1022882925268114,3.5,-5.102288292526811,-6.5
2022,5,-5.0,5.209073102136486,8.5,-10.209073102136486,-13.5
2022,5,35.0,12.185255904472966,14.0,22.814744095527033,21.0
2022,5,-2.0,1.9213690856746957,-1.0,-3.9213690856746957,-1.0
2022,5,-7.0,5.9342778196811325,7.0,-12.934277819681132,-14.0
2022,5,7.0,4.907609000972276,10.0,2.0923909990277236,-3.0
2022,5,29.0,5.725836477915089,3.0,23.274163522084912,26.0
2022,5,7.0,2.1167613653979886,5.5,4.883238634602011,1.5
2022,5,23.0,-0.6450920966784981,-3.0,23.645092096678496,26.0
2022,5,6.0,9.851641186009795,10.5,-3.851641186009795,-4.5
2022,5,-4.0,-0.8632747471168305,-1.0,-3.1367252528831697,-3.0
2022,5,-22.0,-5.948535208462485,-6.0,-16.051464791537516,-16.0
2022,5,-3.0,-1.743179473087894,-5.5,-1.256820526912106,2.5
2022,5,-12.0,0.2493165864738618,5.5,-12.249316586473862,-17.5
2022,5,2.0,5.474673073786866,3.0,-3.4746730737868656,-1.0
2022,5,1.0,8.975726197189314,7.5,-7.975726197189314,-6.5
2022,6,-5.0,2.8896459622044692,-1.0,-7.889645962204469,-4.0
2022,6,14.0,-5.905534216614256,-3.5,19.905534216614257,17.5
2022,6,-23.0,-1.6687014903506308,2.5,-21.33129850964937,-25.5
2022,6,-17.0,7.596827132112957,7.5,-24.596827132112956,-24.5
2022,6,7.0,-4.102114674062071,1.0,11.102114674062072,6.0
2022,6,-8.0,1.1712654612452624,-3.0,-9.171265461245262,-5.0
2022,6,-4.0,-2.0813865331549475,-3.0,-1.9186134668450525,-1.0
2022,6,4.0,-2.4161319360190756,-5.5,6.416131936019076,9.5
2022,6,2.0,-6.084562763881057,-10.0,8.084562763881056,12.0
2022,6,14.0,5.903504920528764,10.0,8.096495079471236,4.0
2022,6,10.0,-0.6249698427508186,-2.5,10.624969842750819,12.5
2022,6,-4.0,-0.9119123135257232,-2.5,-3.088087686474277,-1.5
2022,6,9.0,0.8074895443500529,6.5,8.192510455649947,2.5
2022,6,3.0,8.92238997238433,3.5,-5.92238997238433,-0.5
2022,7,8.0,2.0998189130918106,2.5,5.900181086908189,5.5
2022,7,3.0,5.505240459786245,6.5,-2.505240459786245,-3.5
2022,7,18.0,-7.105988972711619,-13.0,25.105988972711618,31.0
2022,7,18.0,6.7300838806857035,6.5,11.269916119314296,11.5
2022,7,18.0,19.488219780552093,7.0,-1.4882197805520931,11.0
2022,7,-6.0,1.6977770443379385,3.0,-7.697777044337938,-9.0
2022,7,9.0,-7.947201832272373,2.5,16.947201832272373,6.5
2022,7,2.0,-5.869181899270635,-4.0,7.869181899270635,6.0
2022,7,-7.0,4.747849148305068,-2.0,-11.747849148305068,-5.0
2022,7,18.0,6.353530604015573,7.0,11.646469395984427,11.0
2022,7,-14.0,3.4081196213977525,5.5,-17.408119621397752,-19.5
2022,7,-21.0,-0.5991263328898113,-1.0,-20.40087366711019,-20.0
2022,7,6.0,3.732665684267196,7.5,2.267334315732804,-1.5
2022,7,-19.0,13.415703643670062,9.5,-32.415703643670064,-28.5
2022,8,-5.0,2.1707656247297455,2.0,-7.1707656247297455,-7.0
2022,8,-4.0,-0.5710250436379749,1.0,-3.4289749563620253,-5.0
2022,8,3.0,2.667446306719102,4.5,0.3325536932808979,-1.5
2022,8,20.0,7.794356315614947,10.5,12.205643684385052,9.5
2022,8,-4.0,-2.3456379353415406,-3.5,-1.6543620646584594,-0.5
2022,8,8.0,1.7457747182211443,4.0,6.254225281778856,4.0
2022,8,24.0,0.18326984080915754,-1.0,23.816730159190843,25.0
2022,8,-5.0,-2.098296585736342,-3.0,-2.901703414263658,-2.0
2022,8,22.0,8.038837686814796,11.0,13.961162313185204,11.0
2022,8,-7.0,-4.017764790608222,-1.0,-2.982235209391778,-6.0
2022,8,-1.0,3.9898644964007546,3.0,-4.989864496400754,-4.0
2022,8,-17.0,-0.8648861751634418,-1.0,-16.13511382483656,-16.0
2022,8,14.0,2.474325824530899,3.0,11.525674175469101,11.0
2022,8,10.0,10.80715213183485,10.5,-0.8071521318348491,-0.5
2022,8,19.0,-4.159395552377452,-3.0,23.159395552377454,22.0
2022,9,-12.0,-8.901584927769788,-14.0,-3.098415072230212,2.0
2022,9,-3.0,1.489764043074868,-2.5,-4.489764043074868,-0.5
2022,9,-3.0,0.35766047028644143,-4.0,-3.3576604702864414,1.0
2022,9,21.0,7.617955117999675,7.0,13.382044882000326,14.0
2022,9,6.0,-2.862695570994694,-4.0,8.862695570994694,10.0
2022,9,7.0,1.1946198218683983,-2.5,5.8053801781316015,9.5
2022,9,23.0,5.542852969512492,5.0,17.45714703048751,18.0
2022,9,3.0,-9.452704823664053,-11.0,12.452704823664053,14.0
2022,9,-3.0,-2.5662412933861183,-3.0,-0.4337587066138817,0.0
2022,9,-10.0,1.3620248824567396,1.5,-11.36202488245674,-11.5
2022,9,3.0,4.8122426320631675,3.0,-1.8122426320631675,0.0
2022,9,3.0,7.891512530632459,14.0,-4.891512530632459,-11.0
2022,9,-14.0,-0.13739330634925936,-1.0,-13.86260669365074,-13.0
2022,10,10.0,0.20998594372541302,-2.5,9.790014056274586,12.5
2022,10,5.0,0.7013772082718082,2.5,4.298622791728192,2.5
2022,10,-3.0,9.839267624439417,6.5,-12.839267624439417,-9.5
2022,10,-1.0,3.639521350395189,3.0,-4.639521350395189,-4.0
2022,10,10.0,9.755731588837161,10.0,0.24426841116283882,0.0
2022,10,22.0,1.835429125992108,3.0,20.164570874007893,19.0
2022,10,8.0,6.4295214161375425,5.5,1.5704785838624575,2.5
2022,10,10.0,-0.6564723631152908,1.0,10.656472363115292,9.0
2022,10,7.0,3.5871224796137495,2.5,3.4128775203862505,4.5
2022,10,-5.0,2.076471459787585,4.5,-7.0764714597875855,-9.5
2022,10,3.0,-4.0221235623784395,-3.5,7.0221235623784395,6.5
2022,10,-10.0,2.0813678218226883,3.5,-12.081367821822688,-13.5
2022,10,6.0,6.814020978443947,8.5,-0.8140209784439474,-2.5
2022,10,-11.0,10.745237083935846,11.0,-21.745237083935848,-22.0
2022,11,-10.0,1.33933608629094,3.0,-11.33933608629094,-13.0
2022,11,3.0,1.217924380959849,3.0,1.782075619040151,0.0
2022,11,10.0,8.613411613398705,13.0,1.3865883866012947,-3.0
2022,11,8.0,10.456248664784594,7.5,-2.456248664784594,0.5
2022,11,-13.0,-2.2770405743168887,-3.0,-10.722959425683111,-10.0
2022,11,-1.0,-4.297344189641603,-6.5,3.2973441896416027,5.5
2022,11,7.0,6.361001889007704,3.5,0.6389981109922962,3.5
2022,11,7.0,2.317674718118301,2.5,4.682325281881699,4.5
2022,11,-13.0,4.21856811785838,3.0,-17.218568117858382,-16.0
2022,11,-6.0,2.940556750794234,2.5,-8.940556750794233,-8.5
2022,11,-37.0,-0.3388983743166407,-1.5,-36.66110162568336,-35.5
2022,11,-7.0,-3.3036807474424412,-3.5,-3.6963192525575588,-3.5
2022,11,-3.0,-5.346972617317265,-5.5,2.346972617317265,2.5
2022,11,-28.0,-2.758744882807404,-10.0,-25.241255117192594,-18.0
2022,12,-3.0,-9.6894537606553,-10.0,6.689453760655301,7.0
2022,12,8.0,10.791523142708497,10.5,-2.791523142708497,-2.5
2022,12,7.0,-1.664747702690807,2.5,8.664747702690807,4.5
2022,12,13.0,-0.16515464079357312,-1.0,13.165154640793574,14.0
2022,12,6.0,-1.3314883954593144,-3.0,7.331488395459314,9.0
2022,12,1.0,-4.46786203509032,-3.5,5.46786203509032,4.5
2022,12,15.0,8.102419629182073,14.0,6.897580370817927,1.0
2022,12,21.0,3.7516234121119307,8.5,17.248376587888067,12.5
2022,12,-4.0,-0.9543627899436475,-1.0,-3.0456372100563525,-3.0
2022,12,6.0,3.2878870834196716,3.5,2.7121129165803284,2.5
2022,12,-1.0,1.7086380456801864,-2.5,-2.7086380456801864,1.5
2022,12,-6.0,3.9429251811329786,4.0,-9.942925181132978,-10.0
2022,12,16.0,8.767511122546567,16.5,7.232488877453433,-0.5
2022,12,13.0,6.536172028610021,9.5,6.463827971389979,3.5
2022,12,7.0,6.954042951403186,6.5,0.045957048596814154,0.5
2022,12,-7.0,3.555138985927755,2.5,-10.555138985927755,-9.5
2022,13,-14.0,-2.94655166050842,-3.5,-11.053448339491581,-10.5
2022,13,-3.0,1.5298805497363968,-1.0,-4.529880549736397,-2.0
2022,13,1.0,7.590854153522437,9.5,-6.590854153522437,-8.5
2022,13,-9.0,-0.870518020481627,-4.0,-8.129481979518372,-5.0
2022,13,26.0,0.9206176198796775,1.0,25.07938238012032,25.0
2022,13,-13.0,-3.9796595011380376,-7.5,-9.020340498861962,-5.5
2022,13,5.0,2.1002305424709267,3.0,2.8997694575290733,2.0
2022,13,0.0,0.3377778311474423,-2.5,-0.3377778311474423,2.5
2022,13,25.0,5.401430233007574,5.0,19.598569766992426,20.0
2022,13,-4.0,-0.2682075125739851,-7.0,-3.7317924874260147,3.0
2022,13,16.0,4.971324182114258,4.5,11.028675817885741,11.5
2022,13,3.0,-0.19537807268198715,-2.5,3.1953780726819874,5.5
2022,13,7.0,1.6282580931926167,2.5,5.371741906807383,4.5
2022,13,35.0,9.931806176822292,11.0,25.068193823177708,24.0
2022,13,1.0,5.09015221314981,3.5,-4.09015221314981,-2.5
2022,14,1.0,1.7172473364629501,-6.5,-0.7172473364629501,7.5
2022,14,8.0,10.715378520507524,10.0,-2.7153785205075245,-2.0
2022,14,13.0,6.765089367063969,4.5,6.234910632936031,8.5
2022,14,4.0,17.522708325688303,17.0,-13.522708325688303,-13.0
2022,14,11.0,-0.29085422153392315,2.5,11.290854221533923,8.5
2022,14,-26.0,-5.517466280530108,-7.5,-20.48253371946989,-18.5
2022,14,-2.0,-3.078464811449691,1.5,1.0784648114496909,-3.5
2022,14,-14.0,5.360340964269225,3.0,-19.360340964269227,-17.0
2022,14,-6.0,-6.001849084119604,-8.5,0.0018490841196037167,2.5
2022,14,-6.0,6.22573992331775,3.5,-12.22573992331775,-9.5
2022,14,28.0,4.895154761775177,3.5,23.104845238224822,24.5
2022,14,6.0,-0.08780034203805709,-3.0,6.087800342038057,9.0
2022,14,-14.0,-2.681745651895717,-2.0,-11.318254348104283,-12.0
2022,15,-8.0,-3.633266601767585,-3.0,-4.366733398232415,-5.0
2022,15,3.0,5.550628196466762,3.5,-2.5506281964667616,-0.5
2022,15,10.0,-1.6030884265812828,2.5,11.603088426581284,7.5
2022,15,3.0,10.300115639096642,7.0,-7.300115639096642,-4.0
2022,15,-8.0,1.6371782090280051,2.5,-9.637178209028004,-10.5
2022,15,-5.0,-7.824225187174361,-8.5,2.8242251871743607,3.5
2022,15,-6.0,-10.521284151914717,-14.5,4.521284151914717,8.5
2022,15,6.0,-7.5614359724964615,-4.0,13.561435972496461,10.0
2022,15,3.0,3.910205173037965,5.0,-0.9102051730379652,-2.0
2022,15,-3.0,3.052437551441016,2.0,-6.052437551441016,-5.0
2022,15,9.0,1.6807843873974393,1.5,7.3192156126025605,7.5
2022,15,6.0,-2.926962096145146,1.0,8.926962096145147,5.0
2022,15,3.0,1.4558627316377595,3.0,1.5441372683622405,0.0
2022,15,-11.0,-1.6637372846201104,-3.5,-9.33626271537989,-7.5
2022,15,-8.0,4.346685254186571,4.5,-12.346685254186571,-12.5
2022,15,12.0,3.934315611833987,8.0,8.065684388166012,4.0
2022,16,-16.0,3.707703326379934,2.5,-19.707703326379935,-18.5
2022,16,8.0,7.296147272437558,6.5,0.7038527275624418,1.5
2022,16,14.0,-0.6031341493294795,-2.5,14.60313414932948,16.5
2022,16,-22.0,-9.967423698439692,-8.0,-12.032576301560308,-14.0
2022,16,-7.0,2.810144318343253,3.0,-9.810144318343253,-10.0
2022,16,14.0,7.528394536006865,10.5,6.471605463993135,3.5
2022,16,3.0,5.245111155280712,4.5,-2.2451111552807124,-1.5
2022,16,-4.0,0.5327553682571977,-3.0,-4.532755368257198,-1.0
2022,16,-5.0,7.7719195478956955,3.0,-12.771919547895696,-8.0
2022,16,17.0,9.331433329628133,6.5,7.668566670371867,10.5
2022,16,6.0,2.4975654269596257,4.0,3.5024345730403743,2.0
2022,16,3.0,1.0418006888864624,2.5,1.9581993111135376,0.5
2022,16,-6.0,2.6331323572417125,3.5,-8.633132357241713,-9.5
2022,16,37.0,1.4912086348673264,-3.0,35.50879136513267,40.0
2022,16,-3.0,-0.5978740933824558,-7.5,-2.4021259066175444,4.5
2022,16,-17.0,0.223007933304747,-3.5,-17.223007933304746,-13.5
2022,17,-14.0,-6.294770366894569,-14.0,-7.705229633105431,0.0
2022,17,1.0,1.435760911314933,7.0,-0.435760911314933,-6.0
2022,17,31.0,4.805751266199145,4.5,26.194248733800855,26.5
2022,17,-28.0,-3.2740316407462133,-3.5,-24.725968359253788,-24.5
2022,17,3.0,11.246209703411365,13.5,-8.246209703411365,-10.5
2022,17,2.0,4.370729414369642,3.0,-2.3707294143696416,-1.0
2022,17,28.0,3.01540824814629,5.5,24.98459175185371,22.5
2022,17,-10.0,8.464319021726634,5.5,-18.464319021726634,-15.5
2022,17,6.0,4.797758993971731,3.5,1.2022410060282693,2.5
2022,17,-14.0,0.7955556065703773,1.0,-14.795555606570378,-15.0
2022,17,-3.0,-5.401254473156883,-10.0,2.4012544731568832,7.0
2022,17,17.0,2.4641419699729763,-1.0,14.535858030027024,18.0
2022,17,24.0,2.061539663611099,3.0,21.9384603363889,21.0
2022,17,21.0,2.275433815251359,6.5,18.724566184748642,14.5
2022,17,-3.0,6.052494341043803,1.0,-9.052494341043804,-4.0
2022,18,-18.0,-4.518567090188434,-9.0,-13.481432909811566,-9.0
2022,18,4.0,3.6460674402493645,6.0,0.35393255975063553,-2.0
2022,18,13.0,-1.4502399027932644,6.0,14.450239902793264,7.0
2022,18,12.0,8.073351226272312,8.0,3.9266487737276883,4.0
2022,18,-16.0,-2.5357151205240895,-6.5,-13.46428487947591,-9.5
2022,18,11.0,4.868832025293477,11.0,6.131167974706523,0.0
2022,18,-1.0,4.39235069771488,3.0,-5.39235069771488,-4.0
2022,18,5.0,3.8167650392857313,3.5,1.1832349607142687,1.5
2022,18,-3.0,4.4939684437281935,3.5,-7.4939684437281935,-6.5
2022,18,14.0,0.5674583283388022,2.5,13.432541671661198,11.5
2022,18,3.0,-1.4613162171422212,6.0,4.461316217142221,-3.0
2022,18,6.0,8.899457097324287,16.5,-2.8994570973242872,-10.5
2022,18,3.0,3.8527204810308042,5.5,-0.8527204810308042,-2.5
2022,18,25.0,10.509279788598546,14.0,14.490720211401454,11.0
2022,18,20.0,-7.588870130318165,-7.5,27.588870130318163,27.5
2022,18,-4.0,3.371206196205054,5.5,-7.371206196205054,-9.5
2023,1,-1.0,4.511249376786068,4.0,-5.511249376786068,-5.0
2023,1,14.0,2.150235897799012,3.5,11.849764102200988,10.5
2023,1,16.0,7.225258905454531,9.5,8.774741094545469,6.5
2023,1,21.0,-1.2956245215847964,-1.0,22.295624521584795,22.0
2023,1,-10.0,-3.0187933187907947,-4.0,-6.981206681209205,-6.0
2023,1,-3.0,2.9626711599115465,4.0,-5.9626711599115465,-7.0
2023,1,1.0,3.2427457022930666,3.0,-2.2427457022930666,-2.0
2023,1,-23.0,-2.6060574299260524,-1.5,-20.393942570073946,-21.5
2023,1,4.0,4.477432472474122,7.0,-0.47743247247412235,-3.0
2023,1,-18.0,-1.3186667529728662,1.0,-16.681333247027133,-19.0
2023,1,-1.0,0.8141284688512935,3.0,-1.8141284688512935,-4.0
2023,1,-2.0,1.4874402744042234,3.0,-3.487440274404223,-5.0
2023,1,-5.0,-0.4836680742860455,-3.5,-4.5163319257139545,-1.5
2023,1,-17.0,3.912682150840041,4.5,-20.91268215084004,-21.5
2023,1,-40.0,-1.3545584654979836,-3.5,-38.64544153450202,-36.5
2023,1,6.0,-2.9216311104561714,-2.5,8.921631110456172,8.5
2023,2,6.0,0.9457726542509333,6.0,5.054227345749067,0.0
2023,2,1.0,-3.121550156925394,3.0,4.1215501569253945,-2.0
2023,2,28.0,2.1702610347120297,7.5,25.82973896528797,20.5
2023,2,-3.0,-4.892923318891081,3.5,1.8929233188910812,-6.5
2023,2,-6.0,0.05138199814424205,4.5,-6.051381998144242,-10.5
2023,2,-11.0,-3.7003181981709536,-1.0,-7.299681801829046,-10.0
2023,2,-8.0,-4.424131978558302,-3.5,-3.575868021441698,-4.5
2023,2,10.0,0.9886067381527317,2.5,9.011393261847267,7.5
2023,2,3.0,-4.511983257982069,-2.5,7.511983257982069,5.5
2023,2,-3.0,-2.311615938323927,-5.0,-0.6883840616760728,2.0
2023,2,-7.0,-8.580690659835238,-7.5,1.5806906598352377,0.5
2023,2,20.0,2.6373478832442814,8.5,17.36265211675572,11.5
2023,2,-2.0,-4.446515917659649,4.0,2.4465159176596494,-6.0
2023,2,-7.0,-2.2997996534143414,-2.0,-4.7002003465856586,-5.0
2023,2,-3.0,-5.033320798402173,-3.0,2.0333207984021726,0.0
2023,2,4.0,-7.214539472627144,-2.5,11.214539472627145,6.5
2023,3,18.0,8.751320094582567,10.5,9.248679905417433,7.5
2023,3,-3.0,5.288513421423396,7.5,-8.288513421423396,-10.5
2023,3,24.0,2.7040461669208313,3.5,21.295953833079167,20.5
2023,3,14.0,-0.6936927289478282,3.0,14.693692728947829,11.0
2023,3,1.0,0.07074945042482161,-1.5,0.9292505495751784,2.5
2023,3,-20.0,6.230305026935774,7.5,-26.230305026935774,-27.5
2023,3,50.0,2.760149606228714,6.0,47.239850393771285,44.0
2023,3,-4.0,-3.1396180108265033,1.0,-0.8603819891734967,-5.0
2023,3,-5.0,-0.6474780566464515,-2.5,-4.3525219433535485,-2.5
2023,3,-34.0,-6.766715596170538,-5.5,-27.23328440382946,-28.5
2023,3,10.0,-0.3567290528836735,5.0,10.356729052883674,5.0
2023,3,12.0,-12.293117161388116,-11.5,24.293117161388118,23.5
2023,3,31.0,8.533174404358759,13.0,22.46682559564124,18.0
2023,3,-5.0,-2.951300290864374,3.0,-2.048699709135626,-8.0
2023,3,-14.0,-2.014277067891385,-6.0,-11.985722932108615,-8.0
2023,3,3.0,-0.10513690450220015,3.0,3.1051369045022,0.0
2023,4,-14.0,0.2505917517044447,-2.5,-14.250591751704444,-11.5
2023,4,16.0,-0.4113209385720109,3.5,16.41132093857201,12.5
2023,4,28.0,3.9715727004973984,2.5,24.028427299502603,25.5
2023,4,-8.0,-1.1908309746149128,-4.5,-6.809169025385087,-3.5
2023,4,-3.0,0.42241625781387837,-3.0,-3.4224162578138784,0.0
2023,4,-25.0,2.3452200685327473,-2.0,-27.345220068532747,-23.0
2023,4,24.0,-1.1266839524639134,-3.0,25.126683952463914,27.0
2023,4,-6.0,-2.1565529669406143,-1.0,-3.8434470330593857,-5.0
2023,4,-17.0,1.445209632945452,4.0,-18.445209632945453,-21.0
2023,4,3.0,9.52861431269601,9.5,-6.528614312696011,-6.5
2023,4,24.0,-2.9858911675101796,-2.5,26.98589116751018,26.5
2023,4,7.0,4.305604202054644,7.0,2.694395797945356,0.0
2023,4,35.0,6.763163473758471,6.5,28.23683652624153,28.5
2023,4,19.0,7.9392746949817505,15.0,11.060725305018249,4.0
2023,4,-3.0,-4.763933267134318,-9.5,1.763933267134318,6.5
2023,4,-21.0,-4.318871764194418,-2.5,-16.68112823580558,-18.5
2023,5,-20.0,6.622866901575252,6.0,-26.62286690157525,-26.0
2023,5,-5.0,9.740249134129735,5.5,-14.740249134129735,-10.5
2023,5,2.0,0.7267320248302216,2.5,1.2732679751697784,-0.5
2023,5,18.0,6.158042926394879,9.5,11.841957073605121,8.5
2023,5,7.0,0.052854792348650426,-2.5,6.947145207651349,9.5
2023,5,15.0,9.186613621051018,12.5,5.813386378948982,2.5
2023,5,-34.0,1.6748582154854992,2.5,-35.6748582154855,-36.5
2023,5,7.0,-5.751847150799225,-4.5,12.751847150799225,11.5
2023,5,-14.0,0.3664225587005132,-3.0,-14.366422558700513,-11.0
2023,5,-9.0,-2.4007571683520137,-3.5,-6.599242831647986,-5.5
2023,5,-10.0,-4.629214547268481,2.5,-5.370785452731519,-12.5
2023,5,-7.0,-4.262330754442964,-3.5,-2.7376692455570364,-3.5
2023,5,32.0,0.7751573211231213,3.5,31.22484267887688,28.5
2023,5,4.0,0.6117914701789673,1.0,3.388208529821033,3.0
2023,6,11.0,13.864891924620753,10.5,-2.8648919246207534,0.5
2023,6,-8.0,-4.396279484236036,-5.5,-3.603720515763964,-2.5
2023,6,-8.0,5.116852671371813,1.5,-13.116852671371813,-9.5
2023,6,-6.0,-5.008588359304438,-3.0,-0.9914116406955618,-3.0
2023,6,4.0,2.1439390037709076,3.0,1.8560609962290924,1.0
2023,6,2.0,-10.367122007432641,-9.5,12.367122007432641,11.5
2023,6,7.0,-0.5673218166617491,-2.0,7.5673218166617495,9.0
2023,6,17.0,4.669130828077037,4.0,12.330869171922963,13.0
2023,6,21.0,9.04123994469943,14.0,11.95876005530057,7.0
2023,6,4.0,2.8933061409729675,3.0,1.1066938590270325,1.0
2023,6,17.0,5.118695572146078,7.0,11.881304427853923,10.0
2023,6,6.0,-3.4663237955455815,-6.5,9.46632379554558,12.5
2023,6,-14.0,-4.930846687447199,-3.0,-9.069153312552801,-11.0
2023,6,5.0,15.864465277534332,15.5,-10.864465277534332,-10.5
2023,6,-3.0,-6.99542822811252,-1.5,3.9954282281125204,-1.5
2023,7,-7.0,-0.7827293470075394,2.5,-6.217270652992461,-9.5
2023,7,32.0,0.6747862244380918,3.0,31.32521377556191,29.0
2023,7,18.0,-1.1599406800576504,-2.5,19.15994068005765,20.5
2023,7,-1.0,-2.6842985591297635,-3.5,1.6842985591297635,2.5
2023,7,4.0,-11.399559295913171,-7.5,15.399559295913171,11.5
2023,7,7.0,0.25563226255272387,-3.0,6.744367737447276,10.0
2023,7,-3.0,3.695957472301308,3.0,-6.695957472301308,-6.0
2023,7,-7.0,5.791671386231716,3.5,-12.791671386231716,-10.5
2023,7,10.0,6.839097359639258,9.5,3.1609026403607423,0.5
2023,7,2.0,-4.057744013866296,1.5,6.057744013866296,0.5
2023,7,14.0,6.007475956282583,5.5,7.992524043717417,8.5
2023,7,14.0,1.0471629499028259,3.0,12.952837050097173,11.0
2023,7,5.0,-8.086484641366642,-7.0,13.086484641366642,12.0
2023,8,6.0,10.623002640603389,10.0,-4.623002640603389,-4.0
2023,8,2.0,-2.399436677950662,-3.0,4.399436677950662,5.0
2023,8,23.0,7.959567410849245,6.5,15.040432589150754,16.5
2023,8,-14.0,1.2090938926408767,-1.0,-15.209093892640876,-13.0
2023,8,-11.0,0.21014184144403975,-2.0,-11.21014184144404,-9.0
2023,8,14.0,9.447211170472594,7.5,4.552788829527406,6.5
2023,8,-3.0,-2.8149733813025057,-3.0,-0.18502661869749426,0.0
2023,8,-10.0,-1.7219248550557487,-2.5,-8.278075144944252,-7.5
2023,8,5.0,3.4454390656727103,-2.5,1.5545609343272897,7.5
2023,8,-7.0,-6.436567970873067,-7.0,-0.5634320291269326,0.0
2023,8,4.0,1.7682232700632414,4.0,2.2317767299367586,0.0
2023,8,-7.0,-7.833030841155637,-9.5,0.8330308411556366,2.5
2023,8,15.0,-9.984116565662465,-7.0,24.984116565662465,22.0
2023,8,-14.0,10.43724223554375,4.0,-24.43724223554375,-18.0
2023,8,17.0,6.782405411550981,9.5,10.21759458844902,7.5
2023,8,12.0,8.873232105241849,7.0,3.126767894758151,5.0
2023,9,4.0,1.6877880489677788,3.5,2.3122119510322214,0.5
2023,9,7.0,0.6991041583623447,1.0,6.300895841637655,6.0
2023,9,-3.0,-0.9105804247411573,3.5,-2.0894195752588427,-6.5
2023,9,34.0,6.507160224681747,6.0,27.492839775318252,28.0
2023,9,27.0,7.633701879907099,13.0,19.3662981200929,14.0
2023,9,17.0,0.37256018321644446,3.5,16.627439816783557,13.5
2023,9,2.0,0.3259513982678379,2.5,1.674048601732162,-0.5
2023,9,-3.0,2.5810219102391256,2.5,-5.581021910239126,-5.5
2023,9,7.0,7.778599396812936,9.0,-0.7785993968129361,-2.0
2023,9,-14.0,0.6867588923223922,-1.5,-14.686758892322391,-12.5
2023,9,24.0,1.7767013770345639,1.0,22.223298622965437,23.0
2023,9,5.0,0.14840923535301087,3.5,4.851590764646989,1.5
2023,9,6.0,-5.285654720075618,1.5,11.285654720075618,4.5
2023,9,-21.0,1.769818780573311,-3.0,-22.76981878057331,-18.0
2023,10,3.0,3.330310263562416,3.0,-0.3303102635624162,0.0
2023,10,-4.0,-2.306616725678196,-1.0,-1.6933832743218038,-3.0
2023,10,-2.0,7.51433446747152,6.0,-9.514334467471521,-8.0
2023,10,-3.0,5.335118357055583,5.5,-8.335118357055583,-8.5
2023,10,-31.0,-1.2876856198430322,-3.0,-29.71231438015697,-28.0
2023,10,8.0,3.7306979861164855,-3.0,4.2693020138835145,11.0
2023,10,4.0,3.2583474299238597,3.0,0.7416525700761403,1.0
2023,10,14.0,1.654804970653705,2.5,12.345195029346295,11.5
2023,10,2.0,-0.5506832361829623,-2.0,2.5506832361829623,4.0
2023,10,-3.0,-1.2294896930794281,-2.5,-1.7705103069205719,-0.5
2023,10,32.0,15.00984518442987,17.5,16.99015481557013,14.5
2023,10,3.0,6.169641910322315,6.0,-3.169641910322315,-3.0
2023,10,4.0,1.5869535466666287,-1.0,2.4130464533333713,5.0
2023,10,-2.0,10.510768576924042,7.5,-12.510768576924042,-9.5
2023,11,14.0,7.481855364057132,4.0,6.518144635942868,10.0
2023,11,-23.0,-8.404710996462452,-11.0,-14.595289003537548,-12.0
2023,11,3.0,7.052946973072351,2.5,-4.052946973072351,0.5
2023,11,5.0,8.325856004290728,8.0,-3.3258560042907277,-3.0
2023,11,3.0,-0.34361518380994927,-3.0,3.3436151838099493,6.0
2023,11,5.0,7.659053237218913,5.5,-2.659053237218913,-0.5
2023,11,20.0,5.968714081461458,6.5,14.031285918538542,13.5
2023,11,7.0,12.923936515406307,14.0,-5.923936515406307,-7.0
2023,11,-12.0,5.479306277103601,7.5,-17.4793062771036,-19.5
2023,11,13.0,11.58447462071941,13.5,1.4155253792805897,-0.5
2023,11,26.0,9.15939714964287,8.0,16.84060285035713,18.0
2023,11,1.0,6.437263068140309,2.5,-5.437263068140309,-1.5
2023,11,1.0,-3.802452918009049,2.5,4.802452918009049,-1.5
2023,11,-4.0,2.663261778311643,2.5,-6.663261778311643,-6.5
2023,12,-7.0,5.626192897360211,8.5,-12.62619289736021,-15.5
2023,12,35.0,15.107797067383553,13.0,19.89220293261645,22.0
2023,12,-18.0,-7.17118502072678,-7.0,-10.82881497927322,-11.0
2023,12,-21.0,-2.9125177187690094,-9.5,-18.08748228123099,-11.5
2023,12,9.0,-0.03420418524789781,-2.0,9.034204185247898,11.0
2023,12,-6.0,6.581066280391109,-2.0,-12.58106628039111,-4.0
2023,12,-3.0,-0.12133762103498524,-1.0,-2.8786623789650148,-2.0
2023,12,7.0,3.699193161604129,2.5,3.300806838395871,4.5
2023,12,3.0,-2.3289922547403474,-4.5,5.328992254740347,7.5
2023,12,7.0,6.122436341565445,3.5,0.8775636584345552,3.5
2023,12,-23.0,-1.3898106326711654,-3.0,-21.610189367328836,-20.0
2023,12,17.0,-4.038387142323327,1.5,21.038387142323327,15.5
2023,12,-14.0,-4.326396180189927,-9.0,-9.673603819810072,-5.0
2023,12,3.0,0.5941460591168506,2.5,2.4058539408831496,0.5
2023,12,-10.0,-4.138382652287113,-3.0,-5.861617347712887,-7.0
2023,12,-2.0,8.623461149819875,3.0,-10.623461149819875,-5.0
2023,13,6.0,12.422814085870334,9.5,-6.422814085870334,-3.5
2023,13,5.0,4.353245564862707,3.5,0.6467544351372929,1.5
2023,13,-6.0,-3.9262180136420386,-4.5,-2.0737819863579614,-1.5
2023,13,-5.0,-1.5157382424203636,-4.0,-3.4842617575796364,-1.0
2023,13,-5.0,2.248352411055324,-2.0,-7.248352411055324,-3.0
2023,13,-14.0,7.6633100112300525,6.0,-21.663310011230053,-20.0
2023,13,-3.0,1.5275599042363885,-1.5,-4.527559904236389,-1.5
2023,13,-30.0,-7.040140848291015,-8.5,-22.959859151708983,-21.5
2023,13,3.0,8.184476636854518,4.0,-5.184476636854518,-1.0
2023,13,17.0,0.3137240769759364,3.5,16.686275923024063,13.5
2023,13,-23.0,-3.353147630131148,-3.0,-19.646852369868853,-20.0
2023,13,8.0,-1.7637246766707815,-5.5,9.763724676670781,13.5
2023,13,-3.0,4.028961161712246,10.0,-7.028961161712246,-13.0
2023,14,-3.0,4.9391383840897625,6.0,-7.9391383840897625,-9.0
2023,14,-4.0,0.6235668236209637,1.5,-4.623566823620964,-5.5
2023,14,6.0,11.72312728151789,7.5,-5.72312728151789,-1.5
2023,14,15.0,-1.591947146992883,-3.0,16.591947146992883,18.0
2023,14,20.0,4.2197161203723885,3.0,15.78028387962761,17.0
2023,14,4.0,1.0578430345031937,2.5,2.9421569654968063,1.5
2023,14,22.0,7.187211692693863,5.5,14.812788307306137,16.5
2023,14,24.0,-1.1676670710163406,-3.5,25.16766707101634,27.5
2023,14,-3.0,-1.6194349474766776,-3.0,-1.3805650525233224,0.0
2023,14,12.0,11.506811727676359,14.5,0.49318827232364093,-2.5
2023,14,-3.0,-3.286980837240244,2.0,0.28698083724024404,-5.0
2023,14,-17.0,6.252572201103918,3.0,-23.252572201103916,-20.0
2023,14,20.0,7.952971456641759,3.5,12.047028543358241,16.5
2023,14,-1.0,9.884389091500923,14.0,-10.884389091500923,-15.0
2023,14,2.0,-0.8070857339044113,-6.0,2.8070857339044113,8.0
2023,15,42.0,-1.59182062861663,3.0,43.59182062861663,39.0
2023,15,3.0,2.5399621577263147,3.0,0.46003784227368527,0.0
2023,15,17.0,-0.1954483224108139,1.5,17.195448322410815,15.5
2023,15,25.0,5.053797311509041,5.5,19.94620268849096,19.5
2023,15,2.0,-2.704218458466144,-3.0,4.704218458466144,5.0
2023,15,3.0,6.696760567834197,3.0,-3.696760567834197,0.0
2023,15,-14.0,2.2689678062754566,4.0,-16.268967806275455,-18.0
2023,15,30.0,8.309388391876059,7.5,21.69061160812394,22.5
2023,15,-10.0,-5.5665827227356015,-10.0,-4.4334172772643985,0.0
2023,15,18.0,7.957248887814336,6.0,10.042751112185664,12.0
2023,15,-3.0,0.34468930201934145,3.0,-3.3446893020193413,-6.0
2023,15,-16.0,-9.627506698874253,-12.5,-6.372493301125747,-3.5
2023,15,8.0,5.608775248333404,6.5,2.391224751666596,1.5
2023,15,21.0,-0.9072547029270943,2.0,21.907254702927094,19.0
2023,15,-16.0,-2.6361680359382245,-4.0,-13.363831964061776,-12.0
2023,15,3.0,-2.4996067277506633,-5.0,5.499606727750663,8.0
2023,16,8.0,3.0355293072910543,4.0,4.964470692708946,4.0
2023,16,23.0,-2.1277109461931016,-3.0,25.1277109461931,26.0
2023,16,-2.0,-4.625538298987204,-13.0,2.6255382989872036,11.0
2023,16,19.0,1.5672614172134496,3.0,17.432738582786552,16.0
2023,16,-3.0,-3.5484541108943906,-3.5,0.5484541108943906,0.5
2023,16,-14.0,0.22520478739915228,-3.0,-14.225204787399152,-11.0
2023,16,-6.0,1.4104481256899697,-2.5,-7.410448125689969,-3.5
2023,16,2.0,5.925373417856553,3.0,-3.9253734178565534,-1.0
2023,16,-3.0,0.7644981259814709,-3.0,-3.764498125981471,0.0
2023,16,18.0,1.5320786376021895,-2.0,16.46792136239781,20.0
2023,16,11.0,4.572066047659069,4.5,6.427933952340931,6.5
2023,16,2.0,-0.23855375494443853,1.5,2.2385537549444385,0.5
2023,16,-3.0,5.078179569062863,7.0,-8.078179569062863,-10.0
2023,16,-6.0,7.241111728402057,11.0,-13.241111728402057,-17.0
2023,16,8.0,11.513176774179387,14.0,-3.513176774179387,-6.0
2023,16,-14.0,6.098816014768852,6.5,-20.09881601476885,-20.5
2023,17,17.0,7.258840094064009,6.5,9.74115990593599,10.5
2023,17,1.0,7.809751162781594,5.5,-6.809751162781594,-4.5
2023,17,37.0,4.333010123781046,3.0,32.666989876218956,34.0
2023,17,6.0,14.383347789490255,15.0,-8.383347789490255,-9.0
2023,17,20.0,1.0149071151631377,3.0,18.985092884836863,17.0
2023,17,23.0,3.202310678106592,5.0,19.797689321893408,18.0
2023,17,3.0,1.020309359517702,3.5,1.979690640482298,-0.5
2023,17,26.0,9.339581450448621,3.5,16.66041854955138,22.5
2023,17,-1.0,-6.375927911785379,-6.0,5.375927911785379,5.0
2023,17,-4.0,11.070462192280239,12.0,-15.070462192280239,-16.0
2023,17,-10.0,1.94142298547593,2.5,-11.94142298547593,-12.5
2023,17,-17.0,-13.421952477982074,-14.0,-3.5780475220179255,-3.0
2023,17,-7.0,3.5110054883491815,4.5,-10.51100548834918,-11.5
2023,17,7.0,0.2152595058730985,3.5,6.784740494126901,3.5
2023,17,8.0,5.271892562495817,7.5,2.7281074375041827,0.5
2023,17,-23.0,3.5741450103689676,1.0,-26.574145010368966,-24.0
2023,18,-7.0,13.154389352986602,-3.0,-20.154389352986602,-4.0
2023,18,-4.0,1.4760630632283702,-1.5,-5.47606306322837,-2.5
2023,18,-9.0,-4.972852358355188,-5.0,-4.027147641644812,-4.0
2023,18,17.0,0.023075250442165407,7.5,16.976924749557835,9.5
2023,18,10.0,6.254830828047724,3.5,3.745169171952276,6.5
2023,18,-14.0,1.175678960895539,2.5,-15.175678960895539,-16.5
2023,18,31.0,5.636792365482256,3.5,25.363207634517742,27.5
2023,18,8.0,-2.341345759554507,-3.5,10.341345759554507,11.5
2023,18,-1.0,-1.5787532751331002,-2.5,0.5787532751331002,1.5
2023,18,8.0,5.7101379168703215,2.5,2.2898620831296785,5.5
2023,18,-1.0,-3.219198928061444,3.5,2.219198928061444,-4.5
2023,18,13.0,4.472028855628222,3.5,8.527971144371778,9.5
2023,18,17.0,-5.653428167376348,-4.5,22.653428167376347,21.5
2023,18,-1.0,11.609410935293766,5.5,-12.609410935293766,-6.5
2023,18,-28.0,-12.199110172126693,-13.0,-15.800889827873307,-15.0
2023,18,-7.0,0.04427878985696543,-2.5,-7.044278789856966,-4.5
2024,1,7.0,-1.4779436596173081,3.0,8.477943659617308,4.0
2024,1,5.0,-0.5874880598836747,2.0,5.5874880598836745,3.0
2024,1,-8.0,0.35580114415846253,4.0,-8.355801144158463,-12.0
2024,1,6.0,8.523657855020792,6.5,-2.523657855020792,-0.5
2024,1,7.0,2.981187620096913,4.0,4.018812379903087,3.0
2024,1,-6.0,5.97841134400138,8.0,-11.97841134400138,-14.0
2024,1,-2.0,1.0249723511037094,-3.0,-3.0249723511037097,1.0
2024,1,3.0,3.8986873264686723,3.5,-0.8986873264686723,-0.5
2024,1,37.0,8.204619106947478,3.5,28.795380893052524,33.5
2024,1,-22.0,-1.3024949537754602,-1.0,-20.69750504622454,-21.0
2024,1,12.0,1.2315135261926036,3.0,10.768486473807396,9.0
2024,1,6.0,3.1476906439669694,6.5,2.8523093560330306,-0.5
2024,1,-16.0,-1.5854851269957049,2.5,-14.414514873004295,-18.5
2024,1,17.0,8.153611370926773,4.0,8.846388629073227,13.0
2024,1,6.0,2.8112713132459417,5.0,3.1887286867540583,1.0
2024,1,13.0,10.47117035050448,3.5,2.5288296494955205,9.5
2024,2,-21.0,1.5694397024145372,2.5,-22.569439702414538,-23.5
2024,2,-3.0,8.729958783342468,9.0,-11.729958783342468,-12.0
2024,2,-23.0,-4.890395522986127,-5.0,-18.109604477013875,-18.0
2024,2,-25.0,4.61304806338968,6.5,-29.61304806338968,-31.5
2024,2,-4.0,3.3695042276726825,7.5,-7.3695042276726825,-11.5
2024,2,6.0,3.990748938576373,-3.0,2.009251061423627,9.0
2024,2,-5.0,3.6268376634970494,3.0,-8.62683766349705,-8.0
2024,2,6.0,-1.3703942096596928,-4.5,7.370394209659693,10.5
2024,2,-3.0,0.6471794749714466,-3.5,-3.6471794749714466,0.5
2024,2,-7.0,3.3874844940395774,-3.5,-10.387484494039578,-3.5
2024,2,3.0,2.194886479343786,1.5,0.8051135206562141,1.5
2024,2,31.0,-1.1406106876583064,-1.0,32.14061068765831,32.0
2024,2,-7.0,-0.021142815176851126,-3.0,-6.978857184823148,-4.0
2024,2,1.0,6.551626248332438,6.5,-5.551626248332438,-5.5
2024,2,6.0,3.740464847301404,6.0,2.259535152698596,0.0
2024,2,-1.0,6.18388618149028,5.5,-7.18388618149028,-6.5
2024,3,21.0,0.2972106111743337,6.5,20.702789388825668,14.5
2024,3,-6.0,6.021736428138942,6.5,-12.021736428138942,-12.5
2024,3,5.0,-0.4988145822687173,1.5,5.498814582268717,3.5
2024,3,27.0,2.1374850505360974,-2.0,24.862514949463904,29.0
2024,3,-3.0,5.173491511232741,2.5,-8.17349151123274,-5.5
2024,3,10.0,-0.6037445252548261,3.0,10.603744525254825,7.0
2024,3,-19.0,5.083423975785329,6.0,-24.08342397578533,-25.0
2024,3,-16.0,-3.6668365917609047,3.0,-12.333163408239095,-19.0
2024,3,-14.0,8.331634627159277,5.5,-22.331634627159275,-19.5
2024,3,21.0,3.235171548327735,4.0,17.764828451672265,17.0
2024,3,-7.0,-1.1393483573522118,-3.0,-5.860651642647788,-4.0
2024,3,-3.0,-0.3704962030392019,-1.5,-2.629503796960798,-1.5
2024,3,3.0,-7.260861836299261,-6.0,10.260861836299261,9.0
2024,3,-5.0,-4.0926272662044605,-3.0,-0.9073727337955395,-2.0
2024,3,37.0,2.470125694199404,4.0,34.5298743058006,33.0
2024,3,-5.0,5.379560778185001,7.5,-10.379560778185,-12.5
2024,4,-5.0,-6.937249209592686,-5.5,1.9372492095926859,0.5
2024,4,2.0,-7.711509303329831,2.5,9.71150930332983,-0.5
2024,4,-10.0,-5.44543030116264,-4.5,-4.55456969883736,-5.5
2024,4,6.0,0.5075409722298688,3.0,5.492459027770131,3.0
2024,4,-2.0,-2.2203629247328966,2.5,0.22036292473289665,-4.5
2024,4,4.0,1.9927167469948317,5.5,2.007283253005168,-1.5
2024,4,3.0,-2.5368552521088863,-2.5,5.536855252108886,5.5
2024,4,-1.0,-2.217083810583337,7.5,1.217083810583337,-8.5
2024,4,17.0,-0.35745284941556277,-1.0,17.357452849415562,18.0
2024,4,-28.0,5.296320095396357,3.5,-33.296320095396354,-31.5
2024,4,17.0,11.907714510165285,10.5,5.092285489834715,6.5
2024,4,-7.0,-1.4387577783649959,-7.5,-5.561242221635004,0.5
2024,4,4.0,-0.6630667335789097,-2.5,4.663066733578909,6.5
2024,4,25.0,-4.073105298292075,2.5,29.073105298292074,22.5
2024,4,-19.0,3.5040003610773405,2.5,-22.504000361077342,-21.5
2024,4,13.0,1.38504196086221,3.5,11.61495803913779,9.5
2024,5,6.0,-2.339721823525557,2.5,8.339721823525558,3.5
2024,5,6.0,5.481995784845652,2.5,0.518004215154348,3.5
2024,5,26.0,7.840222028615551,4.0,18.15977797138445,22.0
2024,5,-3.0,-6.517274631044706,-2.5,3.517274631044706,-0.5
2024,5,3.0,-5.2696251080058625,1.0,8.269625108005862,2.0
2024,5,3.0,-1.9232054463785602,3.5,4.92320544637856,-0.5
2024,5,-5.0,-1.0973829366869217,-2.0,-3.9026170633130786,-3.0
2024,5,21.0,0.5296600354395622,3.0,20.470339964560438,18.0
2024,5,16.0,3.047497144053109,3.0,12.952502855946891,13.0
2024,5,-1.0,8.831585304739843,7.0,-9.831585304739843,-8.0
2024,5,-5.0,-2.6076665539702906,-3.0,-2.3923334460297094,-2.0
2024,5,-9.0,9.849176641249406,7.0,-18.849176641249407,-16.0
2024,5,-3.0,3.0532415786223304,2.5,-6.05324157862233,-5.5
2024,5,13.0,-0.24980674026567673,5.5,13.249806740265676,7.5
2024,6,-12.0,-3.4080082292912293,-3.5,-8.59199177070877,-8.5
2024,6,19.0,3.7635886870349196,-1.5,15.23641131296508,20.5
2024,6,7.0,8.316583621952647,6.5,-1.3165836219526472,0.5
2024,6,21.0,5.64096666190029,5.5,15.35903333809971,15.5
2024,6,-20.0,-3.067773695747566,-6.5,-16.932226304252435,-13.5
2024,6,-24.0,5.251426395731088,-3.5,-29.251426395731087,-20.5
2024,6,4.0,3.3023567374989113,8.0,0.6976432625010887,-4.0
2024,6,-3.0,-0.7922408884728431,2.5,-2.2077591115271566,-5.5
2024,6,-7.0,3.443642856349019,-3.0,-10.443642856349019,-4.0
2024,6,-19.0,-2.9894800008103024,-3.5,-16.010519999189697,-15.5
2024,6,-18.0,-5.63579614053365,-6.0,-12.36420385946635,-12.0
2024,6,-38.0,3.447436110086219,-3.5,-41.447436110086215,-34.5
2024,6,-10.0,-0.4206571643698813,-4.5,-9.579342835630118,-5.5
2024,6,-3.0,-3.933787164186155,-1.0,0.933787164186155,-2.0
2024,7,-23.0,1.1670932031055403,-2.5,-24.16709320310554,-20.5
2024,7,16.0,2.7893900627343466,6.5,13.210609937265653,9.5
2024,7,-20.0,-4.2857264955991825,3.0,-15.714273504400818,-23.0
2024,7,24.0,5.723783396200339,9.5,18.27621660379966,14.5
2024,7,-7.0,-2.7668537578833985,-5.5,-4.233146242116602,-1.5
2024,7,2.0,2.399530780443281,3.0,-0.39953078044328105,-1.0
2024,7,6.0,-6.3032618246864285,3.0,12.303261824686428,3.0
2024,7,-2.0,10.44168932790876,1.0,-12.44168932790876,-3.0
2024,7,-25.0,-3.1814163388227703,-3.0,-21.81858366117723,-22.0
2024,7,5.0,12.840760334793163,7.0,-7.840760334793163,-2.0
2024,7,33.0,9.04107258893496,10.0,23.95892741106504,23.0
2024,7,-10.0,-2.9466110576786613,2.5,-7.053388942321339,-12.5
2024,7,22.0,5.425016629487802,-3.0,16.5749833705122,25.0
2024,7,-10.0,-1.8765499331851379,-4.5,-8.123450066814861,-5.5
2024,7,2.0,-2.802203279578919,-1.0,4.802203279578919,3.0
2024,8,10.0,-6.063465159914394,-3.0,16.063465159914394,13.0
2024,8,-20.0,-0.3700131869150131,2.5,-19.629986813084987,-22.5
2024,8,5.0,-7.78509088196527,-7.5,12.78509088196527,12.5
2024,8,38.0,10.067942230784535,12.5,27.932057769215465,25.5
2024,8,3.0,-0.30320856648101474,5.0,3.3032085664810147,-2.0
2024,8,-3.0,-6.079506909155585,-3.5,3.079506909155585,0.5
2024,8,-1.0,-0.6892725616989126,4.0,-0.3107274383010874,-5.0
2024,8,3.0,-5.494764260585589,-7.0,8.494764260585589,10.0
2024,8,-5.0,2.738329646592737,-1.5,-7.738329646592737,-3.5
2024,8,18.0,-5.652699333248411,7.0,23.65269933324841,11.0
2024,8,-21.0,-4.63903040351933,-3.0,-16.360969596480672,-18.0
2024,8,14.0,17.66636081957605,13.0,-3.666360819576049,1.0
2024,8,-7.0,-7.898716047154271,-9.0,0.898716047154271,2.0
2024,8,3.0,-9.34825009672692,1.5,12.34825009672692,1.5
2024,8,6.0,-4.435514539533076,5.5,10.435514539533077,0.5
2024,8,8.0,9.233278001815453,6.0,-1.233278001815453,2.0
2024,9,8.0,-2.8944369560964525,2.5,10.894436956096452,5.5
2024,9,6.0,-0.30015183296872294,3.0,6.300151832968723,3.0
2024,9,31.0,3.725066850994509,9.0,27.27493314900549,22.0
2024,9,3.0,10.97152211953961,6.5,-7.97152211953961,-3.5
2024,9,1.0,-10.056576615075574,-7.0,11.056576615075574,8.0
2024,9,17.0,3.106880858792265,8.0,13.893119141207734,9.0
2024,9,-17.0,-3.451615769877617,-2.0,-13.548384230122384,-15.0
2024,9,-5.0,-6.689306604220719,-4.5,1.689306604220719,-0.5
2024,9,3.0,2.010114421691207,3.0,0.989885578308793,0.0
2024,9,20.0,-2.262195906770897,1.5,22.2621959067709,18.5
2024,9,5.0,5.565125562634161,7.5,-0.5651255626341607,-2.5
2024,9,-10.0,-4.219007205160021,-2.5,-5.780992794839979,-7.5
2024,9,-6.0,-1.3737780639938937,-1.5,-4.6262219360061065,-4.5
2024,9,8.0,6.023596110711659,6.5,1.976403889288341,1.5
2024,9,6.0,2.560071458043527,9.0,3.439928541956473,-3.0
2024,10,1.0,7.993427317443288,6.0,-6.993427317443288,-5.0
2024,10,3.0,-5.530925835929287,-6.5,8.530925835929288,9.5
2024,10,-16.0,7.7099391689233725,6.5,-23.709939168923373,-22.5
2024,10,-10.0,-4.939425810552426,-4.5,-5.060574189447574,-5.5
2024,10,-5.0,-5.515926066382933,-7.0,0.5159260663829333,2.0
2024,10,2.0,4.458566045427379,7.5,-2.4585660454273794,-5.5
2024,10,3.0,0.41809677506383547,-3.5,2.5819032249361644,6.5
2024,10,-3.0,-7.940683674359678,-6.5,4.940683674359678,3.5
2024,10,-1.0,-6.107335704684344,1.5,5.107335704684344,-2.5
2024,10,10.0,9.087676414035217,8.0,0.9123235859647831,2.0
2024,10,25.0,0.07889518084193092,-2.0,24.921104819158067,27.0
2024,10,-28.0,-1.162507508508057,-7.5,-26.837492491491943,-20.5
2024,10,-3.0,-4.417344821757807,-4.5,1.4173448217578066,1.5
2024,10,-8.0,4.149015695588331,2.5,-12.149015695588332,-10.5
2024,11,8.0,2.93737256892924,4.5,5.06262743107076,3.5
2024,11,-1.0,-7.610861100362283,-6.0,6.610861100362283,5.0
2024,11,46.0,11.560399054412615,14.0,34.43960094558739,32.0
2024,11,15.0,-2.237403501051511,8.0,17.23740350105151,7.0
2024,11,-6.0,-3.458273028268708,-4.0,-2.541726971731292,-2.0
2024,11,21.0,-1.174582725035484,-1.0,22.174582725035485,22.0
2024,11,-1.0,-2.05133867105833,4.0,1.0513386710583301,-5.0
2024,11,2.0,-4.265512080585579,-3.0,6.265512080585579,5.0
2024,11,-10.0,-8.252018936203012,-6.0,-1.7479810637969884,-4.0
2024,11,32.0,2.0538994122241157,2.0,29.946100587775884,30.0
2024,11,-3.0,1.870555865694496,6.0,-4.870555865694496,-9.0
2024,11,9.0,2.310541029639279,2.5,6.689458970360721,6.5
2024,11,7.0,1.234187437437587,1.0,5.765812562562413,6.0
2024,11,-24.0,-1.2033855878046649,-7.5,-22.796614412195336,-16.5
2024,12,5.0,-6.748790595087684,-3.5,11.748790595087684,8.5
2024,12,-3.0,-11.977309706389864,-11.0,8.977309706389864,8.0
2024,12,-3.0,-3.8394551316865986,-3.0,0.8394551316865986,0.0
2024,12,-5.0,7.839562022298485,8.0,-12.839562022298484,-13.0
2024,12,-18.0,-8.96999029790007,-7.0,-9.03000970209993,-11.0
2024,12,19.0,5.402526575723627,7.5,13.597473424276373,11.5
2024,12,-23.0,-6.873558546177431,-6.5,-16.12644145382257,-16.5
2024,12,-8.0,5.985081661697799,10.5,-13.985081661697798,-18.5
2024,12,-10.0,-6.055819557285708,-6.5,-3.944180442714292,-3.5
2024,12,28.0,-0.16510711424403524,6.5,28.165107114244034,21.5
2024,12,10.0,-1.4000380963602437,-1.0,11.400038096360245,11.0
2024,12,-17.0,-3.7183230553616697,-3.0,-13.281676944638331,-14.0
2024,12,-7.0,-1.9524502660649234,-3.0,-5.047549733935076,-4.0
2024,13,3.0,12.759521369084169,9.5,-9.759521369084169,-6.5
2024,13,7.0,5.43122578023861,4.5,1.5687742197613899,2.5
2024,13,13.0,6.356051628422452,3.5,6.643948371577548,9.5
2024,13,2.0,10.773581308038526,13.5,-8.773581308038526,-11.5
2024,13,-4.0,-1.9321501759862414,-1.0,-2.0678498240137584,-3.0
2024,13,-6.0,-0.9822802746320799,3.0,-5.01771972536792,-9.0
2024,13,-3.0,-2.9317464888697637,-3.5,-0.06825351113023626,0.5
2024,13,1.0,4.901303509642462,3.5,-3.901303509642462,-2.5
2024,13,-1.0,-4.245414087968327,-2.5,3.245414087968327,1.5
2024,13,-5.0,-0.6761912295130525,1.0,-4.323808770486948,-6.0
2024,13,23.0,5.9528867630937805,6.0,17.04711323690622,17.0
2024,13,-3.0,-11.97284038262038,-6.5,8.97284038262038,3.5
2024,13,-7.0,3.7433820781052445,-2.5,-10.743382078105245,-4.5
2024,13,-5.0,2.9173867585371815,3.0,-7.917386758537182,-8.0
2024,13,25.0,6.866844994070421,6.5,18.13315500592958,18.5
2024,13,9.0,6.975850355522738,6.5,2.024149644477262,2.5
2024,14,3.0,6.6920119748576,3.0,-3.6920119748576,0.0
2024,14,6.0,3.8506737369081083,6.5,2.1493262630918917,-0.5
2024,14,21.0,7.00228430274848,6.0,13.99771569725152,15.0
2024,14,-3.0,-4.144595299833945,-5.5,1.144595299833945,2.5
2024,14,6.0,15.781849602488949,14.0,-9.781849602488949,-8.0
2024,14,13.0,8.524903833323554,6.0,4.475096166676446,7.0
2024,14,15.0,8.702918896370814,7.0,6.297081103629186,8.0
2024,14,-4.0,0.38717766236933326,3.0,-4.387177662369333,-7.0
2024,14,-12.0,1.422554352336379,3.0,-13.422554352336379,-15.0
2024,14,2.0,-7.1017409612945706,-3.5,9.10174096129457,5.5
2024,14,25.0,3.228287535444128,3.0,21.771712464555872,22.0
2024,14,2.0,2.5265610765896653,5.0,-0.5265610765896653,-3.0
2024,14,-7.0,-0.10139079819745644,-5.0,-6.898609201802543,-2.0
2024,15,-6.0,4.357095358588834,3.0,-10.357095358588834,-9.0
2024,15,-16.0,-5.1262743674245765,2.5,-10.873725632575423,-18.5
2024,15,-14.0,-6.495401417402124,-4.5,-7.504598582597876,-9.5
2024,15,8.0,4.36370230774049,2.5,3.63629769225951,5.5
2024,15,-7.0,0.4187862458363738,-3.5,-7.418786245836374,-3.5
2024,15,-1.0,-1.040036379594494,-7.5,0.04003637959449402,6.5
2024,15,-21.0,-11.942192273998625,-16.5,-9.057807726001375,-4.5
2024,15,-10.0,-3.9896458791109755,-6.0,-6.0103541208890245,-4.0
2024,15,13.0,6.621869274514567,6.0,6.378130725485433,7.0
2024,15,18.0,4.7527014263985246,4.5,13.247298573601476,13.5
2024,15,-6.0,3.993259167699326,2.5,-9.993259167699327,-8.5
2024,15,-23.0,1.0264015855612771,3.0,-24.026401585561278,-26.0
2024,15,14.0,2.6871747426316897,5.5,11.31282525736831,8.5
2024,15,-17.0,-2.660690523268567,-3.0,-14.339309476731433,-14.0
2024,15,18.0,7.244802904567207,7.0,10.755197095432793,11.0
2024,15,-6.0,-1.1233963761714771,-6.5,-4.876603623828522,0.5
2024,16,7.0,-0.13650040439414335,3.0,7.136500404394143,4.0
2024,16,8.0,3.999651891424457,3.5,4.000348108575543,4.5
2024,16,17.0,4.9495663744671,7.0,12.0504336255329,10.0
2024,16,27.0,5.144479966551369,9.5,21.85552003344863,17.5
2024,16,6.0,-8.571926733391653,-5.5,14.571926733391653,11.5
2024,16,-17.0,-10.466471146425558,-7.0,-6.533528853574442,-10.0
2024,16,18.0,5.830987643578404,10.0,12.169012356421597,8.0
2024,16,8.0,5.126442387459454,4.0,2.873557612540546,4.0
2024,16,-10.0,-2.5545523332194264,-3.0,-7.445447666780574,-7.0
2024,16,3.0,-3.1335221408877603,-4.0,6.13352214088776,7.0
2024,16,-3.0,-3.1375907500617823,-2.5,0.13759075006178234,-0.5
2024,16,3.0,15.530471039745093,14.0,-12.530471039745093,-11.0
2024,16,5.0,0.2050720768996273,2.5,4.7949279231003725,2.5
2024,16,12.0,-2.986747307370144,-2.0,14.986747307370145,14.0
2024,16,2.0,-5.0786815807730985,-4.5,7.0786815807730985,6.5
2024,16,34.0,6.707877243637215,14.0,27.292122756362787,20.0
2024,17,-19.0,-0.33141539813143206,-3.0,-18.668584601868567,-16.0
2024,17,-29.0,-4.510750866473116,-5.5,-24.489249133526883,-23.5
2024,17,-3.0,-1.0370301736946153,-3.5,-1.9629698263053847,0.5
2024,17,-33.0,-6.667610898448025,-6.0,-26.332389101551975,-27.0
2024,17,6.0,-0.542306823304564,3.5,6.542306823304564,2.5
2024,17,4.0,2.512815719358806,6.5,1.487184280641194,-2.5
2024,17,26.0,12.270102781448085,10.0,13.729897218551915,16.0
2024,17,7.0,2.62922719168413,-1.0,4.37077280831587,8.0
2024,17,-15.0,4.9515727905126505,-2.0,-19.95157279051265,-13.0
2024,17,12.0,-4.34277384318826,-7.5,16.34277384318826,19.5
2024,17,34.0,8.398172265059173,7.5,25.601827734940827,26.5
2024,17,34.0,14.42732048674393,9.5,19.57267951325607,24.5
2024,17,-17.0,-2.902652416591554,-3.0,-14.097347583408446,-14.0
2024,17,2.0,0.036556709399855794,-1.0,1.9634432906001442,3.0
2024,17,6.0,4.1674095896866765,3.5,1.8325904103133235,2.5
2024,17,-6.0,-6.268256009364379,-4.0,0.26825600936437866,-2.0
2024,18,25.0,15.674066484563065,19.5,9.325933515436935,5.5
2024,18,-2.0,2.3668522627229844,-2.5,-4.366852262722984,0.5
2024,18,-6.0,9.603758986403946,7.5,-15.603758986403946,-13.5
2024,18,-4.0,-2.521838632282458,-7.0,-1.4781613677175418,3.0
2024,18,-2.0,9.837845250938997,10.0,-11.837845250938997,-12.0
2024,18,3.0,3.6958273001662727,3.5,-0.6958273001662727,-0.5
2024,18,7.0,-13.423854255942347,-3.0,20.423854255942345,10.0
2024,18,7.0,14.395167708633881,3.0,-7.395167708633881,4.0
2024,18,8.0,8.557331510502456,14.5,-0.5573315105024559,-6.5
2024,18,-9.0,-4.972686063256765,2.5,-4.027313936743235,-11.5
2024,18,23.0,-0.611614959083739,4.5,23.611614959083738,18.5
2024,18,38.0,-1.4066142953792553,10.5,39.406614295379256,27.5
2024,18,-5.0,1.5274276691115347,-7.5,-6.5274276691115345,2.5
2024,18,-14.0,-5.796383962689216,-7.0,-8.203616037310784,-7.0
2024,18,12.0,-2.426175402293624,1.5,14.426175402293623,10.5
2024,18,22.0,6.235701586753467,3.0,15.764298413246532,19.0
2025,1,4.0,9.113283565280545,8.5,-5.113283565280545,-4.5
2025,1,6.0,0.7527343433832772,-3.0,5.247265656616722,9.0
2025,1,-3.0,-2.0769776434232656,-1.5,-0.9230223565767344,-1.5
2025,1,-1.0,-3.2497315565022986,-5.5,2.2497315565022986,4.5
2025,1,25.0,1.6812861247087658,1.5,23.318713875291234,23.5
2025,1,16.0,3.8803713378577336,4.5,12.119628662142267,11.5
2025,1,-7.0,1.422454653662233,2.5,-8.422454653662232,-9.5
2025,1,-7.0,-0.5618334613574021,-6.0,-6.438166538642598,-1.0
2025,1,-2.0,-0.9212134483300374,-3.0,-1.0787865516699626,1.0
2025,1,15.0,8.039877513222164,6.0,6.960122486777836,9.0
2025,1,8.0,9.247593366213147,8.5,-1.247593366213147,-0.5
2025,1,-4.0,3.3336736057036314,-2.5,-7.333673605703631,-1.5
2025,1,14.0,-0.6854316687425279,1.5,14.685431668742527,12.5
2025,1,5.0,2.0807593722359705,3.5,2.9192406277640295,1.5
2025,1,1.0,1.5378866379291973,-1.5,-0.5378866379291973,2.5
2025,1,-3.0,-2.0261956845407156,-1.5,-0.9738043154592844,-1.5
2025,2,9.0,6.438697629317735,3.5,2.561302370682265,5.5
2025,2,24.0,13.43844259835721,12.5,10.56155740164279,11.5
2025,2,4.0,7.378734451673692,3.5,-3.378734451673692,0.5
2025,2,3.0,6.115031332587826,4.5,-3.115031332587826,-1.5
2025,2,31.0,10.842555889659863,6.0,20.157444110340137,25.0
2025,2,-6.0,5.71792646320369,1.5,-11.717926463203689,-7.5
2025,2,-5.0,1.266815139546598,-3.0,-6.266815139546598,-2.0
2025,2,-20.0,-1.9903762804442042,-6.0,-18.009623719555798,-14.0
2025,2,-14.0,5.899121440398067,3.5,-19.89912144039807,-17.5
2025,2,-14.0,0.5871023289860662,-5.5,-14.587102328986067,-8.5
2025,2,5.0,12.024255294585512,7.0,-7.024255294585512,-2.0
2025,2,1.0,1.8737249365749529,-2.5,-0.8737249365749529,3.5
2025,2,-3.0,2.2838535952765024,-1.5,-5.2838535952765024,-1.5
2025,2,-16.0,8.537455409819305,3.5,-24.537455409819305,-19.5
2025,2,-1.0,0.350379567493007,2.5,-1.350379567493007,-3.5
2025,2,-11.0,-1.1653303405072402,-3.5,-9.83466965949276,-7.5
2025,3,10.0,11.010332740604472,12.5,-1.010332740604472,-2.5
2025,3,30.0,-5.552950782882171,-5.5,35.55295078288217,35.5
2025,3,3.0,-21.254845227823864,-8.5,24.254845227823864,11.5
2025,3,7.0,3.0549893244067,1.5,3.9450106755933,5.5
2025,3,38.0,1.785164075104892,3.0,36.214835924895105,35.0
2025,3,-7.0,-2.0322859607557566,-1.5,-4.967714039244243,-5.5
2025,3,7.0,3.224888637015635,3.5,3.775111362984365,3.5
2025,3,2.0,4.1927578775292424,6.5,-2.1927578775292424,-4.5
2025,3,-21.0,-4.825959324032927,-6.0,-16.174040675967074,-15.0
2025,3,17.0,20.638393806052157,2.5,-3.6383938060521572,14.5
2025,3,3.0,-2.228376218043593,2.5,5.228376218043593,0.5
2025,3,31.0,5.2713797284734,7.5,25.7286202715266,23.5
2025,3,17.0,1.5842774597905132,-1.5,15.415722540209487,18.5
2025,3,1.0,0.5647690575109707,1.5,0.43523094248902927,-0.5
2025,3,-13.0,-4.053556935331265,-6.0,-8.946443064668735,-7.0
2025,3,-8.0,0.4463280841313433,4.5,-8.446328084131343,-12.5
2025,4,-3.0,1.1690867071185513,-1.5,-4.169086707118551,-1.5
2025,4,3.0,-3.4602055129660956,-2.5,6.460205512966096,5.5
2025,4,7.0,-0.7978337687579788,2.5,7.797833768757979,4.5
2025,4,12.0,19.44501287242094,15.5,-7.445012872420939,-3.5
2025,4,24.0,13.494951879205377,10.0,10.505048120794623,14.0
2025,4,26.0,9.21370982314964,7.5,16.786290176850358,18.5
2025,4,29.0,1.8212702972485095,5.5,27.17872970275149,23.5
2025,4,3.0,-5.27812741857838,-6.0,8.27812741857838,9.0
2025,4,-6.0,2.5749233301782706,-3.5,-8.57492333017827,-2.5
2025,4,7.0,2.0536090935307243,3.5,4.946390906469276,3.5
2025,4,-5.0,5.714569035747151,3.5,-10.71456903574715,-8.5
2025,4,17.0,2.214265519148091,-2.5,14.785734480851909,19.5
2025,4,-1.0,2.6168546617144246,1.5,-3.6168546617144246,-2.5
2025,4,0.0,-5.218195392054966,-7.0,5.218195392054966,7.0
2025,4,6.0,8.525167901568398,2.5,-2.5251679015683983,3.5
2025,4,25.0,8.343696225113579,7.5,16.65630377488642,17.5
2025,5,-3.0,5.996166482126251,8.5,-8.99616648212625,-11.5
2025,5,-4.0,-8.53659500864405,-3.5,4.536595008644049,-0.5
2025,5,-34.0,7.717857231871483,-2.5,-41.717857231871484,-31.5
2025,5,3.0,5.02419492781794,-1.5,-2.0241949278179403,4.5
2025,5,34.0,9.342298578990155,7.0,24.657701421009847,27.0
2025,5,12.0,3.8798060307949394,1.5,8.120193969205062,10.5
2025,5,-15.0,3.465186684281604,1.5,-18.465186684281605,-16.5
2025,5,-4.0,6.3561610372198825,3.5,-10.356161037219882,-7.5
2025,5,-1.0,17.087909469393153,7.5,-18.087909469393153,-8.5
2025,5,-3.0,10.046252746176576,3.5,-13.046252746176576,-6.5
2025,5,-13.0,-8.833277833313142,-10.5,-4.166722166686858,-2.5
2025,5,-17.0,6.041263899335375,2.5,-23.041263899335377,-19.5
2025,5,-3.0,11.393270597222623,7.5,-14.393270597222623,-10.5
2025,5,3.0,0.08496999232047742,-3.5,2.9150300076795226,6.5
2025,6,17.0,-5.938402225064215,-7.0,22.938402225064216,24.0
2025,6,-2.0,-9.414774798289745,-7.5,7.414774798289745,5.5
2025,6,-14.0,1.6397997628338874,-7.0,-15.639799762833887,-7.0
2025,6,3.0,0.5757221470559353,-3.0,2.4242778529440647,6.0
2025,6,4.0,7.165172001980052,8.5,-3.1651720019800518,-4.5
2025,6,-8.0,-0.7365881927742484,-1.5,-7.263411807225752,-6.5
2025,6,-2.0,-2.165461981023955,-3.5,0.16546198102395504,1.5
2025,6,-6.0,0.1934274782380072,-3.5,-6.193427478238007,-2.5
2025,6,14.0,12.07625406423211,5.5,1.92374593576789,8.5
2025,6,10.0,4.126211425832714,3.5,5.873788574167286,6.5
2025,6,9.0,13.984508684628674,14.0,-4.984508684628674,-5.0
2025,6,11.0,4.653461604652311,3.5,6.346538395347689,7.5
2025,6,13.0,-2.9980551442638967,2.5,15.998055144263898,10.5
2025,6,10.0,0.8466012552797806,-3.5,9.153398744720219,13.5
2025,6,-1.0,5.99137500116189,5.5,-6.99137500116189,-6.5
2025,7,2.0,-0.9645488985784794,-5.5,2.9645488985784794,7.5
2025,7,-28.0,-2.9670689900788516,-3.0,-25.03293100992115,-25.0
2025,7,12.0,5.659519855376275,4.5,6.340480144623725,7.5
2025,7,25.0,1.3778437135277635,2.5,23.622156286472237,22.5
2025,7,31.0,11.74169418033446,13.5,19.25830581966554,17.5
2025,7,-6.0,6.553149693806754,-2.5,-12.553149693806754,-3.5
2025,7,-7.0,3.811246448793106,1.5,-10.811246448793106,-8.5
2025,7,-18.0,-2.2540632011701063,-6.5,-15.745936798829893,-11.5
2025,7,1.0,8.48300662006288,7.5,-7.483006620062881,-6.5
2025,7,-14.0,1.5314100300626412,2.5,-15.531410030062641,-16.5
2025,7,-4.0,-0.3178865712259036,-7.0,-3.6821134287740964,3.0
2025,7,22.0,-1.6517937469439847,1.5,23.651793746943984,20.5
2025,7,10.0,4.728034793680362,1.5,5.271965206319638,8.5
2025,7,15.0,7.038608961291736,6.0,7.961391038708264,9.0
2025,7,8.0,-2.319832997988533,3.0,10.319832997988533,5.0
2025,8,27.0,2.279440414309301,3.0,24.720559585690697,24.0
2025,8,-24.0,7.710085021357284,7.0,-31.710085021357283,-31.0
2025,8,14.0,8.305838779488948,2.5,5.694161220511052,11.5
2025,8,-31.0,-6.189055575677314,-7.0,-24.810944424322685,-24.0
2025,8,-1.0,6.804476684359694,5.5,-7.804476684359694,-6.5
2025,8,11.0,5.933263681958504,2.5,5.066736318041496,8.5
2025,8,19.0,7.762584907584421,7.0,11.237415092415578,12.0
2025,8,18.0,10.20085555955144,7.0,7.7991444404485595,11.0
2025,8,-20.0,-3.7996701992284847,-4.5,-16.200329800771517,-15.5
2025,8,20.0,7.931618256223505,3.5,12.068381743776495,16.5
2025,8,24.0,15.663986091836573,15.5,8.336013908163427,8.5
2025,8,-10.0,1.8580253985689756,-3.0,-11.858025398568977,-7.0
2025,8,21.0,6.7949461403686655,10.5,14.205053859631334,10.5
2025,9,-22.0,0.02786227725931001,-7.5,-22.02786227725931,-14.5
2025,9,-5.0,1.4079141314972148,-3.0,-6.407914131497215,-2.0
2025,9,-3.0,13.871435204089266,9.5,-16.871435204089266,-12.5
2025,9,-3.0,13.506277330759005,12.5,-16.506277330759005,-15.5
2025,9,-3.0,2.4808350287405903,1.5,-5.48083502874059,-4.5
2025,9,1.0,7.430234260141974,5.5,-6.430234260141974,-4.5
2025,9,-10.0,0.5923985750354261,-2.5,-10.592398575035427,-7.5
2025,9,7.0,-1.765438278834342,-3.5,8.765438278834342,10.5
2025,9,-7.0,-8.888239158405199,-10.0,1.8882391584051987,3.0
2025,9,24.0,18.684014276193608,14.0,5.315985723806392,10.0
2025,9,-1.0,0.0873876897422643,-2.5,-1.0873876897422643,1.5
2025,9,7.0,3.05228461690814,-2.5,3.94771538309186,9.5
2025,9,-24.0,-4.887738420859013,-2.5,-19.112261579140988,-21.5
2025,9,-10.0,-3.0538759661528574,3.5,-6.946124033847143,-13.5
2025,10,3.0,13.486828923493189,9.5,-10.486828923493189,-6.5
2025,10,6.0,7.684268409617898,6.5,-1.6842684096178981,-0.5
2025,10,-10.0,4.293957720276115,5.5,-14.293957720276115,-15.5
2025,10,4.0,5.368912183328665,4.5,-1.368912183328665,-0.5
2025,10,7.0,8.141619528819565,-1.5,-1.1416195288195645,8.5
2025,10,17.0,-3.2827064102032972,-8.5,20.282706410203296,25.5
2025,10,-8.0,-0.855972797036312,-4.5,-7.144027202963688,-3.5
2025,10,7.0,3.425852786655672,-1.5,3.574147213344328,8.5
2025,10,-5.0,13.856797561427658,2.5,-18.85679756142766,-7.5
2025,10,22.0,8.950844098420493,7.0,13.049155901579507,15.0
2025,10,-16.0,-0.9901742615143094,-5.5,-15.009825738485691,-10.5
2025,10,-22.0,-4.510009522287321,-8.5,-17.48999047771268,-13.5
2025,10,15.0,4.558287507723602,3.0,10.441712492276398,12.0
2025,10,-3.0,-5.161282663671905,1.5,2.161282663671905,-4.5
2025,11,13.0,7.883781747029749,12.5,5.116218252970251,0.5
2025,11,3.0,-2.0690773206718176,2.5,5.069077320671818,0.5
2025,11,-3.0,4.750781312514006,4.5,-7.750781312514006,-7.5
2025,11,12.0,3.3919570892014335,6.0,8.608042910798567,6.0
2025,11,29.0,-2.0393809765639612,-3.0,31.03938097656396,32.0
2025,11,-2.0,4.86084114807656,3.0,-6.86084114807656,-5.0
2025,11,-7.0,-3.8292947543856455,-7.5,-3.1707052456143545,0.5
2025,11,22.0,-0.10499031655325819,5.5,22.10499031655326,16.5
2025,11,-3.0,-1.6635500753468468,-5.5,-1.3364499246531532,2.5
2025,11,-19.0,2.242899186492962,-3.5,-21.242899186492963,-15.5
2025,11,2.0,1.9768760151127585,3.0,0.023123984887241544,-1.0
2025,11,-7.0,-4.663906339837451,-7.5,-2.3360936601625486,0.5
2025,11,3.0,-2.75563445723019,-3.5,5.75563445723019,6.5
2025,11,7.0,-2.4136194242104545,2.5,9.413619424210454,4.5
2025,11,-17.0,-3.352692667162019,-3.5,-13.64730733283798,-13.5
2025,12,4.0,1.8321686096120455,-5.5,2.1678313903879545,9.5
2025,12,13.0,7.413241923190554,14.0,5.586758076809446,-1.0
2025,12,3.0,0.7293483332596868,3.0,2.270651666740313,0.0
2025,12,-6.0,-6.143352548218444,-7.5,0.14335254821844412,1.5
2025,12,7.0,14.291311222483277,14.0,-7.291311222483277,-7.0
2025,12,17.0,5.907818747032556,6.5,11.092181252967444,10.5
2025,12,3.0,-1.7325685462690097,3.5,4.732568546269009,-0.5
2025,12,-6.0,-10.918701984635486,-12.5,4.9187019846354865,6.5
2025,12,-3.0,1.4632185629317318,-2.5,-4.463218562931732,-0.5
2025,12,-14.0,0.880928636308937,3.0,-14.880928636308937,-17.0
2025,12,3.0,-4.079500386291063,-3.0,7.079500386291063,6.0
2025,12,-14.0,6.097367441961894,1.5,-20.097367441961893,-15.5
2025,12,27.0,5.433780228715131,7.0,21.56621977128487,20.0
2025,12,11.0,8.2553017737568,7.5,2.7446982262432,3.5
2025,13,-7.0,5.927195212665444,2.5,-12.927195212665444,-9.5
2025,13,3.0,-3.925641806413889,-3.5,6.925641806413889,6.5
2025,13,-18.0,11.016213595284112,7.0,-29.016213595284114,-25.0
2025,13,-9.0,8.330192754863512,7.0,-17.33019275486351,-16.0
2025,13,3.0,-9.16093206252279,-10.0,12.16093206252279,13.0
2025,13,-18.0,-2.0658475412010366,-5.5,-15.934152458798962,-12.5
2025,13,-4.0,2.011628583723474,3.0,-6.011628583723474,-7.0
2025,13,4.0,10.138963375161438,5.5,-6.138963375161438,-1.5
2025,13,3.0,0.511401912625189,-3.0,2.488598087374811,6.0
2025,13,3.0,6.2074072730675836,4.5,-3.2074072730675836,-1.5
2025,13,-22.0,-4.692215103531184,-6.0,-17.307784896468817,-16.0
2025,13,26.0,8.562952007939197,12.5,17.437047992060805,13.5
2025,13,17.0,14.767761973277214,10.0,2.2322380267227864,7.0
2025,13,-19.0,-2.3547828577868053,-3.0,-16.645217142213195,-16.0
2025,13,-1.0,-2.985985969410847,-6.5,1.985985969410847,5.5
2025,13,18.0,7.817121323908197,7.0,10.182878676091804,11.0
2025,14,14.0,9.813172083044899,3.5,4.186827916955101,10.5
2025,14,-28.0,-6.371360192588163,-7.0,-21.628639807411837,-21.0
2025,14,-5.0,5.614336890715746,5.5,-10.614336890715746,-10.5
2025,14,5.0,9.656704518747752,6.0,-4.656704518747752,-1.0
2025,14,-2.0,5.50477974635128,4.5,-7.50477974635128,-6.5
2025,14,17.0,-0.6559170373958754,-2.5,17.655917037395874,19.5
2025,14,31.0,2.954007207792314,-1.5,28.045992792207684,32.5
2025,14,-24.0,1.047403942497724,-2.5,-25.047403942497724,-21.5
2025,14,-4.0,9.777452954057706,7.5,-13.777452954057706,-11.5
2025,14,-7.0,-8.64289099880558,-8.5,1.64289099880558,1.5
2025,14,-28.0,-4.929409296735228,-9.5,-23.07059070326477,-18.5
2025,14,7.0,8.26727493533601,6.5,-1.26727493533601,0.5
2025,14,-10.0,5.37753966281352,4.5,-15.37753966281352,-14.5
2025,14,3.0,-0.9827256804618616,-1.5,3.9827256804618614,4.5
2025,15,-1.0,6.5092142152520225,6.0,-7.5092142152520225,-7.0
2025,15,28.0,7.312305209678441,7.5,20.687694790321558,20.5
2025,15,-24.0,-2.600843306157162,-2.5,-21.399156693842837,-21.5
2025,15,20.0,9.196398993687506,10.5,10.803601006312494,9.5
2025,15,28.0,9.807448153882731,13.5,18.19255184611727,14.5
2025,15,-3.0,5.706018841274355,5.5,-8.706018841274355,-8.5
2025,15,-4.0,2.085599691454718,-2.5,-6.085599691454718,-1.5
2025,15,-8.0,3.6247539204486685,2.5,-11.624753920448669,-10.5
2025,15,31.0,12.01491881544485,12.5,18.98508118455515,18.5
2025,15,8.0,1.4428416835929556,-1.5,6.557158316407044,9.5
2025,15,7.0,1.4504962871728522,5.5,5.549503712827148,1.5
2025,15,3.0,-2.262053147896849,-2.5,5.262053147896848,5.5
2025,15,2.0,6.3910701050025045,13.5,-4.3910701050025045,-11.5
2025,15,13.0,15.372692551098964,12.5,-2.3726925510989645,0.5
2025,15,-8.0,2.074135947158599,5.5,-10.074135947158599,-13.5
2025,15,13.0,4.924338611111795,3.0,8.075661388888205,10.0
2025,16,1.0,2.1393768722856366,1.5,-1.1393768722856366,-0.5
2025,16,-11.0,-4.203253052699711,-7.0,-6.796746947300289,-4.0
2025,16,6.0,-1.498920549321208,1.5,7.498920549321208,4.5
2025,16,3.0,-3.6107847875037518,-3.0,6.610784787503752,6.0
2025,16,-3.0,-9.295816625235293,-10.5,6.295816625235293,7.5
2025,16,-17.0,-1.239023165902509,1.5,-15.760976834097491,-18.5
2025,16,-24.0,4.076904054914601,-3.5,-28.0769040549146,-20.5
2025,16,23.0,3.874864119040503,6.5,19.125135880959498,16.5
2025,16,-3.0,-3.1565343476302874,-2.5,0.1565343476302874,-0.5
2025,16,17.0,-9.500902541156385,-3.5,26.500902541156385,20.5
2025,16,-7.0,1.9171633011066713,-2.5,-8.91716330110667,-4.5
2025,16,-14.0,3.555845580765188,3.5,-17.555845580765187,-17.5
2025,16,-5.0,8.087270099687293,7.5,-13.087270099687293,-12.5
2025,16,2.0,15.750343569666489,14.5,-13.750343569666489,-12.5
2025,16,-4.0,3.0374458860201945,3.5,-7.037445886020194,-7.5
2025,16,-21.0,4.082987728096334,-4.5,-25.082987728096334,-16.5
2025,17,-7.0,2.0350190232944136,-8.5,-9.035019023294414,1.5
2025,17,13.0,-2.9273787488175707,-7.0,15.92737874881757,20.0
2025,17,-7.0,1.7425838866728327,-13.5,-8.742583886672833,6.5
2025,17,-4.0,-0.5154453388879716,1.5,-3.4845546611120284,-5.5
2025,17,-17.0,4.454991572161764,2.5,-21.454991572161763,-19.5
2025,17,-17.0,-10.680710572166024,-6.5,-6.319289427833976,-10.5
2025,17,23.0,1.535767855556223,7.0,21.464232144443777,16.0
2025,17,7.0,-5.697362511388594,-4.5,12.697362511388594,11.5
2025,17,-6.0,0.9561531499464548,-3.5,-6.956153149946455,-2.5
2025,17,3.0,-1.9596219663826697,-5.5,4.95962196638267,8.5
2025,17,-32.0,-7.1775225240929075,-12.5,-24.822477475907093,-19.5
2025,17,-8.0,-0.37709867393836305,-1.5,-7.622901326061637,-6.5
2025,17,-24.0,-0.7028058801499899,-3.0,-23.297194119850012,-21.0
2025,17,-1.0,2.1973195161792813,3.0,-3.1973195161792813,-4.0
2025,17,4.0,3.6077559325869606,3.5,0.3922440674130394,0.5
2025,17,3.0,-9.68520016010732,-7.5,12.68520016010732,10.5
2025,18,2.0,6.367921013767001,3.0,-4.367921013767001,-1.0
2025,18,-10.0,-2.9259953216960892,-2.5,-7.074004678303911,-7.5
2025,18,2.0,3.1310335174687234,4.5,-1.1310335174687234,-2.5
2025,18,-2.0,5.187693969646816,9.5,-7.187693969646816,-11.5
2025,18,8.0,4.771839519695409,9.5,3.2281604803045907,-1.5
2025,18,34.0,12.402746829071019,12.5,21.59725317092898,21.5
2025,18,13.0,0.9481451179010898,12.5,12.05185488209891,0.5
2025,18,17.0,-0.5769678047397759,-3.0,17.576967804739777,20.0
2025,18,27.0,14.796583134652233,12.5,12.203416865347767,14.5
2025,18,-3.0,-3.45568596109097,3.5,0.4556859610909698,-6.5
2025,18,16.0,3.733208541227453,14.5,12.266791458772547,1.5
2025,18,17.0,12.620753299325003,14.5,4.379246700674997,2.5
2025,18,2.0,-10.016314687292017,-3.5,12.016314687292017,5.5
2025,18,28.0,8.000779538898037,14.0,19.999220461101963,14.0
2025,18,-7.0,8.407205341025193,3.0,-15.407205341025193,-10.0
2025,18,2.0,-0.16721086027914667,-4.5,2.1672108602791464,6.5
2026,1,3.0,4.300049461002525,3.0,-1.3000494610025246,0.0
2026,1,-20.0,2.9801253170280226,3.5,-22.980125317028023,-23.5
2026,1,-22.0,-0.13542788653160676,-3.0,-21.864572113468395,-19.0
2026,1,6.0,0.47696981781550596,3.5,5.523030182184494,2.5
2026,1,1.0,6.068920900055657,7.0,-5.068920900055657,-6.0
2026,1,-5.0,2.9724544580413066,-1.5,-7.972454458041307,-3.5
2026,1,-18.0,3.3922691509978,-3.0,-21.392269150997798,-15.0
2026,1,24.0,9.0627047910035,8.5,14.9372952089965,15.5
2026,1,7.0,3.809328161169326,6.5,3.190671838830674,0.5
2026,1,-13.0,3.314719324262031,1.5,-16.314719324262033,-14.5
2026,1,-12.0,5.452648848839969,8.5,-17.45264884883997,-20.5
2026,1,14.0,-0.14168222064473746,3.0,14.141682220644737,11.0
2026,1,17.0,1.7709065202763445,1.5,15.229093479723655,15.5
2026,1,2.0,6.065394299937127,6.0,-4.065394299937127,-4.0
2026,1,8.0,2.1497962691640513,-3.0,5.850203730835949,11.0
2026,1,21.0,1.037491864562285,2.5,19.962508135437716,18.5
2026,2,10.0,2.9473964722246837,5.5,7.052603527775316,4.5
2026,2,-31.0,2.9714463540949057,-2.5,-33.97144635409491,-28.5
2026,2,-7.0,5.410729860129551,8.5,-12.41072986012955,-15.5
2026,2,-6.0,1.5859507800754555,4.5,-7.585950780075455,-10.5
2026,2,-14.0,5.486397953939178,3.0,-19.48639795393918,-17.0
2026,2,17.0,3.641795883775581,4.5,13.35820411622442,12.5
2026,2,-3.0,-2.174641420460982,-3.5,-0.8253585795390181,0.5
2026,2,-4.0,4.344900541928482,8.5,-8.344900541928482,-12.5
2026,2,-4.0,-6.066576429480005,-7.0,2.066576429480005,3.0
2026,2,7.0,-4.713533951723814,2.5,11.713533951723814,4.5
2026,2,-12.0,3.2212178054913307,6.5,-15.221217805491332,-18.5
2026,2,-24.0,-5.794654570290797,-3.5,-18.205345429709205,-20.5
2026,2,17.0,0.8738559613340839,3.5,16.126144038665917,13.5
2026,2,22.0,9.714996433031468,12.5,12.285003566968532,9.5
2026,2,3.0,4.039402466846608,6.0,-1.0394024668466084,-3.0
2026,2,22.0,4.845413650991445,6.5,17.154586349008554,15.5
