game_id,week,team,epa_total,jogadas,epa_scrimmage,jogadas_scrimmage,season
2002_01_ARI_WAS,1,ARI,5.468632496500768,75,1.138523827140686,57,2002
2002_01_ARI_WAS,1,WAS,9.249635624321472,96,13.010421304754823,70,2002
2002_01_ATL_GB,1,ATL,22.05517740003468,77,18.193348239952897,57,2002
2002_01_ATL_GB,1,GB,20.575049116364045,97,15.127598449075744,76,2002
2002_01_BAL_CAR,1,BAL,-9.425963347886732,72,-1.279154984571866,54,2002
2002_01_BAL_CAR,1,CAR,-7.406075585742524,77,-2.909604923726847,55,2002
2002_01_DAL_HOU,1,DAL,-23.96381026473169,78,-10.863581962633143,57,2002
2002_01_DAL_HOU,1,HOU,-14.94512712376738,91,-21.048712695429213,63,2002
2002_01_DET_MIA,1,DET,1.8988287237229402,79,-3.5649653513683006,58,2002
2002_01_DET_MIA,1,MIA,28.57434990541607,88,22.34387222264195,66,2002
2002_01_IND_JAX,1,IND,8.458105082740603,76,6.099827310086239,60,2002
2002_01_IND_JAX,1,JAX,-37.80457721449746,86,-36.77858677708314,69,2002
2002_01_KC_CLE,1,CLE,17.685812570104247,82,11.186039954733648,62,2002
2002_01_KC_CLE,1,KC,22.85593524000497,86,21.973914954839245,60,2002
2002_01_MIN_CHI,1,CHI,8.518332155123456,78,5.6088015774157265,60,2002
2002_01_MIN_CHI,1,MIN,7.963631902050373,84,9.670282785409789,62,2002
2002_01_NO_TB,1,NO,4.743090986056167,97,4.078724787970203,78,2002
2002_01_NO_TB,1,TB,-5.849151644608091,103,-10.422861306933346,77,2002
2002_01_NYJ_BUF,1,BUF,3.4189904491364174,100,-0.227608582499224,75,2002
2002_01_NYJ_BUF,1,NYJ,13.45642956905105,72,-2.4711969493582604,48,2002
2002_01_PHI_TEN,1,PHI,4.90866357049566,83,-3.2790474977961885,64,2002
2002_01_PHI_TEN,1,TEN,6.27460695603113,81,5.735129242843533,60,2002
2002_01_PIT_NE,1,NE,3.119487406417134,84,-1.112283330682775,63,2002
2002_01_PIT_NE,1,PIT,-11.717069923106202,91,-11.595383439504076,67,2002
2002_01_SD_CIN,1,CIN,-5.5407644103397615,68,-11.629986205765364,48,2002
2002_01_SD_CIN,1,LAC,25.853207545035346,82,23.957907321177565,63,2002
2002_01_SEA_OAK,1,LV,11.134794084093828,84,5.790844169041019,70,2002
2002_01_SEA_OAK,1,SEA,-0.380264308114156,78,1.066787966275721,51,2002
2002_01_SF_NYG,1,NYG,-5.385872496692041,92,-3.695706833721353,70,2002
2002_01_SF_NYG,1,SF,0.7157882294924502,67,2.3070053919098,51,2002
2002_01_STL_DEN,1,DEN,1.8717021966734042,76,-5.0468615128653065,56,2002
2002_01_STL_DEN,1,LA,-3.229693109802479,75,-0.10970616618330853,57,2002
2002_02_ARI_SEA,2,ARI,11.922653444249985,77,5.493113298831051,59,2002
2002_02_ARI_SEA,2,SEA,-2.6237567259157504,98,-12.504871515399948,76,2002
2002_02_BUF_MIN,2,BUF,14.62729147807368,94,12.904521450134553,67,2002
2002_02_BUF_MIN,2,MIN,3.169192072643571,117,0.5473146411218854,90,2002
2002_02_CHI_ATL,2,ATL,-11.316571991623071,80,-14.500917164048012,62,2002
2002_02_CHI_ATL,2,CHI,-8.082743744412754,73,-8.940541310233089,55,2002
2002_02_CIN_CLE,2,CIN,-7.6970814021986875,98,-6.666789020120632,82,2002
2002_02_CIN_CLE,2,CLE,4.738880256787788,78,-1.526183678273302,57,2002
2002_02_DEN_SF,2,DEN,12.939360549113585,75,7.829565530471937,56,2002
2002_02_DEN_SF,2,SF,0.4858304208176282,75,2.9083153726533055,57,2002
2002_02_DET_CAR,2,CAR,2.4684628808177687,87,1.863956105247162,63,2002
2002_02_DET_CAR,2,DET,-19.90718980240477,80,-21.889532309753122,58,2002
2002_02_GB_NO,2,GB,-14.146373787068613,88,-13.115681921693447,66,2002
2002_02_GB_NO,2,NO,-1.2321925254663002,77,7.4634318115014295,54,2002
2002_02_HOU_SD,2,HOU,-30.31391637053457,84,-33.84259444182511,59,2002
2002_02_HOU_SD,2,LAC,-10.98688024652762,85,-11.71056557516495,64,2002
2002_02_JAX_KC,2,JAX,10.969897302588318,81,17.172920843119375,64,2002
2002_02_JAX_KC,2,KC,2.024529615890192,78,-0.8686561065847513,61,2002
2002_02_MIA_IND,2,IND,-2.523271994514084,94,-8.52650415877664,76,2002
2002_02_MIA_IND,2,MIA,7.891649989631948,70,10.163872354301988,51,2002
2002_02_NE_NYJ,2,NE,14.707154361917423,91,13.933437324583108,73,2002
2002_02_NE_NYJ,2,NYJ,-28.61882792275706,69,-28.682574713137,47,2002
2002_02_NYG_STL,2,LA,-4.309475857631081,76,-3.6626861696891044,57,2002
2002_02_NYG_STL,2,NYG,6.019980186345903,87,5.680201313821988,66,2002
2002_02_OAK_PIT,2,LV,5.976323396979236,108,4.137040599437318,87,2002
2002_02_OAK_PIT,2,PIT,-12.339332949762785,72,-16.988209803691113,52,2002
2002_02_PHI_WAS,2,PHI,13.205143698753618,85,14.347260529036436,68,2002
2002_02_PHI_WAS,2,WAS,-21.70923907180973,73,-15.986593487963546,53,2002
2002_02_TB_BAL,2,BAL,-26.826550844067242,81,-26.13289737868003,60,2002
2002_02_TB_BAL,2,TB,2.7337342089177037,79,1.9977733800983408,61,2002
2002_02_TEN_DAL,2,DAL,2.937071706539823,70,2.675389656855259,51,2002
2002_02_TEN_DAL,2,TEN,-3.0948655715836644,91,-6.162116258161534,72,2002
2002_03_BUF_DEN,3,BUF,2.8967363408886904,80,0.8610451768345113,60,2002
2002_03_BUF_DEN,3,DEN,4.866645768430844,94,3.858889269560212,64,2002
2002_03_CAR_MIN,3,CAR,-6.450930900156275,84,1.941090613280013,66,2002
2002_03_CAR_MIN,3,MIN,-16.781649522871703,71,-14.613389541365905,53,2002
2002_03_CIN_ATL,3,ATL,4.605710422578956,81,6.086213490911883,61,2002
2002_03_CIN_ATL,3,CIN,-23.023163333244156,80,-21.999518755997986,63,2002
2002_03_CLE_TEN,3,CLE,-0.9958426231454909,102,-0.8623238716535111,73,2002
2002_03_CLE_TEN,3,TEN,-5.985643886523958,78,-4.07174973731162,57,2002
2002_03_DAL_PHI,3,DAL,-8.981209594225088,85,-18.15016256786864,65,2002
2002_03_DAL_PHI,3,PHI,20.16313024293843,90,6.880308470935405,69,2002
2002_03_GB_DET,3,DET,-8.758723833575548,81,-18.947549324106713,57,2002
2002_03_GB_DET,3,GB,2.4292310996906075,104,4.838690792495657,78,2002
2002_03_IND_HOU,3,HOU,-25.30458067805739,79,-15.419238883389205,56,2002
2002_03_IND_HOU,3,IND,-2.4929054571300373,73,-1.8241237458508555,58,2002
2002_03_KC_NE,3,KC,18.896039222462356,84,11.106848896132085,62,2002
2002_03_KC_NE,3,NE,17.444941009679216,105,13.73124884728673,81,2002
2002_03_NO_CHI,3,CHI,-2.8410529452045576,92,-0.22022359210145215,71,2002
2002_03_NO_CHI,3,NO,6.427262653138826,84,0.5014470881870947,60,2002
2002_03_NYJ_MIA,3,MIA,10.602319755555467,85,9.044955250544113,66,2002
2002_03_NYJ_MIA,3,NYJ,-15.006505086261313,74,-19.623370688306473,52,2002
2002_03_SD_ARI,3,ARI,-12.040093033232303,72,-12.251531810048501,61,2002
2002_03_SD_ARI,3,LAC,-1.344603454730136,86,-1.0073087846811486,67,2002
2002_03_SEA_NYG,3,NYG,-4.409094903443474,94,-6.4487197860080805,76,2002
2002_03_SEA_NYG,3,SEA,-5.695899039099459,60,-10.294147464061142,45,2002
2002_03_STL_TB,3,LA,-12.159098967574856,87,-11.777236863825237,70,2002
2002_03_STL_TB,3,TB,-1.3667061818701605,69,-1.7753631029742603,50,2002
2002_03_WAS_SF,3,SF,-0.11796618542549364,87,1.7242217784465437,68,2002
2002_03_WAS_SF,3,WAS,-8.147981424342884,69,-9.11023371906004,49,2002
2002_04_CAR_GB,4,CAR,-2.6121512696115223,84,-5.359987654098617,63,2002
2002_04_CAR_GB,4,GB,-1.6178020380172806,81,-7.539221354720862,58,2002
2002_04_CHI_BUF,4,BUF,11.983246010750403,82,7.820995400784158,63,2002
2002_04_CHI_BUF,4,CHI,7.8299732093223025,82,-0.5396173371703572,56,2002
2002_04_CLE_PIT,4,CLE,-3.1922706135590992,80,-4.604350794297185,56,2002
2002_04_CLE_PIT,4,PIT,-3.0602688093712054,91,-2.60787451436917,72,2002
2002_04_DAL_STL,4,DAL,-3.0498128732085883,85,-1.7051048872209353,65,2002
2002_04_DAL_STL,4,LA,-8.19727126517116,79,-4.269701821204703,62,2002
2002_04_DEN_BAL,4,BAL,1.3198577410372128,81,-6.802714938452757,52,2002
2002_04_DEN_BAL,4,DEN,-6.303768983517859,102,-0.03611377631660506,79,2002
2002_04_HOU_PHI,4,HOU,-10.944530396358196,84,-15.02210116368275,60,2002
2002_04_HOU_PHI,4,PHI,4.374110378740227,94,1.622122916042187,76,2002
2002_04_MIA_KC,4,KC,19.087203804389784,91,16.050846990413056,67,2002
2002_04_MIA_KC,4,MIA,5.132673777487466,89,-1.5866384086842444,66,2002
2002_04_MIN_SEA,4,MIN,-8.460310186666522,111,0.5128085672310938,90,2002
2002_04_MIN_SEA,4,SEA,14.780779425914144,79,11.721301430028749,59,2002
2002_04_NE_SD,4,LAC,4.827163950445932,64,6.27077984800564,52,2002
2002_04_NE_SD,4,NE,-0.428127592414703,92,4.305931784824091,76,2002
2002_04_NO_DET,4,DET,-0.08755877211256013,82,-5.5561699480522035,63,2002
2002_04_NO_DET,4,NO,-3.200156306376374,90,-5.7646200958695255,69,2002
2002_04_NYG_ARI,4,ARI,-4.2677882280327735,87,-8.309515699840865,69,2002
2002_04_NYG_ARI,4,NYG,-17.63613716925452,72,-16.102163486124482,53,2002
2002_04_NYJ_JAX,4,JAX,-43.13364185704215,70,-40.929556302657616,57,2002
2002_04_NYJ_JAX,4,NYJ,-10.845987818553112,80,-16.16352885768857,63,2002
2002_04_TB_CIN,4,CIN,-34.825828064865945,86,-30.729662436817307,65,2002
2002_04_TB_CIN,4,TB,-2.623791113342372,78,-3.9988812290830538,60,2002
2002_04_TEN_OAK,4,LV,14.155461280542125,86,14.750922119056007,62,2002
2002_04_TEN_OAK,4,TEN,-10.60481729926639,89,0.6672135698176005,67,2002
2002_05_ARI_CAR,5,ARI,-4.06707682279362,90,-9.381707405506551,70,2002
2002_05_ARI_CAR,5,CAR,-9.098656131121839,78,-17.233341153407032,59,2002
2002_05_BAL_CLE,5,BAL,8.72006622872167,83,6.422632002952833,64,2002
2002_05_BAL_CLE,5,CLE,-0.2328845070786425,94,-2.277974127995316,70,2002
2002_05_CIN_IND,5,CIN,2.479907300602169,87,2.2510706311441027,67,2002
2002_05_CIN_IND,5,IND,8.083819961372594,78,0.21210284781409428,58,2002
2002_05_GB_CHI,5,CHI,-13.266121183412512,89,-12.692864340060623,69,2002
2002_05_GB_CHI,5,GB,3.2482391449162424,88,10.241721359928983,66,2002
2002_05_KC_NYJ,5,KC,20.425691049953837,82,21.38477127935733,63,2002
2002_05_KC_NYJ,5,NYJ,11.78432578931135,77,10.429473073136496,60,2002
2002_05_NE_MIA,5,MIA,5.572678026299796,89,2.656811278553455,71,2002
2002_05_NE_MIA,5,NE,-5.916679306952325,68,-7.183283005971927,52,2002
2002_05_NYG_DAL,5,DAL,0.5122762870890165,88,-2.983162777113602,69,2002
2002_05_NYG_DAL,5,NYG,6.65170008278113,74,6.282598799007246,57,2002
2002_05_OAK_BUF,5,BUF,7.433817771525883,101,-0.2690027628206284,76,2002
2002_05_OAK_BUF,5,LV,30.09954593044769,90,30.23710434883833,60,2002
2002_05_PHI_JAX,5,JAX,-21.144749280821618,70,-25.460640993321235,52,2002
2002_05_PHI_JAX,5,PHI,20.33375238062619,106,12.124294857832929,84,2002
2002_05_PIT_NO,5,NO,12.17214465595005,72,8.061217683805541,52,2002
2002_05_PIT_NO,5,PIT,10.423008778629814,92,11.977037105345634,69,2002
2002_05_SD_DEN,5,DEN,4.014237117393745,90,9.600835200263454,65,2002
2002_05_SD_DEN,5,LAC,-11.08295465524122,74,-9.128456234061481,61,2002
2002_05_STL_SF,5,LA,-3.062098700342044,86,-8.075694282784331,65,2002
2002_05_STL_SF,5,SF,19.373208395991767,71,15.041126284024092,54,2002
2002_05_TB_ATL,5,ATL,-24.763941518845968,85,-26.031042665095757,64,2002
2002_05_TB_ATL,5,TB,-6.346098384866808,75,-3.5666042713485577,59,2002
2002_05_WAS_TEN,5,TEN,-3.2138050806094816,76,-5.650045701651834,58,2002
2002_05_WAS_TEN,5,WAS,18.108258665510746,93,24.747566648219035,68,2002
2002_06_ATL_NYG,6,ATL,16.420085744772486,64,12.299216769044307,51,2002
2002_06_ATL_NYG,6,NYG,7.258977073776027,72,2.3058360309288597,61,2002
2002_06_BAL_IND,6,BAL,0.9710630283047532,78,-6.564785429766931,57,2002
2002_06_BAL_IND,6,IND,-0.5070319173626325,92,-10.16010415797129,64,2002
2002_06_BUF_HOU,6,BUF,14.498106511359364,95,14.025351736205407,69,2002
2002_06_BUF_HOU,6,HOU,6.945788033722163,80,1.8274940144829248,58,2002
2002_06_CAR_DAL,6,CAR,-6.717335737244735,88,-1.0081337139827964,61,2002
2002_06_CAR_DAL,6,DAL,-8.003580280797642,84,-7.94974725713837,62,2002
2002_06_CLE_TB,6,CLE,-21.25435009651119,79,-17.368627834453726,60,2002
2002_06_CLE_TB,6,TB,-8.467916122448251,84,-3.1943998294362963,70,2002
2002_06_DET_MIN,6,DET,3.6892711315182867,78,1.6144596819571921,59,2002
2002_06_DET_MIN,6,MIN,7.451282220566011,87,6.804307976217386,62,2002
2002_06_GB_NE,6,GB,12.02821529630508,85,8.411658489154462,64,2002
2002_06_GB_NE,6,NE,-8.581253770906056,89,-12.027096489825176,68,2002
2002_06_JAX_TEN,6,JAX,-0.3369772502771502,60,-1.327241484716069,41,2002
2002_06_JAX_TEN,6,TEN,7.091881263608492,92,5.762483352096609,75,2002
2002_06_KC_SD,6,KC,15.39550033121539,80,6.818967497874591,59,2002
2002_06_KC_SD,6,LAC,11.276437108150935,87,11.659480779722799,70,2002
2002_06_MIA_DEN,6,DEN,-4.88472673549391,101,-12.658404544365382,75,2002
2002_06_MIA_DEN,6,MIA,-0.283989746141303,72,-4.307586633232771,53,2002
2002_06_NO_WAS,6,NO,1.608338312744996,87,-2.2544732902055014,57,2002
2002_06_NO_WAS,6,WAS,-19.594803379549774,87,-15.981980794182046,68,2002
2002_06_OAK_STL,6,LA,-0.0319734188152303,84,3.65240191022167,56,2002
2002_06_OAK_STL,6,LV,-12.898010218306602,86,-4.963353110797721,66,2002
2002_06_PIT_CIN,6,CIN,-14.721730604643977,79,-18.606452158652893,63,2002
2002_06_PIT_CIN,6,PIT,17.567532457324504,81,11.621240407927335,62,2002
2002_06_SF_SEA,6,SEA,3.0916900941160157,84,4.918110337292049,62,2002
2002_06_SF_SEA,6,SF,14.458002321131442,82,18.62257195623267,61,2002
2002_07_BUF_MIA,7,BUF,-2.179585747755218,84,-2.6593011848703063,61,2002
2002_07_BUF_MIA,7,MIA,-19.24842421395429,84,-23.811983704326575,68,2002
2002_07_CAR_ATL,7,ATL,16.243616015172552,87,16.76339219289296,67,2002
2002_07_CAR_ATL,7,CAR,-15.079687774297781,69,-13.87904516782146,51,2002
2002_07_CHI_DET,7,CHI,-2.500062155531118,79,-11.075187241008773,58,2002
2002_07_CHI_DET,7,DET,-3.4849171568526334,95,-5.2144810241144475,70,2002
2002_07_DAL_ARI,7,ARI,-11.029533558001276,103,-11.04649757619365,85,2002
2002_07_DAL_ARI,7,DAL,-12.358201699149372,76,-4.844723254083137,60,2002
2002_07_DEN_KC,7,DEN,13.201803086587988,105,17.90655632237116,78,2002
2002_07_DEN_KC,7,KC,6.940937650885262,90,1.7449022011417021,68,2002
2002_07_HOU_CLE,7,CLE,12.53448832829652,80,-5.19574467108561,56,2002
2002_07_HOU_CLE,7,HOU,-2.240047967395831,88,-0.2730673570477222,67,2002
2002_07_IND_PIT,7,IND,-5.992175670857119,88,-3.2840861731425606,71,2002
2002_07_IND_PIT,7,PIT,10.211826782062946,71,9.908491959498049,57,2002
2002_07_JAX_BAL,7,BAL,-9.847105248787294,78,-9.19443624068996,62,2002
2002_07_JAX_BAL,7,JAX,-14.893556512506489,94,-10.15530145029636,77,2002
2002_07_MIN_NYJ,7,MIN,2.2477013725512234,75,3.8000461549381725,62,2002
2002_07_MIN_NYJ,7,NYJ,14.387838149865537,74,14.957778365064147,60,2002
2002_07_SD_OAK,7,LAC,17.660151920245365,89,13.406210370711051,68,2002
2002_07_SD_OAK,7,LV,8.136220515786077,81,8.327715529582928,60,2002
2002_07_SEA_STL,7,LA,9.002374248136132,99,6.297064570313001,83,2002
2002_07_SEA_STL,7,SEA,-7.555633378654803,73,-15.17460322999918,50,2002
2002_07_SF_NO,7,NO,20.65400109479079,84,14.26074669409484,67,2002
2002_07_SF_NO,7,SF,15.748336488718156,81,15.11599071521491,64,2002
2002_07_TB_PHI,7,PHI,-8.909861350941092,78,-11.777565057709893,58,2002
2002_07_TB_PHI,7,TB,-17.264946972885678,87,-15.563500585242396,65,2002
2002_07_WAS_GB,7,GB,4.392766938799864,78,-3.361826641772568,55,2002
2002_07_WAS_GB,7,WAS,-14.415768679580651,86,-18.516048288303676,64,2002
2002_08_ARI_SF,8,ARI,12.029633661179632,86,12.477450812235475,65,2002
2002_08_ARI_SF,8,SF,18.243930005272638,76,16.86341404339727,56,2002
2002_08_ATL_NO,8,ATL,20.917567411634902,93,16.006117641941177,66,2002
2002_08_ATL_NO,8,NO,14.329300880638407,79,4.859605729007207,60,2002
2002_08_CHI_MIN,8,CHI,-15.225044752557933,68,-16.403666681144387,49,2002
2002_08_CHI_MIN,8,MIN,0.9507918619314761,94,6.374770786886654,74,2002
2002_08_CLE_NYJ,8,CLE,1.8271618007495571,94,5.82277596750664,71,2002
2002_08_CLE_NYJ,8,NYJ,-5.896985415114218,66,-6.603752137901898,47,2002
2002_08_DEN_NE,8,DEN,4.545699456728867,83,9.716094374107541,63,2002
2002_08_DEN_NE,8,NE,-7.1918239726871676,73,-9.808208225244151,54,2002
2002_08_DET_BUF,8,BUF,-1.3166686526743119,87,2.293686692318122,62,2002
2002_08_DET_BUF,8,DET,-6.3910551575679255,87,-6.496614473703946,66,2002
2002_08_HOU_JAX,8,HOU,-0.32484115963573235,77,-1.0479736587748838,54,2002
2002_08_HOU_JAX,8,JAX,-36.60642970357704,93,-34.77311276791815,71,2002
2002_08_IND_WAS,8,IND,-1.6685226456535016,75,0.09693931406969192,56,2002
2002_08_IND_WAS,8,WAS,1.9557465681430495,92,-0.3269683150250722,73,2002
2002_08_NYG_PHI,8,NYG,-6.354860090708826,81,-6.857759963025675,57,2002
2002_08_NYG_PHI,8,PHI,6.551726054793224,84,8.462442013294563,72,2002
2002_08_OAK_KC,8,KC,6.094428816242989,81,-0.32176795207209175,63,2002
2002_08_OAK_KC,8,LV,-2.160655558101875,85,1.8635791737371017,71,2002
2002_08_PIT_BAL,8,BAL,-9.60141933081443,96,-1.4828458019072066,74,2002
2002_08_PIT_BAL,8,PIT,6.995069722849239,71,5.168729893319416,52,2002
2002_08_SEA_DAL,8,DAL,-2.3020686182698773,71,-5.282105524558574,53,2002
2002_08_SEA_DAL,8,SEA,2.2463927404171864,81,-1.9726125788230973,66,2002
2002_08_TB_CAR,8,CAR,-12.18802267650608,70,-20.264867574162057,51,2002
2002_08_TB_CAR,8,TB,-6.464827392308507,90,-17.165576499079897,67,2002
2002_08_TEN_CIN,8,CIN,11.069437759543174,88,9.95091571940674,63,2002
2002_08_TEN_CIN,8,TEN,21.73144634530075,72,12.71476761688285,53,2002
2002_09_BAL_ATL,9,ATL,-7.439642072702144,77,-8.41611634286838,58,2002
2002_09_BAL_ATL,9,BAL,-9.140983850276415,78,-2.4534985012053765,58,2002
2002_09_CIN_HOU,9,CIN,22.11666621605782,74,22.436616533366124,62,2002
2002_09_CIN_HOU,9,HOU,-15.83884830880561,86,-21.942067859606524,59,2002
2002_09_DAL_DET,9,DAL,-22.862336440792,90,-19.17418416007422,70,2002
2002_09_DAL_DET,9,DET,-22.525916403566953,77,-24.78439340290315,57,2002
2002_09_JAX_NYG,9,JAX,3.76662792846063,74,-0.3634783331434157,60,2002
2002_09_JAX_NYG,9,NYG,7.931591826629697,89,10.159027627953538,66,2002
2002_09_MIA_GB,9,GB,-1.9559431854646072,73,-2.509718792278294,52,2002
2002_09_MIA_GB,9,MIA,-13.87431890702997,96,-22.694043513130538,77,2002
2002_09_MIN_TB,9,MIN,5.979412850247567,78,7.953808187013177,55,2002
2002_09_MIN_TB,9,TB,17.697448557512622,83,21.665558496665437,61,2002
2002_09_NE_BUF,9,BUF,-6.238172426346733,83,-0.8629308472657273,62,2002
2002_09_NE_BUF,9,NE,29.31984970931874,75,25.376514868526876,62,2002
2002_09_NYJ_SD,9,LAC,-21.421016315449116,76,-6.091037384059746,51,2002
2002_09_NYJ_SD,9,NYJ,14.60814720494884,91,16.919786898003988,69,2002
2002_09_PHI_CHI,9,CHI,-10.734773246127457,84,-14.080647532926697,64,2002
2002_09_PHI_CHI,9,PHI,-0.5543404626877009,92,-6.779666582442492,73,2002
2002_09_PIT_CLE,9,CLE,-9.31597663599638,61,-8.452653353335336,41,2002
2002_09_PIT_CLE,9,PIT,-3.0139487875710165,105,1.500207813982195,85,2002
2002_09_SF_OAK,9,LV,6.1271032527004445,67,4.383635126308495,50,2002
2002_09_SF_OAK,9,SF,12.210270202558867,103,15.603062744417887,83,2002
2002_09_STL_ARI,9,ARI,-10.923561000133951,70,-11.198773492011242,51,2002
2002_09_STL_ARI,9,LA,5.65996139754901,84,6.998979833148669,67,2002
2002_09_TEN_IND,9,IND,-13.6357397639455,87,-11.118547282946183,73,2002
2002_09_TEN_IND,9,TEN,-0.12994477966599227,69,1.989014746885454,48,2002
2002_09_WAS_SEA,9,SEA,-9.232402839697897,85,-10.964902590687228,73,2002
2002_09_WAS_SEA,9,WAS,4.297286778470416,71,2.166912888525985,56,2002
2002_10_ATL_PIT,10,ATL,12.32154158261308,110,6.868401373354137,80,2002
2002_10_ATL_PIT,10,PIT,7.62822296407154,109,10.034464628030339,86,2002
2002_10_CIN_BAL,10,BAL,12.637782542188438,75,6.579314513995364,55,2002
2002_10_CIN_BAL,10,CIN,5.011650413413403,91,-2.8030651196234295,72,2002
2002_10_DET_GB,10,DET,-15.82031138478461,84,-18.389962759294335,61,2002
2002_10_DET_GB,10,GB,8.60174441055331,99,8.67833285480674,78,2002
2002_10_HOU_TEN,10,HOU,-16.106236654442778,79,-19.526174414804828,62,2002
2002_10_HOU_TEN,10,TEN,-10.529946522190322,74,-7.391890432189144,58,2002
2002_10_IND_PHI,10,IND,17.991770548200954,75,20.31803807632587,58,2002
2002_10_IND_PHI,10,PHI,-8.120952019576958,88,-16.377564617054666,72,2002
2002_10_KC_SF,10,KC,4.9374781490261235,62,4.174129726275338,46,2002
2002_10_KC_SF,10,SF,7.041188368879639,87,6.553917290188409,70,2002
2002_10_MIA_NYJ,10,MIA,-4.101901448033328,70,-5.350982392035688,54,2002
2002_10_MIA_NYJ,10,NYJ,-2.9092390473741534,77,-5.531248998092041,57,2002
2002_10_NE_CHI,10,CHI,0.6049188472902047,85,-3.648517118445761,60,2002
2002_10_NE_CHI,10,NE,8.67955614833809,100,3.8383262873101613,78,2002
2002_10_NO_CAR,10,CAR,-8.653662514792417,95,-7.2251190122539235,69,2002
2002_10_NO_CAR,10,NO,5.139642176073339,89,2.3398721909834115,65,2002
2002_10_NYG_MIN,10,MIN,-5.71063288003238,77,-7.44999723785312,57,2002
2002_10_NYG_MIN,10,NYG,4.620994125766362,99,6.700077700761707,73,2002
2002_10_OAK_DEN,10,DEN,-5.159656066789335,92,-9.628080506959034,73,2002
2002_10_OAK_DEN,10,LV,24.790935077304823,66,22.329555027498202,54,2002
2002_10_SD_STL,10,LA,-4.140166363103251,84,-2.097421317215776,64,2002
2002_10_SD_STL,10,LAC,-4.187086250790638,79,1.9474997221341903,50,2002
2002_10_SEA_ARI,10,ARI,-3.2221497567079496,71,-8.22012704449307,58,2002
2002_10_SEA_ARI,10,SEA,21.859037972892505,83,18.392794492001997,68,2002
2002_10_WAS_JAX,10,JAX,-18.252194912972946,83,-25.21019993095685,64,2002
2002_10_WAS_JAX,10,WAS,-7.577274141098183,93,-9.463846038711786,69,2002
2002_11_ARI_PHI,11,ARI,-1.662573909837838,76,-6.452756009879522,59,2002
2002_11_ARI_PHI,11,PHI,20.777622239701238,83,17.051108456301492,69,2002
2002_11_BAL_MIA,11,BAL,-14.61931213072226,79,-17.834492781199515,56,2002
2002_11_BAL_MIA,11,MIA,3.3185273823914194,83,4.754026361912344,63,2002
2002_11_BUF_KC,11,BUF,9.0137655051732,82,8.946882263490087,64,2002
2002_11_BUF_KC,11,KC,7.038809917998415,76,3.211147162241593,58,2002
2002_11_CAR_TB,11,CAR,-16.997301589864815,79,-18.994368749738044,61,2002
2002_11_CAR_TB,11,TB,-4.575182461223186,87,-5.196140692607395,69,2002
2002_11_CHI_STL,11,CHI,-1.0488080369193762,83,-6.37383497881171,64,2002
2002_11_CHI_STL,11,LA,0.558945141429537,83,9.026335887610912,60,2002
2002_11_CLE_CIN,11,CIN,6.928702807592608,70,1.454196296405346,53,2002
2002_11_CLE_CIN,11,CLE,17.419187182117124,92,12.660384543664511,71,2002
2002_11_DAL_IND,11,DAL,-21.624667265452445,64,-20.387328643548706,46,2002
2002_11_DAL_IND,11,IND,-5.037970689754319,91,-0.9536201239985393,69,2002
2002_11_DEN_SEA,11,DEN,13.778132857900873,88,16.250473225592057,64,2002
2002_11_DEN_SEA,11,SEA,-11.268498211022234,74,-19.973175763199748,57,2002
2002_11_GB_MIN,11,GB,-2.4455202766233226,87,-3.5609920826973394,61,2002
2002_11_GB_MIN,11,MIN,5.545752924016508,91,4.785496196262134,65,2002
2002_11_JAX_HOU,11,HOU,-2.9180441891577003,84,-4.580461125093279,62,2002
2002_11_JAX_HOU,11,JAX,0.7640059084596205,77,-3.4564822808619295,58,2002
2002_11_NE_OAK,11,LV,2.3271332798107647,94,3.912951761656156,68,2002
2002_11_NE_OAK,11,NE,-2.3994686348157397,69,-13.854552907317968,51,2002
2002_11_NO_ATL,11,ATL,9.199113237019152,89,2.826618405770234,61,2002
2002_11_NO_ATL,11,NO,4.114472865254767,75,4.612164848067671,54,2002
2002_11_NYJ_DET,11,DET,-1.7880908456750593,70,-7.824859269079752,50,2002
2002_11_NYJ_DET,11,NYJ,20.531015520190344,78,24.94042387994873,64,2002
2002_11_PIT_TEN,11,PIT,1.3872446284298352,80,5.51396534625814,63,2002
2002_11_PIT_TEN,11,TEN,7.296627670847174,93,6.128144189110614,69,2002
2002_11_SF_SD,11,LAC,6.966325409026731,100,2.616340573738628,78,2002
2002_11_SF_SD,11,SF,7.132509293427837,94,12.120425100698318,75,2002
2002_11_WAS_NYG,11,NYG,-19.343142468009187,107,-23.53096844328737,84,2002
2002_11_WAS_NYG,11,WAS,-19.225090999490668,80,-14.017319397910153,58,2002
2002_12_ATL_CAR,12,ATL,15.810527637761762,84,14.694327280644956,70,2002
2002_12_ATL_CAR,12,CAR,-29.731601310428232,68,-34.88493730081245,48,2002
2002_12_BUF_NYJ,12,BUF,-1.115633000641406,69,-2.963795897936637,57,2002
2002_12_BUF_NYJ,12,NYJ,14.712589808391003,79,10.175105874249583,62,2002
2002_12_CIN_PIT,12,CIN,14.569186428118368,79,7.3748381665791385,61,2002
2002_12_CIN_PIT,12,PIT,20.208245306647253,83,7.966735209909071,60,2002
2002_12_CLE_NO,12,CLE,9.76283458345522,80,4.919789472926716,58,2002
2002_12_CLE_NO,12,NO,-2.8896110875210725,76,-11.377429717169237,64,2002
2002_12_DET_CHI,12,CHI,-5.695989040875894,101,-2.1713966163683347,79,2002
2002_12_DET_CHI,12,DET,-5.863826392902147,88,-6.374111896720779,71,2002
2002_12_GB_TB,12,GB,-16.78021929918746,80,-18.506204147590324,64,2002
2002_12_GB_TB,12,TB,-4.254429143162022,75,-11.34770462940379,58,2002
2002_12_IND_DEN,12,DEN,6.368000654078498,68,-0.18123179319081828,48,2002
2002_12_IND_DEN,12,IND,11.739763432779263,99,7.873808459141287,84,2002
2002_12_JAX_DAL,12,DAL,-3.921137322300242,78,2.596393302257683,58,2002
2002_12_JAX_DAL,12,JAX,-4.718030664822173,92,-4.189465194064628,67,2002
2002_12_KC_SEA,12,KC,29.82851551796972,80,27.441506330682717,63,2002
2002_12_KC_SEA,12,SEA,34.16421866988886,86,29.920773756794574,67,2002
2002_12_MIN_NE,12,MIN,-4.515467764212835,97,0.36497130075084616,78,2002
2002_12_MIN_NE,12,NE,0.7751377616881974,89,-1.4207545619534114,67,2002
2002_12_NYG_HOU,12,HOU,-14.88889181155525,87,-14.688007728081947,64,2002
2002_12_NYG_HOU,12,NYG,-17.633031403795684,89,-9.15703312466031,69,2002
2002_12_OAK_ARI,12,ARI,-2.8293809414022526,79,-9.369246938338502,57,2002
2002_12_OAK_ARI,12,LV,23.47768526039065,108,18.25636398978274,83,2002
2002_12_PHI_SF,12,PHI,18.02809298531131,83,13.410504998110746,59,2002
2002_12_PHI_SF,12,SF,-8.152116104247135,106,-5.692051406112903,85,2002
2002_12_SD_MIA,12,LAC,-7.737302630877821,63,-12.194059190769552,44,2002
2002_12_SD_MIA,12,MIA,18.32741992410632,86,10.233583629482887,67,2002
2002_12_STL_WAS,12,LA,7.4384602522625665,85,10.559669860714607,69,2002
2002_12_STL_WAS,12,WAS,7.647174263744487,76,12.98565253283693,62,2002
2002_12_TEN_BAL,12,BAL,-15.533278217240746,75,-22.159275705458505,52,2002
2002_12_TEN_BAL,12,TEN,-13.110117419913877,95,-13.446396709985159,75,2002
2002_13_ARI_KC,13,ARI,-24.15354383410886,84,-31.767507881566416,63,2002
2002_13_ARI_KC,13,KC,24.71145259256538,82,25.838079661498213,64,2002
2002_13_ATL_MIN,13,ATL,4.205284710117373,78,0.7812556798068746,59,2002
2002_13_ATL_MIN,13,MIN,-7.451903291990059,109,-1.754488396421304,81,2002
2002_13_BAL_CIN,13,BAL,-0.012808137856551993,72,7.066267871996128,52,2002
2002_13_BAL_CIN,13,CIN,-7.180519687688108,93,-3.613809050177224,76,2002
2002_13_CAR_CLE,13,CAR,-7.706923869314647,73,-5.266979223853433,54,2002
2002_13_CAR_CLE,13,CLE,-17.55807115486823,72,-16.107283174743372,58,2002
2002_13_CHI_GB,13,CHI,-0.09783034987011152,77,-1.4213968903462453,59,2002
2002_13_CHI_GB,13,GB,8.31087270078609,91,3.3003532580402952,74,2002
2002_13_DEN_SD,13,DEN,-3.206886599312897,91,-0.7424445877679664,70,2002
2002_13_DEN_SD,13,LAC,-3.1073465010627523,106,-1.0405338770346129,80,2002
2002_13_HOU_IND,13,HOU,-25.913649497611914,86,-24.814685448076474,61,2002
2002_13_HOU_IND,13,IND,-10.143268056193525,85,-7.607913574737838,58,2002
2002_13_MIA_BUF,13,BUF,12.532303600347152,88,14.914527769750947,68,2002
2002_13_MIA_BUF,13,MIA,-2.3684018527342823,73,-4.785333461739356,55,2002
2002_13_NE_DET,13,DET,-13.1768633229658,77,-16.828672427157095,59,2002
2002_13_NE_DET,13,NE,-1.4577782406591258,92,6.459144274720739,66,2002
2002_13_NYJ_OAK,13,LV,13.980956276427868,93,10.36628444325968,72,2002
2002_13_NYJ_OAK,13,NYJ,9.929213829353365,69,5.56386342490531,51,2002
2002_13_PIT_JAX,13,JAX,-34.90712289849724,67,-43.48908296745739,48,2002
2002_13_PIT_JAX,13,PIT,14.89730271400926,86,5.407571857818437,69,2002
2002_13_SEA_SF,13,SEA,0.9979837272771284,94,8.505841630293054,74,2002
2002_13_SEA_SF,13,SF,5.396175072267015,88,1.7580597224149521,66,2002
2002_13_STL_PHI,13,LA,-40.205937633494614,88,-36.036767625420225,70,2002
2002_13_STL_PHI,13,PHI,-34.04099890417261,84,-22.855473491288972,63,2002
2002_13_TB_NO,13,NO,-7.1748506522302895,80,-5.916127263144862,60,2002
2002_13_TB_NO,13,TB,-8.056063360921732,84,-2.5903988991751135,65,2002
2002_13_TEN_NYG,13,NYG,16.21701954625352,85,5.674265782099319,63,2002
2002_13_TEN_NYG,13,TEN,22.23509210296521,97,21.470666176600144,77,2002
2002_13_WAS_DAL,13,DAL,-4.223543369072617,90,-5.893596397167242,65,2002
2002_13_WAS_DAL,13,WAS,-9.748292113282846,84,-5.906488388534759,63,2002
2002_14_ATL_TB,14,ATL,-8.147829973713538,70,-11.104655109674312,49,2002
2002_14_ATL_TB,14,TB,14.439150718885303,79,16.047650847744283,61,2002
2002_14_BUF_NE,14,BUF,-5.32556968128457,88,-7.616860307993122,71,2002
2002_14_BUF_NE,14,NE,2.4156807715411874,75,5.607306957148763,49,2002
2002_14_CHI_MIA,14,CHI,-24.117187397045083,79,-33.61177850568298,59,2002
2002_14_CHI_MIA,14,MIA,-6.963971886994445,88,-7.427653057583816,72,2002
2002_14_CIN_CAR,14,CAR,8.598266015907027,81,4.037404267859646,58,2002
2002_14_CIN_CAR,14,CIN,-8.887036553612615,95,3.977975139354885,69,2002
2002_14_CLE_JAX,14,CLE,6.111118142166045,97,10.662114682410094,71,2002
2002_14_CLE_JAX,14,JAX,-24.917182439574127,64,-33.37579595429467,48,2002
2002_14_DEN_NYJ,14,DEN,3.969212738688061,82,9.457760218282491,68,2002
2002_14_DEN_NYJ,14,NYJ,7.8092250373013385,68,5.521151032730469,55,2002
2002_14_DET_ARI,14,ARI,-2.9962516510128903,107,-10.868523955102239,80,2002
2002_14_DET_ARI,14,DET,-2.3115012129271326,78,-7.509197192343971,54,2002
2002_14_HOU_PIT,14,HOU,-13.555816124403977,58,-21.402752643431796,39,2002
2002_14_HOU_PIT,14,PIT,-35.87188960437197,118,-36.12963554604851,95,2002
2002_14_IND_TEN,14,IND,5.3483309946171085,83,9.380292987345587,67,2002
2002_14_IND_TEN,14,TEN,14.585083029837218,71,12.689602854838226,56,2002
2002_14_MIN_GB,14,GB,7.254010305914942,80,2.626526697341073,62,2002
2002_14_MIN_GB,14,MIN,7.177176791607317,76,9.667111164496095,56,2002
2002_14_NO_BAL,14,BAL,-7.773941232240379,83,-9.63398488200368,66,2002
2002_14_NO_BAL,14,NO,9.054461844935377,100,2.136493696850624,76,2002
2002_14_NYG_WAS,14,NYG,7.572736185939388,89,5.668243496399819,61,2002
2002_14_NYG_WAS,14,WAS,-2.028185194947334,95,-4.856915690986716,73,2002
2002_14_OAK_SD,14,LAC,-10.688418544355823,88,-15.623904502892401,68,2002
2002_14_OAK_SD,14,LV,13.08152199841464,89,13.028889605730278,67,2002
2002_14_PHI_SEA,14,PHI,4.267088845976501,89,2.4240893094506712,66,2002
2002_14_PHI_SEA,14,SEA,-6.352244805005931,94,-8.569726556931103,74,2002
2002_14_SF_DAL,14,DAL,-8.300439898018855,75,-11.662520402221393,55,2002
2002_14_SF_DAL,14,SF,-0.8519012447047044,116,8.921292210184154,84,2002
2002_14_STL_KC,14,KC,12.343199029965959,73,10.71259164181538,54,2002
2002_14_STL_KC,14,LA,-26.26849106384166,77,-21.1027186290396,59,2002
2002_15_ARI_STL,15,ARI,4.876930767052638,84,7.768710201111389,59,2002
2002_15_ARI_STL,15,LA,3.4337336743944222,84,0.018840385411610594,61,2002
2002_15_BAL_HOU,15,BAL,-0.024422200604677258,80,0.9096522042622057,63,2002
2002_15_BAL_HOU,15,HOU,-6.736673824231476,84,-4.851711655945024,60,2002
2002_15_CAR_PIT,15,CAR,-11.242626718958228,75,-19.49254490705789,55,2002
2002_15_CAR_PIT,15,PIT,3.4352530374821386,91,-3.545426346234978,74,2002
2002_15_DAL_NYG,15,DAL,-24.420093410786517,92,-23.727802648296347,70,2002
2002_15_DAL_NYG,15,NYG,4.167044800706735,84,6.731576310829254,64,2002
2002_15_GB_SF,15,GB,8.215731867254625,83,8.092133185309553,65,2002
2002_15_GB_SF,15,SF,-1.4842209266060964,73,-7.395369180893967,58,2002
2002_15_IND_CLE,15,CLE,4.0627283998405215,91,1.0556006989130324,67,2002
2002_15_IND_CLE,15,IND,12.426041721687016,89,12.347777953284094,66,2002
2002_15_JAX_CIN,15,CIN,-1.3766558764763177,85,-8.697709901734354,69,2002
2002_15_JAX_CIN,15,JAX,15.67600034853291,80,15.35874809096288,61,2002
2002_15_KC_DEN,15,DEN,14.047215428174766,81,13.34997649801975,63,2002
2002_15_KC_DEN,15,KC,11.017178844275291,91,16.854393754229854,69,2002
2002_15_MIN_NO,15,MIN,23.036337230386202,89,25.32050137482635,65,2002
2002_15_MIN_NO,15,NO,19.69068901898261,80,7.92728252805296,59,2002
2002_15_NE_TEN,15,NE,-9.90826707146321,61,-15.641101930406876,47,2002
2002_15_NE_TEN,15,TEN,5.897043636614795,93,8.577708931892037,74,2002
2002_15_NYJ_CHI,15,CHI,14.076789805796842,75,6.974357151108156,57,2002
2002_15_NYJ_CHI,15,NYJ,11.090220850259488,75,5.584580573772868,58,2002
2002_15_OAK_MIA,15,LV,3.2792934639584272,70,-1.534610089435132,49,2002
2002_15_OAK_MIA,15,MIA,6.5392558864116745,88,0.3247248724377956,67,2002
2002_15_SD_BUF,15,BUF,0.2849274284820148,83,-10.618161836446532,60,2002
2002_15_SD_BUF,15,LAC,-5.075245985579254,91,-9.682507624310546,68,2002
2002_15_SEA_ATL,15,ATL,-9.082297879283328,99,-12.652651041235897,75,2002
2002_15_SEA_ATL,15,SEA,3.268732763581899,88,-0.30941584798476374,70,2002
2002_15_TB_DET,15,DET,6.528744899562708,69,-1.4304217458071466,48,2002
2002_15_TB_DET,15,TB,13.030518858646657,93,9.707301645110775,68,2002
2002_15_WAS_PHI,15,PHI,6.010279845912537,86,-2.547590147904372,59,2002
2002_15_WAS_PHI,15,WAS,-5.510920013890032,89,-8.816083813231671,62,2002
2002_16_BUF_GB,16,BUF,-22.00000490056118,78,-24.164001804095797,66,2002
2002_16_BUF_GB,16,GB,-12.195137844937431,78,-19.35275836245863,65,2002
2002_16_CHI_CAR,16,CAR,-14.06309999686306,99,-22.583330925287786,74,2002
2002_16_CHI_CAR,16,CHI,-22.811468716812406,78,-22.712438448892705,56,2002
2002_16_CLE_BAL,16,BAL,2.4317618552378417,75,0.7929829161612725,59,2002
2002_16_CLE_BAL,16,CLE,4.793109493665079,76,3.998473906511208,58,2002
2002_16_DEN_OAK,16,DEN,-13.28980201174975,89,-10.784375130678992,68,2002
2002_16_DEN_OAK,16,LV,-2.7635548206739435,84,7.02114497916773,66,2002
2002_16_DET_ATL,16,ATL,7.320324261893508,100,9.698852967549161,78,2002
2002_16_DET_ATL,16,DET,-13.236696366840667,78,-14.903802208978888,58,2002
2002_16_HOU_WAS,16,HOU,-20.967880473814017,80,-25.090608964770553,58,2002
2002_16_HOU_WAS,16,WAS,-7.374271213520446,101,5.388258598804471,76,2002
2002_16_MIA_MIN,16,MIA,6.821062234358079,56,6.1785570516504915,39,2002
2002_16_MIA_MIN,16,MIN,6.865751700312513,81,5.755803268429023,66,2002
2002_16_NO_CIN,16,CIN,-13.929294943438041,103,-5.361918962822529,79,2002
2002_16_NO_CIN,16,NO,-18.598090751904106,76,-20.278205618945414,61,2002
2002_16_NYG_IND,16,IND,-5.628595391980997,89,-7.074257989828602,69,2002
2002_16_NYG_IND,16,NYG,18.427790706598632,89,23.327821223418262,61,2002
2002_16_NYJ_NE,16,NE,-0.916349931547038,84,-11.867869624733741,62,2002
2002_16_NYJ_NE,16,NYJ,17.02086675419599,86,14.177882735934627,63,2002
2002_16_PHI_DAL,16,DAL,-34.436569046985824,74,-33.83389279961841,50,2002
2002_16_PHI_DAL,16,PHI,-6.340781328944617,82,-3.1695643268519405,66,2002
2002_16_PIT_TB,16,PIT,0.23704809976360597,76,2.443215955143998,59,2002
2002_16_PIT_TB,16,TB,-12.827267447013451,81,-17.811642878165003,64,2002
2002_16_SD_KC,16,KC,6.066268563933077,86,6.87005117927531,63,2002
2002_16_SD_KC,16,LAC,8.328824783668345,88,2.629017551602198,68,2002
2002_16_SF_ARI,16,ARI,-3.547037205061961,70,-9.155994647469061,55,2002
2002_16_SF_ARI,16,SF,1.5662193370665505,85,5.655762309198234,73,2002
2002_16_STL_SEA,16,LA,-6.861424678114286,83,-12.881927633736154,65,2002
2002_16_STL_SEA,16,SEA,11.20518262348963,87,6.251232859560503,67,2002
2002_16_TEN_JAX,16,JAX,-30.860800764923493,78,-29.7166862218347,58,2002
2002_16_TEN_JAX,16,TEN,5.48264285479725,84,9.180970160470585,62,2002
2002_17_ARI_DEN,17,ARI,-4.557825346353507,77,-11.508097427955363,55,2002
2002_17_ARI_DEN,17,DEN,25.718840454036197,77,20.905061954519795,58,2002
2002_17_ATL_CLE,17,ATL,-7.53656533895251,84,-5.930140149460334,69,2002
2002_17_ATL_CLE,17,CLE,-2.4934546258078316,82,-8.197572169219946,61,2002
2002_17_BAL_PIT,17,BAL,16.649694439693647,70,18.39092610455367,52,2002
2002_17_BAL_PIT,17,PIT,16.846883177102924,93,2.16408109831616,72,2002
2002_17_CAR_NO,17,CAR,-19.980923390912515,77,-18.40668217119463,60,2002
2002_17_CAR_NO,17,NO,-26.234797833836637,82,-24.400891939939626,65,2002
2002_17_CIN_BUF,17,BUF,4.4671300766862565,88,-0.4244081566051445,71,2002
2002_17_CIN_BUF,17,CIN,-14.174844088396522,72,-12.635830961559378,56,2002
2002_17_DAL_WAS,17,DAL,-24.817318512461235,69,-23.343965564738028,50,2002
2002_17_DAL_WAS,17,WAS,-19.648108967041217,88,-19.527962812645022,66,2002
2002_17_GB_NYJ,17,GB,2.3607213347134253,88,-0.9914207929934258,68,2002
2002_17_GB_NYJ,17,NYJ,26.303103834173154,73,21.792613079363946,55,2002
2002_17_JAX_IND,17,IND,5.352767202898077,74,2.3636795640040975,57,2002
2002_17_JAX_IND,17,JAX,0.3040491650228665,80,1.1371073641326972,61,2002
2002_17_KC_OAK,17,KC,-12.387690802745055,58,-14.926104072190356,48,2002
2002_17_KC_OAK,17,LV,12.236564528859558,86,14.84614299866567,75,2002
2002_17_MIA_NE,17,MIA,3.536398568503896,87,9.427827460871688,64,2002
2002_17_MIA_NE,17,NE,3.316037595963528,98,-9.065615896125026,78,2002
2002_17_MIN_DET,17,DET,5.905853587103532,86,-1.6048716108375487,66,2002
2002_17_MIN_DET,17,MIN,13.00074492974011,88,20.693586649495845,65,2002
2002_17_PHI_NYG,17,NYG,-7.34740840433356,95,-4.248381831754509,75,2002
2002_17_PHI_NYG,17,PHI,-9.2266211034656,64,-7.5605400283555255,49,2002
2002_17_SEA_SD,17,LAC,12.665277743101267,94,6.497380999670931,74,2002
2002_17_SEA_SD,17,SEA,16.914958029782227,114,17.621969421155846,90,2002
2002_17_SF_STL,17,LA,-3.9511481431319204,77,-3.1294170581224563,57,2002
2002_17_SF_STL,17,SF,-12.296928432118465,84,-4.206106542452708,63,2002
2002_17_TB_CHI,17,CHI,-21.355131170654204,70,-25.26294849254191,52,2002
2002_17_TB_CHI,17,TB,-2.5812391738872975,83,-6.4566156378921775,66,2002
2002_17_TEN_HOU,17,HOU,-19.9826201935648,87,-12.842243485626948,66,2002
2002_17_TEN_HOU,17,TEN,-8.55021921692456,75,-7.479886593310923,60,2002
2003_01_ARI_DET,1,ARI,-4.492409690761018,101,-0.49688473320507853,67,2003
2003_01_ARI_DET,1,DET,10.40674257695114,72,3.8455838492373005,52,2003
2003_01_ATL_DAL,1,ATL,12.835845081477995,78,10.717688097167807,59,2003
2003_01_ATL_DAL,1,DAL,-6.185198245351522,80,-1.6247935142071785,59,2003
2003_01_BAL_PIT,1,BAL,-9.778749561293559,94,-19.00646808644524,65,2003
2003_01_BAL_PIT,1,PIT,7.643043330958408,84,6.014618399980783,65,2003
2003_01_CHI_SF,1,CHI,-32.724653752047615,82,-34.38066794007318,59,2003
2003_01_CHI_SF,1,SF,9.042943811022928,97,1.7393880315736396,77,2003
2003_01_DEN_CIN,1,CIN,-25.31403929884969,81,-23.848665675497614,62,2003
2003_01_DEN_CIN,1,DEN,-1.6262750585224834,82,-6.0033345092192,65,2003
2003_01_HOU_MIA,1,HOU,-0.25019173424504704,88,4.31732415289625,67,2003
2003_01_HOU_MIA,1,MIA,-5.1941402121443225,82,-2.7820475075712894,56,2003
2003_01_IND_CLE,1,CLE,-5.21607686963398,73,-3.847775479529634,55,2003
2003_01_IND_CLE,1,IND,-0.7070322742802091,72,-4.052993473982902,59,2003
2003_01_JAX_CAR,1,CAR,-2.1899068940179856,85,-9.521570574728024,63,2003
2003_01_JAX_CAR,1,JAX,0.569340792775999,83,3.993683558094331,60,2003
2003_01_MIN_GB,1,GB,2.1663036398826243,79,-2.110123419254508,62,2003
2003_01_MIN_GB,1,MIN,11.063821600190236,86,12.592111072568787,68,2003
2003_01_NE_BUF,1,BUF,9.301218115783358,85,1.875648158869749,63,2003
2003_01_NE_BUF,1,NE,-22.487286741117714,79,-29.702535952004837,58,2003
2003_01_NO_SEA,1,NO,-10.018265778657092,95,-10.249894384964136,75,2003
2003_01_NO_SEA,1,SEA,5.370152758689469,79,-0.729936980668541,58,2003
2003_01_NYJ_WAS,1,NYJ,-2.3902884706256873,62,-3.833367913000945,47,2003
2003_01_NYJ_WAS,1,WAS,-2.3548405773397967,77,-5.5671696742117,61,2003
2003_01_OAK_TEN,1,LV,4.168183916583339,82,3.264567599635604,52,2003
2003_01_OAK_TEN,1,TEN,7.105174591663207,92,-1.4573746774507939,66,2003
2003_01_SD_KC,1,KC,3.4540989786259484,83,2.5768134578964195,65,2003
2003_01_SD_KC,1,LAC,-8.139436824989126,80,-10.784483944240492,53,2003
2003_01_STL_NYG,1,LA,-18.587832312208644,91,-19.943381202069418,74,2003
2003_01_STL_NYG,1,NYG,-11.396868459399876,75,-11.129163053275382,54,2003
2003_01_TB_PHI,1,PHI,-15.883475324488245,73,-18.276103164127562,55,2003
2003_01_TB_PHI,1,TB,4.389070953606542,82,5.966528493970601,67,2003
2003_02_BUF_JAX,2,BUF,28.237393433498006,79,19.530679872826433,59,2003
2003_02_BUF_JAX,2,JAX,2.997520265417088,83,-1.7107177284763697,65,2003
2003_02_CAR_TB,2,CAR,-11.628480592917185,93,-12.879710070919561,64,2003
2003_02_CAR_TB,2,TB,-17.060729189593854,111,-4.317215844181045,82,2003
2003_02_CHI_MIN,2,CHI,-2.053912724857377,63,-3.275642132228414,41,2003
2003_02_CHI_MIN,2,MIN,6.60270439058029,83,7.852339429993712,68,2003
2003_02_CIN_OAK,2,CIN,1.542939337800171,106,-1.7906240511612506,82,2003
2003_02_CIN_OAK,2,LV,1.3594472068510095,70,-4.669718332481631,48,2003
2003_02_CLE_BAL,2,BAL,-5.962497938984202,84,-8.137109257928369,62,2003
2003_02_CLE_BAL,2,CLE,-25.11868478159145,83,-24.62995066106813,60,2003
2003_02_DAL_NYG,2,DAL,5.501418277345047,116,-7.001040646210285,80,2003
2003_02_DAL_NYG,2,NYG,-3.509148477976339,100,-11.017446194570908,70,2003
2003_02_DEN_SD,2,DEN,24.643931351515292,89,19.65142336073412,60,2003
2003_02_DEN_SD,2,LAC,-4.738067146441477,80,-6.192505195943369,59,2003
2003_02_DET_GB,2,DET,-21.039489224378485,97,-30.827394810714587,73,2003
2003_02_DET_GB,2,GB,2.913009138050784,85,2.203992283446879,63,2003
2003_02_HOU_NO,2,HOU,-18.347826784791117,91,-17.086681382879107,65,2003
2003_02_HOU_NO,2,NO,-3.0211376495547695,78,2.1931587055901405,55,2003
2003_02_MIA_NYJ,2,MIA,15.347532676205843,82,12.662753700686153,64,2003
2003_02_MIA_NYJ,2,NYJ,1.732900363866197,72,0.5623925116296711,56,2003
2003_02_NE_PHI,2,NE,-1.1731400720013156,100,-2.0728062673518153,74,2003
2003_02_NE_PHI,2,PHI,-26.564975509761876,93,-32.05404390885967,71,2003
2003_02_PIT_KC,2,KC,1.059926830218382,77,-0.5501559081021696,55,2003
2003_02_PIT_KC,2,PIT,-16.77252966565694,90,-15.407579944094605,65,2003
2003_02_SEA_ARI,2,ARI,-26.312579246761743,89,-30.480257346547752,72,2003
2003_02_SEA_ARI,2,SEA,16.430690421119586,71,15.739476580303062,52,2003
2003_02_SF_STL,2,LA,1.8429296213604873,85,-7.849613318955821,65,2003
2003_02_SF_STL,2,SF,2.670029668794702,89,1.9349191922574285,65,2003
2003_02_TEN_IND,2,IND,4.6841255270289155,77,0.39466093200011976,56,2003
2003_02_TEN_IND,2,TEN,-21.683048194501474,77,-19.09035310166655,56,2003
2003_02_WAS_ATL,2,ATL,-10.797219711653359,85,-10.080416464096912,61,2003
2003_02_WAS_ATL,2,WAS,-5.381876979087881,104,2.137680070765323,76,2003
2003_03_BAL_SD,3,BAL,9.796153248368169,72,7.22923873294117,54,2003
2003_03_BAL_SD,3,LAC,-7.201350662791679,97,-3.1917584107199177,76,2003
2003_03_BUF_MIA,3,BUF,-23.764160237034826,61,-23.62678969639819,42,2003
2003_03_BUF_MIA,3,MIA,-15.168750334283423,93,-15.63033372272227,73,2003
2003_03_CLE_SF,3,CLE,5.606598709993953,78,3.0788630987109515,61,2003
2003_03_CLE_SF,3,SF,2.953158092102967,78,-7.127550424157647,60,2003
2003_03_GB_ARI,3,ARI,6.580089954615951,81,6.575816884338745,60,2003
2003_03_GB_ARI,3,GB,2.589171746520283,71,1.1506684716223812,56,2003
2003_03_JAX_IND,3,IND,3.9930596572343813,81,-0.9501239972739395,60,2003
2003_03_JAX_IND,3,JAX,-3.8754450274580763,77,-2.1343027923033118,55,2003
2003_03_KC_HOU,3,HOU,-17.289801336276216,87,-13.736988490563817,65,2003
2003_03_KC_HOU,3,KC,13.746460912299733,80,10.593860186170787,64,2003
2003_03_MIN_DET,3,DET,-8.40104406509797,96,-13.961952781889039,70,2003
2003_03_MIN_DET,3,MIN,4.737360839836289,76,13.563032235265002,55,2003
2003_03_NO_TEN,3,NO,2.4381189931956624,59,-6.229680726064615,39,2003
2003_03_NO_TEN,3,TEN,15.940554601744621,85,14.060841687407528,70,2003
2003_03_NYG_WAS,3,NYG,8.477454400323435,102,13.113175107411797,69,2003
2003_03_NYG_WAS,3,WAS,4.382532368756323,98,11.92713438443203,70,2003
2003_03_NYJ_NE,3,NE,-6.594666479257021,89,-7.733211026314663,65,2003
2003_03_NYJ_NE,3,NYJ,-10.262758709715722,82,-10.73396998326792,61,2003
2003_03_OAK_DEN,3,DEN,-1.3142225565748644,85,10.605373291402264,60,2003
2003_03_OAK_DEN,3,LV,-15.300943195346786,81,-14.515799158538517,56,2003
2003_03_PIT_CIN,3,CIN,-4.271749770901675,63,-6.799693271660006,44,2003
2003_03_PIT_CIN,3,PIT,5.091542146125257,87,10.752265138937815,72,2003
2003_03_STL_SEA,3,LA,0.5622822131919243,78,2.4425606813645864,61,2003
2003_03_STL_SEA,3,SEA,1.9559246633074823,84,-2.355651241672188,64,2003
2003_03_TB_ATL,3,ATL,-25.340888693777536,74,-23.849933994457157,52,2003
2003_03_TB_ATL,3,TB,0.9983700568781408,84,0.5438991599258758,59,2003
2003_04_ARI_STL,4,ARI,-10.920681235627736,55,-15.045186493269167,37,2003
2003_04_ARI_STL,4,LA,16.955556020221504,102,16.942664852211976,84,2003
2003_04_ATL_CAR,4,ATL,-11.582498863484943,71,-8.981189931243804,52,2003
2003_04_ATL_CAR,4,CAR,8.332033552069596,83,2.8727545963829595,64,2003
2003_04_CIN_CLE,4,CIN,10.91257295294093,78,12.27731207490433,58,2003
2003_04_CIN_CLE,4,CLE,1.624379143308297,86,1.4683078247429417,60,2003
2003_04_DAL_NYJ,4,DAL,8.332646753770213,81,7.81288620920431,63,2003
2003_04_DAL_NYJ,4,NYJ,-4.589236074476503,69,-10.90247893049192,54,2003
2003_04_DET_DEN,4,DEN,4.5874891193964595,78,3.682311165561383,58,2003
2003_04_DET_DEN,4,DET,3.64241140232506,79,1.4899049657165353,58,2003
2003_04_GB_CHI,4,CHI,0.4738678231517861,96,-4.6669352350113265,75,2003
2003_04_GB_CHI,4,GB,20.035802146980792,76,16.37834456232751,55,2003
2003_04_IND_NO,4,IND,28.30017673993605,75,25.738525908531162,55,2003
2003_04_IND_NO,4,NO,-14.652712560180266,83,-14.87430825823416,64,2003
2003_04_JAX_HOU,4,HOU,-6.2580912160256785,95,-9.134270661198059,75,2003
2003_04_JAX_HOU,4,JAX,-8.791915339567568,79,-6.610992899086708,59,2003
2003_04_KC_BAL,4,BAL,-2.805821918292945,82,-4.66420701622827,63,2003
2003_04_KC_BAL,4,KC,6.836109295502219,76,-1.4283007792078881,58,2003
2003_04_NE_WAS,4,NE,-0.2386889693877584,87,0.2238011116158276,69,2003
2003_04_NE_WAS,4,WAS,-0.25616033338857047,76,2.1233828487645603,51,2003
2003_04_PHI_BUF,4,BUF,-1.09487379302275,83,0.7118551911029014,57,2003
2003_04_PHI_BUF,4,PHI,11.727345514126036,84,11.887443520374022,62,2003
2003_04_SD_OAK,4,LAC,20.10353800791252,96,9.08401244703351,69,2003
2003_04_SD_OAK,4,LV,19.75475134150527,95,13.09766716125998,70,2003
2003_04_SF_MIN,4,MIN,17.03685998491631,70,18.23161094938405,53,2003
2003_04_SF_MIN,4,SF,-10.491973653866602,88,-6.938923358451575,70,2003
2003_04_TEN_PIT,4,PIT,-13.490320350268899,98,-17.454019491332993,74,2003
2003_04_TEN_PIT,4,TEN,6.789844024024733,61,6.434003045316786,39,2003
2003_05_ARI_DAL,5,ARI,-11.991620794455098,69,-17.792349394469056,49,2003
2003_05_ARI_DAL,5,DAL,2.2727142070218997,85,-3.5996797470065864,68,2003
2003_05_CIN_BUF,5,BUF,-3.623954144473696,85,-5.672629753621594,66,2003
2003_05_CIN_BUF,5,CIN,-8.582774683825715,101,-11.19557319267571,71,2003
2003_05_CLE_PIT,5,CLE,8.733840547066011,85,3.8922902749630444,64,2003
2003_05_CLE_PIT,5,PIT,-15.941395421184875,71,-24.56727089915544,51,2003
2003_05_DEN_KC,5,DEN,2.7209727529118837,94,11.041838934707801,70,2003
2003_05_DEN_KC,5,KC,1.2188263405918724,73,-3.447091857302759,50,2003
2003_05_DET_SF,5,DET,-9.260662489090201,76,-6.484015536820779,56,2003
2003_05_DET_SF,5,SF,-4.2990497624046515,88,1.2521344949761586,65,2003
2003_05_IND_TB,5,IND,24.794679989085786,95,21.267025492561515,70,2003
2003_05_IND_TB,5,TB,18.393457218459595,105,16.786937227936946,71,2003
2003_05_MIA_NYG,5,MIA,3.1683704273457716,75,0.1286031989555405,58,2003
2003_05_MIA_NYG,5,NYG,-14.013456252745396,85,-13.701137569556202,67,2003
2003_05_MIN_ATL,5,ATL,-11.851297943099253,82,-10.755511344493996,61,2003
2003_05_MIN_ATL,5,MIN,5.525564977115941,90,6.453084944361116,64,2003
2003_05_NO_CAR,5,CAR,11.016353715669787,79,3.1427582729326726,62,2003
2003_05_NO_CAR,5,NO,7.877468248429199,79,6.936897153806015,59,2003
2003_05_OAK_CHI,5,CHI,-7.843879467407284,86,-6.7443813964792945,61,2003
2003_05_OAK_CHI,5,LV,-7.591971284935294,82,-7.066479023821158,62,2003
2003_05_SD_JAX,5,JAX,9.25667540433113,86,7.879367937927789,68,2003
2003_05_SD_JAX,5,LAC,3.1319185936812888,84,6.135401343519334,56,2003
2003_05_SEA_GB,5,GB,23.47103500567821,77,19.106042330386117,61,2003
2003_05_SEA_GB,5,SEA,3.624397520332554,77,-0.26768246785589156,64,2003
2003_05_TEN_NE,5,NE,16.052459665087305,86,14.49109041306769,59,2003
2003_05_TEN_NE,5,TEN,11.73173536662241,97,4.715770877150421,74,2003
2003_05_WAS_PHI,5,PHI,-2.2394314479805097,85,-6.995263806365685,62,2003
2003_05_WAS_PHI,5,WAS,-1.5631882233790089,100,-8.139573279963276,74,2003
2003_06_ATL_STL,6,ATL,-23.730792562651914,69,-22.780063593160474,52,2003
2003_06_ATL_STL,6,LA,12.103171252959239,83,11.704950526045387,66,2003
2003_06_BAL_ARI,6,ARI,-10.554764905078379,74,-13.37464847080626,58,2003
2003_06_BAL_ARI,6,BAL,2.2212758579264937,76,-0.1084673058142287,57,2003
2003_06_BUF_NYJ,6,BUF,-28.01650372199947,83,-25.035916081613514,67,2003
2003_06_BUF_NYJ,6,NYJ,-1.7269042705079891,68,-1.2561082486096105,51,2003
2003_06_CAR_IND,6,CAR,2.0689059490167026,90,-0.7624226405035657,64,2003
2003_06_CAR_IND,6,IND,-4.8987623631724535,78,-6.71118274010184,61,2003
2003_06_CHI_NO,6,CHI,-3.812046053668177,72,-3.446821673703429,56,2003
2003_06_CHI_NO,6,NO,0.5680921718707861,82,1.8467407039505184,60,2003
2003_06_HOU_TEN,6,HOU,3.266852290035139,82,1.1311815607877893,58,2003
2003_06_HOU_TEN,6,TEN,22.062234522928268,78,21.37615811539572,58,2003
2003_06_KC_GB,6,GB,6.637202520913506,95,2.513345113246376,74,2003
2003_06_KC_GB,6,KC,17.99840913355054,94,20.21770050421304,71,2003
2003_06_MIA_JAX,6,JAX,-19.759017303927845,97,-25.54917118331099,76,2003
2003_06_MIA_JAX,6,MIA,-3.6116680592309107,71,-1.3096105584372477,51,2003
2003_06_NYG_NE,6,NE,-11.49543565859468,77,-7.6292204350652675,52,2003
2003_06_NYG_NE,6,NYG,-20.546008995966986,104,-19.01639838481898,83,2003
2003_06_OAK_CLE,6,CLE,3.0755811972850506,80,-3.00191262019049,59,2003
2003_06_OAK_CLE,6,LV,-1.7197816761834974,76,0.6359333252767101,55,2003
2003_06_PHI_DAL,6,DAL,5.309591569545128,83,-4.646727342102496,63,2003
2003_06_PHI_DAL,6,PHI,6.716886245027522,80,0.019011078256880865,60,2003
2003_06_PIT_DEN,6,DEN,-6.203870965153065,70,-14.45180190296378,47,2003
2003_06_PIT_DEN,6,PIT,-6.788435142792761,88,-11.477700453668877,69,2003
2003_06_SF_SEA,6,SEA,-0.8373571340777834,86,1.9099765008736984,63,2003
2003_06_SF_SEA,6,SF,0.5408152840830462,79,2.875741483908495,59,2003
2003_06_TB_WAS,6,TB,20.817942387403242,72,21.61216919310391,54,2003
2003_06_TB_WAS,6,WAS,-8.649379496928304,81,-8.41686417906919,65,2003
2003_07_BAL_CIN,7,BAL,5.3338888877555295,87,3.3518325994210327,61,2003
2003_07_BAL_CIN,7,CIN,10.473306155211121,78,8.268682634860443,56,2003
2003_07_CHI_SEA,7,CHI,3.9960926514905877,81,-4.334714156866596,65,2003
2003_07_CHI_SEA,7,SEA,8.884117004833055,76,0.11665519848528128,56,2003
2003_07_DAL_DET,7,DAL,3.9555733682929057,91,0.08041003923472267,68,2003
2003_07_DAL_DET,7,DET,-33.457366960321245,75,-32.895231787348166,54,2003
2003_07_DEN_MIN,7,DEN,-0.7487128968819423,89,-8.23521278204298,69,2003
2003_07_DEN_MIN,7,MIN,3.0960002681466925,70,4.673969350231346,50,2003
2003_07_GB_STL,7,GB,0.38568791204550223,81,-2.7154052802239654,59,2003
2003_07_GB_STL,7,LA,8.070470802333968,83,2.342749877351642,61,2003
2003_07_KC_OAK,7,KC,3.2373160585559986,77,-0.41533272040852687,55,2003
2003_07_KC_OAK,7,LV,-4.9725610558451585,97,-11.117122161728545,74,2003
2003_07_NE_MIA,7,MIA,-13.533381462904668,84,-11.050403808103326,65,2003
2003_07_NE_MIA,7,NE,-3.8009727573879495,82,-2.792348754720681,64,2003
2003_07_NO_ATL,7,ATL,-3.9176370532837144,73,-7.6149235391649,51,2003
2003_07_NO_ATL,7,NO,30.272484950929858,90,28.99223207977002,70,2003
2003_07_NYJ_HOU,7,HOU,-5.247092232257929,85,-0.02720342669636011,61,2003
2003_07_NYJ_HOU,7,NYJ,1.3064737710208352,72,-0.1971771771240779,59,2003
2003_07_PHI_NYG,7,NYG,-13.786587692789777,100,-9.250325071393721,80,2003
2003_07_PHI_NYG,7,PHI,-7.7963344183078425,65,-10.756012773083057,48,2003
2003_07_SD_CLE,7,CLE,-15.570404761048586,96,-24.860860135217667,68,2003
2003_07_SD_CLE,7,LAC,-4.4278796125288045,78,-6.584068787263519,56,2003
2003_07_TB_SF,7,SF,2.9678045274562788,90,5.2944356064518985,70,2003
2003_07_TB_SF,7,TB,-13.221648452505047,72,-13.624888773774728,57,2003
2003_07_TEN_CAR,7,CAR,-16.14526691920738,91,-19.0996862355974,70,2003
2003_07_TEN_CAR,7,TEN,8.8841068215266,88,2.3642978763729925,64,2003
2003_07_WAS_BUF,7,BUF,7.322412742906121,87,8.285888140361285,64,2003
2003_07_WAS_BUF,7,WAS,-8.46675712509737,77,-12.608668455504812,53,2003
2003_08_BUF_KC,8,BUF,-20.471202050393913,83,-23.67671261833391,67,2003
2003_08_BUF_KC,8,KC,12.372355367094064,82,10.439478710440277,61,2003
2003_08_CAR_NO,8,CAR,2.067093294380583,90,6.302618131245513,67,2003
2003_08_CAR_NO,8,NO,-5.464617233631317,84,-10.806562565125443,66,2003
2003_08_CLE_NE,8,CLE,-6.569377508480102,76,-7.12274965831751,59,2003
2003_08_CLE_NE,8,NE,-1.1120756035670638,79,-2.8216402150295496,62,2003
2003_08_DAL_TB,8,DAL,-25.178910888149403,65,-20.89368064613538,51,2003
2003_08_DAL_TB,8,TB,-9.248308159170715,79,-9.318850553688891,63,2003
2003_08_DEN_BAL,8,BAL,-4.597733911344867,89,-2.2290365987360286,66,2003
2003_08_DEN_BAL,8,DEN,-24.75650211283937,78,-23.705429565710904,60,2003
2003_08_DET_CHI,8,CHI,2.7832924530015903,81,0.0027703279375113077,57,2003
2003_08_DET_CHI,8,DET,-3.429029267135542,83,-11.41452238077158,66,2003
2003_08_HOU_IND,8,HOU,11.691750366228623,78,5.155685702804476,55,2003
2003_08_HOU_IND,8,IND,18.06606689775315,72,13.982398849573691,57,2003
2003_08_MIA_SD,8,LAC,-15.03078255085698,85,-20.10071915110255,67,2003
2003_08_MIA_SD,8,MIA,0.9312430568610894,75,0.9310799450793934,55,2003
2003_08_NYG_MIN,8,MIN,-3.5341792230497493,85,-2.4612299199271392,63,2003
2003_08_NYG_MIN,8,NYG,13.055206539339068,91,10.18220693748237,69,2003
2003_08_NYJ_PHI,8,NYJ,3.341965359825089,73,5.331237422406114,59,2003
2003_08_NYJ_PHI,8,PHI,8.095264452706427,77,2.662359406854232,60,2003
2003_08_SEA_CIN,8,CIN,11.716841918365786,87,12.337036558570144,66,2003
2003_08_SEA_CIN,8,SEA,10.894108303772041,87,9.928649897437015,69,2003
2003_08_SF_ARI,8,ARI,-10.970788135360504,91,-7.058773488375019,70,2003
2003_08_SF_ARI,8,SF,-10.97419212456564,75,-0.7995531327040779,58,2003
2003_08_STL_PIT,8,LA,5.8831712313555355,107,13.46159916407569,75,2003
2003_08_STL_PIT,8,PIT,-11.56044260318396,66,-17.4433344299905,48,2003
2003_08_TEN_JAX,8,JAX,-4.784080711091256,73,-9.973840097153026,52,2003
2003_08_TEN_JAX,8,TEN,12.356885665205878,86,10.443248994935406,65,2003
2003_09_CAR_HOU,9,CAR,6.676917800459377,69,7.627547462335242,58,2003
2003_09_CAR_HOU,9,HOU,10.330373408152154,66,9.740243383537745,51,2003
2003_09_CIN_ARI,9,ARI,-4.48079253348593,86,-2.960115008599563,66,2003
2003_09_CIN_ARI,9,CIN,-5.207856696287954,74,-4.703733792790445,57,2003
2003_09_GB_MIN,9,GB,19.651805615302397,83,17.83752112503133,63,2003
2003_09_GB_MIN,9,MIN,11.91647445816732,79,8.766628302717338,60,2003
2003_09_IND_MIA,9,IND,2.533864121957131,97,-1.8652282556312425,73,2003
2003_09_IND_MIA,9,MIA,-7.062732491802045,64,-11.00140676651077,48,2003
2003_09_JAX_BAL,9,BAL,-7.942828289422207,70,-8.843570769586666,51,2003
2003_09_JAX_BAL,9,JAX,-12.216828135184056,95,-7.946036053438975,71,2003
2003_09_NE_DEN,9,DEN,-2.789908119949873,95,-5.621460787533457,64,2003
2003_09_NE_DEN,9,NE,5.478809506771026,84,11.844514505832036,60,2003
2003_09_NO_TB,9,NO,-10.714964063997932,77,-12.781955790463513,59,2003
2003_09_NO_TB,9,TB,-14.970819570691411,87,-14.724238351454673,68,2003
2003_09_NYG_NYJ,9,NYG,8.207934292324733,97,12.369172245012305,74,2003
2003_09_NYG_NYJ,9,NYJ,1.8690742263284665,103,-0.46147735125991374,84,2003
2003_09_OAK_DET,9,DET,-4.150782706379276,70,-7.349527923717447,52,2003
2003_09_OAK_DET,9,LV,-11.902010975254392,88,-14.426250767595318,67,2003
2003_09_PHI_ATL,9,ATL,-9.825420101487701,83,-9.315651439161677,59,2003
2003_09_PHI_ATL,9,PHI,2.1916056836020763,87,12.774919035591404,63,2003
2003_09_PIT_SEA,9,PIT,0.880511903327847,94,-0.02572738584395573,66,2003
2003_09_PIT_SEA,9,SEA,5.309561399059284,78,1.1928013116202312,60,2003
2003_09_SD_CHI,9,CHI,8.050971643140919,80,6.059826228039546,65,2003
2003_09_SD_CHI,9,LAC,-3.478177598291818,62,-1.1124493902058585,45,2003
2003_09_STL_SF,9,LA,-3.229732483850835,72,-5.657516480446295,55,2003
2003_09_STL_SF,9,SF,14.608933830081314,83,8.82920275356414,63,2003
2003_09_WAS_DAL,9,DAL,-1.0038877071124852,91,-2.257787026144797,74,2003
2003_09_WAS_DAL,9,WAS,-6.250638186298354,73,-4.11019427837152,54,2003
2003_10_ARI_PIT,10,ARI,-16.82083277876493,94,-9.107757415284881,77,2003
2003_10_ARI_PIT,10,PIT,-5.495908211421392,76,-3.6018195337269914,51,2003
2003_10_ATL_NYG,10,ATL,6.12610054601153,81,10.546411643037573,58,2003
2003_10_ATL_NYG,10,NYG,-17.855424884350082,86,-16.69091018952895,66,2003
2003_10_BAL_STL,10,BAL,-31.44607957636767,103,-37.96299742581244,79,2003
2003_10_BAL_STL,10,LA,-33.21660656938345,77,-22.381644463115247,50,2003
2003_10_BUF_DAL,10,BUF,-16.849120163242333,81,-19.397255231421155,62,2003
2003_10_BUF_DAL,10,DAL,-14.299143988282463,85,-16.286413364030825,69,2003
2003_10_CHI_DET,10,CHI,-12.224141135020341,79,-7.002905053362166,54,2003
2003_10_CHI_DET,10,DET,-12.051333580282517,76,-13.27737733274989,58,2003
2003_10_CLE_KC,10,CLE,8.321910852639384,71,-7.614700165927843,51,2003
2003_10_CLE_KC,10,KC,27.087277412859045,90,20.077348708553444,70,2003
2003_10_HOU_CIN,10,CIN,19.613479896711013,101,18.068900121202912,81,2003
2003_10_HOU_CIN,10,HOU,14.74625002880242,67,7.4558573490428035,45,2003
2003_10_IND_JAX,10,IND,13.26575559844813,87,15.090708271419203,66,2003
2003_10_IND_JAX,10,JAX,14.856194571388714,83,10.739285653980915,62,2003
2003_10_MIA_TEN,10,MIA,-22.85272701933705,74,-26.555018907005433,53,2003
2003_10_MIA_TEN,10,TEN,0.6544733636261117,80,0.21288942400535493,63,2003
2003_10_MIN_SD,10,LAC,33.10234730968738,78,28.227028069493826,57,2003
2003_10_MIN_SD,10,MIN,21.324751586246364,91,18.251595334004378,69,2003
2003_10_NYJ_OAK,10,LV,7.284409233391157,100,7.193428725782331,77,2003
2003_10_NYJ_OAK,10,NYJ,13.151958685346836,77,14.588339940475308,59,2003
2003_10_PHI_GB,10,GB,-12.868923946742012,83,-8.324614247939323,63,2003
2003_10_PHI_GB,10,PHI,-3.373484076247869,80,-3.7752867309316898,62,2003
2003_10_SEA_WAS,10,SEA,9.990191438774026,79,11.34209203166377,60,2003
2003_10_SEA_WAS,10,WAS,13.644119295895901,81,7.775947315420261,64,2003
2003_10_TB_CAR,10,CAR,-6.750709640865999,83,-6.77437315473369,64,2003
2003_10_TB_CAR,10,TB,-2.2390425919798553,87,-0.42592959014203124,65,2003
2003_11_ARI_CLE,11,ARI,-12.548858447757084,67,-18.08407403593443,46,2003
2003_11_ARI_CLE,11,CLE,25.41465595781549,89,21.9553939973557,66,2003
2003_11_ATL_NO,11,ATL,-21.341462983214612,77,-16.58722357193386,55,2003
2003_11_ATL_NO,11,NO,-22.284651219542454,109,-19.90150663009694,80,2003
2003_11_BAL_MIA,11,BAL,-14.396603219618555,77,-16.532433690072224,60,2003
2003_11_BAL_MIA,11,MIA,-14.497516181727406,95,-21.487709262838862,74,2003
2003_11_DAL_NE,11,DAL,-19.665908869414125,84,-14.786799529218115,65,2003
2003_11_DAL_NE,11,NE,-7.978662669360215,78,-8.4230890518697,61,2003
2003_11_DET_SEA,11,DET,-2.1004818716171125,85,0.2244319846504368,65,2003
2003_11_DET_SEA,11,SEA,17.42528853010365,80,13.422128419275396,62,2003
2003_11_GB_TB,11,GB,1.819147209593475,89,-0.6167826400580632,66,2003
2003_11_GB_TB,11,TB,-9.078357924641619,73,-8.431301001595063,49,2003
2003_11_HOU_BUF,11,BUF,-8.065018858294934,81,-4.7220990578030175,58,2003
2003_11_HOU_BUF,11,HOU,-3.401740815330297,75,-7.040041056229578,53,2003
2003_11_JAX_TEN,11,JAX,-20.463340103859082,77,-14.577700088778105,62,2003
2003_11_JAX_TEN,11,TEN,-14.951510568491226,71,-12.689852510434536,59,2003
2003_11_KC_CIN,11,CIN,0.4158780283982515,88,10.757342378964516,64,2003
2003_11_KC_CIN,11,KC,-2.3279770380538385,81,3.516471231620191,61,2003
2003_11_MIN_OAK,11,LV,-1.5887562065321799,79,-0.977255433663613,58,2003
2003_11_MIN_OAK,11,MIN,-9.523101185397287,96,-6.576589447558039,75,2003
2003_11_NYG_PHI,11,NYG,-2.4393359608874152,96,-2.9770819766599517,71,2003
2003_11_NYG_PHI,11,PHI,13.335136406502516,66,16.272900954878423,49,2003
2003_11_NYJ_IND,11,IND,25.94393445626986,100,22.903084635005143,75,2003
2003_11_NYJ_IND,11,NYJ,23.68376640040597,56,11.55141788697899,33,2003
2003_11_PIT_SF,11,PIT,-4.739258209112187,87,0.07815014526705788,66,2003
2003_11_PIT_SF,11,SF,9.762530011612792,75,9.74240625842604,57,2003
2003_11_SD_DEN,11,DEN,2.1945156087463875,106,3.168559922091408,82,2003
2003_11_SD_DEN,11,LAC,-26.550488035907502,57,-23.270986619070637,40,2003
2003_11_STL_CHI,11,CHI,-11.459336841660447,81,-9.28331032404277,58,2003
2003_11_STL_CHI,11,LA,-5.917873165351657,98,-0.39860099378550684,74,2003
2003_11_WAS_CAR,11,CAR,-15.860048585556534,82,-10.061859291129554,63,2003
2003_11_WAS_CAR,11,WAS,-16.93859743895856,79,-19.310111748703438,60,2003
2003_12_CAR_DAL,12,CAR,-5.382203443688659,79,-8.25583136656676,54,2003
2003_12_CAR_DAL,12,DAL,-5.267418062437686,95,-3.0844856867365498,70,2003
2003_12_CHI_DEN,12,CHI,8.633106161847667,91,-4.550236360376558,68,2003
2003_12_CHI_DEN,12,DEN,-4.162765499138782,77,-1.191781777248604,59,2003
2003_12_CIN_SD,12,CIN,25.448667474993798,107,22.175024680174168,84,2003
2003_12_CIN_SD,12,LAC,14.838383699643996,74,5.396350931268918,55,2003
2003_12_DET_MIN,12,DET,-31.527001048170654,82,-22.08131755067734,60,2003
2003_12_DET_MIN,12,MIN,-18.10547240818898,81,-12.427065599655625,60,2003
2003_12_IND_BUF,12,BUF,1.815847117002968,77,-1.3071176742471309,56,2003
2003_12_IND_BUF,12,IND,6.549224835209548,90,3.8477944003343785,74,2003
2003_12_JAX_NYJ,12,JAX,-8.430260474000402,88,-7.749789096372808,71,2003
2003_12_JAX_NYJ,12,NYJ,-7.338237928190079,78,-7.134287879278997,62,2003
2003_12_NE_HOU,12,HOU,-15.549550294618458,79,-16.687445315172674,57,2003
2003_12_NE_HOU,12,NE,-12.764911497452632,114,-4.757265286588698,92,2003
2003_12_NO_PHI,12,NO,5.822571210872836,90,7.423022156582913,65,2003
2003_12_NO_PHI,12,PHI,12.328640016276303,84,14.132504104883498,58,2003
2003_12_NYG_TB,12,NYG,-15.740890188717326,69,-15.43072062085244,53,2003
2003_12_NYG_TB,12,TB,-12.696982512235728,94,-15.129087727243416,72,2003
2003_12_OAK_KC,12,KC,10.492971915308258,78,9.676168753966133,59,2003
2003_12_OAK_KC,12,LV,10.783790984766197,87,11.429179489866195,69,2003
2003_12_PIT_CLE,12,CLE,-23.58616381988395,93,-24.167128129994772,75,2003
2003_12_PIT_CLE,12,PIT,-13.47919708838877,80,-11.313547222911591,57,2003
2003_12_SEA_BAL,12,BAL,8.545658885072703,111,-0.9671187074704826,78,2003
2003_12_SEA_BAL,12,SEA,7.554222209554227,108,6.340763139838289,80,2003
2003_12_SF_GB,12,GB,-4.020889408289541,77,-5.766138282399902,64,2003
2003_12_SF_GB,12,SF,-12.84670079359044,74,-10.932301148776663,55,2003
2003_12_STL_ARI,12,ARI,-10.346907584847546,76,-10.444743739704172,58,2003
2003_12_STL_ARI,12,LA,-4.931970406708903,94,-10.43632464394431,74,2003
2003_12_TEN_ATL,12,ATL,-12.914974748134316,77,-3.502971582254597,53,2003
2003_12_TEN_ATL,12,TEN,-0.6347692493007999,85,7.4523989516114035,59,2003
2003_12_WAS_MIA,12,MIA,7.54777996733213,77,0.7018357491054772,54,2003
2003_12_WAS_MIA,12,WAS,10.924491829864827,88,2.1486594398700642,67,2003
2003_13_ARI_CHI,13,ARI,-19.59629846853204,67,-20.764145357947037,51,2003
2003_13_ARI_CHI,13,CHI,4.465215436445377,95,10.207442709601827,74,2003
2003_13_ATL_HOU,13,ATL,-9.817334809299027,80,-10.369227160654482,63,2003
2003_13_ATL_HOU,13,HOU,-5.6717193304545805,75,-3.894897153358788,51,2003
2003_13_BUF_NYG,13,BUF,7.951457285984756,96,13.286088647886672,72,2003
2003_13_BUF_NYG,13,NYG,-12.83855800359002,73,-12.348260099999607,54,2003
2003_13_CIN_PIT,13,CIN,13.695606252433604,76,14.786629904981995,57,2003
2003_13_CIN_PIT,13,PIT,7.2006453824144865,93,6.461060245637247,75,2003
2003_13_CLE_SEA,13,CLE,-17.84085735404356,68,-21.376107614429202,54,2003
2003_13_CLE_SEA,13,SEA,8.662698318338316,94,15.530060944080645,75,2003
2003_13_DEN_OAK,13,DEN,4.568686469342008,90,3.768768634167034,67,2003
2003_13_DEN_OAK,13,LV,-13.051451131759677,73,-18.426958129500044,55,2003
2003_13_GB_DET,13,DET,-4.653157682356118,84,-8.384347297140458,67,2003
2003_13_GB_DET,13,GB,-11.855775010818933,81,-13.62731519760564,57,2003
2003_13_KC_SD,13,KC,11.854689243890407,85,9.146332976670237,70,2003
2003_13_KC_SD,13,LAC,4.232017711554758,83,1.6051983103394063,61,2003
2003_13_MIA_DAL,13,DAL,-11.137073108525842,83,-11.196646943804808,61,2003
2003_13_MIA_DAL,13,MIA,12.912265917468835,85,9.48214254404195,64,2003
2003_13_MIN_STL,13,LA,17.642885319747943,66,17.111972428266398,47,2003
2003_13_MIN_STL,13,MIN,-12.96722385373464,105,-4.91325643619377,81,2003
2003_13_NE_IND,13,IND,4.273843946481886,99,-2.0054202590059527,79,2003
2003_13_NE_IND,13,NE,12.034032072807788,81,0.36282211779739537,59,2003
2003_13_NO_WAS,13,NO,7.290090759321569,88,7.947311598497549,65,2003
2003_13_NO_WAS,13,WAS,0.31317885071647567,84,-11.090623907092162,68,2003
2003_13_PHI_CAR,13,CAR,-3.3278432761686982,81,-1.480017506628899,60,2003
2003_13_PHI_CAR,13,PHI,10.00362834677096,76,6.3274378707066266,57,2003
2003_13_SF_BAL,13,BAL,8.08217678292633,75,-0.05815658907203414,55,2003
2003_13_SF_BAL,13,SF,-28.450624104880262,89,-29.02345201048274,66,2003
2003_13_TB_JAX,13,JAX,-4.899311071479779,86,-4.923524026213073,69,2003
2003_13_TB_JAX,13,TB,-11.397139055210442,76,-9.08472020274203,59,2003
2003_13_TEN_NYJ,13,NYJ,8.239497558934486,71,7.249325004719504,55,2003
2003_13_TEN_NYJ,13,TEN,3.960339430414288,74,4.570830859484165,59,2003
2003_14_ARI_SF,14,ARI,-5.881411628899251,86,-12.442422725318465,65,2003
2003_14_ARI_SF,14,SF,27.510785632876846,84,22.400038621912245,63,2003
2003_14_CAR_ATL,14,ATL,-10.386055841681399,94,-5.735546930098511,73,2003
2003_14_CAR_ATL,14,CAR,-15.744829772611,78,-15.396521295420825,58,2003
2003_14_CHI_GB,14,CHI,-21.47578322320584,84,-23.877386032429058,63,2003
2003_14_CHI_GB,14,GB,-9.547191274235576,95,-11.464708563281032,72,2003
2003_14_CIN_BAL,14,BAL,3.298587970174213,84,0.3301910169047524,62,2003
2003_14_CIN_BAL,14,CIN,-12.218411830653945,79,-15.76189118355196,58,2003
2003_14_DAL_PHI,14,DAL,-14.53077908639521,81,-11.953330870324324,61,2003
2003_14_DAL_PHI,14,PHI,9.574344838842652,83,5.651551237863901,59,2003
2003_14_HOU_JAX,14,HOU,-20.758862696558936,72,-23.05365910148248,49,2003
2003_14_HOU_JAX,14,JAX,6.0946324919572685,91,4.8768952329798285,70,2003
2003_14_IND_TEN,14,IND,15.530260723622895,93,7.769473837963266,68,2003
2003_14_IND_TEN,14,TEN,8.638684432524679,78,12.966339370960029,60,2003
2003_14_KC_DEN,14,DEN,35.202975528824815,79,31.932858929602823,60,2003
2003_14_KC_DEN,14,KC,19.60285220208658,88,14.243107928734506,70,2003
2003_14_MIA_NE,14,MIA,-33.94844647531863,78,-29.214837902225554,61,2003
2003_14_MIA_NE,14,NE,-27.584810068830848,87,-19.41097505847156,65,2003
2003_14_NYJ_BUF,14,BUF,-1.8747714953930972,76,-0.694506301862392,57,2003
2003_14_NYJ_BUF,14,NYJ,-11.646313315082807,73,-11.325740970069493,60,2003
2003_14_OAK_PIT,14,LV,-25.780155665699436,70,-20.84216651204042,52,2003
2003_14_OAK_PIT,14,PIT,-6.779286161042878,90,1.041838356661914,66,2003
2003_14_SD_DET,14,DET,-10.939581342705218,83,-8.066276976256631,63,2003
2003_14_SD_DET,14,LAC,-1.8529751692436083,80,-0.19165340648032725,59,2003
2003_14_SEA_MIN,14,MIN,6.958673511770851,97,9.93139375300489,78,2003
2003_14_SEA_MIN,14,SEA,-19.721133800305118,74,-15.895378507990806,53,2003
2003_14_STL_CLE,14,CLE,-11.77942810789644,77,-12.91434293521149,56,2003
2003_14_STL_CLE,14,LA,-1.3575480793803854,87,1.9023623480584746,68,2003
2003_14_TB_NO,14,NO,-20.183340192213812,74,-15.067918084242164,61,2003
2003_14_TB_NO,14,TB,-11.458382335421947,83,3.019729275079484,62,2003
2003_14_WAS_NYG,14,NYG,-13.759357207563749,69,-16.341657673106194,54,2003
2003_14_WAS_NYG,14,WAS,3.157003875603814,89,3.3792755309095472,67,2003
2003_15_ATL_IND,15,ATL,-15.817685434443568,75,-22.756734917871654,53,2003
2003_15_ATL_IND,15,IND,14.678034819719986,81,14.965536096553333,64,2003
2003_15_BAL_OAK,15,BAL,-10.213711936885257,82,-10.191845895665391,61,2003
2003_15_BAL_OAK,15,LV,-4.965079621251525,95,-6.25360972904134,63,2003
2003_15_BUF_TEN,15,BUF,-2.78904185508107,75,-4.491155086370381,54,2003
2003_15_BUF_TEN,15,TEN,-4.3744882465103565,101,-2.949811127606057,77,2003
2003_15_CAR_ARI,15,ARI,-2.230413286990106,87,-3.9502824788920314,69,2003
2003_15_CAR_ARI,15,CAR,3.1106370866512756,67,0.6036334028506634,51,2003
2003_15_CLE_DEN,15,CLE,3.169689081274819,72,-0.19226303491399666,49,2003
2003_15_CLE_DEN,15,DEN,3.8911326718664805,99,4.363265678014143,78,2003
2003_15_DAL_WAS,15,DAL,4.351169572001194,87,1.139121354420923,69,2003
2003_15_DAL_WAS,15,WAS,-27.03021004248876,73,-30.052651962963864,54,2003
2003_15_DET_KC,15,DET,7.772386733573776,84,2.844894102756804,64,2003
2003_15_DET_KC,15,KC,35.1918512846322,78,31.201813117458798,60,2003
2003_15_GB_SD,15,GB,17.551714935493443,80,12.895750574519758,60,2003
2003_15_GB_SD,15,LAC,-3.5205974002089775,101,-5.824315798091391,78,2003
2003_15_HOU_TB,15,HOU,-10.223018523131032,58,-9.18085556374541,41,2003
2003_15_HOU_TB,15,TB,1.1573773886849672,87,0.49304064059138764,70,2003
2003_15_JAX_NE,15,JAX,-6.4695296775242745,80,-4.91949185542455,61,2003
2003_15_JAX_NE,15,NE,5.276550575763791,85,-2.217580083360209,68,2003
2003_15_MIN_CHI,15,CHI,-1.6363792781411166,72,-4.532913774283974,53,2003
2003_15_MIN_CHI,15,MIN,-2.715058947556695,88,-0.17970694640855278,73,2003
2003_15_NYG_NO,15,NO,17.715287732052595,82,16.95248729812809,66,2003
2003_15_NYG_NO,15,NYG,-19.593310548889143,78,-7.358012661565555,54,2003
2003_15_PHI_MIA,15,MIA,11.049244858754205,91,4.766113881150182,71,2003
2003_15_PHI_MIA,15,PHI,23.07711715623789,78,14.520530518171205,55,2003
2003_15_PIT_NYJ,15,NYJ,-7.831190741911996,75,-5.4637209608920365,59,2003
2003_15_PIT_NYJ,15,PIT,-12.894909816794097,77,-8.394652664363727,62,2003
2003_15_SEA_STL,15,LA,10.64227848062244,82,2.646611075306068,62,2003
2003_15_SEA_STL,15,SEA,7.410818159649763,90,3.135263644557421,65,2003
2003_15_SF_CIN,15,CIN,20.489841979346764,81,20.041676370059136,62,2003
2003_15_SF_CIN,15,SF,24.76308698036221,82,20.004769363207743,60,2003
2003_16_ARI_SEA,16,ARI,-12.861946620621762,92,-7.002408394159492,74,2003
2003_16_ARI_SEA,16,SEA,3.1150840849446277,74,-1.3498574923723936,58,2003
2003_16_ATL_TB,16,ATL,8.941838732680875,74,3.7697280173949075,54,2003
2003_16_ATL_TB,16,TB,3.6400411280779235,87,3.330809730541892,72,2003
2003_16_BAL_CLE,16,BAL,4.3700399677988795,81,10.918197246977506,62,2003
2003_16_BAL_CLE,16,CLE,-34.83760272472864,83,-31.71965361907258,62,2003
2003_16_CIN_STL,16,CIN,-10.067286470695556,71,-10.054656679994004,55,2003
2003_16_CIN_STL,16,LA,1.6615000212445477,85,9.242767239432885,68,2003
2003_16_DEN_IND,16,DEN,13.57580632238469,89,22.31989925961252,70,2003
2003_16_DEN_IND,16,IND,-5.664308352035322,59,-6.128334710117514,37,2003
2003_16_DET_CAR,16,CAR,-11.35814095426732,86,-6.392953798420569,71,2003
2003_16_DET_CAR,16,DET,-15.722944261724216,63,-15.997854763292708,41,2003
2003_16_GB_OAK,16,GB,30.800171528921712,89,31.306952607524345,66,2003
2003_16_GB_OAK,16,LV,-8.778656820817428,82,-17.56832015706459,61,2003
2003_16_KC_MIN,16,KC,-6.397847505173032,81,-3.1789607441313565,62,2003
2003_16_KC_MIN,16,MIN,16.442146109974924,87,19.262042192846327,69,2003
2003_16_MIA_BUF,16,BUF,-34.141614877735265,83,-32.16848466191877,61,2003
2003_16_MIA_BUF,16,MIA,-12.994256592224438,81,-15.527028440397089,57,2003
2003_16_NE_NYJ,16,NE,-0.4872391041349733,68,-1.4499436180922203,49,2003
2003_16_NE_NYJ,16,NYJ,-8.613239953068593,88,-9.548452194586051,74,2003
2003_16_NO_JAX,16,JAX,1.7124499376662148,80,1.4802081475393951,63,2003
2003_16_NO_JAX,16,NO,1.6817430547237469,83,-2.0219181870092484,64,2003
2003_16_NYG_DAL,16,DAL,-1.2203360319253989,75,-1.0582933862905413,60,2003
2003_16_NYG_DAL,16,NYG,-10.70977355382638,76,-8.166878181483048,58,2003
2003_16_SD_PIT,16,LAC,4.3093738816900755,83,-1.1164939129375853,63,2003
2003_16_SD_PIT,16,PIT,17.935600150588222,83,13.518886872612892,63,2003
2003_16_SF_PHI,16,PHI,-7.5128881201957665,74,-10.284898457531742,51,2003
2003_16_SF_PHI,16,SF,-0.7281504909329515,93,6.746494430236529,74,2003
2003_16_TEN_HOU,16,HOU,-7.161527946525057,73,-8.412627846880943,53,2003
2003_16_TEN_HOU,16,TEN,-4.314291578185548,95,-3.6283686599914553,69,2003
2003_16_WAS_CHI,16,CHI,6.31161790448135,94,6.329149162563136,74,2003
2003_16_WAS_CHI,16,WAS,7.450956815875939,66,7.892015985580571,46,2003
2003_17_BUF_NE,17,BUF,-22.475603020749986,86,-23.335532678774502,67,2003
2003_17_BUF_NE,17,NE,8.19904019802978,85,9.055317937849765,66,2003
2003_17_CAR_NYG,17,CAR,-12.324790816840887,96,-6.49794204559608,67,2003
2003_17_CAR_NYG,17,NYG,-29.727176454361658,88,-32.061328132355015,64,2003
2003_17_CHI_KC,17,CHI,-16.369534718454815,86,-20.589511073068614,67,2003
2003_17_CHI_KC,17,KC,11.158943809016437,83,4.945116430567868,62,2003
2003_17_CLE_CIN,17,CIN,2.055964984014545,90,-1.0350131405353,63,2003
2003_17_CLE_CIN,17,CLE,13.79158193751234,73,9.13981994678673,58,2003
2003_17_DAL_NO,17,DAL,-5.420303697837675,92,-5.926866279449314,72,2003
2003_17_DAL_NO,17,NO,-0.7419423313347346,75,-3.6805945284154022,59,2003
2003_17_DEN_GB,17,DEN,-21.274314526468515,81,-18.618369658417553,61,2003
2003_17_DEN_GB,17,GB,5.437424538221039,72,7.308026297400993,58,2003
2003_17_IND_HOU,17,HOU,-6.276066490424201,62,-6.799461085416218,44,2003
2003_17_IND_HOU,17,IND,-2.646098906615153,98,-2.2601725210887005,77,2003
2003_17_JAX_ATL,17,ATL,1.4295412430769385,77,9.555936321499757,60,2003
2003_17_JAX_ATL,17,JAX,1.509377259656004,79,6.8452679424081,61,2003
2003_17_MIN_ARI,17,ARI,-1.9999454699279742,79,-11.571697740298596,62,2003
2003_17_MIN_ARI,17,MIN,-0.66420724977771,77,5.593348275075533,62,2003
2003_17_NYJ_MIA,17,MIA,11.239867690208747,72,8.056015343092978,56,2003
2003_17_NYJ_MIA,17,NYJ,11.926662420381284,78,8.203303196537952,58,2003
2003_17_OAK_SD,17,LAC,-8.307783763949889,93,-3.081183356582187,68,2003
2003_17_OAK_SD,17,LV,-13.832831871157133,78,-21.60142958437791,59,2003
2003_17_PHI_WAS,17,PHI,21.34227680592501,74,18.577755571802705,59,2003
2003_17_PHI_WAS,17,WAS,-6.947881113730414,75,-8.579566461513375,56,2003
2003_17_PIT_BAL,17,BAL,-20.2490401402391,87,-14.743459350014827,61,2003
2003_17_PIT_BAL,17,PIT,-25.588797124742996,78,-24.223226573616763,61,2003
2003_17_SEA_SF,17,SEA,4.967511534945912,90,6.336312937154462,67,2003
2003_17_SEA_SF,17,SF,-9.412717312392356,85,-8.834474068321523,63,2003
2003_17_STL_DET,17,DET,-5.887734806177217,85,-2.1539858507496876,65,2003
2003_17_STL_DET,17,LA,-13.534870401013494,82,-15.457440149652676,59,2003
2003_17_TB_TEN,17,TB,-7.6501009906568065,79,-7.837993605407441,59,2003
2003_17_TB_TEN,17,TEN,9.842048909071705,77,3.2320629688494886,60,2003
2004_01_ARI_STL,1,ARI,-4.185879950842513,76,-4.696247005840459,54,2004
2004_01_ARI_STL,1,LA,1.4623748684972524,82,2.2017769146995296,65,2004
2004_01_ATL_SF,1,ATL,-2.010292696162255,78,-3.1047449790639803,51,2004
2004_01_ATL_SF,1,SF,-6.652847203724129,94,-8.672313376128795,73,2004
2004_01_BAL_CLE,1,BAL,-14.612854895065539,88,-13.824884752437233,67,2004
2004_01_BAL_CLE,1,CLE,2.295151170940053,71,-5.6894202877706785,55,2004
2004_01_CIN_NYJ,1,CIN,9.560898649179247,76,6.599017057804268,55,2004
2004_01_CIN_NYJ,1,NYJ,12.742268488306381,75,18.19613075954367,60,2004
2004_01_DAL_MIN,1,DAL,9.987865908373761,93,5.709667131673381,73,2004
2004_01_DAL_MIN,1,MIN,26.2982690895434,70,23.846475683618337,54,2004
2004_01_DET_CHI,1,CHI,-16.841520574336492,94,-8.896321938213879,69,2004
2004_01_DET_CHI,1,DET,-9.163308991220866,78,-7.079726003831544,56,2004
2004_01_GB_CAR,1,CAR,-1.064390754079532,74,-1.3582779664429836,55,2004
2004_01_GB_CAR,1,GB,11.951476354523434,89,11.5435846610395,70,2004
2004_01_IND_NE,1,IND,17.63980172122723,92,9.743991623865966,72,2004
2004_01_IND_NE,1,NE,17.777079155050554,74,15.308028587581575,55,2004
2004_01_JAX_BUF,1,BUF,-12.355860953735696,83,-10.073007412715729,62,2004
2004_01_JAX_BUF,1,JAX,-8.505762059234126,84,-12.19330107309392,61,2004
2004_01_KC_DEN,1,DEN,1.8979268767511126,82,6.42540294302659,64,2004
2004_01_KC_DEN,1,KC,-1.146810838930437,87,3.9624827369315696,61,2004
2004_01_NYG_PHI,1,NYG,-0.959318491855679,88,4.4278997952279,63,2004
2004_01_NYG_PHI,1,PHI,15.639675920975224,82,15.790419607451302,65,2004
2004_01_OAK_PIT,1,LV,1.1159287876291932,79,-0.111344224807012,63,2004
2004_01_OAK_PIT,1,PIT,0.8341229850124687,76,-1.7341381701933343,57,2004
2004_01_SD_HOU,1,HOU,0.8793744257666543,72,-3.8423712264999983,56,2004
2004_01_SD_HOU,1,LAC,9.41894932767256,79,10.212507558125072,54,2004
2004_01_SEA_NO,1,NO,-15.852657726232586,74,-18.25827843695879,58,2004
2004_01_SEA_NO,1,SEA,1.5936003639241578,90,6.400224223500118,69,2004
2004_01_TB_WAS,1,TB,-14.40760434479294,74,-18.15292937008385,56,2004
2004_01_TB_WAS,1,WAS,-10.64465433742576,82,-14.208290089726217,62,2004
2004_01_TEN_MIA,1,MIA,-17.012689703700566,87,-12.22878066071776,67,2004
2004_01_TEN_MIA,1,TEN,-4.928639568431855,71,-3.8511188136305328,52,2004
2004_02_BUF_OAK,2,BUF,-3.339152026914103,74,-3.6231711222355862,55,2004
2004_02_BUF_OAK,2,LV,-1.136699161019219,76,0.0949224080255493,52,2004
2004_02_CAR_KC,2,CAR,5.923500219680664,87,3.067603577976115,69,2004
2004_02_CAR_KC,2,KC,-9.226452659742526,80,-10.654006074463851,60,2004
2004_02_CHI_GB,2,CHI,0.6301992705779735,69,4.934319550924195,52,2004
2004_02_CHI_GB,2,GB,-13.637800563352226,88,-10.542149122860039,73,2004
2004_02_CLE_DAL,2,CLE,-13.887900402609375,76,-20.607749201414933,55,2004
2004_02_CLE_DAL,2,DAL,-9.4904362407976,83,-1.7535260173536757,64,2004
2004_02_DEN_JAX,2,DEN,-8.384260105143767,96,-1.4536702452506645,73,2004
2004_02_DEN_JAX,2,JAX,-9.134001226913693,60,-7.613689475809224,40,2004
2004_02_HOU_DET,2,DET,9.688624360330234,66,4.457031969032384,50,2004
2004_02_HOU_DET,2,HOU,0.12292258490047381,93,-1.1574142597174122,72,2004
2004_02_IND_TEN,2,IND,23.372888597281943,74,17.706642572071104,56,2004
2004_02_IND_TEN,2,TEN,5.442810975088187,88,2.471883835881905,73,2004
2004_02_MIA_CIN,2,CIN,-20.858080838392066,95,-24.508639446540556,72,2004
2004_02_MIA_CIN,2,MIA,-21.118719167621617,84,-20.431984647079926,61,2004
2004_02_MIN_PHI,2,MIN,8.893534783281343,93,14.369760765191351,70,2004
2004_02_MIN_PHI,2,PHI,17.096227447058876,60,9.80004609024542,46,2004
2004_02_NE_ARI,2,ARI,-12.213068358556367,73,-18.544648999137294,51,2004
2004_02_NE_ARI,2,NE,2.0910054297567413,91,5.924155827963091,68,2004
2004_02_NYJ_SD,2,LAC,9.401702851552345,84,1.6999099707463756,60,2004
2004_02_NYJ_SD,2,NYJ,19.83920714273752,83,12.688622214152176,64,2004
2004_02_PIT_BAL,2,BAL,-4.6415085376425536,82,-4.788066309974173,57,2004
2004_02_PIT_BAL,2,PIT,-20.151004042337924,83,-12.770839141697142,63,2004
2004_02_SEA_TB,2,SEA,-10.203392999879593,75,-13.516857531028151,53,2004
2004_02_SEA_TB,2,TB,-16.1617290598806,86,-22.62764952991968,68,2004
2004_02_SF_NO,2,NO,7.585202310449887,85,1.1050236656468577,59,2004
2004_02_SF_NO,2,SF,7.94170828238082,90,2.94933917653184,68,2004
2004_02_STL_ATL,2,ATL,12.840827994536905,75,14.743765474218318,56,2004
2004_02_STL_ATL,2,LA,-2.1136555583685084,75,4.868272075779837,51,2004
2004_02_WAS_NYG,2,NYG,-19.80404064293517,84,-12.557421607849154,63,2004
2004_02_WAS_NYG,2,WAS,-24.516992809090617,86,-22.237128509459776,68,2004
2004_03_ARI_ATL,3,ARI,-21.515483930008486,83,-19.599455263623035,62,2004
2004_03_ARI_ATL,3,ATL,-20.07958105695434,67,-21.525984639070376,53,2004
2004_03_BAL_CIN,3,BAL,-0.11903415893865077,70,3.079886476662071,53,2004
2004_03_BAL_CIN,3,CIN,-17.884248763439246,105,-17.875114338371514,81,2004
2004_03_CHI_MIN,3,CHI,0.5663208007957596,88,6.960805063535311,65,2004
2004_03_CHI_MIN,3,MIN,1.7955169985240689,82,5.413374155492441,56,2004
2004_03_CLE_NYG,3,CLE,-2.009007856591648,81,-7.11301021977035,58,2004
2004_03_CLE_NYG,3,NYG,14.524293803166469,76,14.556864644323113,59,2004
2004_03_DAL_WAS,3,DAL,8.510193193430027,71,3.5939840172068216,51,2004
2004_03_DAL_WAS,3,WAS,2.1991213787626047,95,-0.9764851510503272,73,2004
2004_03_GB_IND,3,GB,19.619695278605743,94,14.871620994373025,70,2004
2004_03_GB_IND,3,IND,24.623000811610044,94,21.40714370360766,62,2004
2004_03_HOU_KC,3,HOU,9.266299669216345,76,0.20199274008139567,55,2004
2004_03_HOU_KC,3,KC,3.984422591071447,86,1.454148757387884,69,2004
2004_03_JAX_TEN,3,JAX,2.276955744302789,72,3.3693024566310923,52,2004
2004_03_JAX_TEN,3,TEN,-1.6761603929479607,70,-6.10116388754773,57,2004
2004_03_NO_STL,3,LA,6.63949537987044,95,6.957486997877313,69,2004
2004_03_NO_STL,3,NO,15.255037197339655,94,9.148387204257528,75,2004
2004_03_PHI_DET,3,DET,-10.299284451795435,81,-11.947888226320966,62,2004
2004_03_PHI_DET,3,PHI,12.92640814140275,86,11.940933714516568,60,2004
2004_03_PIT_MIA,3,MIA,-20.21687245659996,77,-25.395801877833712,58,2004
2004_03_PIT_MIA,3,PIT,-7.224769471904306,82,-7.076159741602978,61,2004
2004_03_SD_DEN,3,DEN,7.015343583902258,75,-1.86333023727094,58,2004
2004_03_SD_DEN,3,LAC,-0.7442105634762402,83,-8.144819784306398,64,2004
2004_03_SF_SEA,3,SEA,10.875445309241131,87,10.147147817465386,68,2004
2004_03_SF_SEA,3,SF,-22.346738569787703,74,-24.307187485205382,53,2004
2004_03_TB_OAK,3,LV,12.533807012274734,86,9.991633854558016,63,2004
2004_03_TB_OAK,3,TB,5.556689007993787,86,4.198117175503055,62,2004
2004_04_ATL_CAR,4,ATL,12.61112960826034,83,6.761518054173167,55,2004
2004_04_ATL_CAR,4,CAR,-8.936090603929056,79,-9.429094142978965,61,2004
2004_04_CIN_PIT,4,CIN,-6.785778253033377,85,-10.464263125111625,65,2004
2004_04_CIN_PIT,4,PIT,1.9174830639681932,84,-1.912153615965508,64,2004
2004_04_DEN_TB,4,DEN,8.497767854198305,90,-2.2509529142609526,66,2004
2004_04_DEN_TB,4,TB,2.6258449563248587,66,-1.416244737931927,49,2004
2004_04_IND_JAX,4,IND,15.449744941223285,70,12.588270370342311,56,2004
2004_04_IND_JAX,4,JAX,6.036146289596334,92,2.536995772169087,74,2004
2004_04_KC_BAL,4,BAL,5.694157738377212,63,-3.2255216731474188,40,2004
2004_04_KC_BAL,4,KC,11.789853444228752,100,21.359943581217387,75,2004
2004_04_NE_BUF,4,BUF,2.1912728771715493,85,-9.960063924604189,63,2004
2004_04_NE_BUF,4,NE,19.677770912211216,83,16.83770368183982,55,2004
2004_04_NO_ARI,4,ARI,3.1074754688603017,81,5.756604575889212,61,2004
2004_04_NO_ARI,4,NO,-19.63907640758394,83,-15.444920858970402,55,2004
2004_04_NYG_GB,4,GB,-6.616948253846072,73,-8.78192036904511,55,2004
2004_04_NYG_GB,4,NYG,3.006762365796285,82,11.172592077807161,65,2004
2004_04_NYJ_MIA,4,MIA,-24.188139473611955,75,-29.141318561958748,58,2004
2004_04_NYJ_MIA,4,NYJ,-13.428734989036194,75,-14.552515400941294,54,2004
2004_04_OAK_HOU,4,HOU,0.6411290469776929,84,0.48739661333404594,62,2004
2004_04_OAK_HOU,4,LV,-14.621052963459734,81,-9.709637422443851,59,2004
2004_04_PHI_CHI,4,CHI,-4.2521504091126845,81,-9.799174741150441,61,2004
2004_04_PHI_CHI,4,PHI,9.836159960636127,93,9.595179880549814,73,2004
2004_04_STL_SF,4,LA,17.276710765982383,75,18.74245950752088,60,2004
2004_04_STL_SF,4,SF,3.839117072668392,86,0.5989562840843581,71,2004
2004_04_TEN_SD,4,LAC,21.41735173410482,62,20.691063747513688,45,2004
2004_04_TEN_SD,4,TEN,2.4691406957720483,102,1.6867285468981148,79,2004
2004_04_WAS_CLE,4,CLE,-6.70005774775901,75,-7.6615182272562175,53,2004
2004_04_WAS_CLE,4,WAS,-7.869922197300053,78,-6.662217026038668,56,2004
2004_05_ARI_SF,5,ARI,4.846616937546587,90,7.954311061359476,64,2004
2004_05_ARI_SF,5,SF,4.255682859584689,107,2.335590939572006,83,2004
2004_05_BAL_WAS,5,BAL,-19.264500789416807,77,-16.14392048549388,58,2004
2004_05_BAL_WAS,5,WAS,-28.951856579420433,74,-24.8270804707524,58,2004
2004_05_BUF_NYJ,5,BUF,1.0551130715905765,75,-0.27852772164624184,54,2004
2004_05_BUF_NYJ,5,NYJ,1.2216911297365591,86,1.286045398693986,67,2004
2004_05_CAR_DEN,5,CAR,1.9905339345716948,65,2.7861447619525013,46,2004
2004_05_CAR_DEN,5,DEN,-1.9627320460202604,82,2.942316264875472,65,2004
2004_05_CLE_PIT,5,CLE,1.168869860601526,78,-1.5379428702461286,57,2004
2004_05_CLE_PIT,5,PIT,8.165513174754395,87,5.145414965446241,61,2004
2004_05_DET_ATL,5,ATL,-14.891319261479815,83,-18.494540117668954,63,2004
2004_05_DET_ATL,5,DET,-5.210763519560304,83,-0.10324935084259801,57,2004
2004_05_JAX_SD,5,JAX,7.204128716308728,96,5.9878795839322265,75,2004
2004_05_JAX_SD,5,LAC,17.56160315434734,78,14.683136791511384,62,2004
2004_05_MIA_NE,5,MIA,-13.467700962726536,91,-13.660227592286038,71,2004
2004_05_MIA_NE,5,NE,-1.7190894451701437,79,-6.472585293237581,55,2004
2004_05_MIN_HOU,5,HOU,8.566563358696438,84,13.739643923589028,63,2004
2004_05_MIN_HOU,5,MIN,14.728199221825488,108,22.22385034506442,79,2004
2004_05_NYG_DAL,5,DAL,-5.988995351064527,75,-7.629900426133917,57,2004
2004_05_NYG_DAL,5,NYG,14.629296273997433,87,9.103464962869815,62,2004
2004_05_OAK_IND,5,IND,12.932928248220495,86,5.55375657055302,66,2004
2004_05_OAK_IND,5,LV,-6.924189074040941,78,-13.229601814207854,61,2004
2004_05_STL_SEA,5,LA,19.10821848859672,86,15.096727887304553,67,2004
2004_05_STL_SEA,5,SEA,9.477107997831295,89,11.183403293249858,65,2004
2004_05_TB_NO,5,NO,-7.089641718357187,76,-9.197946031185396,52,2004
2004_05_TB_NO,5,TB,-0.975437586126235,76,6.267316366107523,53,2004
2004_05_TEN_GB,5,GB,4.367864259599114,81,-4.3912024445092115,62,2004
2004_05_TEN_GB,5,TEN,31.482180045176275,100,25.11044832566409,69,2004
2004_06_CAR_PHI,6,CAR,-13.234017270224168,96,-9.212597573132253,76,2004
2004_06_CAR_PHI,6,PHI,8.313980151339305,64,0.8222911387683531,45,2004
2004_06_CIN_CLE,6,CIN,-13.573652055332524,80,-12.409044398195105,57,2004
2004_06_CIN_CLE,6,CLE,1.121613070165568,89,-1.6457824100635845,69,2004
2004_06_DEN_OAK,6,DEN,11.589323893102646,85,10.059906112715408,71,2004
2004_06_DEN_OAK,6,LV,-20.727309549576603,72,-21.820972219677422,51,2004
2004_06_GB_DET,6,DET,-16.711088782956516,56,-23.085145046272075,40,2004
2004_06_GB_DET,6,GB,16.784873784577147,98,21.71507032005475,76,2004
2004_06_HOU_TEN,6,HOU,3.850977502428841,79,-1.1066224584949715,63,2004
2004_06_HOU_TEN,6,TEN,-9.636640009462877,83,-14.237454018217239,64,2004
2004_06_KC_JAX,6,JAX,9.927607684454795,82,10.798432449531528,64,2004
2004_06_KC_JAX,6,KC,5.185469329080925,79,11.190244530358163,60,2004
2004_06_MIA_BUF,6,BUF,1.8449623424824404,75,2.852397845786144,60,2004
2004_06_MIA_BUF,6,MIA,-2.218116335097743,70,-8.948599681277415,53,2004
2004_06_MIN_NO,6,MIN,24.90979290997996,85,25.769713017877045,66,2004
2004_06_MIN_NO,6,NO,12.781286017642653,85,8.763317596505136,64,2004
2004_06_PIT_DAL,6,DAL,7.6067352337561625,79,2.54327925505242,61,2004
2004_06_PIT_DAL,6,PIT,14.449601335269502,77,11.732099942634278,57,2004
2004_06_SD_ATL,6,ATL,-0.47765701765940616,66,-1.4136803740402684,46,2004
2004_06_SD_ATL,6,LAC,0.7187326661191502,85,-0.6732391047392805,63,2004
2004_06_SEA_NE,6,NE,11.65178912752202,81,6.946596895526357,63,2004
2004_06_SEA_NE,6,SEA,4.146101392965764,97,-0.7502900288181364,74,2004
2004_06_SF_NYJ,6,NYJ,5.03015321370936,82,5.992813630070841,64,2004
2004_06_SF_NYJ,6,SF,-1.1255041413167919,77,3.1355016126181,58,2004
2004_06_TB_STL,6,LA,-6.459778898431157,83,-4.1262045552937865,64,2004
2004_06_TB_STL,6,TB,-10.59377806629102,83,-10.857368882593448,63,2004
2004_06_WAS_CHI,6,CHI,-14.76236910168505,74,-21.850304563300824,54,2004
2004_06_WAS_CHI,6,WAS,-8.784536131009968,90,-8.701816249428797,69,2004
2004_07_ATL_KC,7,ATL,-20.83051330953445,68,-20.682881177808767,50,2004
2004_07_ATL_KC,7,KC,23.79379721716501,96,31.428674544440582,77,2004
2004_07_BUF_BAL,7,BAL,-17.48163171553434,73,-17.147439359921098,54,2004
2004_07_BUF_BAL,7,BUF,-29.50013956427574,80,-30.368217290033705,63,2004
2004_07_CHI_TB,7,CHI,-17.657134444503622,73,-14.93728047789773,52,2004
2004_07_CHI_TB,7,TB,-6.319474907657175,80,-6.318494723560872,60,2004
2004_07_DAL_GB,7,DAL,14.478684537651397,76,13.39678439536507,54,2004
2004_07_DAL_GB,7,GB,31.75219980147879,80,28.40150862001579,60,2004
2004_07_DEN_CIN,7,CIN,-1.8561116301422862,74,-4.457546361382131,52,2004
2004_07_DEN_CIN,7,DEN,-12.871856796722437,90,-6.979490422936433,69,2004
2004_07_DET_NYG,7,DET,18.38532268532488,72,17.744897695898544,52,2004
2004_07_DET_NYG,7,NYG,0.4089249461614095,80,-4.782407423365079,66,2004
2004_07_JAX_IND,7,IND,9.548664126067413,82,8.692676505626878,56,2004
2004_07_JAX_IND,7,JAX,16.692932815078485,81,12.756423239944573,61,2004
2004_07_NO_OAK,7,LV,1.0460706780870983,91,3.5395943713903177,69,2004
2004_07_NO_OAK,7,NO,8.948109797493617,91,5.516584156175311,66,2004
2004_07_NYJ_NE,7,NE,5.973003193627068,76,1.1357528294593031,58,2004
2004_07_NYJ_NE,7,NYJ,0.8580282224940174,69,-0.8561417334713042,57,2004
2004_07_PHI_CLE,7,CLE,9.458769809891765,97,15.898832124952598,69,2004
2004_07_PHI_CLE,7,PHI,15.852512520301914,92,14.50696470207734,68,2004
2004_07_SD_CAR,7,CAR,-8.502129152300768,86,-11.11267548406707,67,2004
2004_07_SD_CAR,7,LAC,5.659726267113265,78,4.613470835135546,58,2004
2004_07_SEA_ARI,7,ARI,-3.6819349935828636,97,-14.67347326472153,74,2004
2004_07_SEA_ARI,7,SEA,-8.973982971146789,75,-14.963492279525406,56,2004
2004_07_STL_MIA,7,LA,2.750774694621477,79,6.960879231977742,61,2004
2004_07_STL_MIA,7,MIA,19.095552326093255,74,13.031349988246802,56,2004
2004_07_TEN_MIN,7,MIN,-1.2529380572846538,77,4.143499923666585,58,2004
2004_07_TEN_MIN,7,TEN,-17.510594586492516,82,-14.161642233273938,58,2004
2004_08_ARI_BUF,8,ARI,-21.517425517012917,95,-11.965995630598627,65,2004
2004_08_ARI_BUF,8,BUF,2.2667155945461896,78,-2.322860065779965,53,2004
2004_08_ATL_DEN,8,ATL,22.750566248469774,83,23.34433772448658,62,2004
2004_08_ATL_DEN,8,DEN,4.806539997691814,98,2.7354943481623195,74,2004
2004_08_BAL_PHI,8,BAL,-1.6756203739131297,87,-0.6968206163964559,66,2004
2004_08_BAL_PHI,8,PHI,2.0627783440724015,77,-5.402498366440028,58,2004
2004_08_CAR_SEA,8,CAR,6.990670569430485,78,7.482731534146637,56,2004
2004_08_CAR_SEA,8,SEA,11.139419409170195,90,4.2809567136776145,70,2004
2004_08_CIN_TEN,8,CIN,2.413055365919981,78,-4.0199367633722645,55,2004
2004_08_CIN_TEN,8,TEN,6.257559463520406,94,0.16477961043892986,69,2004
2004_08_DET_DAL,8,DAL,8.307677895820762,86,0.20013189095881856,66,2004
2004_08_DET_DAL,8,DET,0.731448132479668,67,4.354287232301431,47,2004
2004_08_GB_WAS,8,GB,6.198994308768686,79,1.7701092719906137,63,2004
2004_08_GB_WAS,8,WAS,-11.924375279675324,91,-11.110863833524323,68,2004
2004_08_IND_KC,8,IND,23.860958583311664,81,20.68398917661843,56,2004
2004_08_IND_KC,8,KC,31.80927235960632,97,28.129292646570995,74,2004
2004_08_JAX_HOU,8,HOU,0.9809535176857744,86,0.10730579314263622,67,2004
2004_08_JAX_HOU,8,JAX,-12.907299233600497,74,-10.09873792514404,55,2004
2004_08_MIA_NYJ,8,MIA,-5.362439725067553,85,-14.207421012921259,61,2004
2004_08_MIA_NYJ,8,NYJ,20.76434943095294,78,16.05097218710508,62,2004
2004_08_NE_PIT,8,NE,0.47885195318694007,72,-6.277590569598139,53,2004
2004_08_NE_PIT,8,PIT,11.45971914383752,93,14.924772970656447,70,2004
2004_08_NYG_MIN,8,MIN,-13.89561825671412,81,-10.889945386519969,62,2004
2004_08_NYG_MIN,8,NYG,12.41450431788044,88,6.56116629124937,65,2004
2004_08_OAK_SD,8,LAC,28.88011345586062,85,24.995328687597066,64,2004
2004_08_OAK_SD,8,LV,2.168959431481462,71,0.38406297177425586,51,2004
2004_08_SF_CHI,8,CHI,-22.88896697804713,90,-28.110579521548484,61,2004
2004_08_SF_CHI,8,SF,-30.81454651790396,82,-33.33482814341181,62,2004
2004_09_ARI_MIA,9,ARI,0.4195550416702053,89,0.22298064114761473,59,2004
2004_09_ARI_MIA,9,MIA,-2.7860713975457907,92,-4.3467625934662,71,2004
2004_09_CHI_NYG,9,CHI,-24.138710955826884,90,-15.965393951156209,59,2004
2004_09_CHI_NYG,9,NYG,-34.3477039565401,92,-33.68845584159135,68,2004
2004_09_CLE_BAL,9,BAL,-1.11362119724047,77,-8.95331437131912,59,2004
2004_09_CLE_BAL,9,CLE,-12.82211611477383,81,-19.009003830034793,57,2004
2004_09_DAL_CIN,9,CIN,5.467794923010197,82,3.0380147919246783,62,2004
2004_09_DAL_CIN,9,DAL,-17.32353287283331,76,-19.867128350316193,58,2004
2004_09_HOU_DEN,9,DEN,13.36854168452608,79,12.997627050081064,61,2004
2004_09_HOU_DEN,9,HOU,-3.4282748482434973,92,0.4475420410013564,72,2004
2004_09_KC_TB,9,KC,21.341517271503633,91,15.074404603174244,73,2004
2004_09_KC_TB,9,TB,20.461835860428188,79,17.856587643000537,52,2004
2004_09_MIN_IND,9,IND,14.42670711469773,82,22.146986148844007,59,2004
2004_09_MIN_IND,9,MIN,15.418939376872531,63,9.123607416877283,45,2004
2004_09_NE_STL,9,LA,-1.3252348759591959,84,-0.7020966445705854,58,2004
2004_09_NE_STL,9,NE,22.753794697543437,84,13.277474045139591,64,2004
2004_09_NO_SD,9,LAC,29.38714288283584,89,19.001274577545928,73,2004
2004_09_NO_SD,9,NO,4.998882227592084,73,-0.14723834365521427,50,2004
2004_09_NYJ_BUF,9,BUF,-2.149967492426831,102,-2.286100009417119,73,2004
2004_09_NYJ_BUF,9,NYJ,-3.109814231851224,62,-1.1056429941946515,44,2004
2004_09_OAK_CAR,9,CAR,11.71205904223501,89,9.374556828824801,65,2004
2004_09_OAK_CAR,9,LV,17.342059529641514,82,8.92910706121063,61,2004
2004_09_PHI_PIT,9,PHI,-14.534047365770675,55,-19.642009072016855,37,2004
2004_09_PHI_PIT,9,PIT,8.526143738400137,89,10.509869547819894,72,2004
2004_09_SEA_SF,9,SEA,21.808964726064797,87,23.287318404763937,66,2004
2004_09_SEA_SF,9,SF,2.12894321398238,82,-0.6537223775525245,58,2004
2004_09_WAS_DET,9,DET,-16.2338759095526,99,-9.956004248607847,76,2004
2004_09_WAS_DET,9,WAS,-6.305142052198379,77,-6.671571749844235,58,2004
2004_10_BAL_NYJ,10,BAL,2.419777751798656,87,-2.4547123916041693,68,2004
2004_10_BAL_NYJ,10,NYJ,-3.352543170549061,84,-8.772841626436312,64,2004
2004_10_BUF_NE,10,BUF,-20.79772916842182,57,-27.974889487886568,42,2004
2004_10_BUF_NE,10,NE,0.998016106066907,100,-0.15947761073950772,81,2004
2004_10_CAR_SF,10,CAR,13.91985260081181,75,10.7500500656515,52,2004
2004_10_CAR_SF,10,SF,-6.666478757527976,93,-10.558687406995503,74,2004
2004_10_CHI_TEN,10,CHI,-24.08744892173828,90,-28.176143565910717,66,2004
2004_10_CHI_TEN,10,TEN,-27.653009909423155,93,-20.14619089501662,69,2004
2004_10_CIN_WAS,10,CIN,-7.272479247170586,91,-8.437087242327149,71,2004
2004_10_CIN_WAS,10,WAS,-16.69996592541416,90,-20.832262722836944,71,2004
2004_10_DET_JAX,10,DET,-18.75350993881849,75,-20.877044452126306,54,2004
2004_10_DET_JAX,10,JAX,-14.778854508578398,113,-0.5825745167393315,89,2004
2004_10_HOU_IND,10,HOU,-25.76864558724951,102,-24.946534866621786,83,2004
2004_10_HOU_IND,10,IND,8.451294362264507,75,12.887895160292267,48,2004
2004_10_KC_NO,10,KC,6.591758181934393,89,4.407490529430653,71,2004
2004_10_KC_NO,10,NO,10.809646874479474,79,9.464451802544243,53,2004
2004_10_MIN_GB,10,GB,20.03148631312122,86,15.065703299311682,62,2004
2004_10_MIN_GB,10,MIN,19.505619357369667,85,20.13139087722317,64,2004
2004_10_NYG_ARI,10,ARI,-2.5691743373897316,79,-8.38163734439245,56,2004
2004_10_NYG_ARI,10,NYG,-3.010742078840585,81,4.033518896333581,65,2004
2004_10_PHI_DAL,10,DAL,-2.67988342909986,81,-10.501822024059948,55,2004
2004_10_PHI_DAL,10,PHI,21.93812211385441,83,28.43137641600333,61,2004
2004_10_PIT_CLE,10,CLE,-16.216260875626045,66,-19.50785236861951,51,2004
2004_10_PIT_CLE,10,PIT,0.15234103213191252,83,4.789140901515063,61,2004
2004_10_SEA_STL,10,LA,7.246189895504768,83,5.396975743869952,65,2004
2004_10_SEA_STL,10,SEA,-0.39430882630404085,85,-5.680446953682692,65,2004
2004_10_TB_ATL,10,ATL,-1.1363998008431038,81,-0.11500155226506781,59,2004
2004_10_TB_ATL,10,TB,-9.456301771209427,80,-8.385576505970675,56,2004
2004_11_ARI_CAR,11,ARI,-15.466525583840717,108,-17.546164154851425,84,2004
2004_11_ARI_CAR,11,CAR,8.134084485013522,75,6.56646871267003,53,2004
2004_11_ATL_NYG,11,ATL,4.107342697264222,79,8.352765017189085,54,2004
2004_11_ATL_NYG,11,NYG,-1.6986544205149525,80,-5.572704212223563,63,2004
2004_11_DAL_BAL,11,BAL,-5.5882466762914085,72,-6.652726820380018,56,2004
2004_11_DAL_BAL,11,DAL,-24.38892325414768,88,-21.923111997681303,65,2004
2004_11_DEN_NO,11,DEN,10.047451902261766,78,14.94966608633252,57,2004
2004_11_DEN_NO,11,NO,-17.011814326537,101,-13.333470773033634,76,2004
2004_11_DET_MIN,11,DET,6.506142851791493,68,0.5317922879520518,48,2004
2004_11_DET_MIN,11,MIN,6.784168351496718,89,9.73274961915752,67,2004
2004_11_GB_HOU,11,GB,-1.231554013751848,89,5.222342556150991,69,2004
2004_11_GB_HOU,11,HOU,-5.4743250896157045,77,-7.705815640000948,56,2004
2004_11_IND_CHI,11,CHI,-14.242831755305684,78,-23.536950256644655,54,2004
2004_11_IND_CHI,11,IND,22.202164038005073,85,20.051972135287485,64,2004
2004_11_MIA_SEA,11,MIA,-21.4653199421734,94,-23.40644084720627,73,2004
2004_11_MIA_SEA,11,SEA,-16.757733525365953,93,-8.27739034439534,66,2004
2004_11_NE_KC,11,KC,10.431886600730898,84,7.209075043467287,67,2004
2004_11_NE_KC,11,NE,22.841199689799794,78,20.093852074844172,55,2004
2004_11_NYJ_CLE,11,CLE,-13.977198968983298,78,-10.752140456833637,55,2004
2004_11_NYJ_CLE,11,NYJ,-8.820477915338284,85,-9.225978405768824,61,2004
2004_11_PIT_CIN,11,CIN,-10.885714634365023,61,-11.91272065002704,44,2004
2004_11_PIT_CIN,11,PIT,-3.760086369744122,91,-6.611976776745166,65,2004
2004_11_SD_OAK,11,LAC,7.84531929474218,101,7.670808242139447,77,2004
2004_11_SD_OAK,11,LV,-0.3253127189670617,71,-3.0425459596932147,46,2004
2004_11_SF_TB,11,SF,-22.93168424841133,78,-25.126588034191542,59,2004
2004_11_SF_TB,11,TB,8.212379680226809,77,7.284943128353916,58,2004
2004_11_STL_BUF,11,BUF,-3.832367677095517,77,-0.19155841751496316,49,2004
2004_11_STL_BUF,11,LA,-20.569982680884742,99,-14.674270454643061,71,2004
2004_11_TEN_JAX,11,JAX,-6.0172666110082496,80,-8.299109655442773,61,2004
2004_11_TEN_JAX,11,TEN,-1.2376135702722668,75,0.6316961841905027,61,2004
2004_11_WAS_PHI,11,PHI,6.1039754954695855,76,8.069039224123117,58,2004
2004_11_WAS_PHI,11,WAS,-14.649034221540205,83,-11.301423653854814,58,2004
2004_12_BAL_NE,12,BAL,-30.222135895630345,78,-29.55972944726485,58,2004
2004_12_BAL_NE,12,NE,-10.167516008550344,96,-1.03918905777659,71,2004
2004_12_BUF_SEA,12,BUF,20.38150477459633,92,14.60668601630045,74,2004
2004_12_BUF_SEA,12,SEA,-12.534212306272703,74,-12.43719832267125,58,2004
2004_12_CHI_DAL,12,CHI,-30.079688550896986,80,-25.192602444970873,57,2004
2004_12_CHI_DAL,12,DAL,-17.059675521427895,88,-15.274800383509323,68,2004
2004_12_CLE_CIN,12,CIN,17.913629750773012,87,14.84154193488569,60,2004
2004_12_CLE_CIN,12,CLE,13.983072141491784,91,11.573796726463316,59,2004
2004_12_IND_DET,12,DET,-15.317355587671045,80,-12.740525388811692,62,2004
2004_12_IND_DET,12,IND,22.748359495458637,85,16.590456548088696,60,2004
2004_12_JAX_MIN,12,JAX,-2.649580381775899,80,-6.620427964995256,63,2004
2004_12_JAX_MIN,12,MIN,4.901433986599547,77,3.736631701299139,59,2004
2004_12_MIA_SF,12,MIA,-13.163952467591631,85,-17.621528896896834,59,2004
2004_12_MIA_SF,12,SF,-24.06554082651538,90,-22.23898150275857,70,2004
2004_12_NO_ATL,12,ATL,0.4524197145826082,82,1.303878601991209,64,2004
2004_12_NO_ATL,12,NO,1.4051659112068169,88,3.6898043951020503,67,2004
2004_12_NYJ_ARI,12,ARI,-10.566026350308675,81,-9.471911773676577,61,2004
2004_12_NYJ_ARI,12,NYJ,2.495724335145628,76,4.348208286040091,61,2004
2004_12_OAK_DEN,12,DEN,-10.0861904992849,78,-7.882504182420517,56,2004
2004_12_OAK_DEN,12,LV,-6.108367998399857,86,-8.63594378968855,65,2004
2004_12_PHI_NYG,12,NYG,-14.805630795424804,73,-19.180996242520838,52,2004
2004_12_PHI_NYG,12,PHI,10.825060603114647,86,12.942688601462008,64,2004
2004_12_SD_KC,12,KC,16.195392712376417,77,6.51361977560724,56,2004
2004_12_SD_KC,12,LAC,23.756584606745108,94,27.60584245229723,66,2004
2004_12_STL_GB,12,GB,23.58664266431958,71,22.454169261840853,54,2004
2004_12_STL_GB,12,LA,-3.075515313350216,98,-2.422340216177062,74,2004
2004_12_TB_CAR,12,CAR,-3.1969687194574044,67,2.7616027396538967,50,2004
2004_12_TB_CAR,12,TB,-8.395981300927552,86,-0.3734875035217282,69,2004
2004_12_TEN_HOU,12,HOU,11.847306180329323,69,10.160236607136074,53,2004
2004_12_TEN_HOU,12,TEN,1.2872795543598103,77,0.8977033706032671,60,2004
2004_12_WAS_PIT,12,PIT,-7.83737206673673,80,-9.421970791506219,59,2004
2004_12_WAS_PIT,12,WAS,-15.557468314938756,73,-16.004098792094737,54,2004
2004_13_ARI_DET,13,ARI,-17.646100253288633,93,-22.152841435988623,68,2004
2004_13_ARI_DET,13,DET,-5.593817998003532,81,1.7490464148081681,59,2004
2004_13_ATL_TB,13,ATL,-28.23933636577567,77,-31.400986845081206,63,2004
2004_13_ATL_TB,13,TB,-1.5314846170727514,71,-2.8104354006780135,52,2004
2004_13_BUF_MIA,13,BUF,10.539709128396563,90,4.542452704921789,61,2004
2004_13_BUF_MIA,13,MIA,-3.542597375598632,103,-15.355133757827144,79,2004
2004_13_CAR_NO,13,CAR,16.580660184914862,99,12.318328763216732,74,2004
2004_13_CAR_NO,13,NO,-1.5182249533366514,74,-6.587280506209936,51,2004
2004_13_CIN_BAL,13,BAL,3.4419268968197594,83,2.047307302262051,62,2004
2004_13_CIN_BAL,13,CIN,7.475008197063685,84,4.232104709992889,61,2004
2004_13_DAL_SEA,13,DAL,20.290844192045103,91,13.565496747568066,68,2004
2004_13_DAL_SEA,13,SEA,12.313136827383062,93,12.215850681548707,69,2004
2004_13_DEN_SD,13,DEN,-10.7485121093193,90,-10.57359025632981,65,2004
2004_13_DEN_SD,13,LAC,-10.771531257821799,84,-16.240403599514718,64,2004
2004_13_GB_PHI,13,GB,-1.3923542806148452,93,-10.21195866820505,63,2004
2004_13_GB_PHI,13,PHI,28.00324322743902,95,21.864611457996624,70,2004
2004_13_HOU_NYJ,13,HOU,-10.72699862455907,67,-10.962652776914183,52,2004
2004_13_HOU_NYJ,13,NYJ,10.706113215652675,79,9.819680521718654,65,2004
2004_13_KC_OAK,13,KC,24.786918742204378,93,23.68832996463831,69,2004
2004_13_KC_OAK,13,LV,14.071586362108459,75,9.492966822781527,52,2004
2004_13_MIN_CHI,13,CHI,3.2511290464539657,85,1.3406530430942158,70,2004
2004_13_MIN_CHI,13,MIN,-4.524491773030341,78,-2.458051457929951,60,2004
2004_13_NE_CLE,13,CLE,-12.45218647033446,73,-18.337914860472548,56,2004
2004_13_NE_CLE,13,NE,19.990107536127535,97,10.121759813162498,78,2004
2004_13_NYG_WAS,13,NYG,-1.9812057664310987,60,-12.124647739168722,41,2004
2004_13_NYG_WAS,13,WAS,21.053866997041567,87,16.956119469559514,65,2004
2004_13_PIT_JAX,13,JAX,9.573542286067227,81,7.021049699130006,63,2004
2004_13_PIT_JAX,13,PIT,10.58646528075068,68,13.666602495010011,44,2004
2004_13_SF_STL,13,LA,-6.066908694250742,83,-2.135592840366634,65,2004
2004_13_SF_STL,13,SF,-9.729208899458172,71,-11.677439796972816,52,2004
2004_13_TEN_IND,13,IND,17.83417274468716,85,20.43688347313421,60,2004
2004_13_TEN_IND,13,TEN,-5.769473108766146,92,-6.729232999147952,67,2004
2004_14_CHI_JAX,14,CHI,-19.11154775408795,72,-17.75192095952329,52,2004
2004_14_CHI_JAX,14,JAX,-6.889764638726643,101,-9.237768221318998,73,2004
2004_14_CIN_NE,14,CIN,10.210509043391156,89,16.47791633810266,67,2004
2004_14_CIN_NE,14,NE,14.564966381448107,71,13.456772918114439,53,2004
2004_14_CLE_BUF,14,BUF,-0.32448160185542296,94,-2.5917561104848925,73,2004
2004_14_CLE_BUF,14,CLE,-30.065140946236948,69,-35.9350118220967,46,2004
2004_14_DET_GB,14,DET,-0.043130614292617775,88,-6.352237560838027,63,2004
2004_14_DET_GB,14,GB,0.3079849942079318,87,-3.6116417244091576,66,2004
2004_14_IND_HOU,14,HOU,-0.7901534492600337,73,-0.6515041411621496,53,2004
2004_14_IND_HOU,14,IND,9.33356332699921,85,11.623125120060351,63,2004
2004_14_KC_TEN,14,KC,25.762403327645202,85,14.874492247297894,56,2004
2004_14_KC_TEN,14,TEN,11.460615028955294,110,8.238669580841393,81,2004
2004_14_MIA_DEN,14,DEN,-2.860143150071699,89,-2.773734162461906,68,2004
2004_14_MIA_DEN,14,MIA,-3.4733742840905597,79,-7.356359773504412,61,2004
2004_14_NO_DAL,14,DAL,-12.300550034611529,84,-17.467763245098887,65,2004
2004_14_NO_DAL,14,NO,5.504256024978925,92,-5.917667569638482,68,2004
2004_14_NYG_BAL,14,BAL,-4.951994851736858,104,-6.916381021255216,79,2004
2004_14_NYG_BAL,14,NYG,-26.30452526904615,78,-26.51656717776145,49,2004
2004_14_NYJ_PIT,14,NYJ,-9.44770178932231,83,-9.564662368685068,63,2004
2004_14_NYJ_PIT,14,PIT,-0.009629304156724139,69,-1.9121110731942448,50,2004
2004_14_OAK_ATL,14,ATL,14.153607195242447,89,6.929017843096517,68,2004
2004_14_OAK_ATL,14,LV,-9.97609717401226,71,-13.036173212003566,52,2004
2004_14_PHI_WAS,14,PHI,-0.6402269154929949,77,-2.7738525649986276,56,2004
2004_14_PHI_WAS,14,WAS,-6.96877491335882,96,-2.953876318375616,74,2004
2004_14_SEA_MIN,14,MIN,0.900125219847224,82,-5.857354287550555,59,2004
2004_14_SEA_MIN,14,SEA,8.963222479959473,89,11.40334439137894,68,2004
2004_14_SF_ARI,14,ARI,8.292092963471458,91,7.226390579858371,71,2004
2004_14_SF_ARI,14,SF,13.971964681608897,102,0.18270524798296162,76,2004
2004_14_STL_CAR,14,CAR,-3.3569001264838425,87,-5.913544900395127,67,2004
2004_14_STL_CAR,14,LA,-15.08854150945977,68,-16.107642454095185,53,2004
2004_14_TB_SD,14,LAC,3.5961120757570644,73,-2.3320122884837176,55,2004
2004_14_TB_SD,14,TB,-1.470768901380839,97,0.017922177099037206,70,2004
2004_15_BAL_IND,15,BAL,-10.275305973680382,92,-5.910916758576562,70,2004
2004_15_BAL_IND,15,IND,-2.738227056328059,76,3.1424003364234014,55,2004
2004_15_BUF_CIN,15,BUF,-1.4278705346874316,81,-11.90439364816978,60,2004
2004_15_BUF_CIN,15,CIN,-22.7652814258906,87,-20.706393633962588,66,2004
2004_15_CAR_ATL,15,ATL,3.04258854084119,91,-3.2589487145616847,70,2004
2004_15_CAR_ATL,15,CAR,3.596698613389214,84,4.367270280129533,64,2004
2004_15_DAL_PHI,15,DAL,-11.43047518433728,77,-7.821934015222777,57,2004
2004_15_DAL_PHI,15,PHI,-7.305068241031884,76,-4.538811579593923,64,2004
2004_15_DEN_KC,15,DEN,1.9714425801214834,90,-0.06276134750805795,67,2004
2004_15_DEN_KC,15,KC,29.045842871638225,82,16.445280636319296,62,2004
2004_15_HOU_CHI,15,CHI,-29.808552889619023,84,-34.79682927855943,63,2004
2004_15_HOU_CHI,15,HOU,-7.559309533658566,87,2.2593237886872073,62,2004
2004_15_JAX_GB,15,GB,2.512441949162546,88,-2.2496893860232925,67,2004
2004_15_JAX_GB,15,JAX,8.950738608983173,83,4.311279901943635,55,2004
2004_15_MIN_DET,15,DET,10.081187648811992,88,9.609697019122585,70,2004
2004_15_MIN_DET,15,MIN,10.806887347937552,84,18.216037264297483,62,2004
2004_15_NE_MIA,15,MIA,0.38564141931469376,81,-1.9031072036975871,59,2004
2004_15_NE_MIA,15,NE,2.3128136692399304,87,4.254613734141458,68,2004
2004_15_NO_TB,15,NO,-0.3004748652816175,77,-1.0059224369145365,57,2004
2004_15_NO_TB,15,TB,-6.511271823823073,75,-8.166147899946012,55,2004
2004_15_PIT_NYG,15,NYG,19.351449804679362,64,7.625763898292146,45,2004
2004_15_PIT_NYG,15,PIT,26.046490856584963,86,18.188578850123065,70,2004
2004_15_SD_CLE,15,CLE,-17.79286850601784,72,-19.447755907768794,58,2004
2004_15_SD_CLE,15,LAC,6.874133907077007,68,8.073558990610763,53,2004
2004_15_SEA_NYJ,15,NYJ,23.778068765278228,77,30.928354791358792,64,2004
2004_15_SEA_NYJ,15,SEA,1.671879141082436,72,1.1282187046017498,57,2004
2004_15_STL_ARI,15,ARI,8.948966787197222,95,5.428192597295615,76,2004
2004_15_STL_ARI,15,LA,-14.49361116420901,72,-15.456365618854761,51,2004
2004_15_TEN_OAK,15,LV,18.68352731725529,88,11.608715823731611,59,2004
2004_15_TEN_OAK,15,TEN,16.889890748957193,104,15.147030727210222,82,2004
2004_15_WAS_SF,15,SF,-19.344191979114708,81,-20.89241361245513,57,2004
2004_15_WAS_SF,15,WAS,0.17495367875407286,86,-0.16273398476913936,67,2004
2004_16_ARI_SEA,16,ARI,-2.5578426788338815,84,-2.857557651632508,67,2004
2004_16_ARI_SEA,16,SEA,-2.379547792464623,86,-2.3081220023351703,60,2004
2004_16_ATL_NO,16,ATL,-11.544295750698232,87,-15.01567947076298,68,2004
2004_16_ATL_NO,16,NO,-2.456729111331991,93,-8.526974604551436,66,2004
2004_16_BAL_PIT,16,BAL,-3.5066790659837856,65,-0.3327382798961125,53,2004
2004_16_BAL_PIT,16,PIT,8.472417768687855,72,9.419045623241718,59,2004
2004_16_BUF_SF,16,BUF,20.249389331009958,88,17.340344109449763,73,2004
2004_16_BUF_SF,16,SF,-18.928314561890016,69,-18.37285860267002,51,2004
2004_16_CAR_TB,16,CAR,22.56967800480991,83,17.219664943230722,61,2004
2004_16_CAR_TB,16,TB,1.0108765903864132,75,-0.05663044670643291,57,2004
2004_16_CHI_DET,16,CHI,-11.791293742056629,79,-10.519096382384188,63,2004
2004_16_CHI_DET,16,DET,-7.7040461372469276,87,-14.162047086850134,62,2004
2004_16_CLE_MIA,16,CLE,-13.498642687416446,74,-6.919115108667047,57,2004
2004_16_CLE_MIA,16,MIA,-12.260536339825062,93,-9.406668893810018,71,2004
2004_16_DEN_TEN,16,DEN,21.181871388777452,91,24.148643293104296,69,2004
2004_16_DEN_TEN,16,TEN,-5.963362775153524,67,-23.130543875111744,47,2004
2004_16_GB_MIN,16,GB,23.97085864588089,96,20.726384820944105,75,2004
2004_16_GB_MIN,16,MIN,18.92112159323815,67,17.44381108587379,47,2004
2004_16_HOU_JAX,16,HOU,-2.0083946570007956,87,1.6141673017368205,67,2004
2004_16_HOU_JAX,16,JAX,-25.82902384593035,58,-26.045284642440727,44,2004
2004_16_NE_NYJ,16,NE,7.40141994142689,87,7.449161623835531,67,2004
2004_16_NE_NYJ,16,NYJ,-12.484152249064318,73,-11.175445850705728,57,2004
2004_16_NYG_CIN,16,CIN,2.7131974766383955,76,-6.837868368983266,60,2004
2004_16_NYG_CIN,16,NYG,5.036938880985094,88,6.069816703447021,66,2004
2004_16_OAK_KC,16,KC,13.154154064861887,99,10.332989403644675,77,2004
2004_16_OAK_KC,16,LV,15.032349477195053,92,8.298249094912459,61,2004
2004_16_PHI_STL,16,LA,4.677880321931708,95,5.962597601869456,74,2004
2004_16_PHI_STL,16,PHI,-7.138196042762297,66,-12.404416633653454,43,2004
2004_16_SD_IND,16,IND,22.493861906693,98,12.658671620330715,73,2004
2004_16_SD_IND,16,LAC,25.234968152239983,82,20.698032406784968,59,2004
2004_16_WAS_DAL,16,DAL,-2.7246884883423763,89,-7.4138323927356105,72,2004
2004_16_WAS_DAL,16,WAS,-3.8498044906226414,69,-4.644136161795656,56,2004
2004_17_ATL_SEA,17,ATL,9.316460249422033,90,11.857901458421107,70,2004
2004_17_ATL_SEA,17,SEA,7.8716298230288695,68,2.032537132152356,52,2004
2004_17_CIN_PHI,17,CIN,4.665408013978526,84,8.828927035557946,61,2004
2004_17_CIN_PHI,17,PHI,-28.412627023753753,95,-20.81701343221363,73,2004
2004_17_CLE_HOU,17,CLE,2.7412750409981888,80,-4.997848681241122,60,2004
2004_17_CLE_HOU,17,HOU,-8.468559462610502,79,-5.883787627622951,57,2004
2004_17_DAL_NYG,17,DAL,9.942585479577495,80,7.677986445904038,66,2004
2004_17_DAL_NYG,17,NYG,10.601669602985867,73,9.178775508014951,53,2004
2004_17_DET_TEN,17,DET,-0.8584006127855242,96,-4.558493549226302,78,2004
2004_17_DET_TEN,17,TEN,1.343591698351188,80,1.6292334823711863,57,2004
2004_17_GB_CHI,17,CHI,-10.905962341042788,88,-16.71011924475897,65,2004
2004_17_GB_CHI,17,GB,11.663388078305234,70,15.023212922097255,54,2004
2004_17_IND_DEN,17,DEN,14.091560031018558,88,9.885350078312987,71,2004
2004_17_IND_DEN,17,IND,-3.80637232410637,66,-8.014877917885315,43,2004
2004_17_JAX_OAK,17,JAX,-8.47353279339573,80,-10.638089419594687,62,2004
2004_17_JAX_OAK,17,LV,-18.91228751942981,89,-25.51399466715952,70,2004
2004_17_KC_SD,17,KC,0.14240973109580357,90,3.6740797843573008,72,2004
2004_17_KC_SD,17,LAC,5.726083839509043,80,5.360505966176289,62,2004
2004_17_MIA_BAL,17,BAL,3.219894837522984,90,-1.2061873002345398,68,2004
2004_17_MIA_BAL,17,MIA,-1.9807143631110797,85,-10.090163222889071,61,2004
2004_17_MIN_WAS,17,MIN,7.44346938543483,86,9.201841108283169,66,2004
2004_17_MIN_WAS,17,WAS,8.232530868983698,73,3.046490756329149,59,2004
2004_17_NO_CAR,17,CAR,-6.412632724451876,92,-16.22922099370283,70,2004
2004_17_NO_CAR,17,NO,-0.30591763868102584,86,3.505058187095962,63,2004
2004_17_NYJ_STL,17,LA,0.33748562479995936,89,-0.8603976571556107,63,2004
2004_17_NYJ_STL,17,NYJ,3.3292699716372036,105,-3.357858771162802,81,2004
2004_17_PIT_BUF,17,BUF,-11.593088868866802,81,-9.001233163508466,50,2004
2004_17_PIT_BUF,17,PIT,-1.4849481743437631,95,-13.45651034714352,67,2004
2004_17_SF_NE,17,NE,1.3696914500546291,75,0.6587421969161369,63,2004
2004_17_SF_NE,17,SF,-11.195493694271004,82,-8.4347431337261,65,2004
2004_17_TB_ARI,17,ARI,-20.590385403251275,94,-19.994243782308256,68,2004
2004_17_TB_ARI,17,TB,-24.314524631299587,76,-22.96053126291372,56,2004
2005_01_ARI_NYG,1,ARI,-12.868063253590414,107,-12.963871986121543,80,2005
2005_01_ARI_NYG,1,NYG,6.7592797652513745,73,-3.044897487270646,49,2005
2005_01_CHI_WAS,1,CHI,-8.244966715916103,68,-9.01509516837541,49,2005
2005_01_CHI_WAS,1,WAS,-7.139239100273699,82,-3.845399333270632,65,2005
2005_01_CIN_CLE,1,CIN,8.030958868876438,87,6.7625735877117865,68,2005
2005_01_CIN_CLE,1,CLE,-9.822492516366239,76,-11.143886828615448,61,2005
2005_01_DAL_SD,1,DAL,16.47013944771659,85,15.570132590510184,61,2005
2005_01_DAL_SD,1,LAC,9.087175724322547,77,5.852022733163281,63,2005
2005_01_DEN_MIA,1,DEN,-17.160922420029106,89,-20.43890260242519,69,2005
2005_01_DEN_MIA,1,MIA,5.094963263575282,93,3.1296573146483304,69,2005
2005_01_GB_DET,1,DET,-3.0361341777493625,78,-6.359361515782393,60,2005
2005_01_GB_DET,1,GB,-16.34459218289703,85,-16.975935913052417,64,2005
2005_01_HOU_BUF,1,BUF,-1.8175511993975806,89,-4.546558595220541,63,2005
2005_01_HOU_BUF,1,HOU,-16.0948007677142,69,-19.121437159890775,49,2005
2005_01_IND_BAL,1,BAL,-17.91315458370796,98,-12.638412133334263,78,2005
2005_01_IND_BAL,1,IND,2.4419139386376947,82,3.2831000239522545,59,2005
2005_01_NO_CAR,1,CAR,6.027460513127417,76,4.403124106032102,57,2005
2005_01_NO_CAR,1,NO,11.797290289731144,78,7.333893509718111,58,2005
2005_01_NYJ_KC,1,KC,13.595409662252164,77,13.709812868211904,60,2005
2005_01_NYJ_KC,1,NYJ,-5.071436324324036,85,-5.8375425149161195,70,2005
2005_01_OAK_NE,1,LV,-0.6743979814342155,93,-0.6284633554806875,64,2005
2005_01_OAK_NE,1,NE,6.472049113741905,91,4.963578887516695,66,2005
2005_01_PHI_ATL,1,ATL,-17.63406687933052,84,-10.10289584111888,64,2005
2005_01_PHI_ATL,1,PHI,-18.954840596497682,83,-11.86538365916447,61,2005
2005_01_SEA_JAX,1,JAX,4.936041634777475,85,2.9584747716767317,65,2005
2005_01_SEA_JAX,1,SEA,-6.89339441292369,80,-4.21421344357077,58,2005
2005_01_STL_SF,1,LA,2.7502718751714137,108,10.898011184759405,90,2005
2005_01_STL_SF,1,SF,2.466327786184211,64,-2.274280432437081,39,2005
2005_01_TB_MIN,1,MIN,-19.662021862366394,73,-18.823494202736786,51,2005
2005_01_TB_MIN,1,TB,-6.227432965254887,85,-3.0563113087623996,60,2005
2005_01_TEN_PIT,1,PIT,22.545224784437394,65,21.440855268047674,52,2005
2005_01_TEN_PIT,1,TEN,-3.06955058834124,70,-2.1191352323151538,52,2005
2005_02_ATL_SEA,2,ATL,1.6054078536619936,71,-3.600813775824725,52,2005
2005_02_ATL_SEA,2,SEA,2.335553492849099,88,11.022000522178132,65,2005
2005_02_BAL_TEN,2,BAL,-19.18665815132395,85,-16.065201516401338,60,2005
2005_02_BAL_TEN,2,TEN,-7.299608183311385,91,-11.081438155735034,64,2005
2005_02_BUF_TB,2,BUF,-10.185133674647659,67,-16.504103672151686,49,2005
2005_02_BUF_TB,2,TB,4.32755368285897,80,5.196576703260728,61,2005
2005_02_CLE_GB,2,CLE,20.773528089448913,76,14.072336299827391,53,2005
2005_02_CLE_GB,2,GB,15.683993730832693,93,13.98545408030745,74,2005
2005_02_DET_CHI,2,CHI,2.6525575764614806,78,8.021078323652928,60,2005
2005_02_DET_CHI,2,DET,-28.319804531165442,80,-29.885277387220412,62,2005
2005_02_JAX_IND,2,IND,-5.375726888969234,83,-2.4774067796277617,66,2005
2005_02_JAX_IND,2,JAX,-11.122216668212786,76,-5.40884873803922,57,2005
2005_02_KC_OAK,2,KC,12.478038404239022,84,8.096165180157513,63,2005
2005_02_KC_OAK,2,LV,1.5350883622743736,78,0.8126673038584933,55,2005
2005_02_MIA_NYJ,2,MIA,-7.328768405502938,83,-4.260731751282735,62,2005
2005_02_MIA_NYJ,2,NYJ,1.8378610958318768,85,-1.9048624926406053,66,2005
2005_02_MIN_CIN,2,CIN,17.927673879050943,100,17.910461677738184,76,2005
2005_02_MIN_CIN,2,MIN,-10.595917939513921,76,-17.45814865473937,54,2005
2005_02_NE_CAR,2,CAR,-2.5458841046561846,83,-14.90241149533443,61,2005
2005_02_NE_CAR,2,NE,-10.348884818944235,90,-9.45951240962191,62,2005
2005_02_NYG_NO,2,NO,-12.167193616500168,92,-2.9218415843033796,70,2005
2005_02_NYG_NO,2,NYG,9.124918125068175,76,9.495376119209539,51,2005
2005_02_PIT_HOU,2,HOU,-7.2561433658869285,76,-4.488036200928036,59,2005
2005_02_PIT_HOU,2,PIT,16.17614477218059,69,15.73939526910199,54,2005
2005_02_SD_DEN,2,DEN,-7.858408335174055,84,-6.312036209842248,66,2005
2005_02_SD_DEN,2,LAC,-8.539745437024713,72,-6.7025108151715145,51,2005
2005_02_SF_PHI,2,PHI,21.954453891013028,86,28.859459127342724,70,2005
2005_02_SF_PHI,2,SF,-16.376569165789988,65,-22.05290214320075,47,2005
2005_02_STL_ARI,2,ARI,-6.749602567637339,85,-4.316020004337304,63,2005
2005_02_STL_ARI,2,LA,0.7646116479448115,72,-0.15636835174313646,55,2005
2005_02_WAS_DAL,2,DAL,-4.125682934121738,85,-1.5335868492993114,64,2005
2005_02_WAS_DAL,2,WAS,-2.0170425146786424,89,0.6527879657514859,64,2005
2005_03_ARI_SEA,3,ARI,-3.7732329805439804,84,-7.8448100299479036,59,2005
2005_03_ARI_SEA,3,SEA,18.199961456819963,90,14.540093717112953,69,2005
2005_03_ATL_BUF,3,ATL,12.45438128502468,84,14.52523184383029,60,2005
2005_03_ATL_BUF,3,BUF,1.918165118440943,80,-10.896582868849197,62,2005
2005_03_CAR_MIA,3,CAR,10.199269715194927,88,0.11446282252363194,65,2005
2005_03_CAR_MIA,3,MIA,10.903417790680063,87,1.3123777366909835,62,2005
2005_03_CIN_CHI,3,CHI,-26.296483529957055,85,-28.32829152631081,67,2005
2005_03_CIN_CHI,3,CIN,-5.483040016355122,80,-3.8958529182366943,53,2005
2005_03_CLE_IND,3,CLE,-2.684619978070259,72,-1.9227305906574461,56,2005
2005_03_CLE_IND,3,IND,2.068665279692346,68,8.278912175960645,53,2005
2005_03_DAL_SF,3,DAL,7.642738424671453,90,7.843086419278059,72,2005
2005_03_DAL_SF,3,SF,1.0704354614432123,88,2.251420342217898,60,2005
2005_03_JAX_NYJ,3,JAX,4.236359714952677,96,-6.267592848979106,73,2005
2005_03_JAX_NYJ,3,NYJ,-6.129835567014843,76,-14.17101332222717,50,2005
2005_03_KC_DEN,3,DEN,15.801962788762863,70,14.594751299571108,55,2005
2005_03_KC_DEN,3,KC,-3.1108035679716113,92,-3.528333716987291,68,2005
2005_03_NE_PIT,3,NE,1.3853807766138648,92,0.05729092470388375,74,2005
2005_03_NE_PIT,3,PIT,-5.391579336966707,80,-5.714642066747066,54,2005
2005_03_NO_MIN,3,MIN,4.057680093845808,101,5.270773363965347,72,2005
2005_03_NO_MIN,3,NO,-10.846159124959419,81,-8.274928477939723,56,2005
2005_03_NYG_SD,3,LAC,34.51047398803427,76,28.08690049252463,56,2005
2005_03_NYG_SD,3,NYG,14.915311227480096,96,12.464544952911332,66,2005
2005_03_OAK_PHI,3,LV,3.572485193479488,93,8.718892151982711,64,2005
2005_03_OAK_PHI,3,PHI,6.709753280120308,97,3.31321746102185,70,2005
2005_03_TB_GB,3,GB,-5.855668955234896,66,-5.373596242558129,51,2005
2005_03_TB_GB,3,TB,-2.727207273928534,88,-0.9782408256660453,67,2005
2005_03_TEN_STL,3,LA,-13.628081955691503,74,-13.085976478031512,52,2005
2005_03_TEN_STL,3,TEN,-13.858796087920675,94,-12.68013929196753,64,2005
2005_04_BUF_NO,4,BUF,-9.26234215191814,66,-8.67048126020235,48,2005
2005_04_BUF_NO,4,NO,2.167025151580879,87,-0.9014825965667268,66,2005
2005_04_DAL_OAK,4,DAL,5.554238212466037,83,0.06186636544426083,63,2005
2005_04_DAL_OAK,4,LV,9.991630622513316,82,3.0277003006672327,54,2005
2005_04_DEN_JAX,4,DEN,0.0055549570973107976,92,5.508240824116218,71,2005
2005_04_DEN_JAX,4,JAX,-14.49039506230461,70,-12.358186993806157,47,2005
2005_04_DET_TB,4,DET,-7.871413144042759,71,-9.476670799181498,54,2005
2005_04_DET_TB,4,TB,-6.254137938478117,84,-9.314665019557198,64,2005
2005_04_GB_CAR,4,CAR,9.251058172413252,80,1.8784274915208923,58,2005
2005_04_GB_CAR,4,GB,8.343238923051583,88,6.700016595991098,70,2005
2005_04_HOU_CIN,4,CIN,9.944129585819741,83,13.835431351042239,60,2005
2005_04_HOU_CIN,4,HOU,5.58301405778197,73,6.287263334924493,55,2005
2005_04_IND_TEN,4,IND,26.826440340694333,66,25.229873200060613,53,2005
2005_04_IND_TEN,4,TEN,1.6942979248198253,76,6.110744714611727,58,2005
2005_04_MIN_ATL,4,ATL,11.148835854476307,80,7.774635820118757,62,2005
2005_04_MIN_ATL,4,MIN,-8.102652515046223,83,-9.46469333041989,59,2005
2005_04_NYJ_BAL,4,BAL,-10.189126270233697,79,-13.397836280822883,63,2005
2005_04_NYJ_BAL,4,NYJ,-19.025346208596602,67,-18.325806442496187,48,2005
2005_04_PHI_KC,4,KC,2.8927927011687466,81,-4.395214874999535,60,2005
2005_04_PHI_KC,4,PHI,13.748454611152326,88,17.506172238912058,65,2005
2005_04_SD_NE,4,LAC,26.812282067760613,84,23.991260128694375,63,2005
2005_04_SD_NE,4,NE,-1.5124272910031413,75,-4.3407771994180475,54,2005
2005_04_SEA_WAS,4,SEA,9.081015184827528,79,13.990885340434923,62,2005
2005_04_SEA_WAS,4,WAS,8.708016174452759,93,7.326556695120431,77,2005
2005_04_SF_ARI,4,ARI,-0.5552852303442042,99,-7.583241541360054,84,2005
2005_04_SF_ARI,4,SF,-18.4360051016699,75,-18.904234411660582,49,2005
2005_04_STL_NYG,4,LA,5.915674569398503,102,8.155297103474773,78,2005
2005_04_STL_NYG,4,NYG,23.55557223418939,91,24.368695232490744,63,2005
2005_05_BAL_DET,5,BAL,-9.963302348903698,92,-7.489051136200526,68,2005
2005_05_BAL_DET,5,DET,6.073215428325118,81,2.4289950761012733,61,2005
2005_05_CAR_ARI,5,ARI,-8.293728558622853,94,-9.6725532562705,74,2005
2005_05_CAR_ARI,5,CAR,-1.51231424238678,78,0.5123725550317388,55,2005
2005_05_CHI_CLE,5,CHI,-19.09375436184187,81,-17.677822702038863,63,2005
2005_05_CHI_CLE,5,CLE,-10.67270674013681,78,-9.955511973539942,57,2005
2005_05_CIN_JAX,5,CIN,-1.0471640504399238,87,4.314973420347699,61,2005
2005_05_CIN_JAX,5,JAX,-0.4605604536333976,83,1.0765110633158623,57,2005
2005_05_IND_SF,5,IND,6.17881196728611,76,12.399828022986185,58,2005
2005_05_IND_SF,5,SF,-22.195232036639936,73,-22.741881130310098,56,2005
2005_05_MIA_BUF,5,BUF,5.836804947830651,89,-9.331603763900084,65,2005
2005_05_MIA_BUF,5,MIA,1.1676043893824408,79,-3.186481077806093,54,2005
2005_05_NE_ATL,5,ATL,11.530133896969872,88,5.667932564322717,64,2005
2005_05_NE_ATL,5,NE,18.483560219531594,84,19.519615491250907,58,2005
2005_05_NO_GB,5,GB,11.344986718374471,77,12.81461586345887,56,2005
2005_05_NO_GB,5,NO,-36.66886066226289,92,-33.01136687986207,64,2005
2005_05_PHI_DAL,5,DAL,7.380610815766373,101,-0.011506009876411483,80,2005
2005_05_PHI_DAL,5,PHI,-13.302840345531745,65,-13.0013039483186,43,2005
2005_05_PIT_SD,5,LAC,8.12794816263365,78,-2.300421745341443,58,2005
2005_05_PIT_SD,5,PIT,12.351664594629652,86,6.566048018713659,61,2005
2005_05_SEA_STL,5,LA,7.514178308913781,85,8.252295522347131,61,2005
2005_05_SEA_STL,5,SEA,18.501782663066336,98,13.962708135189441,69,2005
2005_05_TB_NYJ,5,NYJ,-2.149025344013089,67,-1.1985833198817915,48,2005
2005_05_TB_NYJ,5,TB,-1.7570605156943202,92,-10.689432838894241,69,2005
2005_05_TEN_HOU,5,HOU,1.5011887517276383,86,-6.757624814356968,63,2005
2005_05_TEN_HOU,5,TEN,17.282828007549604,85,5.853887974851155,62,2005
2005_05_WAS_DEN,5,DEN,3.392779315145558,75,2.9174902805825695,51,2005
2005_05_WAS_DEN,5,WAS,3.957551145511637,102,4.530029306847596,80,2005
2005_06_ATL_NO,6,ATL,5.396857117034327,81,1.2694449872703197,57,2005
2005_06_ATL_NO,6,NO,-0.3972381767590364,87,5.760352858967444,67,2005
2005_06_CAR_DET,6,CAR,-23.347669920779776,78,-18.909132873122758,58,2005
2005_06_CAR_DET,6,DET,-26.71705557084674,84,-29.12859569527519,58,2005
2005_06_CIN_TEN,6,CIN,7.884597669618033,82,12.625619807195761,61,2005
2005_06_CIN_TEN,6,TEN,-2.5881604265157057,82,-6.730831565284143,64,2005
2005_06_CLE_BAL,6,BAL,-3.2595586189344026,84,2.2860015837678525,63,2005
2005_06_CLE_BAL,6,CLE,-14.740728961129207,69,-16.26802878921764,52,2005
2005_06_HOU_SEA,6,HOU,1.137855275425086,86,3.427457514142051,57,2005
2005_06_HOU_SEA,6,SEA,31.442538127696817,80,32.458498535794206,62,2005
2005_06_JAX_PIT,6,JAX,-12.977305124557198,94,-10.950403690745588,73,2005
2005_06_JAX_PIT,6,PIT,-22.571467343761206,83,-25.47594962733381,59,2005
2005_06_MIA_TB,6,MIA,-13.734881467411338,90,-18.08697473305252,63,2005
2005_06_MIA_TB,6,TB,-2.6198009261639212,88,0.7448040612109574,63,2005
2005_06_MIN_CHI,6,CHI,-9.35373134541389,78,-12.20622445648769,56,2005
2005_06_MIN_CHI,6,MIN,-33.49018044746481,99,-22.147118506754662,72,2005
2005_06_NE_DEN,6,DEN,18.69994312143588,78,15.329362318501808,57,2005
2005_06_NE_DEN,6,NE,14.137745492116927,91,8.565760124817547,64,2005
2005_06_NYG_DAL,6,DAL,-12.198306703175927,100,-9.071193844566569,77,2005
2005_06_NYG_DAL,6,NYG,-13.229623424754987,69,-17.41579504352596,53,2005
2005_06_NYJ_BUF,6,BUF,6.422155083004723,93,2.7425239638336634,64,2005
2005_06_NYJ_BUF,6,NYJ,-2.4119723345936204,73,-9.876713060219053,52,2005
2005_06_SD_OAK,6,LAC,18.063497737363317,89,10.076544165141836,64,2005
2005_06_SD_OAK,6,LV,0.25297358162087225,85,-4.254373133182526,65,2005
2005_06_STL_IND,6,IND,13.415402853138724,93,20.633658286592894,69,2005
2005_06_STL_IND,6,LA,-0.8369075061086013,73,-0.2836470240701541,52,2005
2005_06_WAS_KC,6,KC,10.316759413545167,76,4.086846248563741,58,2005
2005_06_WAS_KC,6,WAS,5.673793030139162,90,0.3448593476205133,72,2005
2005_07_BAL_CHI,7,BAL,-10.27026011236012,82,-9.643176342640391,58,2005
2005_07_BAL_CHI,7,CHI,-8.390886903150982,83,-7.286358836027292,58,2005
2005_07_BUF_OAK,7,BUF,2.367319218887396,75,-4.138258550615636,53,2005
2005_07_BUF_OAK,7,LV,21.869650009358086,89,21.351641355405363,66,2005
2005_07_DAL_SEA,7,DAL,-9.753312650984407,88,-14.987191420453051,67,2005
2005_07_DAL_SEA,7,SEA,-8.88596474510643,90,-14.370207313662366,65,2005
2005_07_DEN_NYG,7,DEN,15.316885188062123,81,13.343797491869768,62,2005
2005_07_DEN_NYG,7,NYG,12.126515146250709,85,2.4854589180312505,62,2005
2005_07_DET_CLE,7,CLE,-10.339311455718285,65,-14.708470900818208,45,2005
2005_07_DET_CLE,7,DET,-4.525715733056,92,-0.885860247952011,69,2005
2005_07_GB_MIN,7,GB,7.994686226895693,84,12.414164661665657,60,2005
2005_07_GB_MIN,7,MIN,9.513302972667999,77,2.653255892118385,62,2005
2005_07_IND_HOU,7,HOU,-2.683392929019276,64,-14.436022906520403,48,2005
2005_07_IND_HOU,7,IND,18.320220201716616,78,23.878914810738053,60,2005
2005_07_KC_MIA,7,KC,16.588751578405603,101,11.473312487569006,79,2005
2005_07_KC_MIA,7,MIA,1.7108345613380966,70,-5.271401704760841,47,2005
2005_07_NO_STL,7,LA,-3.7887115565018554,73,0.28851519986208274,54,2005
2005_07_NO_STL,7,NO,-12.250749478221723,100,-13.977100416998816,75,2005
2005_07_NYJ_ATL,7,ATL,-4.103243236471211,82,-2.041225647062465,64,2005
2005_07_NYJ_ATL,7,NYJ,-16.294370784849477,76,-17.253086159500526,60,2005
2005_07_PIT_CIN,7,CIN,-7.102795593433125,72,-6.030861258378949,57,2005
2005_07_PIT_CIN,7,PIT,11.12118193724785,78,6.862103235336377,58,2005
2005_07_SD_PHI,7,LAC,-17.131926559711893,85,-9.982660709704405,63,2005
2005_07_SD_PHI,7,PHI,-16.23635529306167,95,-16.27464065918719,67,2005
2005_07_SF_WAS,7,SF,-7.527663860455242,73,-11.666143022226453,47,2005
2005_07_SF_WAS,7,WAS,25.844779449683315,83,26.659814476886314,58,2005
2005_07_TEN_ARI,7,ARI,-16.729365731691097,75,-19.328261635296627,54,2005
2005_07_TEN_ARI,7,TEN,-24.777378304155587,99,-28.764170102175942,76,2005
2005_08_ARI_DAL,8,ARI,-8.567517875104254,81,-13.499316710766978,61,2005
2005_08_ARI_DAL,8,DAL,10.03349792465504,76,7.786659255149154,59,2005
2005_08_BAL_PIT,8,BAL,-0.33377338566775006,91,-2.099198173313484,72,2005
2005_08_BAL_PIT,8,PIT,-2.601791379783854,75,-3.4225857624156317,60,2005
2005_08_BUF_NE,8,BUF,0.032586186345856305,93,1.8840199268798625,73,2005
2005_08_BUF_NE,8,NE,1.4879807307665347,65,-0.44324396809679456,46,2005
2005_08_CHI_DET,8,CHI,-2.4446562836763173,82,-4.3603716618276405,62,2005
2005_08_CHI_DET,8,DET,-12.141447628056788,87,-9.345493417994966,65,2005
2005_08_CLE_HOU,8,CLE,-9.061354694671863,76,-7.079531898637072,59,2005
2005_08_CLE_HOU,8,HOU,-6.305716290621022,79,-7.1332603143977025,57,2005
2005_08_GB_CIN,8,CIN,5.570220120564441,82,-0.25740066886646673,63,2005
2005_08_GB_CIN,8,GB,0.4611084053324608,75,-3.2322128545492887,62,2005
2005_08_JAX_STL,8,JAX,-9.420330246049456,77,1.4654362320742207,61,2005
2005_08_JAX_STL,8,LA,-9.898490749835513,78,0.4399803885731979,54,2005
2005_08_KC_SD,8,KC,3.3313071281448083,87,2.5559143945119427,68,2005
2005_08_KC_SD,8,LAC,8.18779757825594,86,4.57889270427404,66,2005
2005_08_MIA_NO,8,MIA,2.2337126376879906,96,-2.0290800371535673,74,2005
2005_08_MIA_NO,8,NO,-16.77682738751173,72,-19.923101770869586,53,2005
2005_08_MIN_CAR,8,CAR,25.618041435642887,88,21.531744135605905,67,2005
2005_08_MIN_CAR,8,MIN,1.7007453095214013,78,1.818797752836507,55,2005
2005_08_OAK_TEN,8,LV,8.304552516172935,76,8.719927546948373,53,2005
2005_08_OAK_TEN,8,TEN,-4.4600849773265345,92,-4.094511875763312,71,2005
2005_08_PHI_DEN,8,DEN,27.557244920863937,96,27.748856751655694,72,2005
2005_08_PHI_DEN,8,PHI,0.06228604990650144,79,-5.181427967560012,55,2005
2005_08_TB_SF,8,SF,-15.384224902605638,79,-18.376659678402117,58,2005
2005_08_TB_SF,8,TB,-19.501958368920764,82,-15.495445229931414,59,2005
2005_08_WAS_NYG,8,NYG,1.0267214183335773,98,-2.081638924826203,78,2005
2005_08_WAS_NYG,8,WAS,-34.18247765820706,76,-33.394653524213936,51,2005
2005_09_ATL_MIA,9,ATL,12.550165505861777,88,14.468926865479842,72,2005
2005_09_ATL_MIA,9,MIA,2.9208841953733504,64,-6.593211519762544,46,2005
2005_09_CAR_TB,9,CAR,10.843533264735541,70,7.0815975754065335,50,2005
2005_09_CAR_TB,9,TB,-14.033453331779775,87,-22.98443712637527,65,2005
2005_09_CHI_NO,9,CHI,-6.152609965399924,83,-9.178209776408698,60,2005
2005_09_CHI_NO,9,NO,-10.723192422053863,80,-13.31926352660182,61,2005
2005_09_CIN_BAL,9,BAL,-2.3582722539431415,72,-6.979386291594524,57,2005
2005_09_CIN_BAL,9,CIN,11.850638647644187,79,11.857303015270325,60,2005
2005_09_DET_MIN,9,DET,-11.302897547826023,91,-11.46042656657945,72,2005
2005_09_DET_MIN,9,MIN,1.366087072225743,78,-3.2723511328089714,59,2005
2005_09_HOU_JAX,9,HOU,4.62687489834233,74,3.930065862252377,59,2005
2005_09_HOU_JAX,9,JAX,9.858024251320272,74,11.279002010298427,52,2005
2005_09_IND_NE,9,IND,33.23324058107456,95,28.777365283757366,76,2005
2005_09_IND_NE,9,NE,9.498216725005872,72,3.7480882613454014,55,2005
2005_09_NYG_SF,9,NYG,7.6638481945487325,83,12.78295736676241,62,2005
2005_09_NYG_SF,9,SF,-13.154179150238633,75,-15.437767562983833,45,2005
2005_09_OAK_KC,9,KC,10.095073521887057,86,4.255813562491027,62,2005
2005_09_OAK_KC,9,LV,8.852196752879768,92,-2.232986607188189,69,2005
2005_09_PHI_WAS,9,PHI,-0.16153524250681128,78,-1.5732688213500152,60,2005
2005_09_PHI_WAS,9,WAS,4.633139858910262,76,-0.13669892859455146,58,2005
2005_09_PIT_GB,9,GB,-19.73860570554812,84,-21.75677018426227,65,2005
2005_09_PIT_GB,9,PIT,-5.959743267958138,65,-7.679998632748073,46,2005
2005_09_SD_NYJ,9,LAC,20.911538672623127,83,18.43979931393693,61,2005
2005_09_SD_NYJ,9,NYJ,11.72880797792497,79,1.8498914704752334,60,2005
2005_09_SEA_ARI,9,ARI,0.6826068225856443,90,-5.815254568362295,72,2005
2005_09_SEA_ARI,9,SEA,18.568615528609897,77,17.475774848968562,52,2005
2005_09_TEN_CLE,9,CLE,-4.491121021783066,86,-1.538214187778788,66,2005
2005_09_TEN_CLE,9,TEN,-8.118162933489394,83,-7.684612357910115,65,2005
2005_10_ARI_DET,10,ARI,9.455713959431117,78,8.385056117924979,61,2005
2005_10_ARI_DET,10,DET,13.385375737142272,90,8.604671736644146,63,2005
2005_10_BAL_JAX,10,BAL,-26.727925351413433,74,-24.75734333667594,54,2005
2005_10_BAL_JAX,10,JAX,1.281715313751588,85,0.6346003544164933,64,2005
2005_10_CLE_PIT,10,CLE,2.769058468890248,71,1.3046193119662348,55,2005
2005_10_CLE_PIT,10,PIT,14.465863134334157,90,13.50798393563331,66,2005
2005_10_DAL_PHI,10,DAL,-0.8960371613862346,70,-5.624222201004159,50,2005
2005_10_DAL_PHI,10,PHI,-4.305376568968959,102,-3.495726717264728,76,2005
2005_10_DEN_OAK,10,DEN,3.3419763562855387,79,1.329750246502467,59,2005
2005_10_DEN_OAK,10,LV,-14.684380703474481,94,-12.366778372774863,71,2005
2005_10_GB_ATL,10,ATL,-7.727454481038349,86,-11.558964228867943,63,2005
2005_10_GB_ATL,10,GB,5.111321045102774,88,2.940162989477849,68,2005
2005_10_HOU_IND,10,HOU,8.111857232241574,69,-3.2357063025798434,52,2005
2005_10_HOU_IND,10,IND,19.773768572974316,83,20.512871001138095,63,2005
2005_10_KC_BUF,10,BUF,-17.024564616716553,67,-13.814665152029425,49,2005
2005_10_KC_BUF,10,KC,-27.3346320776036,95,-19.788148188019314,78,2005
2005_10_MIN_NYG,10,MIN,-19.415786639299373,81,-17.887574194594364,55,2005
2005_10_MIN_NYG,10,NYG,-25.26995929185771,103,-15.462104865110867,80,2005
2005_10_NE_MIA,10,MIA,-3.0507201762008913,92,-3.919934454857397,73,2005
2005_10_NE_MIA,10,NE,6.745500444987789,85,0.3202961530542523,64,2005
2005_10_NYJ_CAR,10,CAR,-0.6465256016013569,70,-7.365344991398348,54,2005
2005_10_NYJ_CAR,10,NYJ,-27.565713081741706,73,-25.522174387132118,56,2005
2005_10_SF_CHI,10,CHI,-9.669118273173545,72,-9.469861285520311,51,2005
2005_10_SF_CHI,10,SF,-14.506591951823793,83,-22.422907255469127,59,2005
2005_10_STL_SEA,10,LA,3.87218089905959,83,-1.1980660909856002,64,2005
2005_10_STL_SEA,10,SEA,15.220713560964741,82,10.367815090222091,65,2005
2005_10_WAS_TB,10,TB,10.542145707252264,76,8.744590801987332,55,2005
2005_10_WAS_TB,10,WAS,13.119495356230402,88,5.377888405184222,71,2005
2005_11_ARI_STL,11,ARI,22.81219131659855,91,13.008892215598417,66,2005
2005_11_ARI_STL,11,LA,6.707725311160702,85,0.7895162541897909,61,2005
2005_11_BUF_SD,11,BUF,-3.15979031507582,78,-9.276478663337548,54,2005
2005_11_BUF_SD,11,LAC,33.98930328419453,84,31.086513723100452,68,2005
2005_11_CAR_CHI,11,CAR,-17.114051593933254,82,-15.93672304629879,63,2005
2005_11_CAR_CHI,11,CHI,-8.784630898029587,79,-9.188728205403603,55,2005
2005_11_DET_DAL,11,DAL,5.097542497693475,88,-1.8627985509126381,64,2005
2005_11_DET_DAL,11,DET,-6.778325527578868,64,1.146878324047778,45,2005
2005_11_IND_CIN,11,CIN,19.343512400723355,86,15.635882607439605,65,2005
2005_11_IND_CIN,11,IND,32.0920697054106,95,26.40852575639319,67,2005
2005_11_JAX_TEN,11,JAX,10.934073828801575,91,5.772780295514993,68,2005
2005_11_JAX_TEN,11,TEN,3.731707077735864,80,-0.6435863372753374,54,2005
2005_11_KC_HOU,11,HOU,-16.573681658516506,74,-25.245202488245415,56,2005
2005_11_KC_HOU,11,KC,13.807524825113283,94,19.439647406303262,69,2005
2005_11_MIA_CLE,11,CLE,1.3105300543977956,84,0.4300671687297499,66,2005
2005_11_MIA_CLE,11,MIA,-19.674794456223026,74,-17.992472762183752,55,2005
2005_11_MIN_GB,11,GB,-10.595723106161778,69,-12.887117248848373,49,2005
2005_11_MIN_GB,11,MIN,-4.927435243079991,92,-2.4466012175752994,69,2005
2005_11_NO_NE,11,NE,11.842478452039755,79,8.982232452182167,62,2005
2005_11_NO_NE,11,NO,6.997115989812564,94,11.690557887692428,71,2005
2005_11_NYJ_DEN,11,DEN,9.3860320672033,90,10.846618545519705,74,2005
2005_11_NYJ_DEN,11,NYJ,-17.394028913869988,57,-15.275335540471133,43,2005
2005_11_OAK_WAS,11,LV,-3.958259741040688,85,-0.7536455081892512,64,2005
2005_11_OAK_WAS,11,WAS,-10.417464971651366,85,-15.600089199181046,61,2005
2005_11_PHI_NYG,11,NYG,7.364035964208993,82,-0.1873474663145429,59,2005
2005_11_PHI_NYG,11,PHI,-0.5535327221002357,88,1.0327355564248424,68,2005
2005_11_PIT_BAL,11,BAL,-12.061364290006036,101,-17.882024557875752,79,2005
2005_11_PIT_BAL,11,PIT,-12.802741001352711,95,-14.023576999482621,68,2005
2005_11_SEA_SF,11,SEA,13.178445605699777,87,12.806864726062049,63,2005
2005_11_SEA_SF,11,SF,7.460823817462618,82,1.4541415814690115,60,2005
2005_11_TB_ATL,11,ATL,3.6655230497005293,101,4.8324931527267125,77,2005
2005_11_TB_ATL,11,TB,11.28412398686003,65,6.977468534317117,45,2005
2005_12_ATL_DET,12,ATL,7.383111548772537,84,8.462098920587668,66,2005
2005_12_ATL_DET,12,DET,-18.31879641455614,87,-17.68778540333733,66,2005
2005_12_BAL_CIN,12,BAL,7.251897050250193,91,3.7208915229426855,69,2005
2005_12_BAL_CIN,12,CIN,17.235196770940735,83,8.339501722368233,63,2005
2005_12_CAR_BUF,12,BUF,-1.6830350975506008,73,-4.570497633904257,56,2005
2005_12_CAR_BUF,12,CAR,4.6964432037276715,77,8.093238669488306,60,2005
2005_12_CHI_TB,12,CHI,-4.583881364312997,79,-8.381696647103958,63,2005
2005_12_CHI_TB,12,TB,-9.72052743675145,75,-9.47402807537575,58,2005
2005_12_CLE_MIN,12,CLE,-12.30391884177504,80,-18.56314771931793,62,2005
2005_12_CLE_MIN,12,MIN,-1.599360975914645,82,-0.4376285661337569,59,2005
2005_12_DEN_DAL,12,DAL,-3.4403209963125527,98,-5.433723678268008,76,2005
2005_12_DEN_DAL,12,DEN,2.1044467499236226,69,1.2141426877287387,46,2005
2005_12_GB_PHI,12,GB,-12.794148864267946,87,-2.5397031095344573,64,2005
2005_12_GB_PHI,12,PHI,-8.680314082819546,85,-11.846760242854238,63,2005
2005_12_JAX_ARI,12,ARI,-2.702760519619651,86,-3.9815277458965674,64,2005
2005_12_JAX_ARI,12,JAX,7.174357616073789,82,4.357133754632083,60,2005
2005_12_MIA_OAK,12,LV,-5.230673238438216,103,-7.8355226261192,69,2005
2005_12_MIA_OAK,12,MIA,10.139260705415452,84,4.63892121883768,66,2005
2005_12_NE_KC,12,KC,11.213961124842434,85,5.8880549012678145,61,2005
2005_12_NE_KC,12,NE,4.095473772693616,74,0.23374093655442607,62,2005
2005_12_NO_NYJ,12,NO,12.276395229544674,71,11.787398442509584,47,2005
2005_12_NO_NYJ,12,NYJ,7.504768535502212,83,1.604797101991677,64,2005
2005_12_NYG_SEA,12,NYG,-2.574684074446602,117,6.429588848252517,85,2005
2005_12_NYG_SEA,12,SEA,-3.4617598996042624,101,-5.750235448453681,74,2005
2005_12_PIT_IND,12,IND,1.1896458411469677,79,1.5096000712470379,59,2005
2005_12_PIT_IND,12,PIT,-16.771352220582934,77,-13.031817258936034,54,2005
2005_12_SD_WAS,12,LAC,3.7343157617872658,100,4.875028495885295,75,2005
2005_12_SD_WAS,12,WAS,-6.121761234753385,83,-3.8182324113620254,61,2005
2005_12_SF_TEN,12,SF,-9.77729353585126,92,-5.912994554528869,67,2005
2005_12_SF_TEN,12,TEN,-0.3448051864466515,90,-2.416259567015667,66,2005
2005_12_STL_HOU,12,HOU,15.055852673781299,89,13.49961739650595,69,2005
2005_12_STL_HOU,12,LA,21.216756031565563,91,17.592927519561673,69,2005
2005_13_ARI_SF,13,ARI,-1.1385081939077937,93,10.239288183099578,68,2005
2005_13_ARI_SF,13,SF,-12.019887547757985,65,-16.79948526243336,47,2005
2005_13_ATL_CAR,13,ATL,-13.908110188960563,80,-13.312270575019388,63,2005
2005_13_ATL_CAR,13,CAR,3.775445051222446,77,0.31163036442586245,59,2005
2005_13_BUF_MIA,13,BUF,2.8091257683049067,85,-1.8429519431083463,62,2005
2005_13_BUF_MIA,13,MIA,1.2389077198681067,116,0.35741658007983634,89,2005
2005_13_CIN_PIT,13,CIN,19.79142916730118,85,13.994053919642269,61,2005
2005_13_CIN_PIT,13,PIT,7.849170712550931,91,3.2532237426204187,71,2005
2005_13_DAL_NYG,13,DAL,-16.742412834944712,92,-23.06392726291223,68,2005
2005_13_DAL_NYG,13,NYG,-11.77724334799833,85,-16.319986183856024,66,2005
2005_13_DEN_KC,13,DEN,12.314595460579252,75,7.081589413391898,60,2005
2005_13_DEN_KC,13,KC,13.278148649797723,84,9.56145784374115,60,2005
2005_13_GB_CHI,13,CHI,-17.129180609483484,68,-21.361842356416638,51,2005
2005_13_GB_CHI,13,GB,-28.381152727526825,107,-24.468335807915018,84,2005
2005_13_HOU_BAL,13,BAL,-12.842294074194548,86,-14.657030888822476,58,2005
2005_13_HOU_BAL,13,HOU,-11.215482293075183,100,-10.938094896387469,75,2005
2005_13_JAX_CLE,13,CLE,0.26005825657947756,78,1.300038612829674,57,2005
2005_13_JAX_CLE,13,JAX,10.06432488934687,74,1.1271697786199608,55,2005
2005_13_MIN_DET,13,DET,-0.5235617849046088,77,-7.33795823807079,59,2005
2005_13_MIN_DET,13,MIN,7.488956423493325,80,10.229582491097972,57,2005
2005_13_NYJ_NE,13,NE,4.254814937951,93,5.474817164580499,74,2005
2005_13_NYJ_NE,13,NYJ,-7.893249976041261,74,-14.08141528599807,55,2005
2005_13_OAK_SD,13,LAC,12.698303848534652,77,4.883914581255279,62,2005
2005_13_OAK_SD,13,LV,-9.390561524538366,74,-14.711011140314756,60,2005
2005_13_SEA_PHI,13,PHI,-56.428254317928804,91,-57.26696322989301,68,2005
2005_13_SEA_PHI,13,SEA,-9.67240512392812,79,-7.499660946835281,59,2005
2005_13_TB_NO,13,NO,-10.772918709320948,77,-12.285964187705446,63,2005
2005_13_TB_NO,13,TB,-1.679615526161665,66,2.8254342789685776,48,2005
2005_13_TEN_IND,13,IND,14.456969841324398,65,14.043800640618429,46,2005
2005_13_TEN_IND,13,TEN,-17.724672175128944,78,-20.105706365502463,63,2005
2005_13_WAS_STL,13,LA,-9.928016567917233,77,-16.15416222170461,56,2005
2005_13_WAS_STL,13,WAS,9.909775794937266,79,13.370437422794407,62,2005
2005_14_BAL_DEN,14,BAL,-4.8565054816352635,79,-9.15346577638744,65,2005
2005_14_BAL_DEN,14,DEN,-5.124353478073186,80,-4.680652319132459,63,2005
2005_14_CHI_PIT,14,CHI,-2.7514540067566986,71,-2.729416839343024,55,2005
2005_14_CHI_PIT,14,PIT,7.44866815712197,84,8.039473619894125,64,2005
2005_14_CLE_CIN,14,CIN,3.7992259957975785,81,1.7041640093944612,61,2005
2005_14_CLE_CIN,14,CLE,4.089373850249367,70,-1.3619390088097498,51,2005
2005_14_DET_GB,14,DET,1.1617421575430353,71,-5.060314948230298,55,2005
2005_14_DET_GB,14,GB,0.552584682133006,90,-0.12580152977584236,70,2005
2005_14_HOU_TEN,14,HOU,-13.652477506497103,78,-7.940883772612818,58,2005
2005_14_HOU_TEN,14,TEN,-12.207265187105673,77,-12.273340597886543,58,2005
2005_14_IND_JAX,14,IND,15.01235785878115,89,12.85457640787233,72,2005
2005_14_IND_JAX,14,JAX,4.196306521880864,78,0.36603880420584556,59,2005
2005_14_KC_DAL,14,DAL,21.341230340680866,89,18.694721032230554,66,2005
2005_14_KC_DAL,14,KC,21.144036567712266,81,18.035171151625192,62,2005
2005_14_MIA_SD,14,LAC,-2.291786354594993,103,2.720030882541323,80,2005
2005_14_MIA_SD,14,MIA,3.630160005050393,62,-2.6543973441057003,48,2005
2005_14_NE_BUF,14,BUF,-15.312951654013755,61,-22.839996015671986,41,2005
2005_14_NE_BUF,14,NE,16.210426198064603,105,19.202999159751926,82,2005
2005_14_NO_ATL,14,ATL,9.401684024801309,78,3.222337558883636,56,2005
2005_14_NO_ATL,14,NO,-7.424330145400335,100,-10.984170069055562,73,2005
2005_14_NYG_PHI,14,NYG,9.404906177005877,110,9.87005852912154,84,2005
2005_14_NYG_PHI,14,PHI,2.415374587071974,89,0.9668541611942683,63,2005
2005_14_OAK_NYJ,14,LV,-8.80021647223462,73,-11.599766599916782,49,2005
2005_14_OAK_NYJ,14,NYJ,6.13287311427147,91,0.530502700957467,71,2005
2005_14_SF_SEA,14,SEA,23.55936973667915,90,18.398929302243463,69,2005
2005_14_SF_SEA,14,SF,-13.580610022239853,73,-19.640968327395782,47,2005
2005_14_STL_MIN,14,LA,-19.776685630576843,97,-22.9489763757036,75,2005
2005_14_STL_MIN,14,MIN,-7.5315630395319415,76,-8.74990985799542,53,2005
2005_14_TB_CAR,14,CAR,-10.710024199732157,71,-9.129556675496971,55,2005
2005_14_TB_CAR,14,TB,2.033821917910509,82,3.8817846097573705,63,2005
2005_14_WAS_ARI,14,ARI,-9.351712257011837,75,-14.838547830574354,61,2005
2005_14_WAS_ARI,14,WAS,-3.2754112093095595,81,-12.795229147350664,62,2005
2005_15_ARI_HOU,15,ARI,-11.173760337381028,77,-10.092171615919208,57,2005
2005_15_ARI_HOU,15,HOU,-0.4133671182126655,89,-8.798222562440987,71,2005
2005_15_ATL_CHI,15,ATL,-18.834454402211122,81,-19.197033779817097,64,2005
2005_15_ATL_CHI,15,CHI,-6.793020397650121,78,-9.661834959402299,59,2005
2005_15_CAR_NO,15,CAR,9.84286912404826,84,0.11900810719195842,65,2005
2005_15_CAR_NO,15,NO,-10.027915979029654,76,-17.00435400417591,57,2005
2005_15_CIN_DET,15,CIN,24.761343614721344,95,22.54737519849838,76,2005
2005_15_CIN_DET,15,DET,-5.757229310158026,63,-2.7225011730469086,46,2005
2005_15_CLE_OAK,15,CLE,-6.6319475177442655,71,-10.823875795787748,58,2005
2005_15_CLE_OAK,15,LV,-10.001811547779521,84,-6.0237424357606075,64,2005
2005_15_DAL_WAS,15,DAL,-19.280187612799505,81,-12.882109398664397,59,2005
2005_15_DAL_WAS,15,WAS,7.395643269622019,76,9.385850317077711,59,2005
2005_15_DEN_BUF,15,BUF,5.977520146323821,82,3.5812155434186614,52,2005
2005_15_DEN_BUF,15,DEN,19.454992336134254,90,20.716987358871847,74,2005
2005_15_GB_BAL,15,BAL,24.069225171760007,82,22.274105683569225,65,2005
2005_15_GB_BAL,15,GB,-19.41691026397166,88,-23.874373316020485,66,2005
2005_15_KC_NYG,15,KC,7.096908978259571,87,1.6594468912679012,63,2005
2005_15_KC_NYG,15,NYG,15.652212647219526,82,12.116428494644435,65,2005
2005_15_NYJ_MIA,15,MIA,0.4530041857728384,83,-3.253403203160886,58,2005
2005_15_NYJ_MIA,15,NYJ,-1.0986906737523077,96,-6.737106010953416,73,2005
2005_15_PHI_STL,15,LA,-19.377929744217703,99,-18.70055365594839,71,2005
2005_15_PHI_STL,15,PHI,-15.220294814312682,83,-11.785542110235866,58,2005
2005_15_PIT_MIN,15,MIN,-21.35394862049725,74,-17.94220309890369,49,2005
2005_15_PIT_MIN,15,PIT,-2.3308330876405075,82,0.16422022122740643,56,2005
2005_15_SD_IND,15,IND,-10.286735703866315,88,-7.285335035697172,64,2005
2005_15_SD_IND,15,LAC,3.789386003173105,94,-0.5286060737107992,71,2005
2005_15_SEA_TEN,15,SEA,25.323226307053645,76,28.596299709839094,57,2005
2005_15_SEA_TEN,15,TEN,17.517682438156438,82,14.55999236419563,64,2005
2005_15_SF_JAX,15,JAX,-12.16954086039173,98,-6.037731362768282,75,2005
2005_15_SF_JAX,15,SF,-11.499766420660308,75,-11.555621129586012,51,2005
2005_15_TB_NE,15,NE,9.58871952674288,81,10.002586532849818,62,2005
2005_15_TB_NE,15,TB,-18.35871082410449,75,-22.760870464670006,58,2005
2005_16_ATL_TB,16,ATL,-0.2735485502703927,88,-2.1209368737161958,65,2005
2005_16_ATL_TB,16,TB,-0.5332438953697105,106,4.134005576766944,79,2005
2005_16_BUF_CIN,16,BUF,19.555422283389433,79,12.092549834176976,58,2005
2005_16_BUF_CIN,16,CIN,4.781778307421005,81,4.613676947201615,63,2005
2005_16_CHI_GB,16,CHI,-1.8235526545682346,74,0.24395355297630839,57,2005
2005_16_CHI_GB,16,GB,-12.010085355126384,96,-8.924809168133478,73,2005
2005_16_DAL_CAR,16,CAR,0.5106005818381981,75,-5.996637969937051,57,2005
2005_16_DAL_CAR,16,DAL,6.344497832957527,93,8.158222238513153,69,2005
2005_16_DET_NO,16,DET,-5.483482878678637,75,-4.764485504560325,55,2005
2005_16_DET_NO,16,NO,-8.029590976424515,82,-13.656132689861783,63,2005
2005_16_IND_SEA,16,IND,2.4328754254458045,83,4.7894347819440934,67,2005
2005_16_IND_SEA,16,SEA,15.398864313873291,73,12.777507709183528,53,2005
2005_16_JAX_HOU,16,HOU,1.9166227547350712,80,0.8564487080742493,62,2005
2005_16_JAX_HOU,16,JAX,21.748084638067848,88,18.741511193376574,67,2005
2005_16_MIN_BAL,16,BAL,11.372780643425752,89,11.691591623639788,67,2005
2005_16_MIN_BAL,16,MIN,7.74992221577876,74,2.2254578627953494,51,2005
2005_16_NE_NYJ,16,NE,8.773989162146409,99,2.813455158553042,82,2005
2005_16_NE_NYJ,16,NYJ,-4.913107717911377,60,-2.680745294026565,40,2005
2005_16_NYG_WAS,16,NYG,2.1960095560209902,83,-3.247676410122203,62,2005
2005_16_NYG_WAS,16,WAS,14.999965234929482,82,10.73329881747486,62,2005
2005_16_OAK_DEN,16,DEN,8.016268757215848,85,9.318963895650306,71,2005
2005_16_OAK_DEN,16,LV,-9.602592739945976,80,-8.083462646000811,59,2005
2005_16_PHI_ARI,16,ARI,0.006035749764519149,97,-0.7968511064760881,71,2005
2005_16_PHI_ARI,16,PHI,-3.9647702979050927,84,-17.2394625749439,57,2005
2005_16_PIT_CLE,16,CLE,-19.342348532169126,85,-26.143731212068815,66,2005
2005_16_PIT_CLE,16,PIT,27.482312406217467,72,24.91909108187433,58,2005
2005_16_SD_KC,16,KC,4.55381320535565,93,6.960208848642651,71,2005
2005_16_SD_KC,16,LAC,-6.956428528290285,75,-5.739236215013079,54,2005
2005_16_SF_STL,16,LA,3.1309888520740525,80,-0.24050775613295183,63,2005
2005_16_SF_STL,16,SF,8.832362466596058,69,10.386833982848168,48,2005
2005_16_TEN_MIA,16,MIA,-4.376099478838627,91,-5.684182397679605,70,2005
2005_16_TEN_MIA,16,TEN,-16.81517635835176,87,-20.16223354935175,66,2005
2005_17_ARI_IND,17,ARI,-1.1137668113458625,97,3.3326126740916315,76,2005
2005_17_ARI_IND,17,IND,-0.4700612135816744,62,-5.512137928172416,42,2005
2005_17_BAL_CLE,17,BAL,-23.04050377546069,94,-17.78680776675281,70,2005
2005_17_BAL_CLE,17,CLE,-22.884921424890955,87,-26.608061874229406,63,2005
2005_17_BUF_NYJ,17,BUF,6.528944862148173,88,-6.975441397124866,69,2005
2005_17_BUF_NYJ,17,NYJ,5.715321475836786,73,-4.250166057629308,50,2005
2005_17_CAR_ATL,17,ATL,-13.338472076124045,75,-16.25190550293296,58,2005
2005_17_CAR_ATL,17,CAR,26.774554952512634,84,18.367813540785562,62,2005
2005_17_CHI_MIN,17,CHI,-4.905933431256721,80,-3.0802016198949884,59,2005
2005_17_CHI_MIN,17,MIN,18.250640053673944,81,17.614705654119618,56,2005
2005_17_CIN_KC,17,CIN,-7.646856535749976,75,-14.646035776650209,55,2005
2005_17_CIN_KC,17,KC,25.086892835301644,79,22.808253805207627,60,2005
2005_17_DEN_SD,17,DEN,0.7164263458512173,82,0.3732922704049182,64,2005
2005_17_DEN_SD,17,LAC,-17.887543683165728,79,-20.808275206771214,62,2005
2005_17_DET_PIT,17,DET,7.5016652734706755,78,9.447743810596876,59,2005
2005_17_DET_PIT,17,PIT,18.499873212692115,76,9.038725966529455,59,2005
2005_17_HOU_SF,17,HOU,-13.199814455801707,81,-10.358046452754003,59,2005
2005_17_HOU_SF,17,SF,-14.1766620708947,106,-13.13479654321383,79,2005
2005_17_MIA_NE,17,MIA,19.219038619208995,101,13.318281841227977,77,2005
2005_17_MIA_NE,17,NE,13.712019213824913,77,1.8473105173671778,57,2005
2005_17_NO_TB,17,NO,-6.923173432871277,82,-9.817098301958852,63,2005
2005_17_NO_TB,17,TB,6.103012201805936,75,2.5701337676374116,52,2005
2005_17_NYG_OAK,17,LV,2.6110977053980924,97,-2.844672342616832,68,2005
2005_17_NYG_OAK,17,NYG,17.056838255310534,85,12.628260459940144,58,2005
2005_17_SEA_GB,17,GB,-2.1710586265978327,91,-0.5635641736445045,71,2005
2005_17_SEA_GB,17,SEA,-5.469666228149172,77,-9.01882036114017,59,2005
2005_17_STL_DAL,17,DAL,-19.37847723825676,85,-20.792882588323046,66,2005
2005_17_STL_DAL,17,LA,-5.996788088886851,89,-4.020843510931104,66,2005
2005_17_TEN_JAX,17,JAX,13.715872207518919,91,11.956294167304506,67,2005
2005_17_TEN_JAX,17,TEN,-13.02417826784923,85,-10.534748722158838,62,2005
2005_17_WAS_PHI,17,PHI,-10.51047775034359,91,-18.912152196151155,70,2005
2005_17_WAS_PHI,17,WAS,4.270193304052173,89,-2.4110258914091176,59,2005
2006_01_ATL_CAR,1,ATL,4.657381111764606,88,6.557735234757949,69,2006
2006_01_ATL_CAR,1,CAR,-12.708537236379925,77,-17.99814667150011,59,2006
2006_01_BAL_TB,1,BAL,-0.8403815790532034,78,1.881715386842897,58,2006
2006_01_BAL_TB,1,TB,-32.31682605057722,68,-33.8101051505073,50,2006
2006_01_BUF_NE,1,BUF,-2.8078556180612413,66,-2.215546983069271,50,2006
2006_01_BUF_NE,1,NE,-3.644295969154429,82,-1.9110350551176882,64,2006
2006_01_CHI_GB,1,CHI,5.235300105364784,81,2.134463494316167,64,2006
2006_01_CHI_GB,1,GB,-25.77098388777813,74,-12.646332583418753,56,2006
2006_01_CIN_KC,1,CIN,5.037123918250925,75,-2.2212823541622937,53,2006
2006_01_CIN_KC,1,KC,-10.893824143621941,83,-7.658915197376102,67,2006
2006_01_DAL_JAX,1,DAL,-7.52874068929532,79,-1.9347289363805107,56,2006
2006_01_DAL_JAX,1,JAX,-0.26472471775355455,85,2.839836189750371,66,2006
2006_01_DEN_STL,1,DEN,-20.11553101655735,74,-21.718072405860543,55,2006
2006_01_DEN_STL,1,LA,-10.76153688429622,84,-9.264694171597585,62,2006
2006_01_IND_NYG,1,IND,13.227019387014932,82,10.66777219581801,65,2006
2006_01_IND_NYG,1,NYG,4.76185911854395,80,12.591359452618391,62,2006
2006_01_MIA_PIT,1,MIA,-10.545705675197043,74,-11.226689814712206,58,2006
2006_01_MIA_PIT,1,PIT,0.4833278746982579,85,4.945845752476126,62,2006
2006_01_MIN_WAS,1,MIN,3.9743589938633495,91,7.608086919908503,65,2006
2006_01_MIN_WAS,1,WAS,-0.4895944863631039,69,-2.2644343109392797,53,2006
2006_01_NO_CLE,1,CLE,-14.126701077379495,75,-15.916698290471686,54,2006
2006_01_NO_CLE,1,NO,-4.8666312152593045,85,-3.409017036539381,69,2006
2006_01_NYJ_TEN,1,NYJ,-0.6428417494623799,92,6.911041922211827,68,2006
2006_01_NYJ_TEN,1,TEN,-9.785593400738202,86,-11.033592341787648,71,2006
2006_01_PHI_HOU,1,HOU,-2.4835047170890343,70,-5.542686813544835,52,2006
2006_01_PHI_HOU,1,PHI,14.547246065787643,78,14.406729684942832,66,2006
2006_01_SD_OAK,1,LAC,10.318273310620722,73,6.494216505913921,58,2006
2006_01_SD_OAK,1,LV,-21.310249348462094,70,-25.50051280920161,48,2006
2006_01_SEA_DET,1,DET,-17.89490901073441,74,-11.940993975676125,57,2006
2006_01_SEA_DET,1,SEA,-14.55175337428227,80,-8.65324110295619,60,2006
2006_01_SF_ARI,1,ARI,2.618288995509144,90,6.4834057255856195,69,2006
2006_01_SF_ARI,1,SF,-2.752117522224412,83,0.3457125592071808,57,2006
2006_02_ARI_SEA,2,ARI,-11.528380301951302,87,-8.017273348794271,63,2006
2006_02_ARI_SEA,2,SEA,-2.0994901376830013,86,1.2945553700318833,65,2006
2006_02_BUF_MIA,2,BUF,0.1538479821508636,70,-6.192505959686686,52,2006
2006_02_BUF_MIA,2,MIA,-13.687044620266416,79,-7.79261093324041,60,2006
2006_02_CAR_MIN,2,CAR,-9.322345353729897,86,-10.020386492202949,62,2006
2006_02_CAR_MIN,2,MIN,-7.158040672549386,90,-9.50369360133422,69,2006
2006_02_CLE_CIN,2,CIN,5.499065347673419,99,9.032612611322659,74,2006
2006_02_CLE_CIN,2,CLE,-9.589502525332593,69,-10.496545449835534,53,2006
2006_02_DET_CHI,2,CHI,12.8513000878911,79,11.116467160995652,61,2006
2006_02_DET_CHI,2,DET,-14.123308587116526,74,-8.820171664869742,50,2006
2006_02_HOU_IND,2,HOU,3.9164523847605164,71,1.5681674418977223,53,2006
2006_02_HOU_IND,2,IND,23.473655259076672,98,21.52135057120431,73,2006
2006_02_KC_DEN,2,DEN,-6.337039267265936,81,-4.224267724368381,64,2006
2006_02_KC_DEN,2,KC,-7.483569692121819,71,-10.97069338346604,58,2006
2006_02_NE_NYJ,2,NE,12.61828275439461,87,9.66522412026244,68,2006
2006_02_NE_NYJ,2,NYJ,2.9837315118725183,83,2.0045476724685174,62,2006
2006_02_NO_GB,2,GB,-2.616408358140464,101,-2.6462851254265907,77,2006
2006_02_NO_GB,2,NO,8.276289280579473,87,5.626279558921001,63,2006
2006_02_NYG_PHI,2,NYG,7.494946726843634,103,9.470619153681682,76,2006
2006_02_NYG_PHI,2,PHI,-1.7042977011749398,98,4.095120456777621,76,2006
2006_02_OAK_BAL,2,BAL,-11.128257104885508,90,-12.528843118320907,63,2006
2006_02_OAK_BAL,2,LV,-31.109785690379795,78,-43.358619002519504,59,2006
2006_02_PIT_JAX,2,JAX,-11.209268877952127,87,-2.931292672746108,67,2006
2006_02_PIT_JAX,2,PIT,-20.407948794047115,64,-24.64825395340449,48,2006
2006_02_STL_SF,2,LA,-3.285035338714125,86,-4.326626745084436,67,2006
2006_02_STL_SF,2,SF,1.4458704973890217,72,1.1297357038053337,53,2006
2006_02_TB_ATL,2,ATL,-12.205893829307731,76,0.2331878021759457,63,2006
2006_02_TB_ATL,2,TB,-23.682866456976626,87,-15.344466023468266,69,2006
2006_02_TEN_SD,2,LAC,18.322941082197755,90,17.913353566078207,73,2006
2006_02_TEN_SD,2,TEN,-15.585916438281174,81,-15.66658080855268,56,2006
2006_02_WAS_DAL,2,DAL,6.234417115351104,93,-0.48805039628919955,70,2006
2006_02_WAS_DAL,2,WAS,-9.827511116625146,81,-14.848229801923912,58,2006
2006_03_ATL_NO,3,ATL,-20.79939385363832,75,-15.137779985151415,59,2006
2006_03_ATL_NO,3,NO,-0.7988946025899875,79,-0.20742956848209326,63,2006
2006_03_BAL_CLE,3,BAL,-1.9482796116643586,86,-0.5148183252602656,69,2006
2006_03_BAL_CLE,3,CLE,-5.322836490979627,78,-9.341374249896035,59,2006
2006_03_CAR_TB,3,CAR,3.071084163975227,86,-0.28529964675095876,67,2006
2006_03_CAR_TB,3,TB,-1.7952778253691148,74,-4.927405659442478,50,2006
2006_03_CHI_MIN,3,CHI,-6.0799906347034165,86,-6.637545196944947,60,2006
2006_03_CHI_MIN,3,MIN,-12.953797847856176,74,-13.167162554454876,56,2006
2006_03_CIN_PIT,3,CIN,6.128602182684514,73,-0.5474714192096144,54,2006
2006_03_CIN_PIT,3,PIT,-4.072657951727253,96,-4.501297054847029,77,2006
2006_03_DEN_NE,3,DEN,7.840874564609748,84,9.807293837860081,62,2006
2006_03_DEN_NE,3,NE,-4.797660928098822,94,-3.5021358170763097,76,2006
2006_03_GB_DET,3,DET,-3.216918459479318,88,-1.2528569927295896,62,2006
2006_03_GB_DET,3,GB,8.146771370223764,81,8.024079152589358,63,2006
2006_03_JAX_IND,3,IND,-2.3474791417509246,69,1.4959150268696249,51,2006
2006_03_JAX_IND,3,JAX,-8.158371252781924,85,0.5698146730918019,68,2006
2006_03_NYG_SEA,3,NYG,-4.817130188633769,74,-5.312508569930341,52,2006
2006_03_NYG_SEA,3,SEA,5.1600186710388645,95,2.698876508511603,74,2006
2006_03_NYJ_BUF,3,BUF,-4.369140349960163,93,-5.514227286308902,73,2006
2006_03_NYJ_BUF,3,NYJ,5.319166018295615,75,5.48871796973981,53,2006
2006_03_PHI_SF,3,PHI,10.368520601732367,75,16.418486197350752,52,2006
2006_03_PHI_SF,3,SF,-7.668394656024023,103,-6.327685323521937,76,2006
2006_03_STL_ARI,3,ARI,-3.490156282488785,69,-2.581566058215685,57,2006
2006_03_STL_ARI,3,LA,1.1922363880185562,79,-1.4771844039021946,59,2006
2006_03_TEN_MIA,3,MIA,-2.8009262469670384,85,-1.772527222354757,65,2006
2006_03_TEN_MIA,3,TEN,-4.162390426786488,75,-11.769038877268814,57,2006
2006_03_WAS_HOU,3,HOU,1.7787089075029048,65,-2.344151829529321,49,2006
2006_03_WAS_HOU,3,WAS,21.405589771937453,88,24.507969059847863,67,2006
2006_04_ARI_ATL,4,ARI,-27.485125214976133,77,-26.186773789837705,56,2006
2006_04_ARI_ATL,4,ATL,-5.136769905238159,82,-7.777674757869718,61,2006
2006_04_CLE_OAK,4,CLE,0.4835067655787926,85,-2.940936717562119,65,2006
2006_04_CLE_OAK,4,LV,-4.815680084853514,71,-5.373846860136837,52,2006
2006_04_DAL_TEN,4,DAL,19.064715120734483,78,25.957365824095376,59,2006
2006_04_DAL_TEN,4,TEN,-17.855520817756652,77,-22.16005602692443,59,2006
2006_04_DET_STL,4,DET,9.184165608685039,89,2.847121262946686,66,2006
2006_04_DET_STL,4,LA,12.241747014766007,95,13.256522603861022,68,2006
2006_04_GB_PHI,4,GB,-16.23980656787171,96,-19.929079051994037,75,2006
2006_04_GB_PHI,4,PHI,5.09660113526024,82,1.4825357763904625,63,2006
2006_04_IND_NYJ,4,IND,14.727985173481098,87,15.81606678945311,68,2006
2006_04_IND_NYJ,4,NYJ,11.0162744837337,85,-1.848558218072867,63,2006
2006_04_JAX_WAS,4,JAX,10.146566785768524,75,5.579821024639501,53,2006
2006_04_JAX_WAS,4,WAS,12.307979359508177,93,5.313807692171088,70,2006
2006_04_MIA_HOU,4,HOU,-2.667198952745709,81,-6.023068423450873,67,2006
2006_04_MIA_HOU,4,MIA,-2.13390458527999,76,-1.9889366141514682,58,2006
2006_04_MIN_BUF,4,BUF,-5.12156939429997,99,-2.3351308462037044,68,2006
2006_04_MIN_BUF,4,MIN,-8.531630227822344,82,-9.185177747259122,59,2006
2006_04_NE_CIN,4,CIN,-10.620862949635239,80,-11.05337709178975,56,2006
2006_04_NE_CIN,4,NE,18.36732285052835,84,20.705781513769935,66,2006
2006_04_NO_CAR,4,CAR,13.803298180977976,74,11.259479657164775,56,2006
2006_04_NO_CAR,4,NO,12.180760384236125,82,8.323622788847725,62,2006
2006_04_SD_BAL,4,BAL,-8.203271390803367,73,-11.83675812749425,52,2006
2006_04_SD_BAL,4,LAC,-7.845610938903747,83,-6.580926625916951,65,2006
2006_04_SEA_CHI,4,CHI,14.618833787232685,91,7.159024061500011,70,2006
2006_04_SEA_CHI,4,SEA,-17.477609628869686,81,-19.046631241857213,61,2006
2006_04_SF_KC,4,KC,13.964501104106372,79,12.55234442584623,60,2006
2006_04_SF_KC,4,SF,-28.13833847560454,71,-20.172336821248344,50,2006
2006_05_BAL_DEN,5,BAL,-16.422809856187087,76,-14.55114587252394,61,2006
2006_05_BAL_DEN,5,DEN,-6.667248921057081,64,-7.595774146797538,52,2006
2006_05_BUF_CHI,5,BUF,-23.427937840049026,71,-23.56909109931439,48,2006
2006_05_BUF_CHI,5,CHI,10.72151044379552,90,6.120628184199198,70,2006
2006_05_CLE_CAR,5,CAR,-7.00091881839626,80,-3.8577602969681806,57,2006
2006_05_CLE_CAR,5,CLE,-12.918986529606627,92,-21.596340516674847,67,2006
2006_05_DAL_PHI,5,DAL,-13.421567249855574,106,-25.13728938555256,84,2006
2006_05_DAL_PHI,5,PHI,-2.223112307845671,76,-6.538879243848083,54,2006
2006_05_DET_MIN,5,DET,-15.999420970812187,75,-21.5495090138128,58,2006
2006_05_DET_MIN,5,MIN,-7.664875625076791,85,-3.243843041241456,63,2006
2006_05_KC_ARI,5,ARI,-13.397088081510335,89,-8.251078128144165,62,2006
2006_05_KC_ARI,5,KC,-6.945916981603547,84,-10.491144978275095,62,2006
2006_05_MIA_NE,5,MIA,-14.725877930638717,85,-10.166449816488063,63,2006
2006_05_MIA_NE,5,NE,-4.875398835857142,80,-3.9082024930365744,60,2006
2006_05_NYJ_JAX,5,JAX,10.238151189252445,76,11.42116137412276,58,2006
2006_05_NYJ_JAX,5,NYJ,-31.868739860656206,81,-29.67682816903107,58,2006
2006_05_OAK_SF,5,LV,-11.14400994095786,73,-7.566901953732785,56,2006
2006_05_OAK_SF,5,SF,1.6265605967664634,77,0.6085848703056214,60,2006
2006_05_PIT_SD,5,LAC,4.588600179043622,87,0.4747729378187593,72,2006
2006_05_PIT_SD,5,PIT,-4.564807724989124,69,-7.460644447890109,53,2006
2006_05_STL_GB,5,GB,-1.9648999231781108,88,-0.7590467438242379,65,2006
2006_05_STL_GB,5,LA,4.305214155241172,81,7.238065446898423,59,2006
2006_05_TB_NO,5,NO,-4.0288217712047905,81,1.5129071149522049,58,2006
2006_05_TB_NO,5,TB,-5.517256352807839,89,5.869251507014269,65,2006
2006_05_TEN_IND,5,IND,-3.103935598413207,82,-1.4556074815918691,65,2006
2006_05_TEN_IND,5,TEN,-1.2138384148798549,71,0.12628833359482927,52,2006
2006_05_WAS_NYG,5,NYG,5.499146695369517,86,10.491104294569961,66,2006
2006_05_WAS_NYG,5,WAS,-10.677388918411452,64,-7.1893782669222235,45,2006
2006_06_BUF_DET,6,BUF,-6.621460921119413,79,-9.079708359217545,60,2006
2006_06_BUF_DET,6,DET,-4.892436826531756,86,-0.0888393698508203,66,2006
2006_06_CAR_BAL,6,BAL,0.37919108143091496,79,-5.6299786024028435,60,2006
2006_06_CAR_BAL,6,CAR,4.660092750689271,86,1.4324595789789836,68,2006
2006_06_CHI_ARI,6,ARI,-38.41964890585939,108,-26.73174396147211,81,2006
2006_06_CHI_ARI,6,CHI,-35.20837323584766,75,-34.80036332540191,52,2006
2006_06_CIN_TB,6,CIN,-4.836248079252301,81,-3.71452737539005,59,2006
2006_06_CIN_TB,6,TB,-6.160896015752316,95,1.9027196915849824,71,2006
2006_06_HOU_DAL,6,DAL,9.941906169248792,87,9.872879536742294,69,2006
2006_06_HOU_DAL,6,HOU,-18.55325651570456,74,-13.504315805037479,55,2006
2006_06_KC_PIT,6,KC,-20.48987769346718,79,-25.945174026186578,59,2006
2006_06_KC_PIT,6,PIT,18.41550919020346,79,19.50435058288032,61,2006
2006_06_MIA_NYJ,6,MIA,-0.32709311716326006,87,0.4795234193776243,71,2006
2006_06_MIA_NYJ,6,NYJ,0.5087098039307403,77,-2.135109917288875,57,2006
2006_06_NYG_ATL,6,ATL,-14.38940414264214,78,-12.890791012905538,60,2006
2006_06_NYG_ATL,6,NYG,3.636824380347419,87,3.513129449099706,70,2006
2006_06_OAK_DEN,6,DEN,0.240136339042464,62,2.3273597003417885,49,2006
2006_06_OAK_DEN,6,LV,-9.326245002390351,80,-7.380194481173499,60,2006
2006_06_PHI_NO,6,NO,4.122041615980591,89,2.201981603759201,65,2006
2006_06_PHI_NO,6,PHI,4.6088290471554805,77,4.382546687793864,54,2006
2006_06_SD_SF,6,LAC,35.78169170426235,87,31.33304024303361,68,2006
2006_06_SD_SF,6,SF,0.655363433188084,72,-3.5373994770050246,50,2006
2006_06_SEA_STL,6,LA,-0.8216220647794732,89,5.460068904882064,66,2006
2006_06_SEA_STL,6,SEA,5.642365446229845,92,6.47067289055982,65,2006
2006_06_TEN_WAS,6,TEN,6.357984551004391,89,5.043171128712407,68,2006
2006_06_TEN_WAS,6,WAS,-0.41999532381885185,77,-0.7607783785350621,57,2006
2006_07_ARI_OAK,7,ARI,-21.20580164855346,70,-18.32954701696297,55,2006
2006_07_ARI_OAK,7,LV,-10.71339179411598,100,-10.526239458738967,77,2006
2006_07_CAR_CIN,7,CAR,-1.9534439522162774,70,-2.561308215575991,53,2006
2006_07_CAR_CIN,7,CIN,0.5605101238847947,90,1.7723224259330603,71,2006
2006_07_DEN_CLE,7,CLE,-19.791431886779947,65,-22.147672125895042,51,2006
2006_07_DEN_CLE,7,DEN,-7.57535601994323,94,-5.1830448751429286,79,2006
2006_07_DET_NYJ,7,DET,17.712279284036637,73,14.50404471684135,59,2006
2006_07_DET_NYJ,7,NYJ,21.899510640435434,84,17.368977953787393,63,2006
2006_07_GB_MIA,7,GB,2.686397134576506,94,4.958147867849558,66,2006
2006_07_GB_MIA,7,MIA,-10.707300503224472,106,-10.791563302869738,82,2006
2006_07_JAX_HOU,7,HOU,-0.5559604401531164,87,4.981559036959964,67,2006
2006_07_JAX_HOU,7,JAX,-21.817819580693993,75,-23.707252077176236,54,2006
2006_07_MIN_SEA,7,MIN,5.406784146983224,79,4.746818647307638,57,2006
2006_07_MIN_SEA,7,SEA,-16.86007906490272,87,-20.35312882822808,67,2006
2006_07_NE_BUF,7,BUF,-12.001697590225376,73,-13.15637187877408,52,2006
2006_07_NE_BUF,7,NE,12.10218709231685,73,11.407683201425243,57,2006
2006_07_NYG_DAL,7,DAL,-11.521783091366501,80,-14.544133095026947,65,2006
2006_07_NYG_DAL,7,NYG,6.857322530197958,83,3.5502860003285193,66,2006
2006_07_PHI_TB,7,PHI,-3.0006120995255996,77,-2.3835707369144075,62,2006
2006_07_PHI_TB,7,TB,-2.084812595383939,77,-6.075112970678076,58,2006
2006_07_PIT_ATL,7,ATL,12.370940448148808,97,4.271929210179746,70,2006
2006_07_PIT_ATL,7,PIT,14.44238420484185,86,16.91235975289684,62,2006
2006_07_SD_KC,7,KC,-0.3103440984677981,80,4.117985149588444,59,2006
2006_07_SD_KC,7,LAC,0.7491779839167494,93,-0.9402257507134353,70,2006
2006_07_WAS_IND,7,IND,16.076954269857524,77,21.38636724062076,59,2006
2006_07_WAS_IND,7,WAS,1.8097699861654748,87,9.178599297658755,64,2006
2006_08_ARI_GB,8,ARI,0.9965563797245505,87,-2.0124070157762617,64,2006
2006_08_ARI_GB,8,GB,18.171453687205027,83,13.514107932517724,62,2006
2006_08_ATL_CIN,8,ATL,22.34709358988914,87,21.138331703433757,68,2006
2006_08_ATL_CIN,8,CIN,16.482012232662097,80,9.471708358204342,56,2006
2006_08_BAL_NO,8,BAL,2.069553688066712,84,5.311008836491965,61,2006
2006_08_BAL_NO,8,NO,-14.736079337922138,82,-15.932100831021554,62,2006
2006_08_DAL_CAR,8,CAR,-14.285563887204718,70,-12.364318555618066,51,2006
2006_08_DAL_CAR,8,DAL,12.030774242883467,100,14.591392757695829,77,2006
2006_08_HOU_TEN,8,HOU,-4.776502814237005,100,0.746706267243428,77,2006
2006_08_HOU_TEN,8,TEN,-1.8996543804069042,64,-6.396922882064246,43,2006
2006_08_IND_DEN,8,DEN,19.371362230321207,76,20.84887302158614,58,2006
2006_08_IND_DEN,8,IND,25.189832773723197,78,24.973153699112142,60,2006
2006_08_JAX_PHI,8,JAX,-6.131099324028811,80,-3.9377347378923635,63,2006
2006_08_JAX_PHI,8,PHI,-16.11575147905387,76,-11.397518719710007,58,2006
2006_08_NE_MIN,8,MIN,-29.07332331472716,78,-26.831277135992423,61,2006
2006_08_NE_MIN,8,NE,0.10223095034020346,79,5.557440492476667,60,2006
2006_08_NYJ_CLE,8,CLE,-1.5213579790929561,81,-3.394205463195487,61,2006
2006_08_NYJ_CLE,8,NYJ,-6.32609229074592,70,-17.109654819218342,55,2006
2006_08_PIT_OAK,8,LV,-18.11037992836509,70,-21.81667420713975,49,2006
2006_08_PIT_OAK,8,PIT,-22.698359478115208,87,-24.95705544928855,68,2006
2006_08_SEA_KC,8,KC,9.840405976863963,96,11.931181911916543,78,2006
2006_08_SEA_KC,8,SEA,4.625066061754293,67,2.8869184065843,49,2006
2006_08_SF_CHI,8,CHI,12.901325319857047,86,16.664051820349336,66,2006
2006_08_SF_CHI,8,SF,-17.316869727535277,66,-9.281837359405205,45,2006
2006_08_STL_SD,8,LA,7.414101302636706,86,6.3379298006783085,64,2006
2006_08_STL_SD,8,LAC,19.49362728770188,74,15.577607314293019,59,2006
2006_08_TB_NYG,8,NYG,-15.775303885215637,82,-12.819890188317324,67,2006
2006_08_TB_NYG,8,TB,-29.953162882477045,84,-30.745666731056133,63,2006
2006_09_ATL_DET,9,ATL,-13.62296536473439,82,-7.896232100989437,60,2006
2006_09_ATL_DET,9,DET,3.0042289218138043,82,6.023825765131225,62,2006
2006_09_CIN_BAL,9,BAL,3.1678913824230204,89,0.18155659994595919,65,2006
2006_09_CIN_BAL,9,CIN,-0.7914988237230336,72,-5.356045997282891,50,2006
2006_09_CLE_SD,9,CLE,0.683539023568982,106,-14.051080161600161,75,2006
2006_09_CLE_SD,9,LAC,4.899376682615525,76,8.173334709675885,55,2006
2006_09_DAL_WAS,9,DAL,2.2629234834214724,90,10.047124666989392,68,2006
2006_09_DAL_WAS,9,WAS,2.243833239999641,78,-3.9483386997442658,56,2006
2006_09_DEN_PIT,9,DEN,10.841615750355228,73,13.511276088480372,50,2006
2006_09_DEN_PIT,9,PIT,-3.8071926225588886,96,2.8049966009978933,77,2006
2006_09_GB_BUF,9,BUF,-2.975801594949874,72,-6.26126410494815,46,2006
2006_09_GB_BUF,9,GB,-16.61690932692295,96,-17.002210532297227,79,2006
2006_09_HOU_NYG,9,HOU,1.525170516139723,71,4.130891379820177,57,2006
2006_09_HOU_NYG,9,NYG,4.272573526520771,75,6.460537834005663,56,2006
2006_09_IND_NE,9,IND,9.085716800602537,84,9.053496662157968,61,2006
2006_09_IND_NE,9,NE,-1.1188551555883368,85,-5.6951263629501305,68,2006
2006_09_KC_STL,9,KC,19.377513668581418,65,10.703131121170125,49,2006
2006_09_KC_STL,9,LA,1.3808848816959856,95,0.42894010694572415,71,2006
2006_09_MIA_CHI,9,CHI,-21.321436783643776,92,-33.159458116374594,73,2006
2006_09_MIA_CHI,9,MIA,0.5834572258345325,92,-9.753249652024037,65,2006
2006_09_MIN_SF,9,MIN,-18.902490965032484,82,-16.416485716520118,67,2006
2006_09_MIN_SF,9,SF,-13.211327400931623,64,-16.68222842655329,48,2006
2006_09_NO_TB,9,NO,9.230610608256935,86,16.037603333075175,63,2006
2006_09_NO_TB,9,TB,-12.034382580770854,72,-12.424682984827086,52,2006
2006_09_OAK_SEA,9,LV,-20.763281570747495,79,-18.41560152103193,56,2006
2006_09_OAK_SEA,9,SEA,-4.274169492647389,93,-2.5606246153541377,72,2006
2006_09_TEN_JAX,9,JAX,7.807060249545426,73,5.986000382414902,54,2006
2006_09_TEN_JAX,9,TEN,-22.82712835186544,90,-26.641992542456137,69,2006
2006_10_BAL_TEN,10,BAL,3.8462182670029934,87,3.676770613778686,68,2006
2006_10_BAL_TEN,10,TEN,0.2439988192766096,85,-0.7437634749737385,65,2006
2006_10_BUF_IND,10,BUF,-2.095356458923187,65,-5.94374028480585,48,2006
2006_10_BUF_IND,10,IND,-4.142525749007453,85,-6.772821277231994,66,2006
2006_10_CHI_NYG,10,CHI,-0.5315067590929674,96,-2.3079175684159914,68,2006
2006_10_CHI_NYG,10,NYG,-22.98961765393915,80,-16.315350425720624,56,2006
2006_10_CLE_ATL,10,ATL,-17.565280701915608,88,-14.557778846035665,71,2006
2006_10_CLE_ATL,10,CLE,-11.431876249832547,78,-11.256526993805094,54,2006
2006_10_DAL_ARI,10,ARI,-8.671066893697514,76,-7.233324303815621,59,2006
2006_10_DAL_ARI,10,DAL,11.869578970927419,80,12.674503066253983,64,2006
2006_10_DEN_OAK,10,DEN,-14.292970150933344,77,-9.363001082257371,56,2006
2006_10_DEN_OAK,10,LV,-20.355372212822886,85,-20.405849088287876,62,2006
2006_10_GB_MIN,10,GB,2.848597955348689,88,4.667073075580971,66,2006
2006_10_GB_MIN,10,MIN,-7.3213769644673246,78,-6.774610019209172,56,2006
2006_10_HOU_JAX,10,HOU,-7.793756495924073,100,-0.00473080520505631,78,2006
2006_10_HOU_JAX,10,JAX,-13.463669303334655,71,-11.314410531769624,55,2006
2006_10_KC_MIA,10,KC,-16.44828616466407,80,-7.882720493582414,60,2006
2006_10_KC_MIA,10,MIA,-14.612395321829581,88,-10.724964199130675,71,2006
2006_10_NO_PIT,10,NO,18.040685945207766,97,16.759573698708856,77,2006
2006_10_NO_PIT,10,PIT,22.295567676213746,74,21.08338328423664,55,2006
2006_10_NYJ_NE,10,NE,1.0022953303270041,85,-0.8652958126975525,66,2006
2006_10_NYJ_NE,10,NYJ,6.245593973123958,78,3.5377229941129293,63,2006
2006_10_SD_CIN,10,CIN,16.944191543290568,93,14.599262530815222,72,2006
2006_10_SD_CIN,10,LAC,29.93046224047543,89,26.277256415778538,63,2006
2006_10_SF_DET,10,DET,-11.502371154967104,67,-15.126865990987113,50,2006
2006_10_SF_DET,10,SF,-0.5979479185276331,85,-0.6475205378415341,64,2006
2006_10_STL_SEA,10,LA,-4.381644521617202,83,0.8693296872830608,65,2006
2006_10_STL_SEA,10,SEA,-4.9490386306877125,73,-7.532105647150226,54,2006
2006_10_TB_CAR,10,CAR,0.3128192459246266,80,0.3115028390647847,62,2006
2006_10_TB_CAR,10,TB,-12.028340496250987,77,-17.502026852709896,57,2006
2006_10_WAS_PHI,10,PHI,9.03478917870802,77,12.555633657023606,58,2006
2006_10_WAS_PHI,10,WAS,-14.659919374797028,84,-11.408481651335457,62,2006
2006_11_ATL_BAL,11,ATL,-13.636979210884647,70,-12.937811852695425,50,2006
2006_11_ATL_BAL,11,BAL,-0.43210624483049553,86,5.713969046468277,65,2006
2006_11_BUF_HOU,11,BUF,7.048424328892165,79,9.355882823028667,60,2006
2006_11_BUF_HOU,11,HOU,1.7079764668416688,78,5.264074965263717,59,2006
2006_11_CHI_NYJ,11,CHI,-2.8094558590048573,76,0.8970970359819326,57,2006
2006_11_CHI_NYJ,11,NYJ,-15.182084123021923,85,-13.761797748098616,65,2006
2006_11_CIN_NO,11,CIN,5.459303703589871,70,4.880030606230676,53,2006
2006_11_CIN_NO,11,NO,-14.20600931022198,99,-6.8233571006837,76,2006
2006_11_DET_ARI,11,ARI,2.6022536507299474,73,6.673646954325365,57,2006
2006_11_DET_ARI,11,DET,-3.4877373458256793,79,-2.785115720054973,62,2006
2006_11_IND_DAL,11,DAL,0.5646084409802343,77,4.115196338164304,57,2006
2006_11_IND_DAL,11,IND,-5.842093863050197,77,-7.858261589717586,63,2006
2006_11_MIN_MIA,11,MIA,-14.605298244323198,75,-12.631312619779017,56,2006
2006_11_MIN_MIA,11,MIN,-16.857041476111135,101,-15.436265856331033,82,2006
2006_11_NE_GB,11,GB,-28.534698499250226,65,-26.42818246637913,48,2006
2006_11_NE_GB,11,NE,11.069193100345498,93,14.43610237177927,68,2006
2006_11_NYG_JAX,11,JAX,2.6739307717739376,91,2.450914508061717,72,2006
2006_11_NYG_JAX,11,NYG,-14.598515189481304,82,-14.186051900347007,56,2006
2006_11_OAK_KC,11,KC,9.24253092340359,73,8.650301628031006,54,2006
2006_11_OAK_KC,11,LV,6.887767181852495,77,2.330537302374296,60,2006
2006_11_PIT_CLE,11,CLE,-4.207091548413247,78,-10.19274755229173,61,2006
2006_11_PIT_CLE,11,PIT,1.5221983172943938,81,-1.2404851983537952,66,2006
2006_11_SD_DEN,11,DEN,5.302551698651084,85,-0.8758245543814249,65,2006
2006_11_SD_DEN,11,LAC,16.005081085102344,72,12.065157921868376,56,2006
2006_11_SEA_SF,11,SEA,-6.72939981085665,69,-9.756601480621612,54,2006
2006_11_SEA_SF,11,SF,-1.9149558526319215,82,1.5266630896719087,60,2006
2006_11_STL_CAR,11,CAR,-7.502034113621677,87,-9.053998381357188,69,2006
2006_11_STL_CAR,11,LA,-22.1588294391986,69,-24.97432635416044,49,2006
2006_11_TEN_PHI,11,PHI,-23.744237002766795,110,-21.703912506263034,91,2006
2006_11_TEN_PHI,11,TEN,-3.5768661701995406,76,-6.1017022099745954,56,2006
2006_11_WAS_TB,11,TB,5.618187651978131,81,2.3581386912710527,61,2006
2006_11_WAS_TB,11,WAS,3.630459452987905,70,1.24884103151361,55,2006
2006_12_ARI_MIN,12,ARI,1.4556825289882445,79,-1.665855327251256,58,2006
2006_12_ARI_MIN,12,MIN,3.1018005110323834,98,-0.2883639646300198,76,2006
2006_12_CAR_WAS,12,CAR,-9.918008517294993,83,-10.813005092914997,64,2006
2006_12_CAR_WAS,12,WAS,-7.296256412452296,81,-7.708868713371172,58,2006
2006_12_CHI_NE,12,CHI,-2.4080010922873507,90,-7.721078227984272,71,2006
2006_12_CHI_NE,12,NE,0.07211495436194859,77,-3.8286296145970535,64,2006
2006_12_CIN_CLE,12,CIN,11.90332319059507,90,10.84698819382375,72,2006
2006_12_CIN_CLE,12,CLE,-22.48439686972415,63,-21.19932313745005,47,2006
2006_12_DEN_KC,12,DEN,-2.530192639383359,75,-5.989487659368402,56,2006
2006_12_DEN_KC,12,KC,6.344444188933948,80,3.260558881389919,62,2006
2006_12_GB_SEA,12,GB,-8.659306555785776,79,-4.029882700689017,56,2006
2006_12_GB_SEA,12,SEA,-0.513171697390475,107,-11.965495528285103,86,2006
2006_12_HOU_NYJ,12,HOU,-3.8240621914882214,92,-6.338334240494473,71,2006
2006_12_HOU_NYJ,12,NYJ,11.159792288913648,77,0.7011807953260232,59,2006
2006_12_JAX_BUF,12,BUF,4.358193158592482,74,-0.6545804754286824,51,2006
2006_12_JAX_BUF,12,JAX,2.8084813212174113,83,10.695765787377578,60,2006
2006_12_MIA_DET,12,DET,-23.65808372782484,80,-20.778697387793812,58,2006
2006_12_MIA_DET,12,MIA,-1.6378032947220769,85,5.990339918308662,64,2006
2006_12_NO_ATL,12,ATL,-3.7690148771594876,94,-6.692069190981796,72,2006
2006_12_NO_ATL,12,NO,17.69103832283294,75,18.334491832090073,57,2006
2006_12_NYG_TEN,12,NYG,0.17114116008292246,83,3.613368376507424,64,2006
2006_12_NYG_TEN,12,TEN,0.9188114977571304,76,-2.241326808510215,60,2006
2006_12_OAK_SD,12,LAC,1.2812129533397156,74,-3.2185974792810157,58,2006
2006_12_OAK_SD,12,LV,-5.250695276705757,82,-4.311571574347218,61,2006
2006_12_PHI_IND,12,IND,18.905983374809207,79,17.56088420294691,58,2006
2006_12_PHI_IND,12,PHI,-5.028432240910449,72,-1.8732374232951798,56,2006
2006_12_PIT_BAL,12,BAL,3.498062754877762,80,1.0853400160098685,58,2006
2006_12_PIT_BAL,12,PIT,-23.893414567690343,80,-28.491696448938455,61,2006
2006_12_SF_STL,12,LA,7.46946326897598,87,5.434430771140092,68,2006
2006_12_SF_STL,12,SF,5.993219666573006,71,7.8468413351560535,56,2006
2006_12_TB_DAL,12,DAL,23.123071646455852,81,26.504556080015313,64,2006
2006_12_TB_DAL,12,TB,-3.596631715826562,59,-5.556797529270257,43,2006
2006_13_ARI_STL,13,ARI,11.107413439627312,84,8.740939792317436,62,2006
2006_13_ARI_STL,13,LA,-7.369823810487267,92,-10.102886325589893,71,2006
2006_13_ATL_WAS,13,ATL,6.18864011096434,75,10.199372246843494,57,2006
2006_13_ATL_WAS,13,WAS,-7.657848377063148,90,-6.648154271565897,73,2006
2006_13_BAL_CIN,13,BAL,-6.429647564068774,83,0.4032440922455862,60,2006
2006_13_BAL_CIN,13,CIN,-0.7602713857734225,75,1.9926062978529855,54,2006
2006_13_CAR_PHI,13,CAR,7.579181372200989,81,0.3363792886615036,60,2006
2006_13_CAR_PHI,13,PHI,9.336481807475362,92,7.321639679558215,64,2006
2006_13_DAL_NYG,13,DAL,13.714266869015317,77,11.060978204157175,59,2006
2006_13_DAL_NYG,13,NYG,8.83956922056086,85,6.837861206447109,65,2006
2006_13_DET_NE,13,DET,0.6994168506105316,87,-7.260705206997001,65,2006
2006_13_DET_NE,13,NE,4.426242210518127,81,4.099265239646399,62,2006
2006_13_HOU_OAK,13,HOU,-23.61236915550262,69,-23.05405864555312,50,2006
2006_13_HOU_OAK,13,LV,-36.66636805124881,97,-21.35451414095116,71,2006
2006_13_IND_TEN,13,IND,9.513497511486547,77,15.315680810314651,57,2006
2006_13_IND_TEN,13,TEN,10.485728741399269,75,8.3944236148416,59,2006
2006_13_JAX_MIA,13,JAX,12.29226741760635,70,14.11960785350183,55,2006
2006_13_JAX_MIA,13,MIA,-4.302336818767118,81,-7.170030202680963,64,2006
2006_13_KC_CLE,13,CLE,20.071448318677536,79,20.611832599036735,64,2006
2006_13_KC_CLE,13,KC,19.20726824116991,82,18.251912904845085,65,2006
2006_13_MIN_CHI,13,CHI,-22.065192957046524,66,-19.933750129654072,42,2006
2006_13_MIN_CHI,13,MIN,-28.944282282488757,106,-23.345401599459322,77,2006
2006_13_NYJ_GB,13,GB,-9.894920306246831,85,-12.66229786654844,72,2006
2006_13_NYJ_GB,13,NYJ,22.51882172133605,82,20.42955279635491,66,2006
2006_13_SD_BUF,13,BUF,-8.327532039127394,83,-6.290133626811439,63,2006
2006_13_SD_BUF,13,LAC,-2.508554519781459,87,4.112865998924459,66,2006
2006_13_SEA_DEN,13,DEN,-23.93948015642536,77,-22.79845223466385,58,2006
2006_13_SEA_DEN,13,SEA,-18.707469083651176,86,-13.130655608769736,59,2006
2006_13_SF_NO,13,NO,8.895344015525229,88,7.70870241495229,68,2006
2006_13_SF_NO,13,SF,-15.665370124459141,66,-17.60459192317713,47,2006
2006_13_TB_PIT,13,PIT,-9.320845256085251,70,-7.399840081107234,57,2006
2006_13_TB_PIT,13,TB,-26.63200619048439,85,-25.544118251996185,69,2006
2006_14_ATL_TB,14,ATL,-6.7473328003457045,70,-4.352072895388119,59,2006
2006_14_ATL_TB,14,TB,-20.35166335798567,84,-20.78512927584898,67,2006
2006_14_BAL_KC,14,BAL,8.667525298785675,79,7.809830100468389,58,2006
2006_14_BAL_KC,14,KC,-4.28363458311219,78,-5.825595583737851,62,2006
2006_14_BUF_NYJ,14,BUF,1.7064247724947528,70,4.205334270990038,51,2006
2006_14_BUF_NYJ,14,NYJ,-20.204299491418396,87,-24.389723945186123,70,2006
2006_14_CHI_STL,14,CHI,26.53988881200209,78,19.790600096305475,55,2006
2006_14_CHI_STL,14,LA,7.422831735510407,109,11.54981252140196,77,2006
2006_14_CLE_PIT,14,CLE,-5.982523401379923,64,-7.788154249021318,47,2006
2006_14_CLE_PIT,14,PIT,14.48375396606411,88,21.100511110671526,70,2006
2006_14_DEN_SD,14,DEN,-5.150102410544152,84,-5.310019870148492,62,2006
2006_14_DEN_SD,14,LAC,21.107542676003952,78,21.66350820090714,60,2006
2006_14_GB_SF,14,GB,7.849869747251657,89,11.202395751668025,66,2006
2006_14_GB_SF,14,SF,-7.376357400839426,75,-7.114213094410561,54,2006
2006_14_IND_JAX,14,IND,-8.753372654193756,94,-4.13532215975351,72,2006
2006_14_IND_JAX,14,JAX,17.388789353913804,74,12.913256822656002,55,2006
2006_14_MIN_DET,14,DET,-20.742813897976866,72,-24.700593385724886,54,2006
2006_14_MIN_DET,14,MIN,-6.651235430425586,86,-3.774180953506916,66,2006
2006_14_NE_MIA,14,MIA,1.7958268076662325,77,3.1370983255685108,61,2006
2006_14_NE_MIA,14,NE,-19.056785792810842,78,-19.53211967763491,58,2006
2006_14_NO_DAL,14,DAL,3.126782120446931,70,1.5313096953414336,49,2006
2006_14_NO_DAL,14,NO,32.81199148695713,96,37.95119736768538,70,2006
2006_14_NYG_CAR,14,CAR,-11.131773480791935,97,-11.063804687957507,77,2006
2006_14_NYG_CAR,14,NYG,6.070627319057391,91,1.4033575507686846,66,2006
2006_14_OAK_CIN,14,CIN,6.429898185148883,81,12.170344415528234,65,2006
2006_14_OAK_CIN,14,LV,-9.6156425065667,72,-10.89725575299831,59,2006
2006_14_PHI_WAS,14,PHI,4.499099826977042,62,3.5390314405667596,42,2006
2006_14_PHI_WAS,14,WAS,0.9435358177913704,92,-4.459838971387609,70,2006
2006_14_SEA_ARI,14,ARI,3.13266619159202,87,3.310303319038271,65,2006
2006_14_SEA_ARI,14,SEA,-2.3400555995938843,77,-2.1510605335934088,59,2006
2006_14_TEN_HOU,14,HOU,3.604362802296349,74,-1.5558022909528026,52,2006
2006_14_TEN_HOU,14,TEN,12.104465251504847,89,4.882023717100122,64,2006
2006_15_CIN_IND,15,CIN,0.5854511991114224,80,-7.688297287680825,62,2006
2006_15_CIN_IND,15,IND,16.434889370307832,83,12.964622860698402,66,2006
2006_15_CLE_BAL,15,BAL,-5.24482176896868,81,-5.371291547627914,58,2006
2006_15_CLE_BAL,15,CLE,-13.860953618676378,76,-14.590728712374816,55,2006
2006_15_DAL_ATL,15,ATL,-0.11300093230088892,81,1.7169537014560774,60,2006
2006_15_DAL_ATL,15,DAL,15.08206822957441,78,12.969845545953717,58,2006
2006_15_DEN_ARI,15,ARI,-8.525101810424419,78,-6.076261513797326,56,2006
2006_15_DEN_ARI,15,DEN,12.67712845197843,86,6.693325279069674,70,2006
2006_15_DET_GB,15,DET,-24.10411902575288,68,-29.89512091489283,51,2006
2006_15_DET_GB,15,GB,-18.237232189267615,92,-12.269089302754288,69,2006
2006_15_HOU_NE,15,HOU,-29.571121451149565,73,-25.73807708203094,54,2006
2006_15_HOU_NE,15,NE,3.925737101892988,85,-2.983114752341714,61,2006
2006_15_JAX_TEN,15,JAX,-15.896109947809691,96,-18.512199552974337,81,2006
2006_15_JAX_TEN,15,TEN,-11.29602620772653,49,-12.0744398108959,33,2006
2006_15_KC_SD,15,KC,-9.30858482135227,86,-14.152490676301671,68,2006
2006_15_KC_SD,15,LAC,-0.010345211651385355,81,-5.629270057297484,63,2006
2006_15_MIA_BUF,15,BUF,-4.7997355667628225,73,-5.018629689584486,59,2006
2006_15_MIA_BUF,15,MIA,-26.768200713035185,82,-29.566483983653598,62,2006
2006_15_NYJ_MIN,15,MIN,-12.410158226813529,78,-6.974875986828626,58,2006
2006_15_NYJ_MIN,15,NYJ,5.731758055376142,91,2.298037222929537,70,2006
2006_15_PHI_NYG,15,NYG,-12.034565352437424,85,-16.88079383145271,63,2006
2006_15_PHI_NYG,15,PHI,5.146838510690379,81,10.422343959383994,61,2006
2006_15_PIT_CAR,15,CAR,-25.06311412632931,78,-16.937330895963708,55,2006
2006_15_PIT_CAR,15,PIT,14.305547845014186,82,11.416131316927052,63,2006
2006_15_SF_SEA,15,SEA,-4.541904837437416,87,-9.019246571231633,67,2006
2006_15_SF_SEA,15,SF,8.181883131166838,84,10.767604763782535,62,2006
2006_15_STL_OAK,15,LA,4.601885223304178,81,-2.341911133112916,61,2006
2006_15_STL_OAK,15,LV,-19.029413980431855,81,-20.07138477580156,59,2006
2006_15_TB_CHI,15,CHI,-3.829460295074572,108,2.4017929447593747,81,2006
2006_15_TB_CHI,15,TB,-4.058128144109109,97,-5.337705858608514,67,2006
2006_15_WAS_NO,15,NO,-4.337159499010876,82,-5.22034347778175,64,2006
2006_15_WAS_NO,15,WAS,5.2437649323168545,75,4.861638241602952,58,2006
2006_16_ARI_SF,16,ARI,13.309229098705599,84,13.331868736648447,65,2006
2006_16_ARI_SF,16,SF,2.584538874283224,63,-8.254507521099873,45,2006
2006_16_BAL_PIT,16,BAL,7.065698149718624,80,7.587626510873143,63,2006
2006_16_BAL_PIT,16,PIT,-21.712973343145904,86,-26.64822918648133,65,2006
2006_16_CAR_ATL,16,ATL,-10.148779035080224,53,-10.436771591609837,42,2006
2006_16_CAR_ATL,16,CAR,-0.800103189315986,82,-5.838184077433306,62,2006
2006_16_CHI_DET,16,CHI,4.885476944077547,102,3.5169949909267624,77,2006
2006_16_CHI_DET,16,DET,-4.96527180846603,90,-4.153879134042654,64,2006
2006_16_CIN_DEN,16,CIN,-8.110529232291587,94,-8.888426787862844,76,2006
2006_16_CIN_DEN,16,DEN,-7.355911737411364,84,-8.962877739984638,59,2006
2006_16_IND_HOU,16,HOU,18.65363992620786,81,15.64263390615013,65,2006
2006_16_IND_HOU,16,IND,18.612533495859847,57,15.495539692684924,44,2006
2006_16_KC_OAK,16,KC,0.6440253881823974,82,3.3133446620515787,62,2006
2006_16_KC_OAK,16,LV,-12.90954560105456,80,-19.413031909518743,65,2006
2006_16_MIN_GB,16,GB,-22.97308794633136,94,-18.168245969702877,75,2006
2006_16_MIN_GB,16,MIN,-24.000605304983083,64,-20.923406498186523,45,2006
2006_16_NE_JAX,16,JAX,4.655527716166259,64,6.554549359563854,46,2006
2006_16_NE_JAX,16,NE,8.465360813480032,94,16.141446823016253,67,2006
2006_16_NO_NYG,16,NO,1.325860622410116,105,1.2968901027940056,82,2006
2006_16_NO_NYG,16,NYG,-26.9035615189307,63,-29.083647236286197,45,2006
2006_16_NYJ_MIA,16,MIA,-7.654172402540326,79,-11.194958030962063,58,2006
2006_16_NYJ_MIA,16,NYJ,-3.3198823556260786,75,-5.978264102244761,60,2006
2006_16_PHI_DAL,16,DAL,-10.826140503045508,68,-10.23956417752197,51,2006
2006_16_PHI_DAL,16,PHI,8.808345661914698,79,12.034416807446918,66,2006
2006_16_SD_SEA,16,LAC,0.6721092882885369,91,0.15770587084563292,63,2006
2006_16_SD_SEA,16,SEA,-4.812094676998187,97,-8.806985217296845,76,2006
2006_16_TB_CLE,16,CLE,-25.08347038580837,65,-23.35978588458753,50,2006
2006_16_TB_CLE,16,TB,-5.877465545132965,84,-5.645604393789798,72,2006
2006_16_TEN_BUF,16,BUF,12.692863667276013,81,4.809393900444929,61,2006
2006_16_TEN_BUF,16,TEN,16.245450886328623,86,17.870343502757017,60,2006
2006_16_WAS_STL,16,LA,9.02158949939771,104,14.177964183580698,77,2006
2006_16_WAS_STL,16,WAS,5.231359177699819,84,2.8141579823118663,64,2006
2006_17_ARI_SD,17,ARI,13.293196885040286,74,14.342384050953203,55,2006
2006_17_ARI_SD,17,LAC,17.586770831038162,77,5.014626242484937,62,2006
2006_17_ATL_PHI,17,ATL,-2.580556325780437,93,-1.9581455908027312,74,2006
2006_17_ATL_PHI,17,PHI,2.162032355974813,79,8.515378700550215,53,2006
2006_17_BUF_BAL,17,BAL,-3.5565383277673854,85,-1.3707142139395723,63,2006
2006_17_BUF_BAL,17,BUF,-15.424210445892868,68,-17.196497879049275,52,2006
2006_17_CAR_NO,17,CAR,10.115674974594771,77,6.847617827060437,57,2006
2006_17_CAR_NO,17,NO,-3.237802462445658,67,-5.414901120937429,51,2006
2006_17_CLE_HOU,17,CLE,-21.81295229686657,80,-19.97423504673376,63,2006
2006_17_CLE_HOU,17,HOU,-14.582561678711388,53,-9.004546856915113,40,2006
2006_17_DET_DAL,17,DAL,0.7319946618690629,76,-2.096416557966677,57,2006
2006_17_DET_DAL,17,DET,12.836533498657786,95,12.21775451983336,72,2006
2006_17_GB_CHI,17,CHI,-25.72261798288241,70,-26.404658565938007,53,2006
2006_17_GB_CHI,17,GB,-3.1059484217419167,94,2.2452471157265705,76,2006
2006_17_JAX_KC,17,JAX,2.0363703604656394,89,4.703588779303728,66,2006
2006_17_JAX_KC,17,KC,4.345568400829275,88,4.537215429358184,66,2006
2006_17_MIA_IND,17,IND,7.90392016581903,89,8.882403979600229,68,2006
2006_17_MIA_IND,17,MIA,8.195713144048941,81,5.41884951966183,62,2006
2006_17_NE_TEN,17,NE,11.21847083025909,86,16.067652550999473,59,2006
2006_17_NE_TEN,17,TEN,-10.38802574213196,90,-13.014618269848505,66,2006
2006_17_NYG_WAS,17,NYG,14.940930961415685,83,17.21147750675584,59,2006
2006_17_NYG_WAS,17,WAS,5.699810215463909,81,6.128403091337532,62,2006
2006_17_OAK_NYJ,17,LV,-16.038003615103662,64,-18.89921435697451,50,2006
2006_17_OAK_NYJ,17,NYJ,3.249366615325469,84,-1.208529912148351,65,2006
2006_17_PIT_CIN,17,CIN,6.805178156829696,74,6.63435785078015,50,2006
2006_17_PIT_CIN,17,PIT,15.755075086411578,89,13.583240390139933,73,2006
2006_17_SEA_TB,17,SEA,10.442378177083354,87,8.534201113298373,70,2006
2006_17_SEA_TB,17,TB,-9.403134497227484,65,-7.0946804144523234,49,2006
2006_17_SF_DEN,17,DEN,-14.890782085442426,91,-14.36532694023371,62,2006
2006_17_SF_DEN,17,SF,-8.511642853371542,102,-12.169341375909656,76,2006
2006_17_STL_MIN,17,LA,21.35266341928223,86,16.98872701042914,65,2006
2006_17_STL_MIN,17,MIN,-5.090435790040616,82,-13.436176326416899,61,2006
2007_01_ARI_SF,1,ARI,-6.220809506069147,91,-5.393159298966824,67,2007
2007_01_ARI_SF,1,SF,-5.136695538231381,75,-10.21381726600766,55,2007
2007_01_ATL_MIN,1,ATL,-22.91296187636908,85,-18.008429308927447,66,2007
2007_01_ATL_MIN,1,MIN,-1.5762030398734779,64,-1.7479670938620409,50,2007
2007_01_BAL_CIN,1,BAL,-25.05355711839229,90,-27.20934906404736,66,2007
2007_01_BAL_CIN,1,CIN,-19.963687883317448,78,-9.663373527120445,55,2007
2007_01_CAR_STL,1,CAR,7.084543187261473,83,8.018240576136973,65,2007
2007_01_CAR_STL,1,LA,-11.898322840462779,85,-19.053585672981534,63,2007
2007_01_CHI_SD,1,CHI,-19.505393431929406,65,-19.897879281874125,52,2007
2007_01_CHI_SD,1,LAC,-9.590000391172454,87,-10.494389308899521,71,2007
2007_01_DEN_BUF,1,BUF,-5.276949056997639,71,-4.438931570933224,49,2007
2007_01_DEN_BUF,1,DEN,-1.4669214186286554,86,10.362709208378913,72,2007
2007_01_DET_OAK,1,DET,10.678388489292388,80,7.82556609839682,59,2007
2007_01_DET_OAK,1,LV,-9.6817795769764,93,-0.83087315802132,66,2007
2007_01_KC_HOU,1,HOU,0.7684243627664942,68,-1.978428869155488,54,2007
2007_01_KC_HOU,1,KC,-16.63754190079635,69,-14.07605922738392,53,2007
2007_01_MIA_WAS,1,MIA,-4.646727806942409,80,-7.115111601277745,60,2007
2007_01_MIA_WAS,1,WAS,-3.696166529141238,84,-3.586017114302373,64,2007
2007_01_NE_NYJ,1,NE,30.691185307012116,78,26.40744953038857,64,2007
2007_01_NE_NYJ,1,NYJ,2.385066346274014,72,0.7659056117408909,55,2007
2007_01_NO_IND,1,IND,4.379718289317729,79,7.623012403220438,59,2007
2007_01_NO_IND,1,NO,-27.108005631956612,90,-21.498742102838655,68,2007
2007_01_NYG_DAL,1,DAL,22.942824805996217,77,22.775773921581745,55,2007
2007_01_NYG_DAL,1,NYG,15.021148971396883,89,11.664392979399903,68,2007
2007_01_PHI_GB,1,GB,-6.789821289708244,83,-19.822502918594022,62,2007
2007_01_PHI_GB,1,PHI,-7.255477295747597,84,-4.448997103944821,63,2007
2007_01_PIT_CLE,1,CLE,-26.17870764870463,79,-23.292658520571422,59,2007
2007_01_PIT_CLE,1,PIT,6.4605318754502115,84,4.819889513028785,65,2007
2007_01_TB_SEA,1,SEA,2.5484753850992075,76,0.41831723482517447,60,2007
2007_01_TB_SEA,1,TB,-11.226825484220171,76,-13.751158722447778,59,2007
2007_01_TEN_JAX,1,JAX,-1.1603247676350756,63,-0.7553134667913444,50,2007
2007_01_TEN_JAX,1,TEN,3.5580792134903723,83,3.932257678042266,67,2007
2007_02_ATL_JAX,2,ATL,-5.26977959641522,72,1.970617548199284,51,2007
2007_02_ATL_JAX,2,JAX,0.8097143322854654,80,3.5176718952274415,62,2007
2007_02_BUF_PIT,2,BUF,-8.114400598569773,66,-13.87353949556158,51,2007
2007_02_BUF_PIT,2,PIT,15.261841998677026,79,14.989605216276983,64,2007
2007_02_CIN_CLE,2,CIN,26.923914352923468,105,20.017119460895085,77,2007
2007_02_CIN_CLE,2,CLE,29.401875395411928,84,19.83484562519083,62,2007
2007_02_DAL_MIA,2,DAL,10.087451430811594,91,8.786021148372914,66,2007
2007_02_DAL_MIA,2,MIA,-11.076911263333843,83,-13.218613872812004,60,2007
2007_02_GB_NYG,2,GB,21.23067741354293,87,15.435465888480643,66,2007
2007_02_GB_NYG,2,NYG,-4.152357277106831,78,-2.9746455710008908,58,2007
2007_02_HOU_CAR,2,CAR,-12.946516775978811,82,-1.0431979654240422,61,2007
2007_02_HOU_CAR,2,HOU,3.8132396462779035,84,5.926623942543495,63,2007
2007_02_IND_TEN,2,IND,5.998966017222754,86,10.729685867500201,65,2007
2007_02_IND_TEN,2,TEN,1.1964014421187112,79,-4.595223923873701,64,2007
2007_02_KC_CHI,2,CHI,-15.939411421821662,84,-20.362173761347712,63,2007
2007_02_KC_CHI,2,KC,-25.657009763347787,82,-11.63499842848744,60,2007
2007_02_MIN_DET,2,DET,-11.536437368794557,102,-13.773498979030466,80,2007
2007_02_MIN_DET,2,MIN,-12.67856541236977,93,-12.588490383232354,69,2007
2007_02_NO_TB,2,NO,-4.987905747597781,88,-0.799248922376008,72,2007
2007_02_NO_TB,2,TB,12.033788239193196,64,11.76907303241598,47,2007
2007_02_NYJ_BAL,2,BAL,1.3047850886446195,89,3.36786272693844,67,2007
2007_02_NYJ_BAL,2,NYJ,-3.455175643200392,88,-7.01706229552981,68,2007
2007_02_OAK_DEN,2,DEN,-3.4396776180860815,94,1.4769014294880876,72,2007
2007_02_OAK_DEN,2,LV,-4.915424169284163,78,-4.504007964380023,56,2007
2007_02_SD_NE,2,LAC,-11.098577504677907,72,-15.13150107691763,53,2007
2007_02_SD_NE,2,NE,12.552847524835439,83,15.982070264356715,63,2007
2007_02_SEA_ARI,2,ARI,2.8760588152873634,84,6.688170687196261,63,2007
2007_02_SEA_ARI,2,SEA,2.3928668622176,80,4.643116411834047,61,2007
2007_02_SF_STL,2,LA,-6.409654443801254,88,-8.677743116834879,69,2007
2007_02_SF_STL,2,SF,-3.900183410925072,68,-12.308409722340926,47,2007
2007_02_WAS_PHI,2,PHI,-0.7941240326617844,84,-6.329267285540999,69,2007
2007_02_WAS_PHI,2,WAS,8.962946530440147,84,7.137877365963318,60,2007
2007_03_ARI_BAL,3,ARI,3.8285591694962005,77,6.4045087979873365,55,2007
2007_03_ARI_BAL,3,BAL,3.8047053923451113,89,5.214443022389141,70,2007
2007_03_BUF_NE,3,BUF,-14.464578957583626,68,-12.85025404667249,50,2007
2007_03_BUF_NE,3,NE,16.832113618227364,82,14.860039102408688,68,2007
2007_03_CAR_ATL,3,ATL,4.1562714129511935,82,4.6042627346874125,64,2007
2007_03_CAR_ATL,3,CAR,15.514102200929397,77,12.998733681516232,58,2007
2007_03_CIN_SEA,3,CIN,5.045819091280352,97,7.057958311401889,75,2007
2007_03_CIN_SEA,3,SEA,5.763173278172187,81,3.086000594461961,62,2007
2007_03_CLE_OAK,3,CLE,2.7341732588085934,83,-2.3896357351862862,54,2007
2007_03_CLE_OAK,3,LV,4.42165264310597,96,0.1324509737874937,69,2007
2007_03_DAL_CHI,3,CHI,-20.86594052426085,76,-21.157984053733195,58,2007
2007_03_DAL_CHI,3,DAL,8.239498580241158,86,16.344305904109063,63,2007
2007_03_DET_PHI,3,DET,-5.089867642078164,92,-3.3145882002704186,67,2007
2007_03_DET_PHI,3,PHI,29.000337355048025,83,26.42839843366528,59,2007
2007_03_IND_HOU,3,HOU,4.051796688330965,73,-3.699938847598684,53,2007
2007_03_IND_HOU,3,IND,14.800429967330441,76,15.914463500556664,59,2007
2007_03_JAX_DEN,3,DEN,-7.608674536770652,56,-0.6481089965673164,41,2007
2007_03_JAX_DEN,3,JAX,3.829090965978592,86,5.549753672405988,66,2007
2007_03_MIA_NYJ,3,MIA,22.704181084898323,79,21.121313871653093,61,2007
2007_03_MIA_NYJ,3,NYJ,21.944711900566286,85,9.02811790119206,57,2007
2007_03_MIN_KC,3,KC,-5.90432414202519,78,-8.127195910837036,61,2007
2007_03_MIN_KC,3,MIN,-7.508828645800578,79,-7.431258649223234,62,2007
2007_03_NYG_WAS,3,NYG,1.1882335633983958,85,1.1669105182279207,67,2007
2007_03_NYG_WAS,3,WAS,-9.074788015501783,84,-10.83029477106333,61,2007
2007_03_SD_GB,3,GB,15.640233048226033,82,12.7698379106903,59,2007
2007_03_SD_GB,3,LAC,9.3047594648508,84,9.799341722484996,65,2007
2007_03_SF_PIT,3,PIT,16.802665394602624,72,7.384204347278519,54,2007
2007_03_SF_PIT,3,SF,-1.9363020286211858,81,-8.608626127822932,59,2007
2007_03_STL_TB,3,LA,-17.50728665018687,75,-9.356246666411772,61,2007
2007_03_STL_TB,3,TB,3.3140804215347517,69,6.845524537758583,52,2007
2007_03_TEN_NO,3,NO,-22.7573021097516,77,-26.757023839483736,62,2007
2007_03_TEN_NO,3,TEN,-0.04719474199224005,76,2.3493519700820187,58,2007
2007_04_BAL_CLE,4,BAL,-3.442983226758998,91,7.09584562061627,73,2007
2007_04_BAL_CLE,4,CLE,8.96377939304352,67,2.8269169938275045,46,2007
2007_04_CHI_DET,4,CHI,-14.366075848779262,103,-19.13119880123846,80,2007
2007_04_CHI_DET,4,DET,-6.42484192676779,84,-3.82570642589285,54,2007
2007_04_DEN_IND,4,DEN,9.722696449823,72,8.980492911971169,58,2007
2007_04_DEN_IND,4,IND,26.049646367624568,82,23.506737800966974,61,2007
2007_04_GB_MIN,4,GB,6.274996356380891,85,3.3804407038121007,64,2007
2007_04_GB_MIN,4,MIN,-3.752495277332481,89,-2.9141452931743963,65,2007
2007_04_HOU_ATL,4,ATL,4.36948160592585,81,1.879079791334663,60,2007
2007_04_HOU_ATL,4,HOU,-4.556425447584469,81,-2.5469254562552166,61,2007
2007_04_KC_SD,4,KC,-0.8362825537203689,77,-0.01362837625325497,59,2007
2007_04_KC_SD,4,LAC,-19.002526012594217,85,-21.599745119897968,67,2007
2007_04_NE_CIN,4,CIN,-1.362812226051802,69,-3.130728563400785,51,2007
2007_04_NE_CIN,4,NE,24.07597908379375,83,24.556151818469875,62,2007
2007_04_NYJ_BUF,4,BUF,4.008568925442431,72,4.795510615688438,57,2007
2007_04_NYJ_BUF,4,NYJ,2.100084485844034,79,7.056595488186549,59,2007
2007_04_OAK_MIA,4,LV,22.966621874096514,78,21.409191902028397,62,2007
2007_04_OAK_MIA,4,MIA,2.347339538254799,66,-3.996869439462401,47,2007
2007_04_PHI_NYG,4,NYG,-13.387767812985205,76,-14.024572513256548,51,2007
2007_04_PHI_NYG,4,PHI,-25.083767965028528,86,-20.718901336739865,66,2007
2007_04_PIT_ARI,4,ARI,-6.053277365619411,80,-6.072123629216555,61,2007
2007_04_PIT_ARI,4,PIT,-12.094681959155311,81,-6.989280117180897,62,2007
2007_04_SEA_SF,4,SEA,-10.630924825664353,90,-0.793888542216405,68,2007
2007_04_SEA_SF,4,SF,-34.842563106445596,84,-39.02362860903212,59,2007
2007_04_STL_DAL,4,DAL,12.715061227696193,81,20.27012452686904,66,2007
2007_04_STL_DAL,4,LA,-14.580593448971968,79,-13.20749333932876,53,2007
2007_04_TB_CAR,4,CAR,-19.65697698801091,87,-15.67125754232984,67,2007
2007_04_TB_CAR,4,TB,-2.4238123451564224,81,0.5162569515267919,66,2007
2007_05_ARI_STL,5,ARI,-0.34985914425338316,97,3.7750314275674506,71,2007
2007_05_ARI_STL,5,LA,-6.698836478087332,93,-8.33257515459535,68,2007
2007_05_ATL_TEN,5,ATL,-31.02625901705619,88,-30.05168878117363,63,2007
2007_05_ATL_TEN,5,TEN,-27.091953607733103,81,-26.534845974146155,63,2007
2007_05_BAL_SF,5,BAL,-4.471771844546311,97,-5.715190082619064,75,2007
2007_05_BAL_SF,5,SF,-8.450931769791396,56,-12.952129959133687,41,2007
2007_05_CAR_NO,5,CAR,-3.0170376750844197,65,-5.03175596394207,48,2007
2007_05_CAR_NO,5,NO,-8.753972035375764,94,-5.6928972289671815,75,2007
2007_05_CHI_GB,5,CHI,10.071636636201443,84,-1.1585887783473465,59,2007
2007_05_CHI_GB,5,GB,-1.0086868429702935,84,-2.9329516412108205,61,2007
2007_05_CLE_NE,5,CLE,-11.746611383822257,88,-17.089845316510942,65,2007
2007_05_CLE_NE,5,NE,4.15763575896835,91,4.674179023873803,70,2007
2007_05_DAL_BUF,5,BUF,-11.387331826191943,76,-15.506234851011127,58,2007
2007_05_DAL_BUF,5,DAL,-8.797952383417508,92,-14.082896640055598,72,2007
2007_05_DET_WAS,5,DET,-22.35237918398343,71,-19.75594544210972,54,2007
2007_05_DET_WAS,5,WAS,8.891698528312531,81,8.403610964669756,65,2007
2007_05_JAX_KC,5,JAX,6.43847010885065,80,9.976618194139611,64,2007
2007_05_JAX_KC,5,KC,-6.640220361233561,73,-2.3364259875342377,55,2007
2007_05_MIA_HOU,5,HOU,4.863020069347896,84,-0.09218931432814648,63,2007
2007_05_MIA_HOU,5,MIA,5.118773516853309,73,2.3524093751143074,55,2007
2007_05_NYJ_NYG,5,NYG,3.1663587178552417,82,5.624287193233613,62,2007
2007_05_NYJ_NYG,5,NYJ,-7.147053937647573,81,-13.704852945241491,62,2007
2007_05_SD_DEN,5,DEN,-19.197244773386046,72,-12.302958869289359,57,2007
2007_05_SD_DEN,5,LAC,24.61219356269407,73,27.61353176197101,53,2007
2007_05_SEA_PIT,5,PIT,7.53408993153266,78,10.053754533233587,64,2007
2007_05_SEA_PIT,5,SEA,-13.886179336463101,63,-13.807878638850525,46,2007
2007_05_TB_IND,5,IND,17.582149533287197,92,16.553671657640464,75,2007
2007_05_TB_IND,5,TB,-0.9724969004920949,54,-0.3254494883585721,40,2007
2007_06_CAR_ARI,6,ARI,-22.02167551530505,78,-26.22673554751895,54,2007
2007_06_CAR_ARI,6,CAR,-2.0677701159546,91,1.641416279999424,66,2007
2007_06_CIN_KC,6,CIN,-5.47947323851122,86,-5.662330656403116,64,2007
2007_06_CIN_KC,6,KC,0.13358982904014471,96,-4.47836308671646,73,2007
2007_06_HOU_JAX,6,HOU,-1.8861339701833204,84,-6.128269417910592,70,2007
2007_06_HOU_JAX,6,JAX,17.74929237092701,83,17.37905425545202,60,2007
2007_06_MIA_CLE,6,CLE,20.500871275049345,81,16.23209538265799,59,2007
2007_06_MIA_CLE,6,MIA,13.043089648551355,89,9.972929498108325,68,2007
2007_06_MIN_CHI,6,CHI,8.52503439902193,91,1.6739082290713618,70,2007
2007_06_MIN_CHI,6,MIN,14.101009498134768,90,13.602482555217847,67,2007
2007_06_NE_DAL,6,DAL,1.4203668627144426,74,0.7313831776269382,45,2007
2007_06_NE_DAL,6,NE,27.163568327520345,102,19.237621213050527,77,2007
2007_06_NO_SEA,6,NO,9.312768660124672,89,10.110759627539665,67,2007
2007_06_NO_SEA,6,SEA,-3.6378389418155184,84,-6.907379888438293,69,2007
2007_06_NYG_ATL,6,ATL,-14.462315345191737,75,-14.416718089239055,58,2007
2007_06_NYG_ATL,6,NYG,11.8991358211148,94,10.923137560327188,74,2007
2007_06_OAK_SD,6,LAC,0.41919960342329077,67,5.616693353303139,53,2007
2007_06_OAK_SD,6,LV,-12.682019972670334,87,-9.88863756970386,66,2007
2007_06_PHI_NYJ,6,NYJ,-8.763270629686303,70,-10.935433552497457,55,2007
2007_06_PHI_NYJ,6,PHI,1.4183619737202653,80,9.74605766968443,65,2007
2007_06_STL_BAL,6,BAL,-9.694009419991971,85,-13.508875040426778,63,2007
2007_06_STL_BAL,6,LA,-28.957230500294827,83,-25.32222577388974,65,2007
2007_06_TEN_TB,6,TB,1.90039214096464,64,0.8873431686585178,45,2007
2007_06_TEN_TB,6,TEN,0.20122031661298845,87,-0.09836836478781574,70,2007
2007_06_WAS_GB,6,GB,-19.21165646541931,82,-14.492954450270576,57,2007
2007_06_WAS_GB,6,WAS,-20.59855071512584,87,-22.490429216821212,69,2007
2007_07_ARI_WAS,7,ARI,-13.972262177680363,94,-8.10041984594219,74,2007
2007_07_ARI_WAS,7,WAS,-12.703393185672898,62,-8.131716041650522,46,2007
2007_07_ATL_NO,7,ATL,-4.111850259019401,90,1.4890072339099358,67,2007
2007_07_ATL_NO,7,NO,-1.6275271289951432,74,5.365630998028908,56,2007
2007_07_BAL_BUF,7,BAL,-7.320858168348879,80,-4.845251053397078,62,2007
2007_07_BAL_BUF,7,BUF,-3.529056689057371,82,-11.910038667569003,56,2007
2007_07_CHI_PHI,7,CHI,11.44512020246907,89,13.820687788020587,63,2007
2007_07_CHI_PHI,7,PHI,5.070984909606294,79,4.684836766061881,62,2007
2007_07_IND_JAX,7,IND,16.772537476919975,89,14.36130123352618,71,2007
2007_07_IND_JAX,7,JAX,-8.688214842400384,76,-14.084190307359677,66,2007
2007_07_KC_OAK,7,KC,-5.254288686512038,85,-4.454585539503691,65,2007
2007_07_KC_OAK,7,LV,-9.750156231103801,79,-13.389470707447215,55,2007
2007_07_MIN_DAL,7,DAL,-5.961525606356875,87,-6.042685417623829,71,2007
2007_07_MIN_DAL,7,MIN,-14.198854606851912,66,-7.249153285973097,47,2007
2007_07_NE_MIA,7,MIA,8.354580421949318,92,7.713208728469908,69,2007
2007_07_NE_MIA,7,NE,33.466474638932816,68,23.124999748077244,51,2007
2007_07_NYJ_CIN,7,CIN,16.253239795470787,85,13.895674911453394,63,2007
2007_07_NYJ_CIN,7,NYJ,10.887145920330681,78,5.182972208130695,60,2007
2007_07_PIT_DEN,7,DEN,10.089369689946576,71,7.0039116923741425,55,2007
2007_07_PIT_DEN,7,PIT,9.599624934830388,79,10.464634152721718,65,2007
2007_07_SF_NYG,7,NYG,3.4574168570279618,81,1.0709294568015144,62,2007
2007_07_SF_NYG,7,SF,-14.543142294230275,90,-22.214028308066073,63,2007
2007_07_STL_SEA,7,LA,-25.305275822407566,89,-21.687350531975884,64,2007
2007_07_STL_SEA,7,SEA,1.2045709949582006,88,-9.37222403745294,68,2007
2007_07_TB_DET,7,DET,5.154681796190582,60,8.203236564805609,44,2007
2007_07_TB_DET,7,TB,-0.38347791999100256,97,7.094091233140295,76,2007
2007_07_TEN_HOU,7,HOU,-9.883426125975916,84,-10.830596698753535,59,2007
2007_07_TEN_HOU,7,TEN,-2.9101844754694657,106,-11.63826669162204,82,2007
2007_08_BUF_NYJ,8,BUF,-0.16179465868776877,77,1.3124239182947726,62,2007
2007_08_BUF_NYJ,8,NYJ,-12.767002893669996,74,-12.273394535125174,57,2007
2007_08_CLE_STL,8,CLE,17.278301115092503,75,18.727064163912026,55,2007
2007_08_CLE_STL,8,LA,5.718159524240784,85,2.0824153510344665,63,2007
2007_08_DET_CHI,8,CHI,-11.914378105571132,80,-15.974349363809544,61,2007
2007_08_DET_CHI,8,DET,-0.07240494869915981,86,-1.5425099506801967,66,2007
2007_08_GB_DEN,8,DEN,5.913844771163666,79,3.7119528441204075,61,2007
2007_08_GB_DEN,8,GB,15.152258469203616,73,17.356281116693864,54,2007
2007_08_HOU_SD,8,HOU,-14.758235573984077,91,-15.792958293874639,75,2007
2007_08_HOU_SD,8,LAC,9.469714720842372,58,0.9287055465974845,40,2007
2007_08_IND_CAR,8,CAR,-9.47212685807176,96,-10.31611065985635,77,2007
2007_08_IND_CAR,8,IND,18.7525824337672,81,10.046567630868054,64,2007
2007_08_JAX_TB,8,JAX,-4.531256220174103,83,-4.804958783632308,60,2007
2007_08_JAX_TB,8,TB,-9.08605575176489,83,-10.26046980208536,64,2007
2007_08_NO_SF,8,NO,17.4193554963158,86,13.622871268063694,66,2007
2007_08_NO_SF,8,SF,-6.737043620664964,85,-9.691647586095424,64,2007
2007_08_NYG_MIA,8,MIA,-4.8402621307425315,73,-2.431195845328288,59,2007
2007_08_NYG_MIA,8,NYG,-1.6692519229211493,78,-1.911406656239825,57,2007
2007_08_OAK_TEN,8,LV,-8.970487858459819,88,-12.763143209363912,64,2007
2007_08_OAK_TEN,8,TEN,-6.4374729724906965,72,-8.332243533441758,50,2007
2007_08_PHI_MIN,8,MIN,-3.0128228626650424,82,-6.714805884010844,59,2007
2007_08_PHI_MIN,8,PHI,6.670761559082914,81,9.060984796282046,64,2007
2007_08_PIT_CIN,8,CIN,8.489820296851349,66,6.867237795175026,52,2007
2007_08_PIT_CIN,8,PIT,21.485767902470112,71,20.243771435323033,59,2007
2007_08_WAS_NE,8,NE,25.83873559179596,96,29.396479642338026,76,2007
2007_08_WAS_NE,8,WAS,-20.734408534884324,74,-18.797926582745276,56,2007
2007_09_ARI_TB,9,ARI,-7.487826472202188,60,-8.58121289926787,42,2007
2007_09_ARI_TB,9,TB,-1.8096078247094756,99,5.650596427176811,73,2007
2007_09_BAL_PIT,9,BAL,-25.137174761500546,74,-28.878268210799433,51,2007
2007_09_BAL_PIT,9,PIT,5.688920731561434,86,-3.153129975499718,61,2007
2007_09_CAR_TEN,9,CAR,-19.54650772572063,86,-20.490957690663553,61,2007
2007_09_CAR_TEN,9,TEN,-7.566395447930065,82,-8.477151769559658,67,2007
2007_09_CIN_BUF,9,BUF,19.292375378672883,87,18.143242346198463,68,2007
2007_09_CIN_BUF,9,CIN,8.123990771606483,79,4.286751126346644,53,2007
2007_09_DAL_PHI,9,DAL,28.352921539706355,72,26.036674945551418,54,2007
2007_09_DAL_PHI,9,PHI,2.849043688454456,83,0.3428344242878314,68,2007
2007_09_DEN_DET,9,DEN,-24.9959648192831,93,-27.011866000725917,71,2007
2007_09_DEN_DET,9,DET,14.021324601213614,80,5.360926210931115,60,2007
2007_09_GB_KC,9,GB,10.721471790557413,82,8.815791877456018,61,2007
2007_09_GB_KC,9,KC,-5.186923840496433,87,-12.989266105883754,60,2007
2007_09_HOU_OAK,9,HOU,10.382472145907965,76,17.412179937013573,54,2007
2007_09_HOU_OAK,9,LV,1.272656635360816,83,1.3183533517843884,62,2007
2007_09_JAX_NO,9,JAX,0.8318844508350898,78,1.670060502235013,57,2007
2007_09_JAX_NO,9,NO,16.09641206341626,94,18.29171092700051,74,2007
2007_09_NE_IND,9,IND,-2.9839824303809817,81,-2.2457510375056593,61,2007
2007_09_NE_IND,9,NE,4.0254933296848625,79,6.596877318101148,58,2007
2007_09_SD_MIN,9,LAC,-16.677904838713566,87,-18.723115081652644,63,2007
2007_09_SD_MIN,9,MIN,0.7348762457987092,89,15.678305347760215,64,2007
2007_09_SEA_CLE,9,CLE,6.853106356554921,95,11.324102701195743,75,2007
2007_09_SEA_CLE,9,SEA,6.915465882788564,94,6.78461594505108,73,2007
2007_09_SF_ATL,9,ATL,-12.48561988993895,81,-10.30274767196394,64,2007
2007_09_SF_ATL,9,SF,-13.261923271647529,83,-16.21110839707452,63,2007
2007_09_WAS_NYJ,9,NYJ,9.907364010470245,91,3.9794964618906965,71,2007
2007_09_WAS_NYJ,9,WAS,17.097810671330198,88,10.048886841783746,73,2007
2007_10_ATL_CAR,10,ATL,-5.119902907629241,79,-4.831360869409808,57,2007
2007_10_ATL_CAR,10,CAR,-13.981118367282079,81,-12.972424684929866,59,2007
2007_10_BUF_MIA,10,BUF,-2.044825888427906,65,-6.823158967179815,50,2007
2007_10_BUF_MIA,10,MIA,-6.3145160051762135,85,-2.9601467494421527,68,2007
2007_10_CHI_OAK,10,CHI,-8.151892276646779,83,-3.1605323346596297,65,2007
2007_10_CHI_OAK,10,LV,-21.52628405665746,86,-24.971585625500833,60,2007
2007_10_CIN_BAL,10,BAL,-21.65830613707226,69,-19.44656198087614,54,2007
2007_10_CIN_BAL,10,CIN,-2.468385196523741,88,-2.0397217547098285,69,2007
2007_10_CLE_PIT,10,CLE,8.170030645606854,78,-5.009918405150529,49,2007
2007_10_CLE_PIT,10,PIT,9.517264034942514,91,6.195630839139184,74,2007
2007_10_DAL_NYG,10,DAL,17.836540659528506,73,15.761213229311892,54,2007
2007_10_DAL_NYG,10,NYG,3.88635378227036,90,-0.9231897617344078,66,2007
2007_10_DEN_KC,10,DEN,3.968772611535539,82,0.7010144714970172,59,2007
2007_10_DEN_KC,10,KC,-16.53447096812306,92,-22.735370420718816,71,2007
2007_10_DET_ARI,10,ARI,-13.77117466855248,88,-14.09846013588605,65,2007
2007_10_DET_ARI,10,DET,-22.807658014371388,77,-18.03921841015108,57,2007
2007_10_IND_SD,10,IND,-10.89372344786079,104,-6.537248486988262,85,2007
2007_10_IND_SD,10,LAC,-10.856004589563213,66,-16.642781382938924,51,2007
2007_10_JAX_TEN,10,JAX,0.1440809812802364,88,-0.7550443204818293,66,2007
2007_10_JAX_TEN,10,TEN,-18.221796416207553,81,-14.950517777063567,63,2007
2007_10_MIN_GB,10,GB,25.245596266950994,95,24.71932633212389,78,2007
2007_10_MIN_GB,10,MIN,-8.97942209977191,58,-12.66750756255351,44,2007
2007_10_PHI_WAS,10,PHI,15.60895717148242,79,13.000446778339454,58,2007
2007_10_PHI_WAS,10,WAS,5.374140568304598,92,2.120808556529812,71,2007
2007_10_SF_SEA,10,SEA,0.11793915617294903,95,3.1995495512808265,74,2007
2007_10_SF_SEA,10,SF,-24.367102181044174,66,-26.151657900045393,47,2007
2007_10_STL_NO,10,LA,24.256105204485397,90,19.18186063917936,71,2007
2007_10_STL_NO,10,NO,10.30473851157039,66,1.1759790889485737,51,2007
2007_11_ARI_CIN,11,ARI,-9.270698986576694,79,2.6069877058924993,53,2007
2007_11_ARI_CIN,11,CIN,-20.43813287482931,96,-23.17993259782917,72,2007
2007_11_CAR_GB,11,CAR,-5.758449288658541,88,-0.526928147844977,68,2007
2007_11_CAR_GB,11,GB,6.7921756401365165,76,4.931795606268259,55,2007
2007_11_CHI_SEA,11,CHI,1.438166848101444,87,-3.342861966289113,62,2007
2007_11_CHI_SEA,11,SEA,6.5661764421804465,89,3.8695700198836853,67,2007
2007_11_CLE_BAL,11,BAL,-6.232816649355075,90,-11.48363790563171,72,2007
2007_11_CLE_BAL,11,CLE,-0.28864220417904374,105,-8.171903688742992,73,2007
2007_11_KC_IND,11,IND,-18.722152662588623,79,-12.224897798224479,58,2007
2007_11_KC_IND,11,KC,-19.705855659159706,74,-8.718744897126719,56,2007
2007_11_MIA_PHI,11,MIA,-14.29872750065556,62,-10.74224652920776,47,2007
2007_11_MIA_PHI,11,PHI,-4.5801622663188954,85,0.08899974042435499,69,2007
2007_11_NE_BUF,11,BUF,-12.045265247458929,70,-16.469680442906117,49,2007
2007_11_NE_BUF,11,NE,39.73247161627477,87,41.457114025601186,70,2007
2007_11_NO_HOU,11,HOU,-0.8126225946979293,72,-2.40647720328612,58,2007
2007_11_NO_HOU,11,NO,-13.994070762502758,86,-10.116117997376081,68,2007
2007_11_NYG_DET,11,DET,-11.689438044509725,76,-7.3661449360415245,57,2007
2007_11_NYG_DET,11,NYG,-2.2285461629595273,89,-5.110636701564827,66,2007
2007_11_OAK_MIN,11,LV,-4.826701512161516,95,-2.7072874984921227,70,2007
2007_11_OAK_MIN,11,MIN,-2.4537519354751263,79,-3.7873583076220685,59,2007
2007_11_PIT_NYJ,11,NYJ,-6.746767037369183,93,-16.632668704188152,67,2007
2007_11_PIT_NYJ,11,PIT,-5.399122471509373,82,-5.867596928381169,64,2007
2007_11_SD_JAX,11,JAX,6.162025311974728,77,8.493688636567676,58,2007
2007_11_SD_JAX,11,LAC,-1.0842577273638216,78,4.777219741318483,60,2007
2007_11_STL_SF,11,LA,-7.052199453809636,88,-9.013974709565609,66,2007
2007_11_STL_SF,11,SF,-13.434482725686394,81,-15.616834040058006,57,2007
2007_11_TB_ATL,11,ATL,-34.11805057200544,89,-31.261737205961253,71,2007
2007_11_TB_ATL,11,TB,-3.327045274700464,72,-0.5992402833055799,50,2007
2007_11_TEN_DEN,11,DEN,18.15665804072614,65,14.29359839553383,45,2007
2007_11_TEN_DEN,11,TEN,5.330612464816566,92,5.622912051547026,71,2007
2007_11_WAS_DAL,11,DAL,14.949394564627251,76,13.47604484915999,58,2007
2007_11_WAS_DAL,11,WAS,12.1388867485889,90,8.893131913732843,72,2007
2007_12_BAL_SD,12,BAL,-3.909264012405858,80,-7.81969830323942,56,2007
2007_12_BAL_SD,12,LAC,13.705925552944105,82,10.144847472765537,65,2007
2007_12_BUF_JAX,12,BUF,-5.924625602513062,86,-9.39118598838104,65,2007
2007_12_BUF_JAX,12,JAX,16.312674152794212,80,9.053536669002643,64,2007
2007_12_DEN_CHI,12,CHI,-2.5623407358480144,92,-11.666048752344002,67,2007
2007_12_DEN_CHI,12,DEN,-0.8655678929471868,96,1.9702652142778816,70,2007
2007_12_GB_DET,12,DET,-2.224723583628636,99,-6.890242336477313,74,2007
2007_12_GB_DET,12,GB,12.379875895241316,81,14.814442813875004,57,2007
2007_12_HOU_CLE,12,CLE,-2.474183756495907,89,-0.5573041723394638,69,2007
2007_12_HOU_CLE,12,HOU,-10.962901664365292,77,-8.369648527469572,56,2007
2007_12_IND_ATL,12,ATL,-11.693315941267056,78,-13.033362475313366,61,2007
2007_12_IND_ATL,12,IND,10.55857584552145,80,7.73048437197944,63,2007
2007_12_MIA_PIT,12,MIA,-21.220208200946217,65,-16.743750957219163,51,2007
2007_12_MIA_PIT,12,PIT,-19.000248490308877,66,-14.46343145403003,55,2007
2007_12_MIN_NYG,12,MIN,4.390807025214367,76,1.9788035519465152,54,2007
2007_12_MIN_NYG,12,NYG,-25.165364090402818,92,-29.017292733110224,71,2007
2007_12_NO_CAR,12,CAR,-19.849824605393223,73,-25.329813604359693,55,2007
2007_12_NO_CAR,12,NO,9.42253078775229,92,12.91892852739906,72,2007
2007_12_NYJ_DAL,12,DAL,8.834876056719619,81,4.233419956252829,65,2007
2007_12_NYJ_DAL,12,NYJ,-23.07128746062517,69,-24.605729148889246,51,2007
2007_12_OAK_KC,12,KC,-2.1034326970025194,81,2.102799369845,62,2007
2007_12_OAK_KC,12,LV,4.341852070306684,70,5.203949130471306,51,2007
2007_12_PHI_NE,12,NE,10.648127373354324,94,14.619136030088569,72,2007
2007_12_PHI_NE,12,PHI,9.821813682984608,78,9.389685978734633,63,2007
2007_12_SEA_STL,12,LA,-14.61490688821066,97,-22.985311425174586,72,2007
2007_12_SEA_STL,12,SEA,-5.256036663308594,82,-3.0549657912761754,61,2007
2007_12_SF_ARI,12,ARI,-10.409611113296481,104,0.5337284913608098,77,2007
2007_12_SF_ARI,12,SF,1.2078849290994607,85,0.26059048569906995,67,2007
2007_12_TEN_CIN,12,CIN,19.552197011762242,93,22.220974959459102,75,2007
2007_12_TEN_CIN,12,TEN,-8.984988932905253,61,-10.766282355903716,50,2007
2007_12_WAS_TB,12,TB,-7.856378231891768,69,-11.709520796119799,49,2007
2007_12_WAS_TB,12,WAS,-12.246067562834696,96,-14.379966531052258,82,2007
2007_13_ATL_STL,13,ATL,-10.76373340704,102,-10.911887537602265,81,2007
2007_13_ATL_STL,13,LA,-1.066359676630196,83,0.6259545174543746,60,2007
2007_13_BUF_WAS,13,BUF,1.6891199602978304,76,-0.42050673307744235,55,2007
2007_13_BUF_WAS,13,WAS,-2.390028313729318,88,-5.349403505198145,70,2007
2007_13_CIN_PIT,13,CIN,-19.22834740174153,89,-10.61048847261985,66,2007
2007_13_CIN_PIT,13,PIT,-6.24084785835453,81,-8.454166763460766,64,2007
2007_13_CLE_ARI,13,ARI,4.021087104298507,82,2.127127803051292,57,2007
2007_13_CLE_ARI,13,CLE,0.2488024195374141,81,-5.444477215984655,63,2007
2007_13_DEN_OAK,13,DEN,-9.702557756498665,81,-10.193838479243173,60,2007
2007_13_DEN_OAK,13,LV,2.1217741137543236,93,-0.7278544172789889,69,2007
2007_13_DET_MIN,13,DET,-2.746833949329438,64,-4.783116465016036,46,2007
2007_13_DET_MIN,13,MIN,28.83014428301837,80,23.682883163681254,63,2007
2007_13_GB_DAL,13,DAL,20.95592195076733,83,13.013838464071425,56,2007
2007_13_GB_DAL,13,GB,12.77653239453343,82,4.649479899566918,61,2007
2007_13_HOU_TEN,13,HOU,5.178606554990891,86,2.6004891679030377,62,2007
2007_13_HOU_TEN,13,TEN,10.957347520644358,83,10.769233248901731,63,2007
2007_13_JAX_IND,13,IND,12.647612473194062,68,10.625204235489946,53,2007
2007_13_JAX_IND,13,JAX,12.80031726887405,80,18.10923198128692,63,2007
2007_13_NE_BAL,13,BAL,5.8293939106645185,78,5.44020033775065,60,2007
2007_13_NE_BAL,13,NE,10.5669095406904,89,7.3909377564097944,65,2007
2007_13_NYG_CHI,13,CHI,-7.548382857344451,97,-9.973514844179231,73,2007
2007_13_NYG_CHI,13,NYG,-0.3596191764679615,85,-5.2990421978756785,66,2007
2007_13_NYJ_MIA,13,MIA,-24.271732007527362,77,-30.90325202847655,59,2007
2007_13_NYJ_MIA,13,NYJ,7.881618633359718,87,6.233370319993346,70,2007
2007_13_SD_KC,13,KC,-17.20689003652228,92,-21.165584492156302,73,2007
2007_13_SD_KC,13,LAC,0.20341530775317285,76,4.341324955719736,54,2007
2007_13_SEA_PHI,13,PHI,-21.4544676408857,88,-24.830550453725014,72,2007
2007_13_SEA_PHI,13,SEA,-14.146167611977038,85,-4.594232125588798,64,2007
2007_13_SF_CAR,13,CAR,-1.9237977168932083,94,-3.5569250785926894,70,2007
2007_13_SF_CAR,13,SF,-18.091978026370725,70,-24.729353040631395,51,2007
2007_13_TB_NO,13,NO,-3.7683292362169296,69,-0.7170626921579242,47,2007
2007_13_TB_NO,13,TB,5.164286646150898,87,12.489540018174905,66,2007
2007_14_ARI_SEA,14,ARI,-7.520933269393711,89,-10.081469810107809,67,2007
2007_14_ARI_SEA,14,SEA,12.443019383433917,83,12.70602552060161,60,2007
2007_14_CAR_JAX,14,CAR,-25.285388329066336,75,-27.434696284808062,54,2007
2007_14_CAR_JAX,14,JAX,7.159105393820024,93,6.705863492499466,72,2007
2007_14_CHI_WAS,14,CHI,-7.61902148500235,105,-5.205969264157786,75,2007
2007_14_CHI_WAS,14,WAS,-1.649642773483495,81,3.6090295737651714,60,2007
2007_14_CLE_NYJ,14,CLE,7.735889414803975,77,9.876119284325812,56,2007
2007_14_CLE_NYJ,14,NYJ,-0.6700372208287009,94,-5.375833259061693,74,2007
2007_14_DAL_DET,14,DAL,16.322202793636865,83,14.054962519720867,63,2007
2007_14_DAL_DET,14,DET,14.427652748275463,87,16.049996242634876,69,2007
2007_14_IND_BAL,14,BAL,-9.643764704471664,82,-21.83906600344926,66,2007
2007_14_IND_BAL,14,IND,19.170570075537846,68,22.178516291605774,47,2007
2007_14_KC_DEN,14,DEN,19.8898253996374,78,18.263858821558475,59,2007
2007_14_KC_DEN,14,KC,-14.135312655587086,76,-17.2787212250405,51,2007
2007_14_MIA_BUF,14,BUF,6.719006636841864,85,-0.18061693762879116,62,2007
2007_14_MIA_BUF,14,MIA,-12.37734079214579,94,-21.23386135710804,70,2007
2007_14_MIN_SF,14,MIN,-1.4159726481755142,73,-0.5998113098685391,52,2007
2007_14_MIN_SF,14,SF,-25.3286146991843,90,-27.257291494635865,69,2007
2007_14_NO_ATL,14,ATL,-11.836125324963339,76,-17.126490768714575,58,2007
2007_14_NO_ATL,14,NO,13.55396280795107,87,17.75312116928619,70,2007
2007_14_NYG_PHI,14,NYG,-5.820097664890683,80,-8.92682338193519,59,2007
2007_14_NYG_PHI,14,PHI,-11.164041859617328,82,-9.258862231983356,61,2007
2007_14_OAK_GB,14,GB,10.853466667297868,77,11.148066158660544,59,2007
2007_14_OAK_GB,14,LV,-21.20557390898034,74,-13.507408990969449,51,2007
2007_14_PIT_NE,14,NE,22.966537051851443,72,19.408379726738822,55,2007
2007_14_PIT_NE,14,PIT,3.077341998815199,85,0.7107557795070827,67,2007
2007_14_SD_TEN,14,LAC,-5.75958684080115,96,-8.400133256318504,76,2007
2007_14_SD_TEN,14,TEN,-14.21168240810812,84,-10.32571728267703,63,2007
2007_14_STL_CIN,14,CIN,-3.042533985684031,82,-9.903731754116489,63,2007
2007_14_STL_CIN,14,LA,-11.690166657669806,72,-8.99892968619195,52,2007
2007_14_TB_HOU,14,HOU,1.0868211423078231,84,-3.7470462058554403,65,2007
2007_14_TB_HOU,14,TB,-11.898549190598603,74,-13.312980782997329,59,2007
2007_15_ARI_NO,15,ARI,0.573990809588607,75,2.4692054529684526,54,2007
2007_15_ARI_NO,15,NO,4.656526263651943,76,8.362920425762892,57,2007
2007_15_ATL_TB,15,ATL,-28.818387360253837,51,-26.62101306758019,36,2007
2007_15_ATL_TB,15,TB,5.583467543899129,95,0.2585376472911953,71,2007
2007_15_BAL_MIA,15,BAL,3.5323515767856852,87,5.1322685768258385,67,2007
2007_15_BAL_MIA,15,MIA,9.464349802558672,92,6.707442510046031,72,2007
2007_15_BUF_CLE,15,BUF,-14.656519547104836,78,-13.723530700430274,64,2007
2007_15_BUF_CLE,15,CLE,-7.691023281309754,75,-8.304818176224632,61,2007
2007_15_CHI_MIN,15,CHI,-18.52753872559114,78,-20.51454923745044,56,2007
2007_15_CHI_MIN,15,MIN,-12.88325439145543,84,-10.881651232469714,63,2007
2007_15_CIN_SF,15,CIN,6.485512808930024,63,4.410261195558398,49,2007
2007_15_CIN_SF,15,SF,11.64805427031524,80,9.432223481906655,63,2007
2007_15_DEN_HOU,15,DEN,-1.1292390233392673,79,-1.8167249934536875,64,2007
2007_15_DEN_HOU,15,HOU,16.460521152898078,73,12.309756996237871,55,2007
2007_15_DET_SD,15,DET,-20.06111158129943,75,-17.958289699221496,56,2007
2007_15_DET_SD,15,LAC,17.406315508382697,97,13.36501565257689,75,2007
2007_15_GB_STL,15,GB,8.910464213145346,71,0.6441544667754204,50,2007
2007_15_GB_STL,15,LA,-17.140297410503244,97,-7.653692484321211,73,2007
2007_15_IND_OAK,15,IND,6.5223398096176215,76,3.981416350913788,62,2007
2007_15_IND_OAK,15,LV,-3.523629210531455,86,-1.5734511337941512,68,2007
2007_15_JAX_PIT,15,JAX,8.837316465755972,92,14.205637113620972,73,2007
2007_15_JAX_PIT,15,PIT,-1.5578429202651263,74,-3.494285301203374,56,2007
2007_15_NYJ_NE,15,NE,-10.092191382477269,83,-3.789806422582287,63,2007
2007_15_NYJ_NE,15,NYJ,-19.682426176960917,78,-14.955068930777166,61,2007
2007_15_PHI_DAL,15,DAL,-13.782459084526636,71,-14.28486935929497,54,2007
2007_15_PHI_DAL,15,PHI,-9.017935769395308,92,-0.004939659811141084,68,2007
2007_15_SEA_CAR,15,CAR,-1.3208031411006695,83,-1.5420317718899303,65,2007
2007_15_SEA_CAR,15,SEA,-4.170758123505267,76,-4.319535897528006,58,2007
2007_15_TEN_KC,15,KC,0.7298721604252005,84,1.5555273268367191,64,2007
2007_15_TEN_KC,15,TEN,14.355969558303967,80,5.720009505483877,61,2007
2007_15_WAS_NYG,15,NYG,-18.950743602700868,100,-19.89339266758159,82,2007
2007_15_WAS_NYG,15,WAS,-3.537679373122158,82,-4.2979641746965,61,2007
2007_16_ATL_ARI,16,ARI,6.624538584652496,105,8.378186204257828,77,2007
2007_16_ATL_ARI,16,ATL,7.886883655952429,90,6.827941186567369,67,2007
2007_16_BAL_SEA,16,BAL,-20.411548210031352,79,-18.53615117930155,63,2007
2007_16_BAL_SEA,16,SEA,0.4208750394302543,84,-7.688883378104993,66,2007
2007_16_CLE_CIN,16,CIN,-14.155228635160823,71,-11.76558844215079,55,2007
2007_16_CLE_CIN,16,CLE,-17.891302962749705,87,-17.15774782304652,75,2007
2007_16_DAL_CAR,16,CAR,-2.894730499708431,63,-6.4191768042307515,47,2007
2007_16_DAL_CAR,16,DAL,6.626368304141122,98,7.8749397642510335,76,2007
2007_16_DEN_SD,16,DEN,-17.32591491920175,71,-18.130214034060966,55,2007
2007_16_DEN_SD,16,LAC,1.8079313421126226,83,1.2946402169563385,68,2007
2007_16_GB_CHI,16,CHI,-1.0736518202480738,78,3.3580387196185946,60,2007
2007_16_GB_CHI,16,GB,-29.176220990654883,69,-20.54069344024174,54,2007
2007_16_HOU_IND,16,HOU,-0.3074139230534101,75,-1.2490453277876847,56,2007
2007_16_HOU_IND,16,IND,22.84203365149738,85,25.223963176961792,69,2007
2007_16_KC_DET,16,DET,-1.2742215180943988,67,-7.617270785155588,49,2007
2007_16_KC_DET,16,KC,-4.471462774355178,92,-4.73645023016422,70,2007
2007_16_MIA_NE,16,MIA,-10.214379749169211,89,-15.27211054545478,69,2007
2007_16_MIA_NE,16,NE,10.184745631168877,77,4.775817751477007,60,2007
2007_16_NYG_BUF,16,BUF,-24.910373203443445,83,-24.922407241654582,56,2007
2007_16_NYG_BUF,16,NYG,-3.175264999947335,82,-8.62595360792999,64,2007
2007_16_NYJ_TEN,16,NYJ,-8.945599323134275,76,-8.545474064591575,62,2007
2007_16_NYJ_TEN,16,TEN,-6.2271015127146265,74,-6.337543675656342,58,2007
2007_16_OAK_JAX,16,JAX,24.128715113155742,77,19.24460117140552,56,2007
2007_16_OAK_JAX,16,LV,-14.454952889282023,88,-15.158846985708653,66,2007
2007_16_PHI_NO,16,NO,3.4156560880190425,87,-0.6158001393652457,63,2007
2007_16_PHI_NO,16,PHI,24.116291315018366,81,23.376606839550227,62,2007
2007_16_PIT_STL,16,LA,6.750194943076379,78,1.250625784052195,58,2007
2007_16_PIT_STL,16,PIT,29.110947664725295,78,25.739936475577142,59,2007
2007_16_TB_SF,16,SF,-6.203121267695219,79,-9.041822978411801,51,2007
2007_16_TB_SF,16,TB,-5.584209871546703,100,-3.4425008057123545,81,2007
2007_16_WAS_MIN,16,MIN,-15.608703248461795,83,-14.937586440306141,65,2007
2007_16_WAS_MIN,16,WAS,-1.2377443605625,86,4.819341531253557,65,2007
2007_17_BUF_PHI,17,BUF,-4.48870000478928,75,-9.137998433393433,60,2007
2007_17_BUF_PHI,17,PHI,0.9079108175442325,83,1.3895872270472047,64,2007
2007_17_CAR_TB,17,CAR,16.994434126013715,81,8.477678006304636,61,2007
2007_17_CAR_TB,17,TB,7.17001961940832,78,-1.9976681724233032,57,2007
2007_17_CIN_MIA,17,CIN,19.62308811800153,78,14.733269381464341,54,2007
2007_17_CIN_MIA,17,MIA,2.762285312369955,89,-0.36463084342645136,67,2007
2007_17_DAL_WAS,17,DAL,-18.430610915849684,66,-20.163956474298534,45,2007
2007_17_DAL_WAS,17,WAS,1.4937120217493858,88,-1.4222825548281124,69,2007
2007_17_DET_GB,17,DET,-5.0909075069896526,85,-10.78036765596058,65,2007
2007_17_DET_GB,17,GB,14.050882727623499,82,7.427163163762112,63,2007
2007_17_JAX_HOU,17,HOU,29.09152699671574,71,10.806275804294273,50,2007
2007_17_JAX_HOU,17,JAX,16.542640768355565,83,19.91161563573405,64,2007
2007_17_KC_NYJ,17,KC,-7.804493740807858,86,-12.1736639678514,64,2007
2007_17_KC_NYJ,17,NYJ,-7.1119930763918555,96,-8.656262234888167,73,2007
2007_17_MIN_DEN,17,DEN,2.8612191125905087,84,2.8849993755979106,64,2007
2007_17_MIN_DEN,17,MIN,2.761611898803449,78,0.46096543450295524,63,2007
2007_17_NE_NYG,17,NE,26.70266365623536,89,19.401700309520184,66,2007
2007_17_NE_NYG,17,NYG,19.4086837725697,70,11.097153252572753,52,2007
2007_17_NO_CHI,17,CHI,-2.3106202643075484,74,-7.361327634838762,56,2007
2007_17_NO_CHI,17,NO,-8.775739539071196,107,-6.60135965115581,83,2007
2007_17_PIT_BAL,17,BAL,6.3574449509744655,89,8.188527682184061,67,2007
2007_17_PIT_BAL,17,PIT,2.4180843223132316,67,-1.7029410510440357,49,2007
2007_17_SD_OAK,17,LAC,2.1082846835035953,84,-8.453455980291917,60,2007
2007_17_SD_OAK,17,LV,-15.412360362408892,90,-21.15741320042752,64,2007
2007_17_SEA_ATL,17,ATL,14.79755893939005,83,8.03572972572918,56,2007
2007_17_SEA_ATL,17,SEA,16.24837612961715,104,9.694116655794822,82,2007
2007_17_SF_CLE,17,CLE,-5.103795491150324,84,2.083629603912323,64,2007
2007_17_SF_CLE,17,SF,-17.87814306478981,69,-12.926255913102068,51,2007
2007_17_STL_ARI,17,ARI,7.719003640079218,92,9.319899437330102,70,2007
2007_17_STL_ARI,17,LA,-21.92438077942262,77,-26.64882472675257,58,2007
2007_17_TEN_IND,17,IND,-8.53703468485909,68,-10.835702473893306,52,2007
2007_17_TEN_IND,17,TEN,1.653400382192932,85,-2.183966166866421,71,2007
2008_01_ARI_SF,1,ARI,-1.0669538953138744,89,3.295513345339362,68,2008
2008_01_ARI_SF,1,SF,-14.95428611925604,58,-12.191947140014667,43,2008
2008_01_CAR_SD,1,CAR,7.30244483304841,90,3.0449628518493608,71,2008
2008_01_CAR_SD,1,LAC,3.382205627784285,75,0.4798143882238044,55,2008
2008_01_CHI_IND,1,CHI,6.519148756033414,83,5.724668430552958,61,2008
2008_01_CHI_IND,1,IND,-12.056482991170867,82,-12.06865426684779,66,2008
2008_01_CIN_BAL,1,BAL,-17.28841517221599,92,-11.055644649043112,73,2008
2008_01_CIN_BAL,1,CIN,-23.67716726625372,69,-26.45909294033021,49,2008
2008_01_DAL_CLE,1,CLE,0.37162437139045235,65,-1.255180768998728,43,2008
2008_01_DAL_CLE,1,DAL,20.503135452064267,80,29.497888390615117,62,2008
2008_01_DEN_OAK,1,DEN,32.407659685319,74,33.014376201484055,56,2008
2008_01_DEN_OAK,1,LV,-0.2781145840913286,82,-2.574556289589964,59,2008
2008_01_DET_ATL,1,ATL,17.810613224539015,71,21.617334703804485,52,2008
2008_01_DET_ATL,1,DET,4.722908956845671,81,2.7246275641955435,56,2008
2008_01_HOU_PIT,1,HOU,-10.057674443107773,79,-12.107997746226665,58,2008
2008_01_HOU_PIT,1,PIT,9.432076178396295,74,6.873894119130286,57,2008
2008_01_JAX_TEN,1,JAX,-17.130716272014297,77,-15.110027538679613,58,2008
2008_01_JAX_TEN,1,TEN,-11.125058060707035,75,-6.884315853502949,57,2008
2008_01_KC_NE,1,KC,-2.24256833002005,76,-3.499815563582911,62,2008
2008_01_KC_NE,1,NE,4.189946880689147,73,0.07417744492973499,57,2008
2008_01_MIN_GB,1,GB,8.387798469992273,75,7.537902060561837,47,2008
2008_01_MIN_GB,1,MIN,5.932270161972044,91,8.339336310282235,69,2008
2008_01_NYJ_MIA,1,MIA,-4.827502185702999,81,-4.539727167983074,64,2008
2008_01_NYJ_MIA,1,NYJ,3.4495389593590753,75,8.86616070079631,56,2008
2008_01_SEA_BUF,1,BUF,-2.4670204362309995,86,-1.8393784180021218,60,2008
2008_01_SEA_BUF,1,SEA,-25.312418658049182,91,-16.41003653535003,67,2008
2008_01_STL_PHI,1,LA,-11.805552724807058,70,-10.73957460380757,45,2008
2008_01_STL_PHI,1,PHI,22.55818759366934,89,25.053745061389478,68,2008
2008_01_TB_NO,1,NO,-4.225793572168883,80,2.4314781328845423,58,2008
2008_01_TB_NO,1,TB,-5.867887114133898,87,-3.69919175731909,62,2008
2008_01_WAS_NYG,1,NYG,3.903637522195594,86,2.2168383191823686,68,2008
2008_01_WAS_NYG,1,WAS,-5.836797700142825,72,-7.124683450034354,51,2008
2008_02_ATL_TB,2,ATL,-15.890033462666906,84,-14.306453533639026,64,2008
2008_02_ATL_TB,2,TB,-1.483998721918172,82,1.0872011279993146,60,2008
2008_02_BUF_JAX,2,BUF,4.08358480101151,70,4.928077754129158,53,2008
2008_02_BUF_JAX,2,JAX,-1.6532440874682388,74,-3.7910959109926257,57,2008
2008_02_CHI_CAR,2,CAR,-16.19599247216547,82,-11.532915424823418,52,2008
2008_02_CHI_CAR,2,CHI,-18.106466866118808,84,-12.870416950064667,61,2008
2008_02_GB_DET,2,DET,-23.943937067774804,91,-27.940941040446198,62,2008
2008_02_GB_DET,2,GB,5.822314782597883,92,12.632044606709702,67,2008
2008_02_IND_MIN,2,IND,-10.965703074203212,83,-4.860484372579442,63,2008
2008_02_IND_MIN,2,MIN,-15.149998481909279,79,-15.042468854682898,62,2008
2008_02_MIA_ARI,2,ARI,25.19533571520901,77,21.576529075825476,57,2008
2008_02_MIA_ARI,2,MIA,4.385657138689623,76,-1.000771807265417,58,2008
2008_02_NE_NYJ,2,NE,2.9627272509430886,72,4.604413054368594,59,2008
2008_02_NE_NYJ,2,NYJ,-9.453177516402548,66,-0.28765728389579914,49,2008
2008_02_NO_WAS,2,NO,-1.3571657850277488,75,-6.357055336628353,53,2008
2008_02_NO_WAS,2,WAS,4.529351891420107,87,13.185618027340603,68,2008
2008_02_NYG_STL,2,LA,-9.286110081020151,78,-15.962708888382625,54,2008
2008_02_NYG_STL,2,NYG,24.120157548997717,79,23.328648216484396,59,2008
2008_02_OAK_KC,2,KC,-12.790928018934093,87,-17.001243525402852,61,2008
2008_02_OAK_KC,2,LV,5.986226554211951,78,-0.38758176898310825,64,2008
2008_02_PHI_DAL,2,DAL,17.25302305365744,78,7.358273363589621,52,2008
2008_02_PHI_DAL,2,PHI,17.058520843117545,89,5.702826381958079,64,2008
2008_02_PIT_CLE,2,CLE,-4.364301290421281,75,-8.407276165701408,59,2008
2008_02_PIT_CLE,2,PIT,1.2249649980265067,72,-0.08737966791305496,53,2008
2008_02_SD_DEN,2,DEN,26.18055248569283,101,24.181480272973626,76,2008
2008_02_SD_DEN,2,LAC,28.838523172044347,72,19.815938257505053,53,2008
2008_02_SF_SEA,2,SEA,-3.8329116806723986,92,-11.799164637979693,71,2008
2008_02_SF_SEA,2,SF,0.6432724837343331,97,-1.2002182587658448,63,2008
2008_02_TEN_CIN,2,CIN,-22.740615746584126,76,-16.335965624792244,56,2008
2008_02_TEN_CIN,2,TEN,-3.3140420144061435,79,-4.559838381748954,63,2008
2008_03_ARI_WAS,3,ARI,0.10114917800228618,74,0.942677539908003,56,2008
2008_03_ARI_WAS,3,WAS,6.933384411515587,84,9.698382064552415,62,2008
2008_03_CAR_MIN,3,CAR,-17.205599521062677,76,-19.465762073996036,54,2008
2008_03_CAR_MIN,3,MIN,-8.28534647754275,85,-3.2424932684163394,60,2008
2008_03_CIN_NYG,3,CIN,9.919960481123324,95,6.129922154608204,71,2008
2008_03_CIN_NYG,3,NYG,10.734051170243673,91,6.7795903708134215,67,2008
2008_03_CLE_BAL,3,BAL,-8.206185792526416,79,-0.5298059452448882,61,2008
2008_03_CLE_BAL,3,CLE,-27.302832269774854,78,-22.592756224341716,57,2008
2008_03_DAL_GB,3,DAL,10.841213899444707,83,5.885154414259249,68,2008
2008_03_DAL_GB,3,GB,-3.1607566268023684,88,-3.8473657113806343,63,2008
2008_03_DET_SF,3,DET,-0.3875183757584191,73,-3.0981758335232574,55,2008
2008_03_DET_SF,3,SF,16.257021527987487,85,14.61425286144108,60,2008
2008_03_HOU_TEN,3,HOU,-18.645612267481965,86,-22.057202457987067,68,2008
2008_03_HOU_TEN,3,TEN,-2.0125507502061772,80,-2.230087227898516,62,2008
2008_03_JAX_IND,3,IND,4.795619329215865,68,1.5920421034097672,49,2008
2008_03_JAX_IND,3,JAX,9.544211412554544,85,7.024646672565275,70,2008
2008_03_KC_ATL,3,ATL,10.278739148241634,73,8.670700953232945,54,2008
2008_03_KC_ATL,3,KC,-14.804434718523387,91,-18.89340718614819,71,2008
2008_03_MIA_NE,3,MIA,26.416876647759405,74,26.845261185656604,57,2008
2008_03_MIA_NE,3,NE,-2.4169772699199266,78,-14.886391686694035,59,2008
2008_03_NO_DEN,3,DEN,9.955572475842015,77,6.504260061604917,58,2008
2008_03_NO_DEN,3,NO,11.414974256882829,93,14.233161731253215,74,2008
2008_03_NYJ_SD,3,LAC,19.153244235462346,75,13.888303465874571,60,2008
2008_03_NYJ_SD,3,NYJ,2.335651795126755,86,-11.662380778742483,65,2008
2008_03_OAK_BUF,3,BUF,-1.390054731500416,96,-3.4474253451800374,72,2008
2008_03_OAK_BUF,3,LV,-0.5365596711549205,67,-6.769978106118957,50,2008
2008_03_PIT_PHI,3,PHI,-8.3842304832026,79,-12.93657056362322,62,2008
2008_03_PIT_PHI,3,PIT,-16.527342002431396,78,-21.108452742022997,60,2008
2008_03_STL_SEA,3,LA,-1.0788067654023061,75,-7.767656463232795,56,2008
2008_03_STL_SEA,3,SEA,21.547690293186857,87,15.522361070574593,67,2008
2008_03_TB_CHI,3,CHI,-5.032834199965803,94,-7.085054345140602,74,2008
2008_03_TB_CHI,3,TB,-0.07275014881611508,106,-2.742588850055953,84,2008
2008_04_ARI_NYJ,4,ARI,-1.4046423104414099,96,1.25570070108291,79,2008
2008_04_ARI_NYJ,4,NYJ,18.07482663485429,87,18.166965221209793,63,2008
2008_04_ATL_CAR,4,ATL,-7.2664291357505135,90,-12.11340852509203,66,2008
2008_04_ATL_CAR,4,CAR,6.3186399301177945,81,14.709111006541644,59,2008
2008_04_BAL_PIT,4,BAL,-8.567844233059533,94,-10.599044091592091,68,2008
2008_04_BAL_PIT,4,PIT,-7.063879761545197,79,-11.492701203618576,54,2008
2008_04_BUF_STL,4,BUF,-0.0793370789283534,80,-3.533869585268935,57,2008
2008_04_BUF_STL,4,LA,-21.0880564336723,84,-18.58034890315227,64,2008
2008_04_CLE_CIN,4,CIN,-8.035656961917876,73,-14.449797305596505,55,2008
2008_04_CLE_CIN,4,CLE,2.088362362098904,83,-2.193744845761355,64,2008
2008_04_DEN_KC,4,DEN,-9.025767546433826,90,-9.120568322829602,71,2008
2008_04_DEN_KC,4,KC,3.4092518050585996,84,4.095831207430749,61,2008
2008_04_GB_TB,4,GB,-22.59479251112657,72,-23.247393542493228,53,2008
2008_04_GB_TB,4,TB,-14.814739916169632,95,-17.606291639515856,68,2008
2008_04_HOU_JAX,4,HOU,20.50011321874467,80,21.86796783970516,61,2008
2008_04_HOU_JAX,4,JAX,19.84007714791937,77,15.663036741232727,58,2008
2008_04_MIN_TEN,4,MIN,-10.772654076534765,92,-10.2225316848143,68,2008
2008_04_MIN_TEN,4,TEN,2.7554309057143174,89,-2.8031439336834154,66,2008
2008_04_PHI_CHI,4,CHI,-10.420797486514633,83,-21.481564367335302,63,2008
2008_04_PHI_CHI,4,PHI,-11.801953363310988,88,-8.01188065662994,66,2008
2008_04_SD_OAK,4,LAC,0.06043259723230765,80,-1.1773852359953212,60,2008
2008_04_SD_OAK,4,LV,-13.632929922426456,93,-20.794027134645606,66,2008
2008_04_SF_NO,4,NO,15.810739156871609,91,11.54243345745172,66,2008
2008_04_SF_NO,4,SF,3.765181075301487,80,-6.086552484280193,61,2008
2008_04_WAS_DAL,4,DAL,6.499066723639996,78,3.685419438783419,58,2008
2008_04_WAS_DAL,4,WAS,13.022675511086616,91,11.575517721997365,67,2008
2008_05_ATL_GB,5,ATL,17.5805743191579,80,12.610555740365655,59,2008
2008_05_ATL_GB,5,GB,11.94387078324348,80,12.378266096348728,61,2008
2008_05_BUF_ARI,5,ARI,15.257253531123123,95,13.479889397714437,74,2008
2008_05_BUF_ARI,5,BUF,-8.322816592983033,64,-9.2442620928736,46,2008
2008_05_CHI_DET,5,CHI,7.497150539443869,89,9.337805076934224,69,2008
2008_05_CHI_DET,5,DET,-25.977446530081206,76,-30.92877979093464,56,2008
2008_05_CIN_DAL,5,CIN,-1.454904172172176,86,-7.365889470483205,65,2008
2008_05_CIN_DAL,5,DAL,4.499559659586335,79,7.989048754433583,60,2008
2008_05_IND_HOU,5,HOU,4.931291871336892,83,-0.5693455212700282,66,2008
2008_05_IND_HOU,5,IND,10.863613702604422,77,11.537640730418763,55,2008
2008_05_KC_CAR,5,CAR,5.929911317786715,87,5.839015896742692,69,2008
2008_05_KC_CAR,5,KC,-28.999102300178492,69,-31.07044765772298,50,2008
2008_05_MIN_NO,5,MIN,-8.884102243956264,91,-3.5050340761369276,62,2008
2008_05_MIN_NO,5,NO,-14.64909235436537,92,-9.163565496843898,69,2008
2008_05_NE_SF,5,NE,7.024408843090211,99,7.35857076093086,78,2008
2008_05_NE_SF,5,SF,-4.085289131109451,68,-9.558341589814518,47,2008
2008_05_PIT_JAX,5,JAX,1.423063664244407,73,-0.22564415214583278,53,2008
2008_05_PIT_JAX,5,PIT,9.914778986648912,90,10.054944071038168,70,2008
2008_05_SD_MIA,5,LAC,-1.7802535900220855,65,-5.6468960477673935,49,2008
2008_05_SD_MIA,5,MIA,3.297322848121892,84,11.433990616268533,68,2008
2008_05_SEA_NYG,5,NYG,29.957352740013217,80,26.957981469438522,61,2008
2008_05_SEA_NYG,5,SEA,-8.360107315820642,73,-14.252777414542857,51,2008
2008_05_TB_DEN,5,DEN,4.006200871551072,78,4.093441664662547,57,2008
2008_05_TB_DEN,5,TB,2.2181937623579406,84,2.299814502688876,60,2008
2008_05_TEN_BAL,5,BAL,-7.564379489918111,85,-3.7066132374448433,65,2008
2008_05_TEN_BAL,5,TEN,-2.0266713417906894,72,-7.668449972238342,53,2008
2008_05_WAS_PHI,5,PHI,-1.0610591941426737,65,0.40697588464860424,47,2008
2008_05_WAS_PHI,5,WAS,7.6470214182131695,92,12.199492884520886,71,2008
2008_06_BAL_IND,6,BAL,-22.572233408282045,78,-23.93286821630545,60,2008
2008_06_BAL_IND,6,IND,5.702885272170757,80,8.3530099919801,58,2008
2008_06_CAR_TB,6,CAR,-20.583855538861826,75,-15.568382115704804,58,2008
2008_06_CAR_TB,6,TB,3.9457669194218825,76,6.955225317579356,56,2008
2008_06_CHI_ATL,6,ATL,11.097080891186497,81,10.499609371580341,60,2008
2008_06_CHI_ATL,6,CHI,10.02966785603787,86,8.030477322651091,67,2008
2008_06_CIN_NYJ,6,CIN,-15.383087747488846,77,-11.403407203266397,59,2008
2008_06_CIN_NYJ,6,NYJ,-3.1628955015679585,79,-6.119341981754089,62,2008
2008_06_DAL_ARI,6,ARI,0.2464973892603528,74,-0.7590223878360516,49,2008
2008_06_DAL_ARI,6,DAL,-6.126576255173556,93,-0.11362530030571527,63,2008
2008_06_DET_MIN,6,DET,-10.903444515229776,67,-14.56733354689986,51,2008
2008_06_DET_MIN,6,MIN,-12.436544842270077,91,-16.261484356134904,69,2008
2008_06_GB_SEA,6,GB,9.532463198191405,87,7.355269778408546,69,2008
2008_06_GB_SEA,6,SEA,-3.9265934461641354,68,-10.270196343169575,49,2008
2008_06_JAX_DEN,6,DEN,-2.6791497841973086,76,-5.205552301853471,60,2008
2008_06_JAX_DEN,6,JAX,7.825971439551947,86,12.447333529515124,66,2008
2008_06_MIA_HOU,6,HOU,5.739429426779908,86,0.6853425324602248,70,2008
2008_06_MIA_HOU,6,MIA,6.306957398003075,73,12.816022815473843,51,2008
2008_06_NE_SD,6,LAC,6.327980910499034,73,4.927639746318333,55,2008
2008_06_NE_SD,6,NE,-13.08371934882166,87,-7.107888060406321,68,2008
2008_06_NYG_CLE,6,CLE,19.22888842999089,80,26.036812386404,57,2008
2008_06_NYG_CLE,6,NYG,-2.184754591193725,70,-3.2961828622501343,54,2008
2008_06_OAK_NO,6,LV,-22.88435915723676,77,-17.479642089725644,59,2008
2008_06_OAK_NO,6,NO,8.982204035879153,80,15.461712071862625,64,2008
2008_06_PHI_SF,6,PHI,4.54841130158729,77,10.614797695994373,57,2008
2008_06_PHI_SF,6,SF,-13.926069065337744,87,-12.992343313531382,59,2008
2008_06_STL_WAS,6,LA,-8.153991104099305,76,-10.491773473437114,53,2008
2008_06_STL_WAS,6,WAS,-12.769357465431767,82,-10.69987038531229,61,2008
2008_07_BAL_MIA,7,BAL,17.100484845416073,78,12.728606723313536,61,2008
2008_07_BAL_MIA,7,MIA,0.16191946162575643,75,-5.54238396158407,58,2008
2008_07_CLE_WAS,7,CLE,-7.794211420186795,82,-10.682908924930867,67,2008
2008_07_CLE_WAS,7,WAS,-6.690352177588013,78,-0.9181046682642773,58,2008
2008_07_DAL_STL,7,DAL,-18.36183887081568,82,-9.984933750412893,59,2008
2008_07_DAL_STL,7,LA,1.9853574458626495,80,5.559803209720654,56,2008
2008_07_DEN_NE,7,DEN,-12.03150741563445,76,-8.89375480369199,58,2008
2008_07_DEN_NE,7,NE,22.337680976743055,83,17.241470968266572,65,2008
2008_07_DET_HOU,7,DET,12.018901967374577,62,5.9028164780479955,47,2008
2008_07_DET_HOU,7,HOU,16.700514111304297,87,12.147201960440725,68,2008
2008_07_IND_GB,7,GB,10.34744262429285,83,4.671243668795306,60,2008
2008_07_IND_GB,7,IND,-8.896304792133833,88,-8.866274393264494,64,2008
2008_07_MIN_CHI,7,CHI,16.56206953219634,83,4.771180311503966,55,2008
2008_07_MIN_CHI,7,MIN,13.46270559712843,94,10.604631429243751,74,2008
2008_07_NO_CAR,7,CAR,11.723131419579882,75,7.232978278385705,60,2008
2008_07_NO_CAR,7,NO,-11.400699744636995,79,-11.320932676782832,62,2008
2008_07_NYJ_OAK,7,LV,1.1945093350120708,98,-1.2854040019772117,70,2008
2008_07_NYJ_OAK,7,NYJ,-0.3476335767729788,99,-1.5484129648811091,71,2008
2008_07_PIT_CIN,7,CIN,-14.004139280408026,88,-16.403261327701856,68,2008
2008_07_PIT_CIN,7,PIT,19.283040077272513,76,19.020555284483617,57,2008
2008_07_SD_BUF,7,BUF,6.483962023872207,82,13.72845030633105,59,2008
2008_07_SD_BUF,7,LAC,-2.169259826527652,64,-0.6500302831409499,47,2008
2008_07_SEA_TB,7,SEA,-9.985224970932222,55,-10.590649228205542,39,2008
2008_07_SEA_TB,7,TB,-0.3125100594102168,89,4.033950995180819,73,2008
2008_07_SF_NYG,7,NYG,-4.806042129597474,93,-1.3013973471752331,60,2008
2008_07_SF_NYG,7,SF,-14.550782127617369,70,-16.976996205395494,50,2008
2008_07_TEN_KC,7,KC,-3.6275775517526663,84,-5.485833860857999,56,2008
2008_07_TEN_KC,7,TEN,24.734314767428256,72,22.01214637511329,56,2008
2008_08_ARI_CAR,8,ARI,6.86321708852324,84,7.603997422746367,67,2008
2008_08_ARI_CAR,8,CAR,8.039550843545154,76,5.048508167135482,56,2008
2008_08_ATL_PHI,8,ATL,-1.361360128378239,90,-6.061525419994723,69,2008
2008_08_ATL_PHI,8,PHI,11.394276788936846,89,7.993276377564216,67,2008
2008_08_BUF_MIA,8,BUF,0.8094546691324913,84,-4.723917604501351,64,2008
2008_08_BUF_MIA,8,MIA,7.196135061568837,76,4.75400922065815,54,2008
2008_08_CIN_HOU,8,CIN,-12.543554348521866,72,-4.561454390834005,56,2008
2008_08_CIN_HOU,8,HOU,16.811342083954795,77,19.743689362774603,57,2008
2008_08_CLE_JAX,8,CLE,9.332917873116001,70,6.222397341387948,52,2008
2008_08_CLE_JAX,8,JAX,0.24817529373967595,91,6.394870453229739,74,2008
2008_08_IND_TEN,8,IND,3.3053048706335604,77,-1.5333295270975213,63,2008
2008_08_IND_TEN,8,TEN,11.700843129621376,88,6.292072150089723,67,2008
2008_08_KC_NYJ,8,KC,-0.17217669553224635,82,4.577118840506048,59,2008
2008_08_KC_NYJ,8,NYJ,1.613834880047757,82,4.535554510182694,65,2008
2008_08_NYG_PIT,8,NYG,-2.783210953169374,87,-4.076514235835029,64,2008
2008_08_NYG_PIT,8,PIT,-13.747445442996197,74,-15.355156238481868,56,2008
2008_08_OAK_BAL,8,BAL,3.9975997333078768,95,5.734869152218439,69,2008
2008_08_OAK_BAL,8,LV,-14.387658171784832,70,-11.738106910231155,56,2008
2008_08_SD_NO,8,LAC,21.615752022377134,87,20.5234395706834,61,2008
2008_08_SD_NO,8,NO,26.50852945740166,90,25.110126861050627,67,2008
2008_08_SEA_SF,8,SEA,11.616271784371744,72,9.898340537223241,54,2008
2008_08_SEA_SF,8,SF,-11.855941719953307,94,-16.441804076229268,73,2008
2008_08_STL_NE,8,LA,-4.451178662067151,86,1.254851774562698,64,2008
2008_08_STL_NE,8,NE,-0.22957156545317225,80,-0.8494383869851116,62,2008
2008_08_TB_DAL,8,DAL,-7.381302066550462,82,-7.927629801309026,61,2008
2008_08_TB_DAL,8,TB,-8.697642255603569,80,-5.84200171403071,65,2008
2008_08_WAS_DET,8,DET,-7.714091538119808,73,-1.2235642349650306,51,2008
2008_08_WAS_DET,8,WAS,4.4517436280498615,85,9.544718371058778,64,2008
2008_09_ARI_STL,9,ARI,7.228065179364098,93,13.671823127708999,66,2008
2008_09_ARI_STL,9,LA,-18.800646761542758,74,-20.226796355694997,56,2008
2008_09_ATL_OAK,9,ATL,8.869905038225848,96,14.314636058847316,80,2008
2008_09_ATL_OAK,9,LV,-18.729351390793454,49,-24.343823972099926,34,2008
2008_09_BAL_CLE,9,BAL,8.41049746026965,100,13.832105380169438,70,2008
2008_09_BAL_CLE,9,CLE,-6.57301292753414,80,-15.782183442748337,57,2008
2008_09_DAL_NYG,9,DAL,-21.14231615792096,74,-23.859722099266946,55,2008
2008_09_DAL_NYG,9,NYG,-1.126606523619789,88,-1.949619624298066,65,2008
2008_09_DET_CHI,9,CHI,-4.379904830989974,83,1.391878474704141,64,2008
2008_09_DET_CHI,9,DET,-6.358274635671253,95,-6.3530152223577065,73,2008
2008_09_GB_TEN,9,GB,-0.31069317285005216,84,-4.374164720108364,69,2008
2008_09_GB_TEN,9,TEN,-0.8304988826814688,95,-1.9556270974665027,74,2008
2008_09_HOU_MIN,9,HOU,-7.454502051896967,83,-3.8979451945633627,66,2008
2008_09_HOU_MIN,9,MIN,-2.107798198331107,74,0.852143733703997,54,2008
2008_09_JAX_CIN,9,CIN,-5.40587074090013,86,-0.6581230985466391,62,2008
2008_09_JAX_CIN,9,JAX,-4.711430596867215,81,-6.331494042011468,63,2008
2008_09_MIA_DEN,9,DEN,-7.308928498931438,81,-13.247159280879174,59,2008
2008_09_MIA_DEN,9,MIA,5.527762198363687,91,0.1024000308763604,70,2008
2008_09_NE_IND,9,IND,10.957342743717335,62,10.094546696150847,51,2008
2008_09_NE_IND,9,NE,10.999872416767293,78,8.375519611811079,68,2008
2008_09_NYJ_BUF,9,BUF,-10.122565610325639,80,-13.022928891919092,56,2008
2008_09_NYJ_BUF,9,NYJ,2.306453624981712,69,0.6879388108331796,51,2008
2008_09_PHI_SEA,9,PHI,11.07989689382657,87,5.767205736754163,72,2008
2008_09_PHI_SEA,9,SEA,-11.974721571135206,78,-11.023420770419762,54,2008
2008_09_PIT_WAS,9,PIT,-5.396951258285983,80,-4.097282635971013,60,2008
2008_09_PIT_WAS,9,WAS,-25.54730584018398,83,-28.401719230102067,65,2008
2008_09_TB_KC,9,KC,5.159243511048996,84,8.042226803133222,62,2008
2008_09_TB_KC,9,TB,9.139214489235204,93,-1.3267816686013703,71,2008
2008_10_BAL_HOU,10,BAL,17.73267516749945,93,12.159853569874514,67,2008
2008_10_BAL_HOU,10,HOU,-14.488891155600811,72,-16.849202871861937,56,2008
2008_10_BUF_NE,10,BUF,-1.4973527191280036,57,-8.71836053605768,43,2008
2008_10_BUF_NE,10,NE,7.458328551213979,91,7.562964149366147,74,2008
2008_10_CAR_OAK,10,CAR,-19.246082040298006,79,-21.806271552632097,55,2008
2008_10_CAR_OAK,10,LV,-32.66015996487113,99,-25.112054834494877,74,2008
2008_10_DEN_CLE,10,CLE,15.887075271121144,83,10.094221535359292,64,2008
2008_10_DEN_CLE,10,DEN,22.789921049162327,87,27.979182265149696,69,2008
2008_10_GB_MIN,10,GB,-16.92607634400771,75,-9.08211968911331,48,2008
2008_10_GB_MIN,10,MIN,-20.320552281828682,94,-16.451679221820875,70,2008
2008_10_IND_PIT,10,IND,7.8612128783845465,80,8.383707318038745,61,2008
2008_10_IND_PIT,10,PIT,2.3940953229989628,87,-1.542354655652293,69,2008
2008_10_JAX_DET,10,DET,-10.86193484418907,69,-4.459834328828346,52,2008
2008_10_JAX_DET,10,JAX,18.650960819868537,80,24.21649049641625,59,2008
2008_10_KC_SD,10,KC,10.393611489421351,78,5.597377592115896,62,2008
2008_10_KC_SD,10,LAC,10.775303587500728,82,5.062661155753828,64,2008
2008_10_NO_ATL,10,ATL,10.69576209745141,79,6.36324115111988,57,2008
2008_10_NO_ATL,10,NO,-2.3201857238483887,94,0.39170162507551787,75,2008
2008_10_NYG_PHI,10,NYG,9.648616684308195,96,5.803501457010739,78,2008
2008_10_NYG_PHI,10,PHI,-0.35832384750847623,78,1.7590239359751738,56,2008
2008_10_SEA_MIA,10,MIA,2.1319139023673843,81,4.587634777533822,64,2008
2008_10_SEA_MIA,10,SEA,3.299865100813692,84,0.8674696414503567,64,2008
2008_10_SF_ARI,10,ARI,4.741648201387081,85,8.476249711453065,62,2008
2008_10_SF_ARI,10,SF,0.15360636870553623,92,-7.833606400286598,67,2008
2008_10_STL_NYJ,10,LA,-26.331792120152386,64,-31.991049625658505,46,2008
2008_10_STL_NYJ,10,NYJ,18.068693961358573,79,18.151963349788915,59,2008
2008_10_TEN_CHI,10,CHI,-17.04614729252944,82,-10.842062749939625,63,2008
2008_10_TEN_CHI,10,TEN,-7.198414853702846,91,-1.3375308272501094,68,2008
2008_11_ARI_SEA,11,ARI,9.446645293975505,87,9.054679283469392,67,2008
2008_11_ARI_SEA,11,SEA,0.774931702931668,70,-7.5358565608183845,54,2008
2008_11_BAL_NYG,11,BAL,-11.41458264272228,82,-8.92385030058383,59,2008
2008_11_BAL_NYG,11,NYG,7.8146620331272025,74,10.107987578165849,55,2008
2008_11_CHI_GB,11,CHI,-15.580242753436323,74,-16.684410316031702,54,2008
2008_11_CHI_GB,11,GB,18.86065692660031,85,19.276239046812147,67,2008
2008_11_CLE_BUF,11,BUF,4.524244806509384,84,-7.9475375591746005,64,2008
2008_11_CLE_BUF,11,CLE,10.704419217430312,88,3.6620345566813572,62,2008
2008_11_DAL_WAS,11,DAL,-2.721573665933194,69,5.1996509214513935,53,2008
2008_11_DAL_WAS,11,WAS,-8.62903038202353,69,-6.745247096291671,55,2008
2008_11_DEN_ATL,11,ATL,5.100227732834194,84,3.309106510428718,67,2008
2008_11_DEN_ATL,11,DEN,11.56025184088797,72,15.780497265212865,53,2008
2008_11_DET_CAR,11,CAR,8.00132716117059,70,10.012475118026895,49,2008
2008_11_DET_CAR,11,DET,0.06293502166670528,92,-12.223938806029455,72,2008
2008_11_HOU_IND,11,HOU,18.36029042220269,62,17.047732014652492,45,2008
2008_11_HOU_IND,11,IND,21.670767719257295,101,21.035695397723625,79,2008
2008_11_MIN_TB,11,MIN,-7.454322032917163,68,-6.575073832115802,52,2008
2008_11_MIN_TB,11,TB,-2.0804718197862266,79,1.9456854818951888,62,2008
2008_11_NO_KC,11,KC,4.184012749124575,85,4.655415726116654,66,2008
2008_11_NO_KC,11,NO,18.238741182269447,80,11.81032055224131,61,2008
2008_11_NYJ_NE,11,NE,16.484017916017933,100,10.892014540154648,77,2008
2008_11_NYJ_NE,11,NYJ,22.05762135678651,99,10.131832038234588,74,2008
2008_11_OAK_MIA,11,LV,-2.931346996450203,69,-9.075548501416886,48,2008
2008_11_OAK_MIA,11,MIA,-2.8244090386347143,76,0.8000590961630665,60,2008
2008_11_PHI_CIN,11,CIN,-21.478427467339543,105,-21.02124425236377,81,2008
2008_11_PHI_CIN,11,PHI,-19.260821247643662,101,-15.709260733214833,78,2008
2008_11_SD_PIT,11,LAC,-3.595262559912272,63,-4.197603311542874,50,2008
2008_11_SD_PIT,11,PIT,-5.554267715662718,91,3.050526249108557,72,2008
2008_11_STL_SF,11,LA,-9.644774108771571,102,-7.87579209495807,80,2008
2008_11_STL_SF,11,SF,7.487354893142533,80,5.356601499486715,58,2008
2008_11_TEN_JAX,11,JAX,-10.33634847145595,93,-11.376270154170925,65,2008
2008_11_TEN_JAX,11,TEN,3.1281036284183275,76,4.731138767907732,55,2008
2008_12_BUF_KC,12,BUF,25.704643633766402,97,20.681722051155983,66,2008
2008_12_BUF_KC,12,KC,-3.0812304958062704,79,-4.232878805104996,55,2008
2008_12_CAR_ATL,12,ATL,16.662207695370366,83,15.124890399423549,60,2008
2008_12_CAR_ATL,12,CAR,2.189540241347413,87,10.704873934961991,65,2008
2008_12_CHI_STL,12,CHI,1.1858098840777833,80,-2.0255648503902357,61,2008
2008_12_CHI_STL,12,LA,-28.647377562709153,80,-25.491213261689314,59,2008
2008_12_CIN_PIT,12,CIN,-8.421627095255872,79,-11.110417717225339,56,2008
2008_12_CIN_PIT,12,PIT,9.718796616374899,82,8.928898248742497,66,2008
2008_12_GB_NO,12,GB,-0.789856938540324,94,1.917436889940407,75,2008
2008_12_GB_NO,12,NO,20.19376656308135,73,17.1680018617614,55,2008
2008_12_HOU_CLE,12,CLE,-23.54837457748621,71,-21.94090961044865,52,2008
2008_12_HOU_CLE,12,HOU,-11.263961227055999,86,-3.3372787785164824,68,2008
2008_12_IND_SD,12,IND,16.559905693874953,88,9.647790015530648,67,2008
2008_12_IND_SD,12,LAC,11.303239316629968,73,8.578373797051732,58,2008
2008_12_MIN_JAX,12,JAX,-21.248046415271574,86,-12.067095342746972,63,2008
2008_12_MIN_JAX,12,MIN,0.35110518977876115,76,-1.4958635593368168,54,2008
2008_12_NE_MIA,12,MIA,7.884008062846075,86,9.784300919593079,61,2008
2008_12_NE_MIA,12,NE,32.91525495101495,90,31.000443450639544,70,2008
2008_12_NYG_ARI,12,ARI,10.802507546007924,89,-0.06928549807275841,67,2008
2008_12_NYG_ARI,12,NYG,22.576255463236237,85,13.541738407991241,59,2008
2008_12_NYJ_TEN,12,NYJ,21.966480365971616,92,12.81412226994349,72,2008
2008_12_NYJ_TEN,12,TEN,-3.319140029717574,71,-6.9545962322200925,51,2008
2008_12_OAK_DEN,12,DEN,-8.40187548903782,86,0.08680823028480589,64,2008
2008_12_OAK_DEN,12,LV,16.42718852173402,70,16.283303202013485,51,2008
2008_12_PHI_BAL,12,BAL,-6.042892721305776,92,-5.655367333362891,66,2008
2008_12_PHI_BAL,12,PHI,-37.014056065813975,86,-43.419266014534514,64,2008
2008_12_SF_DAL,12,DAL,9.007556557086215,96,6.020504585680749,66,2008
2008_12_SF_DAL,12,SF,-1.1606992475673206,72,-4.507371729668129,53,2008
2008_12_TB_DET,12,DET,-31.175190549128438,80,-27.45259024579489,52,2008
2008_12_TB_DET,12,TB,-7.7171504627185135,75,-10.240170059036418,55,2008
2008_12_WAS_SEA,12,SEA,-1.947670880812895,62,-4.890073613820913,46,2008
2008_12_WAS_SEA,12,WAS,4.100816212894186,93,6.741163618931402,74,2008
2008_13_ARI_PHI,13,ARI,-4.027665036809025,70,-14.01184340893803,50,2008
2008_13_ARI_PHI,13,PHI,23.027215119069744,97,21.56975177893826,77,2008
2008_13_ATL_SD,13,ATL,1.7501599312613498,82,-6.717078270916481,66,2008
2008_13_ATL_SD,13,LAC,-7.119502634111198,70,-7.0619828228757715,53,2008
2008_13_BAL_CIN,13,BAL,9.883136096485938,95,12.864605043559674,73,2008
2008_13_BAL_CIN,13,CIN,-27.064663107448723,73,-31.085743574784473,52,2008
2008_13_CAR_GB,13,CAR,18.24154349660216,67,10.059282256057486,45,2008
2008_13_CAR_GB,13,GB,11.496296939288754,97,11.195437502836569,77,2008
2008_13_CHI_MIN,13,CHI,-25.39899209131834,83,-27.871532535995357,58,2008
2008_13_CHI_MIN,13,MIN,-5.354113862186164,84,-5.672681248294815,66,2008
2008_13_DEN_NYJ,13,DEN,15.311087057244546,85,14.824166966836703,63,2008
2008_13_DEN_NYJ,13,NYJ,-4.890967418692982,85,-11.765520428310612,64,2008
2008_13_IND_CLE,13,CLE,-13.628306560509373,75,-12.96963135103217,64,2008
2008_13_IND_CLE,13,IND,-8.123023642630187,64,-6.445300104160214,48,2008
2008_13_JAX_HOU,13,HOU,4.110428092663082,70,-0.8451089589229195,50,2008
2008_13_JAX_HOU,13,JAX,-9.49562145538937,86,-2.6430962700322063,63,2008
2008_13_KC_OAK,13,KC,-4.432961525619705,77,-1.3896641268601821,57,2008
2008_13_KC_OAK,13,LV,-14.64897015655447,79,-17.574766035298925,57,2008
2008_13_MIA_STL,13,LA,-8.856373842339963,85,-12.74814424993859,65,2008
2008_13_MIA_STL,13,MIA,-4.965693634827029,80,-0.8891709370134424,58,2008
2008_13_NO_TB,13,NO,-8.339136218818114,87,-7.031212619357804,66,2008
2008_13_NO_TB,13,TB,-6.609854624830861,78,-8.822925510550318,59,2008
2008_13_NYG_WAS,13,NYG,8.548521626400087,86,6.424682351323716,70,2008
2008_13_NYG_WAS,13,WAS,-11.595467547881753,79,-11.355268402315158,61,2008
2008_13_PIT_NE,13,NE,-26.59322815000928,83,-25.452871798393254,64,2008
2008_13_PIT_NE,13,PIT,1.866077763652581,87,3.668759570334961,67,2008
2008_13_SEA_DAL,13,DAL,19.761216854402843,81,15.852614853795618,57,2008
2008_13_SEA_DAL,13,SEA,-4.272717084561009,87,-9.077517889313476,68,2008
2008_13_SF_BUF,13,BUF,-14.682027541304706,82,-7.225533849548526,66,2008
2008_13_SF_BUF,13,SF,-6.991808682268357,70,-4.935509072298181,53,2008
2008_13_TEN_DET,13,DET,-28.093825782541526,73,-25.487262348985706,46,2008
2008_13_TEN_DET,13,TEN,18.330581310685425,88,14.088208407860993,64,2008
2008_14_ATL_NO,14,ATL,14.807951605323023,80,13.319208145527135,64,2008
2008_14_ATL_NO,14,NO,16.508448462843216,80,10.266226641576633,60,2008
2008_14_CIN_IND,14,CIN,-22.248864900757326,77,-23.910194895984617,61,2008
2008_14_CIN_IND,14,IND,10.626650987386082,64,12.647014030517312,52,2008
2008_14_CLE_TEN,14,CLE,-20.805626010056585,88,-21.94524996345816,64,2008
2008_14_CLE_TEN,14,TEN,-3.6135037131434764,84,-1.2823912948952056,66,2008
2008_14_DAL_PIT,14,DAL,-26.063405954100062,80,-24.708095695668277,65,2008
2008_14_DAL_PIT,14,PIT,-19.075178265970408,85,-22.42668443218138,63,2008
2008_14_HOU_GB,14,GB,8.29354444845944,73,4.927682342764456,52,2008
2008_14_HOU_GB,14,HOU,14.106170813484711,89,12.58451196398964,74,2008
2008_14_JAX_CHI,14,CHI,-1.328445755576924,77,-5.896856635236396,59,2008
2008_14_JAX_CHI,14,JAX,-13.058864376939937,89,-13.015608233728894,69,2008
2008_14_KC_DEN,14,DEN,8.940144013975665,82,13.354663420993267,67,2008
2008_14_KC_DEN,14,KC,3.5761411675571235,64,0.8578849049908026,51,2008
2008_14_MIA_BUF,14,BUF,-11.318954712536652,63,-17.26439147957851,48,2008
2008_14_MIA_BUF,14,MIA,3.1415615475183687,83,3.634813331581438,62,2008
2008_14_MIN_DET,14,DET,-0.19039469946582277,74,-6.182681174839427,54,2008
2008_14_MIN_DET,14,MIN,5.371449346578467,67,1.3713677495277892,52,2008
2008_14_NE_SEA,14,NE,17.889144533303693,88,11.711046612768786,70,2008
2008_14_NE_SEA,14,SEA,10.941089246958878,73,10.381613824050874,55,2008
2008_14_NYJ_SF,14,NYJ,0.005302870480134558,62,0.41990217071725056,46,2008
2008_14_NYJ_SF,14,SF,8.504276694451843,92,3.9932378483343136,74,2008
2008_14_OAK_SD,14,LAC,14.399673008144415,88,14.26512937001471,68,2008
2008_14_OAK_SD,14,LV,-13.8732686214164,68,-27.638923176273238,49,2008
2008_14_PHI_NYG,14,NYG,-7.641109798735217,71,-10.758107591675355,51,2008
2008_14_PHI_NYG,14,PHI,2.1859173060015555,88,12.466841696261005,69,2008
2008_14_STL_ARI,14,ARI,2.6951462762228826,71,4.031169521952171,54,2008
2008_14_STL_ARI,14,LA,-21.62804918569958,80,-20.275930310680106,62,2008
2008_14_TB_CAR,14,CAR,24.786575874784916,75,21.541265816936402,56,2008
2008_14_TB_CAR,14,TB,11.253618410044734,83,13.905768303812515,67,2008
2008_14_WAS_BAL,14,BAL,-10.08541701418449,73,-10.338159379689612,59,2008
2008_14_WAS_BAL,14,WAS,-22.591023440817708,85,-17.84526010939975,60,2008
2008_15_BUF_NYJ,15,BUF,0.5644332310314413,91,-6.634391530062753,72,2008
2008_15_BUF_NYJ,15,NYJ,1.4640118387933363,71,2.094696059083047,54,2008
2008_15_CLE_PHI,15,CLE,-20.666065901571756,70,-20.520704562512268,51,2008
2008_15_CLE_PHI,15,PHI,-2.137548791988368,86,-2.2830947994469586,71,2008
2008_15_DEN_CAR,15,CAR,9.9856952593675,73,7.8104503063116795,55,2008
2008_15_DEN_CAR,15,DEN,-8.936256929354613,77,-8.29042838989798,59,2008
2008_15_DET_IND,15,DET,15.329734871880818,77,1.48732434534078,57,2008
2008_15_DET_IND,15,IND,22.70136871330055,84,22.9363438435581,66,2008
2008_15_GB_JAX,15,GB,6.1141988042552375,76,5.05589587438097,63,2008
2008_15_GB_JAX,15,JAX,9.289049903099682,73,11.934611417902225,54,2008
2008_15_MIN_ARI,15,ARI,-23.2085688483711,79,-14.524034302332439,61,2008
2008_15_MIN_ARI,15,MIN,2.8179439456910655,82,17.90189198653868,64,2008
2008_15_NE_OAK,15,LV,5.469190669302748,86,-1.1542987240971998,63,2008
2008_15_NE_OAK,15,NE,33.908468550101354,91,26.657396953960415,68,2008
2008_15_NO_CHI,15,CHI,-1.638305115325923,83,-19.542286715492864,61,2008
2008_15_NO_CHI,15,NO,-0.36788831690660384,93,-3.2815307286817674,75,2008
2008_15_NYG_DAL,15,DAL,5.191435225709598,77,6.060247204368468,55,2008
2008_15_NYG_DAL,15,NYG,-6.540803393116221,83,-13.765938903395647,60,2008
2008_15_PIT_BAL,15,BAL,-15.406173399242107,79,-17.9447398478008,61,2008
2008_15_PIT_BAL,15,PIT,-11.277636028414463,88,-5.115761983576505,68,2008
2008_15_SD_KC,15,KC,-5.6960844174188905,79,0.6664221800136199,58,2008
2008_15_SD_KC,15,LAC,-3.564039960237092,88,-5.977054923194903,72,2008
2008_15_SEA_STL,15,LA,-6.287448694539469,89,-2.909737497175639,65,2008
2008_15_SEA_STL,15,SEA,-0.49220883877130994,72,2.496776715831416,55,2008
2008_15_SF_MIA,15,MIA,1.118034147898923,60,4.857613372251075,40,2008
2008_15_SF_MIA,15,SF,-1.4219002248719335,94,0.3981777162266167,78,2008
2008_15_TB_ATL,15,ATL,-11.789152300576088,83,-8.439049286380904,66,2008
2008_15_TB_ATL,15,TB,-15.02063212422362,90,-6.886494525087167,67,2008
2008_15_TEN_HOU,15,HOU,-10.696741176707235,96,-6.400527718043934,69,2008
2008_15_TEN_HOU,15,TEN,-9.916214714990929,77,-17.1178649887569,56,2008
2008_15_WAS_CIN,15,CIN,4.584214156269352,84,2.481611497217039,60,2008
2008_15_WAS_CIN,15,WAS,-2.221327319387684,80,-10.508766049881656,60,2008
2008_16_ARI_NE,16,ARI,-20.91380982310079,73,-18.393428936367854,50,2008
2008_16_ARI_NE,16,NE,19.91649324903096,99,22.401530964991462,78,2008
2008_16_ATL_MIN,16,ATL,4.054668287953276,79,1.1278153178610157,56,2008
2008_16_ATL_MIN,16,MIN,-5.432271778018892,83,-10.938792939690728,70,2008
2008_16_BAL_DAL,16,BAL,14.813413075941067,90,8.05113040687944,63,2008
2008_16_BAL_DAL,16,DAL,2.1764756188042584,89,0.9166721907264943,68,2008
2008_16_BUF_DEN,16,BUF,22.935212691560306,71,11.522097014877508,51,2008
2008_16_BUF_DEN,16,DEN,13.236097169350158,91,13.41379729758388,72,2008
2008_16_CAR_NYG,16,CAR,17.137876256793785,71,15.658560817316665,54,2008
2008_16_CAR_NYG,16,NYG,20.8069297260314,91,19.00687598757248,71,2008
2008_16_CIN_CLE,16,CIN,-10.914514295107894,69,-2.575089316562933,53,2008
2008_16_CIN_CLE,16,CLE,-27.448685757408384,69,-26.39990720845526,54,2008
2008_16_GB_CHI,16,CHI,1.0472645639761122,74,-12.235945359326887,55,2008
2008_16_GB_CHI,16,GB,0.37316369522295467,86,5.618116320339798,67,2008
2008_16_HOU_OAK,16,HOU,-7.038628272300458,78,-6.1506967875252165,60,2008
2008_16_HOU_OAK,16,LV,1.5824330119778525,77,-0.9201860702122859,60,2008
2008_16_IND_JAX,16,IND,20.142011562408694,73,22.793816826172947,52,2008
2008_16_IND_JAX,16,JAX,10.760743911041796,87,7.912615289291994,70,2008
2008_16_MIA_KC,16,KC,6.077053824224091,80,8.069530353624682,65,2008
2008_16_MIA_KC,16,MIA,16.77398476012581,81,15.872221011186404,62,2008
2008_16_NO_DET,16,DET,-4.2441077183553615,73,-3.839004614390433,55,2008
2008_16_NO_DET,16,NO,36.55180004699511,82,37.55966975353658,67,2008
2008_16_NYJ_SEA,16,NYJ,-12.647132992045954,78,-8.322147619063408,60,2008
2008_16_NYJ_SEA,16,SEA,-3.514578663739713,75,-3.8534835049520964,58,2008
2008_16_PHI_WAS,16,PHI,-18.978916135965846,79,-12.41456091700669,62,2008
2008_16_PHI_WAS,16,WAS,-11.409120010440574,84,-10.0604712052993,68,2008
2008_16_PIT_TEN,16,PIT,-12.917083341765194,85,-12.38615077646682,66,2008
2008_16_PIT_TEN,16,TEN,2.733915020496166,80,2.884870902885835,61,2008
2008_16_SD_TB,16,LAC,21.28485914342286,77,17.916198262059634,55,2008
2008_16_SD_TB,16,TB,0.42441728747348506,79,-5.4719401241815415,64,2008
2008_16_SF_STL,16,LA,-9.065181035033302,104,-8.377745296546417,79,2008
2008_16_SF_STL,16,SF,-6.419259450008374,72,-11.87078904461994,54,2008
2008_17_CAR_NO,17,CAR,12.856582469688178,84,17.29137817751779,63,2008
2008_17_CAR_NO,17,NO,6.569370810315053,86,15.56202113871687,62,2008
2008_17_CHI_HOU,17,CHI,6.073417143121501,74,5.719720694443321,57,2008
2008_17_CHI_HOU,17,HOU,11.060447950571186,92,10.01903865681544,69,2008
2008_17_CLE_PIT,17,CLE,-29.591638588986825,68,-24.525607463219707,50,2008
2008_17_CLE_PIT,17,PIT,3.807450776645961,82,9.125410083251555,59,2008
2008_17_DAL_PHI,17,DAL,-30.40566786840068,81,-30.30574065788525,64,2008
2008_17_DAL_PHI,17,PHI,7.418553582339967,76,4.237094263962397,56,2008
2008_17_DEN_SD,17,DEN,7.645164066670962,78,4.885646212307737,60,2008
2008_17_DEN_SD,17,LAC,37.71470582290316,83,33.34374732201695,64,2008
2008_17_DET_GB,17,DET,1.922665608898126,91,-1.2976915530161932,72,2008
2008_17_DET_GB,17,GB,11.232432538848354,77,11.353630072607688,61,2008
2008_17_JAX_BAL,17,BAL,4.335949419312098,81,8.155495369585408,62,2008
2008_17_JAX_BAL,17,JAX,-17.1673554535912,73,-15.939307730877772,53,2008
2008_17_KC_CIN,17,CIN,5.49040807984852,82,3.275377894000422,68,2008
2008_17_KC_CIN,17,KC,-4.501778764460934,70,-9.601779126867651,53,2008
2008_17_MIA_NYJ,17,MIA,0.740190309951001,77,-0.5702354619087107,61,2008
2008_17_MIA_NYJ,17,NYJ,-9.204518658410162,81,-7.905427765865834,62,2008
2008_17_NE_BUF,17,BUF,-17.278121629031375,77,-14.39158504898279,62,2008
2008_17_NE_BUF,17,NE,-0.6746342846847719,68,4.169604540001228,56,2008
2008_17_NYG_MIN,17,MIN,3.55631317801892,72,-3.465020385535319,54,2008
2008_17_NYG_MIN,17,NYG,5.426697048000652,81,6.846701799286958,62,2008
2008_17_OAK_TB,17,LV,11.338445000018506,79,-0.23185628972714767,56,2008
2008_17_OAK_TB,17,TB,1.4034414990003343,79,5.5037952815971805,59,2008
2008_17_SEA_ARI,17,ARI,9.46876883124082,76,13.405558163208758,57,2008
2008_17_SEA_ARI,17,SEA,-3.46324627813357,99,0.6326655097571052,72,2008
2008_17_STL_ATL,17,ATL,5.084444665140512,75,0.2958796782415192,51,2008
2008_17_STL_ATL,17,LA,4.443811202162791,90,4.281939384854004,72,2008
2008_17_TEN_IND,17,IND,9.301443745913387,77,13.385756232830413,61,2008
2008_17_TEN_IND,17,TEN,-15.609862154116854,52,-8.760080455410376,38,2008
2008_17_WAS_SF,17,SF,7.6102108504403505,72,7.5182768972420515,54,2008
2008_17_WAS_SF,17,WAS,6.451636562369683,85,3.2156437054428677,65,2008
2009_01_BUF_NE,1,BUF,5.056424551598181,70,9.351121500607771,48,2009
2009_01_BUF_NE,1,NE,3.8614257429480903,93,2.8657508170812163,79,2009
2009_01_CHI_GB,1,CHI,-12.698009891460288,86,-19.150401979156875,68,2009
2009_01_CHI_GB,1,GB,-7.819831859909464,75,-3.88348120105167,53,2009
2009_01_DAL_TB,1,DAL,25.379300229850738,68,17.811996760726643,52,2009
2009_01_DAL_TB,1,TB,8.696372238000773,95,12.491020887477378,73,2009
2009_01_DEN_CIN,1,CIN,-9.45410443082369,78,-8.657113695895532,63,2009
2009_01_DEN_CIN,1,DEN,-3.0240556429051795,69,-3.3293930166827126,52,2009
2009_01_DET_NO,1,DET,-7.243505896502726,79,-14.215157552437539,57,2009
2009_01_DET_NO,1,NO,7.835817199788349,92,13.96827075292504,69,2009
2009_01_JAX_IND,1,IND,-4.878605730394733,81,0.4392244090126951,67,2009
2009_01_JAX_IND,1,JAX,-4.482661105393736,70,-4.170499798382576,56,2009
2009_01_KC_BAL,1,BAL,10.60590971502074,107,17.01543805774636,85,2009
2009_01_KC_BAL,1,KC,-1.5709832372829196,64,-8.414413032969922,44,2009
2009_01_MIA_ATL,1,ATL,-11.03944998672812,82,-2.6992853978903577,62,2009
2009_01_MIA_ATL,1,MIA,-23.609822258070917,70,-19.87665675120661,56,2009
2009_01_MIN_CLE,1,CLE,-12.394228296403982,85,-13.395860440833012,60,2009
2009_01_MIN_CLE,1,MIN,5.914501432055655,82,10.42347168845748,62,2009
2009_01_NYJ_HOU,1,HOU,-18.463925974992833,64,-17.880887132603675,48,2009
2009_01_NYJ_HOU,1,NYJ,2.4217440094618583,91,9.575394184971737,71,2009
2009_01_PHI_CAR,1,CAR,-43.77288655779125,89,-43.4238747458064,68,2009
2009_01_PHI_CAR,1,PHI,-11.897269317218392,84,-5.85183011775992,62,2009
2009_01_SD_OAK,1,LAC,8.164459707519423,83,6.208797564162157,61,2009
2009_01_SD_OAK,1,LV,2.8019986785452584,91,0.32103066239707,64,2009
2009_01_SF_ARI,1,ARI,-14.297240323005042,91,-15.32616616989413,61,2009
2009_01_SF_ARI,1,SF,-7.037765565844781,80,-9.901350697449468,60,2009
2009_01_STL_SEA,1,LA,-19.98170675826259,80,-13.677745165310476,57,2009
2009_01_STL_SEA,1,SEA,8.135342067357666,82,6.911088086606469,70,2009
2009_01_TEN_PIT,1,PIT,-4.915261998884717,89,-8.884297731850747,70,2009
2009_01_TEN_PIT,1,TEN,-7.00626539688824,78,-1.025075980446017,61,2009
2009_01_WAS_NYG,1,NYG,2.3014039769273023,78,-1.6812059935374108,59,2009
2009_01_WAS_NYG,1,WAS,-3.6880963994103713,64,-6.21603015387551,50,2009
2009_02_ARI_JAX,2,ARI,9.075120764568961,82,15.804871009574036,56,2009
2009_02_ARI_JAX,2,JAX,-9.180778798755,88,-7.428835198809128,67,2009
2009_02_BAL_SD,2,BAL,14.692408340039943,82,4.6700354497185685,60,2009
2009_02_BAL_SD,2,LAC,7.3049633481509755,89,6.052307078955415,67,2009
2009_02_CAR_ATL,2,ATL,11.882760021305915,82,8.536056869197637,64,2009
2009_02_CAR_ATL,2,CAR,6.756303941900862,84,7.972135666068429,67,2009
2009_02_CIN_GB,2,CIN,3.3192020937740345,86,6.619363490511615,59,2009
2009_02_CIN_GB,2,GB,-6.7000794560751755,88,-2.2872798600596758,62,2009
2009_02_CLE_DEN,2,CLE,-16.403492688259576,71,-18.691890465268358,55,2009
2009_02_CLE_DEN,2,DEN,4.7381936312433455,92,12.421562668494676,73,2009
2009_02_HOU_TEN,2,HOU,15.2028965767995,93,13.487565087427956,66,2009
2009_02_HOU_TEN,2,TEN,7.8476913476652,82,5.846920656016115,60,2009
2009_02_IND_MIA,2,IND,21.102842209990055,53,17.92648905085845,35,2009
2009_02_IND_MIA,2,MIA,14.641085002579983,102,12.126898855360619,82,2009
2009_02_MIN_DET,2,DET,-17.500149614419197,82,-13.910424976525766,66,2009
2009_02_MIN_DET,2,MIN,0.705292262961855,74,0.5897487762694884,53,2009
2009_02_NE_NYJ,2,NE,-10.585312831331976,94,-5.33800581482617,67,2009
2009_02_NE_NYJ,2,NYJ,-4.767434777745849,72,-6.565051047292474,53,2009
2009_02_NO_PHI,2,NO,21.311704564050608,85,19.863940781932488,65,2009
2009_02_NO_PHI,2,PHI,-10.043109767421358,97,-7.137157518956325,75,2009
2009_02_NYG_DAL,2,DAL,1.3751630628978513,76,1.6900840798695356,58,2009
2009_02_NYG_DAL,2,NYG,7.248248308718925,88,7.74271570501339,64,2009
2009_02_OAK_KC,2,KC,-6.894890288526995,100,-4.520925907014469,79,2009
2009_02_OAK_KC,2,LV,-2.027739311040251,69,-6.595118120472186,48,2009
2009_02_PIT_CHI,2,CHI,6.7466292300755395,74,4.093511872483292,56,2009
2009_02_PIT_CHI,2,PIT,5.91115383164424,75,11.08184069542971,58,2009
2009_02_SEA_SF,2,SEA,-3.7284477798050384,86,-8.175137306003538,65,2009
2009_02_SEA_SF,2,SF,8.893622610406508,80,8.072581340997676,60,2009
2009_02_STL_WAS,2,LA,-6.299055325270502,67,-4.517404875601642,50,2009
2009_02_STL_WAS,2,WAS,-4.706566207867581,80,0.986028478127162,67,2009
2009_02_TB_BUF,2,BUF,1.9633461353498634,88,-1.1324689993878994,68,2009
2009_02_TB_BUF,2,TB,-10.814061095187185,98,-11.594560061712283,72,2009
2009_03_ATL_NE,3,ATL,-1.4388226911789852,62,0.6506156512565422,44,2009
2009_03_ATL_NE,3,NE,13.715303376325663,97,13.34938841686073,79,2009
2009_03_CAR_DAL,3,CAR,-12.994947599912791,68,-9.953157153213397,51,2009
2009_03_CAR_DAL,3,DAL,1.5088501975007507,87,11.036644057867676,66,2009
2009_03_CHI_SEA,3,CHI,3.0937156169908357,77,4.413890834538099,57,2009
2009_03_CHI_SEA,3,SEA,-5.009474852845643,91,-6.411535365462534,75,2009
2009_03_CLE_BAL,3,BAL,16.27577304032729,82,17.947195123649806,66,2009
2009_03_CLE_BAL,3,CLE,-15.163436249189544,70,-19.10703503180674,52,2009
2009_03_DEN_OAK,3,DEN,3.1386158794134627,83,6.456566999869542,67,2009
2009_03_DEN_OAK,3,LV,-20.861193025892135,65,-20.401799922402223,47,2009
2009_03_GB_STL,3,GB,13.53084834315236,82,13.675899781494843,59,2009
2009_03_GB_STL,3,LA,-12.785951293556698,89,-13.623196771558744,69,2009
2009_03_IND_ARI,3,ARI,-15.653670428724524,90,-15.714523254913573,70,2009
2009_03_IND_ARI,3,IND,9.706041636571396,81,14.577912978240423,66,2009
2009_03_JAX_HOU,3,HOU,7.095574485585698,75,8.39898107085206,59,2009
2009_03_JAX_HOU,3,JAX,18.04316960824544,81,17.76337731492929,58,2009
2009_03_KC_PHI,3,KC,-6.81809772870338,79,-7.505874933180166,51,2009
2009_03_KC_PHI,3,PHI,13.220122550107586,76,9.524879855086335,61,2009
2009_03_MIA_SD,3,LAC,1.0222169347484833,78,-1.0469952350517255,63,2009
2009_03_MIA_SD,3,MIA,-7.975667282090627,83,-8.054185517379974,63,2009
2009_03_NO_BUF,3,BUF,-11.045634130651933,84,-8.895544827915728,61,2009
2009_03_NO_BUF,3,NO,12.399926359137904,89,9.444960216925391,65,2009
2009_03_NYG_TB,3,NYG,11.442017240229912,92,18.219081518876216,74,2009
2009_03_NYG_TB,3,TB,-16.794876680593006,51,-17.9567843292607,35,2009
2009_03_PIT_CIN,3,CIN,2.8542817438474275,80,5.031284646429948,58,2009
2009_03_PIT_CIN,3,PIT,3.517431286754343,74,6.886076097715172,60,2009
2009_03_SF_MIN,3,MIN,-6.085477466255513,99,-5.947322228481669,72,2009
2009_03_SF_MIN,3,SF,-6.857516659973741,76,-7.4488281292373255,52,2009
2009_03_TEN_NYJ,3,NYJ,-13.308144309574121,85,-14.914184270380613,61,2009
2009_03_TEN_NYJ,3,TEN,-18.704588901475745,88,-11.296507835850456,69,2009
2009_03_WAS_DET,3,DET,7.096722983499184,95,4.758955125196122,73,2009
2009_03_WAS_DET,3,WAS,3.025485491770107,76,3.107708739757072,56,2009
2009_04_BAL_NE,4,BAL,1.4174163541886147,83,5.27824314753525,66,2009
2009_04_BAL_NE,4,NE,5.617463035056287,84,2.419969251798957,63,2009
2009_04_BUF_MIA,4,BUF,-14.928009983759011,69,-19.846710079404108,49,2009
2009_04_BUF_MIA,4,MIA,13.277763756100963,90,11.417613741775128,72,2009
2009_04_CIN_CLE,4,CIN,-12.769796880822245,101,2.238006860671022,75,2009
2009_04_CIN_CLE,4,CLE,-16.404214955450243,103,-18.829535203120695,82,2009
2009_04_DAL_DEN,4,DAL,-7.318368166389747,91,-10.150612019931282,71,2009
2009_04_DAL_DEN,4,DEN,-1.1035215651413655,75,0.17997801353580378,56,2009
2009_04_DET_CHI,4,CHI,19.290559048150037,70,4.550802931455422,50,2009
2009_04_DET_CHI,4,DET,-3.3091152737486054,103,-1.4505935430511276,78,2009
2009_04_GB_MIN,4,GB,3.923073194539893,78,5.55915521850371,63,2009
2009_04_GB_MIN,4,MIN,7.140366962959565,80,3.6572927790984977,60,2009
2009_04_NYG_KC,4,KC,-7.4328096310883875,86,-10.785164354330952,63,2009
2009_04_NYG_KC,4,NYG,6.730893311889528,92,7.833700814187253,70,2009
2009_04_NYJ_NO,4,NO,-15.287133341448467,83,-7.4648551876840195,62,2009
2009_04_NYJ_NO,4,NYJ,-28.945725982551803,72,-25.914897778309438,58,2009
2009_04_OAK_HOU,4,HOU,-4.988856677798881,88,-14.57627410528762,64,2009
2009_04_OAK_HOU,4,LV,-27.180570416152477,78,-28.953679765657117,57,2009
2009_04_SD_PIT,4,LAC,20.59838505259813,66,4.390810253040399,47,2009
2009_04_SD_PIT,4,PIT,29.200208826244985,93,28.22641002815374,71,2009
2009_04_SEA_IND,4,IND,11.697368655776014,82,17.998100665806028,62,2009
2009_04_SEA_IND,4,SEA,-5.7479847311841485,90,-6.8779174483696845,68,2009
2009_04_STL_SF,4,LA,-33.56421121157473,77,-27.06606964547057,57,2009
2009_04_STL_SF,4,SF,1.7863273699401772,76,-7.261172684562046,55,2009
2009_04_TB_WAS,4,TB,-20.029124208256007,75,-10.89271241821091,55,2009
2009_04_TB_WAS,4,WAS,-18.489092315654943,72,-12.111269220177622,57,2009
2009_04_TEN_JAX,4,JAX,16.6398002762171,89,14.08294176962105,66,2009
2009_04_TEN_JAX,4,TEN,-2.7688391156841536,87,0.4436347257339577,69,2009
2009_05_ATL_SF,5,ATL,24.55894480444521,94,24.185948822258517,70,2009
2009_05_ATL_SF,5,SF,-15.277337340575514,76,-9.904694231443202,58,2009
2009_05_CIN_BAL,5,BAL,-4.422977698725392,69,-2.3225872021284886,51,2009
2009_05_CIN_BAL,5,CIN,-0.08943419835401034,89,3.952456077043637,65,2009
2009_05_CLE_BUF,5,BUF,-14.962736304325517,93,-14.746065233583172,68,2009
2009_05_CLE_BUF,5,CLE,-11.40104922070168,76,-20.067945448340886,59,2009
2009_05_DAL_KC,5,DAL,11.446987155105942,84,18.229604683774703,60,2009
2009_05_DAL_KC,5,KC,0.9563615588208432,107,-8.678333243131686,74,2009
2009_05_HOU_ARI,5,ARI,-0.9668731178824179,76,1.6613799192127772,55,2009
2009_05_HOU_ARI,5,HOU,-6.108929329540675,92,-0.9705943316351835,71,2009
2009_05_IND_TEN,5,IND,13.748325519746682,88,17.051100904965576,67,2009
2009_05_IND_TEN,5,TEN,-11.503696145955473,76,-16.017155420640727,56,2009
2009_05_JAX_SEA,5,JAX,-25.377669261593837,72,-25.199652100214735,52,2009
2009_05_JAX_SEA,5,SEA,17.22630497006298,86,15.461753501377038,68,2009
2009_05_MIN_STL,5,LA,-11.155797774562952,86,-12.97437235995281,70,2009
2009_05_MIN_STL,5,MIN,21.921120594561266,66,16.523432707217633,53,2009
2009_05_NE_DEN,5,DEN,3.8823843151126294,95,7.697010303622081,75,2009
2009_05_NE_DEN,5,NE,2.8888794427707563,77,-1.6672762812293378,60,2009
2009_05_NYJ_MIA,5,MIA,20.245921590906615,83,21.449909729849324,64,2009
2009_05_NYJ_MIA,5,NYJ,18.280590270920808,78,10.543011709016424,54,2009
2009_05_OAK_NYG,5,LV,-13.674887832337163,64,-20.112754707952263,44,2009
2009_05_OAK_NYG,5,NYG,23.478285614015245,84,20.217966608451746,64,2009
2009_05_PIT_DET,5,DET,-1.3287002095195728,87,-0.7046977977337621,69,2009
2009_05_PIT_DET,5,PIT,9.507665097911417,73,7.741895829385612,51,2009
2009_05_TB_PHI,5,PHI,10.42272665788309,66,10.070687090241226,46,2009
2009_05_TB_PHI,5,TB,-7.344305202589114,96,-15.143106633797288,75,2009
2009_05_WAS_CAR,5,CAR,-5.305603823169006,78,-14.99435286367772,58,2009
2009_05_WAS_CAR,5,WAS,-5.036150612452277,68,-5.54634709590006,52,2009
2009_06_ARI_SEA,6,ARI,1.0418644859003026,95,2.8968660287869827,71,2009
2009_06_ARI_SEA,6,SEA,-26.998656327312347,63,-24.028578752895697,46,2009
2009_06_BAL_MIN,6,BAL,11.002641167340375,90,13.675538444569566,63,2009
2009_06_BAL_MIN,6,MIN,12.127988522904374,85,8.068863036200419,63,2009
2009_06_BUF_NYJ,6,BUF,-6.963970777341502,98,-9.250986815364035,73,2009
2009_06_BUF_NYJ,6,NYJ,-12.285920091201888,93,-12.049020236453089,72,2009
2009_06_CAR_TB,6,CAR,1.4265129427831162,80,2.7709774721754066,66,2009
2009_06_CAR_TB,6,TB,-8.112725308559451,65,-6.556890627644352,45,2009
2009_06_CHI_ATL,6,ATL,0.8693917327066021,74,-1.3301678831339814,55,2009
2009_06_CHI_ATL,6,CHI,-4.632439663592939,88,-4.314913986308966,68,2009
2009_06_CLE_PIT,6,CLE,-5.239700338561763,68,-15.663798958237749,50,2009
2009_06_CLE_PIT,6,PIT,7.361754024879926,89,9.040045941434872,71,2009
2009_06_DEN_SD,6,DEN,10.812875563296071,85,9.831298471576986,63,2009
2009_06_DEN_SD,6,LAC,-4.64648415205602,77,-8.295006123236355,59,2009
2009_06_DET_GB,6,DET,-22.706427158555016,64,-25.001391195051838,48,2009
2009_06_DET_GB,6,GB,3.8191974126470978,90,6.462297441637807,69,2009
2009_06_HOU_CIN,6,CIN,-6.428121833471325,75,-9.494089335395397,53,2009
2009_06_HOU_CIN,6,HOU,8.153803846350453,89,14.806323753308536,71,2009
2009_06_KC_WAS,6,KC,-9.347180658660363,89,-10.572849929840293,71,2009
2009_06_KC_WAS,6,WAS,-20.05823588045314,74,-15.912973209848186,52,2009
2009_06_NYG_NO,6,NO,24.762807632036928,97,22.9667221554555,70,2009
2009_06_NYG_NO,6,NYG,6.382633644217306,77,-0.6246432733393839,56,2009
2009_06_PHI_OAK,6,LV,-12.413103371737861,85,-13.750866431962727,62,2009
2009_06_PHI_OAK,6,PHI,-15.570795881212689,86,-14.419806727457932,65,2009
2009_06_STL_JAX,6,JAX,3.1475017509494565,105,-0.5554887691314514,83,2009
2009_06_STL_JAX,6,LA,1.9742214274679082,72,-2.221021803189191,52,2009
2009_06_TEN_NE,6,NE,33.73284501824491,96,39.86571705148364,74,2009
2009_06_TEN_NE,6,TEN,-26.803288512310246,69,-28.148589480202645,48,2009
2009_07_ARI_NYG,7,ARI,-5.125939614592201,81,-5.529862942741525,57,2009
2009_07_ARI_NYG,7,NYG,-14.16082536701879,89,-12.106877967850338,65,2009
2009_07_ATL_DAL,7,ATL,-6.5421966477768505,86,-0.9926093576941639,65,2009
2009_07_ATL_DAL,7,DAL,9.956414848406208,79,10.615928797758706,56,2009
2009_07_BUF_CAR,7,BUF,0.6327219177123862,72,-9.018713961572669,51,2009
2009_07_BUF_CAR,7,CAR,-14.49456693965044,94,-7.182906997359831,70,2009
2009_07_CHI_CIN,7,CHI,-7.548890428642381,71,-10.119333478496046,51,2009
2009_07_CHI_CIN,7,CIN,27.77341968170048,83,25.170399641181078,69,2009
2009_07_GB_CLE,7,CLE,-13.522464545094408,71,-23.471243993507198,52,2009
2009_07_GB_CLE,7,GB,18.480143868265255,76,25.146267765324495,63,2009
2009_07_IND_STL,7,IND,24.25774553476955,78,22.158773103554267,59,2009
2009_07_IND_STL,7,LA,-17.500500558700878,78,-20.272201321446133,59,2009
2009_07_MIN_PIT,7,MIN,-9.606819064493266,103,-13.823057914236317,77,2009
2009_07_MIN_PIT,7,PIT,-1.3746319407234777,67,-5.127540153521899,48,2009
2009_07_NE_TB,7,NE,3.082843436764729,87,14.724043698457535,59,2009
2009_07_NE_TB,7,TB,-26.031827409398147,77,-22.78963385510724,59,2009
2009_07_NO_MIA,7,MIA,-12.947132405400229,97,-14.106166581873033,69,2009
2009_07_NO_MIA,7,NO,1.4850337838942078,95,1.5754486193059423,71,2009
2009_07_NYJ_OAK,7,LV,-19.09206519316649,68,-23.66353147366317,52,2009
2009_07_NYJ_OAK,7,NYJ,23.389521171767907,86,22.304871397602668,69,2009
2009_07_PHI_WAS,7,PHI,2.8235370206368744,80,-0.015008954195504742,52,2009
2009_07_PHI_WAS,7,WAS,-10.533811628111382,91,-14.995938144532698,68,2009
2009_07_SD_KC,7,KC,-31.059377940250897,85,-30.028602856794862,61,2009
2009_07_SD_KC,7,LAC,4.505031047988265,86,8.189621968003763,63,2009
2009_07_SF_HOU,7,HOU,8.233550784683924,77,0.5913914700665237,58,2009
2009_07_SF_HOU,7,SF,6.211010227485699,78,4.2661646284977905,53,2009
2009_08_ATL_NO,8,ATL,-4.792216609432914,90,-2.7131037406298377,66,2009
2009_08_ATL_NO,8,NO,0.8846214691801197,90,3.349073346896981,69,2009
2009_08_CAR_ARI,8,ARI,-13.32861390147065,86,-15.925001447554678,63,2009
2009_08_CAR_ARI,8,CAR,3.862148567408664,82,7.031522010357502,59,2009
2009_08_CLE_CHI,8,CHI,-8.00411611014147,88,-4.76392904276519,69,2009
2009_08_CLE_CHI,8,CLE,-32.25811913923394,66,-31.23207216814626,50,2009
2009_08_DEN_BAL,8,BAL,9.693730619981803,80,1.6926068627980309,61,2009
2009_08_DEN_BAL,8,DEN,-12.875063528535293,81,-15.617723946808837,57,2009
2009_08_HOU_BUF,8,BUF,-10.920459011332468,62,-14.736728294054249,45,2009
2009_08_HOU_BUF,8,HOU,14.45441211034779,93,13.98650691463116,73,2009
2009_08_JAX_TEN,8,JAX,1.088222465370107,70,-4.704554643773008,49,2009
2009_08_JAX_TEN,8,TEN,17.523705717887648,81,13.539049020232858,65,2009
2009_08_MIA_NYJ,8,MIA,7.165678104908125,73,-11.89152589904762,49,2009
2009_08_MIA_NYJ,8,NYJ,-0.8702145522517162,101,-9.903474565909141,79,2009
2009_08_MIN_GB,8,GB,0.6827010713692525,90,2.6825463728839303,68,2009
2009_08_MIN_GB,8,MIN,15.49957758947107,78,8.973338636445165,60,2009
2009_08_NYG_PHI,8,NYG,-9.433808436957863,93,-3.685716211219347,73,2009
2009_08_NYG_PHI,8,PHI,12.114540366361094,68,17.304823862124255,48,2009
2009_08_OAK_SD,8,LAC,7.4763879523509305,73,7.169715664049399,56,2009
2009_08_OAK_SD,8,LV,1.7021602722277285,73,-7.054742137041986,54,2009
2009_08_SEA_DAL,8,DAL,8.573436670576765,89,5.703143364708324,67,2009
2009_08_SEA_DAL,8,SEA,-11.234899925700917,83,-4.336938736629598,64,2009
2009_08_SF_IND,8,IND,-2.560948847167194,95,-4.543337806179363,74,2009
2009_08_SF_IND,8,SF,-6.099389885428424,74,-7.7644700481323525,54,2009
2009_08_STL_DET,8,DET,-8.976764211678411,88,-6.925175623633433,69,2009
2009_08_STL_DET,8,LA,2.0445053510309865,80,5.8749490684396815,60,2009
2009_09_ARI_CHI,9,ARI,22.98482669583586,83,20.77638080571896,64,2009
2009_09_ARI_CHI,9,CHI,-1.6575043190257501,84,-0.11316134405416456,63,2009
2009_09_BAL_CIN,9,BAL,-10.28760163791162,71,-10.363616187785862,53,2009
2009_09_BAL_CIN,9,CIN,-0.2998658084748076,88,-4.708492227947199,73,2009
2009_09_CAR_NO,9,CAR,-7.58772963694644,91,-5.932959892154846,70,2009
2009_09_CAR_NO,9,NO,-0.22871379650020307,79,0.9583722988415895,58,2009
2009_09_DAL_PHI,9,DAL,4.853583060213621,82,7.89632838335789,58,2009
2009_09_DAL_PHI,9,PHI,-1.1623846563280016,77,-7.594910592758308,57,2009
2009_09_DET_SEA,9,DET,-10.399576088899723,86,-12.533911055646207,63,2009
2009_09_DET_SEA,9,SEA,-0.9768510061024918,95,-10.980975131946906,72,2009
2009_09_GB_TB,9,GB,-10.105677167169237,94,-0.7562763363821432,73,2009
2009_09_GB_TB,9,TB,-2.217876454481936,81,-2.063924961333687,58,2009
2009_09_HOU_IND,9,HOU,-1.1432004353190468,88,0.7557346268210203,69,2009
2009_09_HOU_IND,9,IND,1.1626120844231294,93,-6.067258130964351,71,2009
2009_09_KC_JAX,9,JAX,2.7404405191903125,86,10.175153297841053,67,2009
2009_09_KC_JAX,9,KC,0.7524923534846284,77,0.8862643278205851,57,2009
2009_09_MIA_NE,9,MIA,10.137831163543067,90,2.4496983025591854,70,2009
2009_09_MIA_NE,9,NE,18.71962188765326,80,13.415795819687261,64,2009
2009_09_PIT_DEN,9,DEN,-19.348645504094065,71,-18.827810147441788,54,2009
2009_09_PIT_DEN,9,PIT,1.8696875657360552,76,3.1844593435525894,59,2009
2009_09_SD_NYG,9,LAC,-0.8179720313216903,71,-4.132970996230142,53,2009
2009_09_SD_NYG,9,NYG,-2.5090176179278405,87,3.855817047359735,67,2009
2009_09_TEN_SF,9,SF,-1.4295202073278714,95,-7.667889603126557,69,2009
2009_09_TEN_SF,9,TEN,10.156726592033916,73,8.467771926983097,53,2009
2009_09_WAS_ATL,9,ATL,6.40289696721597,73,2.3044686005450785,50,2009
2009_09_WAS_ATL,9,WAS,-5.899117817886852,81,-3.964920497960204,64,2009
2009_10_ATL_CAR,10,ATL,3.4714384798325018,88,5.830653874001552,71,2009
2009_10_ATL_CAR,10,CAR,10.249850642127964,75,16.0927743555129,57,2009
2009_10_BAL_CLE,10,BAL,-6.70208063682958,79,-1.2287428028509773,58,2009
2009_10_BAL_CLE,10,CLE,-25.997083172987914,78,-30.64130415135878,60,2009
2009_10_BUF_TEN,10,BUF,-13.502540429637977,82,-10.743732937616327,58,2009
2009_10_BUF_TEN,10,TEN,9.931877884104093,81,11.887798566595487,60,2009
2009_10_CHI_SF,10,CHI,-17.525317569554318,89,-22.210992490513597,71,2009
2009_10_CHI_SF,10,SF,-14.113603757864666,71,-8.921815602463202,53,2009
2009_10_CIN_PIT,10,CIN,-0.8933972295343411,81,-3.7871028350022997,58,2009
2009_10_CIN_PIT,10,PIT,-10.76252751314314,81,-16.949202325039685,62,2009
2009_10_DAL_GB,10,DAL,-15.81704914313309,76,-11.786688755467924,58,2009
2009_10_DAL_GB,10,GB,-5.638213033080776,91,-2.2707314859405225,66,2009
2009_10_DEN_WAS,10,DEN,-0.29707590664338746,72,-2.2838775325544702,56,2009
2009_10_DEN_WAS,10,WAS,9.418194321404595,84,9.210915515696623,70,2009
2009_10_DET_MIN,10,DET,-19.5512539574498,98,-19.683245100187598,76,2009
2009_10_DET_MIN,10,MIN,-1.9800273925327625,80,-0.42358200207241836,59,2009
2009_10_JAX_NYJ,10,JAX,4.941061572126498,79,11.115772144091666,58,2009
2009_10_JAX_NYJ,10,NYJ,1.4119466088494637,75,-4.4379899464815145,61,2009
2009_10_KC_OAK,10,KC,-5.2798487729699,91,-10.479982238793276,66,2009
2009_10_KC_OAK,10,LV,-14.76499282795271,90,-19.637520474776345,64,2009
2009_10_NE_IND,10,IND,6.884311849298963,87,10.672485465067439,63,2009
2009_10_NE_IND,10,NE,9.734685772375311,91,8.714104652526139,71,2009
2009_10_NO_STL,10,LA,2.030612612518735,88,1.93828945436133,72,2009
2009_10_NO_STL,10,NO,9.613212362944655,74,3.1623121618758887,55,2009
2009_10_PHI_SD,10,LAC,21.384647305431823,74,13.958491778862186,55,2009
2009_10_PHI_SD,10,PHI,16.301067368747226,90,14.00795625130927,71,2009
2009_10_SEA_ARI,10,ARI,12.985823847251819,91,10.038080015844594,64,2009
2009_10_SEA_ARI,10,SEA,4.1224615441825545,106,3.2611916112187203,81,2009
2009_10_TB_MIA,10,MIA,-0.6555854122766522,89,-5.520719518620975,66,2009
2009_10_TB_MIA,10,TB,0.14740588208360172,84,-7.352634317495179,62,2009
2009_11_ARI_STL,11,ARI,2.881717684012286,82,8.724462553393096,64,2009
2009_11_ARI_STL,11,LA,-7.6227311384369285,84,-15.224424474257528,67,2009
2009_11_ATL_NYG,11,ATL,18.574995101330384,96,16.228239062881407,77,2009
2009_11_ATL_NYG,11,NYG,18.103148332697852,89,17.083026729182468,66,2009
2009_11_BUF_JAX,11,BUF,-1.0080086997039617,71,-4.246896578013981,52,2009
2009_11_BUF_JAX,11,JAX,-0.5629075542193487,82,-2.8787256550963667,66,2009
2009_11_CIN_OAK,11,CIN,-5.2927711390862004,90,2.0593438723372905,68,2009
2009_11_CIN_OAK,11,LV,-4.694695038421289,76,-8.73249821001109,54,2009
2009_11_CLE_DET,11,CLE,18.397747662285255,99,15.527823402244458,76,2009
2009_11_CLE_DET,11,DET,16.397599984673484,83,10.63936672864375,58,2009
2009_11_IND_BAL,11,BAL,1.5499165209475905,82,-0.8282875713981035,65,2009
2009_11_IND_BAL,11,IND,4.894133214556403,70,6.171077440931136,55,2009
2009_11_MIA_CAR,11,CAR,4.557890956683084,91,0.19666245180250908,72,2009
2009_11_MIA_CAR,11,MIA,13.487719325594522,79,6.845192800780831,60,2009
2009_11_NO_TB,11,NO,19.967119383589075,78,16.99138194697823,62,2009
2009_11_NO_TB,11,TB,-15.175448720455506,76,-15.327815510652727,58,2009
2009_11_NYJ_NE,11,NE,-1.152339131321245,99,8.704522113816738,78,2009
2009_11_NYJ_NE,11,NYJ,-18.712654144727367,65,-21.56442287703976,49,2009
2009_11_PHI_CHI,11,CHI,-6.373271764503326,88,-9.224198101551359,64,2009
2009_11_PHI_CHI,11,PHI,0.6042515531137242,88,3.122312005899614,64,2009
2009_11_PIT_KC,11,KC,3.3072032930342603,73,-3.8396506425475287,54,2009
2009_11_PIT_KC,11,PIT,2.8887704768696922,101,4.3840994554051305,78,2009
2009_11_SD_DEN,11,DEN,-17.688773461675737,72,-18.12793927656056,53,2009
2009_11_SD_DEN,11,LAC,17.62029636460488,82,12.850125890687366,65,2009
2009_11_SEA_MIN,11,MIN,14.509931770982853,96,19.06972040067194,71,2009
2009_11_SEA_MIN,11,SEA,-11.068827058086637,61,-9.015437575939362,44,2009
2009_11_SF_GB,11,GB,12.093135303772439,100,12.006344414424447,76,2009
2009_11_SF_GB,11,SF,8.247342164582957,63,3.4938819990250902,46,2009
2009_11_TEN_HOU,11,HOU,2.333447989374802,76,2.918137908599546,59,2009
2009_11_TEN_HOU,11,TEN,7.279492995068834,86,7.137997449341004,63,2009
2009_11_WAS_DAL,11,DAL,-11.283934261384218,77,-4.656984924094737,60,2009
2009_11_WAS_DAL,11,WAS,-10.422343294601887,76,-4.084544725912124,58,2009
2009_12_ARI_TEN,12,ARI,13.842992939063604,69,4.721183161343027,52,2009
2009_12_ARI_TEN,12,TEN,14.379132945332001,88,12.176600387028259,70,2009
2009_12_CAR_NYJ,12,CAR,-23.920468779222574,76,-23.4721888481972,62,2009
2009_12_CAR_NYJ,12,NYJ,-14.330597352635325,77,-11.413231274840042,60,2009
2009_12_CHI_MIN,12,CHI,-7.998168383791916,55,-10.401117363938921,38,2009
2009_12_CHI_MIN,12,MIN,18.450762899959372,108,17.133154339109762,81,2009
2009_12_CLE_CIN,12,CIN,-2.4817680833177755,91,2.9248671252435443,70,2009
2009_12_CLE_CIN,12,CLE,-10.655552289124216,71,-8.928669332817663,54,2009
2009_12_GB_DET,12,DET,-25.206155977977314,85,-29.45893157521744,68,2009
2009_12_GB_DET,12,GB,3.4477524666814534,83,15.398906111993178,67,2009
2009_12_IND_HOU,12,HOU,3.5089024935552375,85,5.244966844113749,67,2009
2009_12_IND_HOU,12,IND,14.73917070495764,83,11.960383110516347,59,2009
2009_12_JAX_SF,12,JAX,-14.875480606395286,79,-4.289690785659549,61,2009
2009_12_JAX_SF,12,SF,2.335011688593566,71,3.883880601173972,59,2009
2009_12_KC_SD,12,KC,-13.19912287912166,74,-16.15513915423071,57,2009
2009_12_KC_SD,12,LAC,15.280258916980298,85,8.138270181506705,63,2009
2009_12_MIA_BUF,12,BUF,11.407560385111534,75,12.327448849526018,55,2009
2009_12_MIA_BUF,12,MIA,-4.573918188069458,90,-2.090430485055549,70,2009
2009_12_NE_NO,12,NE,-1.925954527588308,86,-0.5114360690128481,70,2009
2009_12_NE_NO,12,NO,18.63413895184936,67,23.617196782010335,49,2009
2009_12_NYG_DEN,12,DEN,6.820300969711296,90,4.843083240729571,68,2009
2009_12_NYG_DEN,12,NYG,-13.224816188041586,75,-17.77962968132751,59,2009
2009_12_OAK_DAL,12,DAL,10.282394855381593,75,14.05070538057755,55,2009
2009_12_OAK_DAL,12,LV,-6.6957377101315965,81,-6.939365879748948,62,2009
2009_12_PIT_BAL,12,BAL,-3.9502952790267063,89,-0.07441883518289494,68,2009
2009_12_PIT_BAL,12,PIT,-5.189776812555012,87,-6.112308348553326,64,2009
2009_12_SEA_STL,12,LA,-16.482351638161326,100,-16.25846704559008,78,2009
2009_12_SEA_STL,12,SEA,-1.305851513604254,73,-0.27658681765368964,56,2009
2009_12_TB_ATL,12,ATL,-8.189858920365785,95,-6.731730334387549,73,2009
2009_12_TB_ATL,12,TB,-9.773368017416194,78,-1.8708164231416706,57,2009
2009_12_WAS_PHI,12,PHI,0.9955968806069695,89,6.680152086341954,66,2009
2009_12_WAS_PHI,12,WAS,0.6599656668533926,87,-0.33948716367175535,63,2009
2009_13_BAL_GB,13,BAL,-5.957895350459241,83,-22.015243066940457,60,2009
2009_13_BAL_GB,13,GB,6.515772552009591,91,1.1563973240245766,67,2009
2009_13_DAL_NYG,13,DAL,-1.277832482071431,101,5.518635241106107,80,2009
2009_13_DAL_NYG,13,NYG,3.3688934772680987,67,1.8392772080634305,47,2009
2009_13_DEN_KC,13,DEN,8.38863932861545,90,4.868159485332433,70,2009
2009_13_DEN_KC,13,KC,-29.56872695107745,94,-32.95115215430882,71,2009
2009_13_DET_CIN,13,CIN,-8.451576879996084,95,-8.299890408964073,71,2009
2009_13_DET_CIN,13,DET,-18.094311394971665,71,-15.823695497619472,52,2009
2009_13_HOU_JAX,13,HOU,-1.6306583697834167,80,-5.818492942213081,62,2009
2009_13_HOU_JAX,13,JAX,3.803533345003869,84,1.977184999295325,65,2009
2009_13_MIN_ARI,13,ARI,7.877382127433688,77,8.251760197252896,54,2009
2009_13_MIN_ARI,13,MIN,-5.030040307836204,86,-4.1189378314747245,68,2009
2009_13_NE_MIA,13,MIA,5.724295986515132,96,2.8535662718168453,79,2009
2009_13_NE_MIA,13,NE,6.653308253224393,74,9.275509603670798,54,2009
2009_13_NO_WAS,13,NO,23.090689360933762,97,18.488937820839922,74,2009
2009_13_NO_WAS,13,WAS,17.42118158274229,86,15.151812643020556,66,2009
2009_13_NYJ_BUF,13,BUF,-14.159686730019157,70,-17.257927535485955,50,2009
2009_13_NYJ_BUF,13,NYJ,-4.062216171072204,85,-1.2232708917109338,63,2009
2009_13_OAK_PIT,13,LV,15.381004148234066,88,11.228421680676798,65,2009
2009_13_OAK_PIT,13,PIT,10.12326911646073,70,7.092557039808272,51,2009
2009_13_PHI_ATL,13,ATL,-23.49269479927315,93,-22.188047582749277,68,2009
2009_13_PHI_ATL,13,PHI,11.388475454086478,72,16.529068727644066,55,2009
2009_13_SD_CLE,13,CLE,13.075216963241132,88,10.113751747127735,70,2009
2009_13_SD_CLE,13,LAC,23.83715099714595,73,23.512294158712592,56,2009
2009_13_SF_SEA,13,SEA,-2.35101920225725,92,-13.828168130136826,69,2009
2009_13_SF_SEA,13,SF,-1.5002675794444276,78,-3.4187464187171823,58,2009
2009_13_STL_CHI,13,CHI,-6.778956680608191,77,-10.686287413211696,56,2009
2009_13_STL_CHI,13,LA,-12.526506279420573,81,-23.14714270729074,64,2009
2009_13_TB_CAR,13,CAR,1.3960295569893324,68,-2.43573060981691,53,2009
2009_13_TB_CAR,13,TB,-7.660654193721712,89,-10.691845131337864,71,2009
2009_13_TEN_IND,13,IND,9.003207687852576,82,15.625892412366756,62,2009
2009_13_TEN_IND,13,TEN,-0.8371097276029802,89,-4.796759494544949,77,2009
2009_14_ARI_SF,14,ARI,-20.769384500566275,68,-21.811423303258636,51,2009
2009_14_ARI_SF,14,SF,-6.621145323604426,92,-5.2237134822885345,69,2009
2009_14_BUF_KC,14,BUF,-9.546406751552468,71,-10.505586105765712,57,2009
2009_14_BUF_KC,14,KC,-18.316977064994035,92,-15.434486735713786,71,2009
2009_14_CAR_NE,14,CAR,-13.05565988708554,77,-7.38512350807034,56,2009
2009_14_CAR_NE,14,NE,-3.2113126209501406,89,-6.585864398705542,70,2009
2009_14_CIN_MIN,14,CIN,-12.446273544777897,76,-6.240650361350497,53,2009
2009_14_CIN_MIN,14,MIN,7.383866494005552,88,4.005028890777683,67,2009
2009_14_DEN_IND,14,DEN,-14.221567794662233,94,-7.959767664736571,75,2009
2009_14_DEN_IND,14,IND,-3.2565242713751594,85,-0.6702350373379886,67,2009
2009_14_DET_BAL,14,BAL,25.801068935262123,79,26.837318551700857,62,2009
2009_14_DET_BAL,14,DET,-20.649738224223256,86,-19.014337651816042,67,2009
2009_14_GB_CHI,14,CHI,-14.615901597708673,77,-8.747798732540105,55,2009
2009_14_GB_CHI,14,GB,-3.9308278124182134,75,2.410889372134515,56,2009
2009_14_MIA_JAX,14,JAX,-11.135208725459279,69,-12.908517922545604,54,2009
2009_14_MIA_JAX,14,MIA,-5.662653643512842,85,0.5358210790255278,70,2009
2009_14_NO_ATL,14,ATL,10.363683531509034,70,9.750262393348345,56,2009
2009_14_NO_ATL,14,NO,17.157384797438894,85,15.841238405955941,65,2009
2009_14_NYJ_TB,14,NYJ,-8.957807399382093,84,-2.3201224435455714,65,2009
2009_14_NYJ_TB,14,TB,-36.3711618828529,78,-33.97551185362248,55,2009
2009_14_PHI_NYG,14,NYG,8.381119730612905,98,10.606840135662797,72,2009
2009_14_PHI_NYG,14,PHI,18.638314922434688,72,16.099015237717946,53,2009
2009_14_PIT_CLE,14,CLE,-4.694300630533008,75,-4.1828081243064235,57,2009
2009_14_PIT_CLE,14,PIT,-11.288145086087752,80,-12.007886041028014,62,2009
2009_14_SD_DAL,14,DAL,6.91975818010553,75,8.899822522825913,57,2009
2009_14_SD_DAL,14,LAC,13.504085022148614,82,9.82222213697804,63,2009
2009_14_SEA_HOU,14,HOU,-2.422914054928473,85,0.7640591601042477,67,2009
2009_14_SEA_HOU,14,SEA,-30.35601741968634,84,-34.45054504694417,63,2009
2009_14_STL_TEN,14,LA,-22.192235211197158,88,-25.73781706520822,65,2009
2009_14_STL_TEN,14,TEN,18.97493338523031,74,16.574478304148638,56,2009
2009_14_WAS_OAK,14,LV,-11.974815595075825,95,-17.907477014434082,66,2009
2009_14_WAS_OAK,14,WAS,13.155311762838206,83,8.27974881604073,56,2009
2009_15_ARI_DET,15,ARI,-1.0025885636917844,86,-5.990595124001501,63,2009
2009_15_ARI_DET,15,DET,-11.790981016322592,84,-16.0089994293741,60,2009
2009_15_ATL_NYJ,15,ATL,-13.319200254332145,80,-1.1028067837302125,60,2009
2009_15_ATL_NYJ,15,NYJ,-18.602688139125576,81,-14.060515274062936,66,2009
2009_15_CHI_BAL,15,BAL,-5.999527221761131,85,1.754626338766899,65,2009
2009_15_CHI_BAL,15,CHI,-29.540164159490132,77,-25.27274764649337,63,2009
2009_15_CIN_SD,15,CIN,8.57522355720437,90,10.66421847391565,63,2009
2009_15_CIN_SD,15,LAC,9.188660041209229,78,6.063486858652009,59,2009
2009_15_CLE_KC,15,CLE,20.012772922542123,87,7.821105629292172,66,2009
2009_15_CLE_KC,15,KC,10.458041270688224,93,6.16515864062134,70,2009
2009_15_DAL_NO,15,DAL,12.17262696879628,93,16.453125199493925,72,2009
2009_15_DAL_NO,15,NO,3.2048718699778163,79,-0.9402644152832504,61,2009
2009_15_GB_PIT,15,GB,22.68629332923149,83,20.948949577376904,62,2009
2009_15_GB_PIT,15,PIT,20.695393864781177,99,21.20010656490043,70,2009
2009_15_HOU_STL,15,HOU,3.9552115133177823,79,4.667517567372253,60,2009
2009_15_HOU_STL,15,LA,-2.022323700026017,72,-10.723597499073346,56,2009
2009_15_IND_JAX,15,IND,23.880233242256278,71,19.457834320608526,50,2009
2009_15_IND_JAX,15,JAX,18.976861936406745,95,12.911956980810395,76,2009
2009_15_MIA_TEN,15,MIA,3.6170498736800045,97,2.920158921950959,78,2009
2009_15_MIA_TEN,15,TEN,3.789053638187622,79,-1.1355885099475125,60,2009
2009_15_MIN_CAR,15,CAR,1.854158113767312,93,7.039585789360106,73,2009
2009_15_MIN_CAR,15,MIN,-17.74819151602719,64,-13.945554340266884,45,2009
2009_15_NE_BUF,15,BUF,-8.86465506022364,78,-5.143203251746886,56,2009
2009_15_NE_BUF,15,NE,-0.3578851943516401,77,-2.1403662300001507,54,2009
2009_15_NYG_WAS,15,NYG,25.749848334202845,78,29.638396874203067,60,2009
2009_15_NYG_WAS,15,WAS,-12.428856963185465,73,-11.525173215675633,56,2009
2009_15_OAK_DEN,15,DEN,-0.07168256541922435,84,-1.8853788314797102,65,2009
2009_15_OAK_DEN,15,LV,2.4389743064762097,87,-3.4400444994734105,64,2009
2009_15_SF_PHI,15,PHI,4.18097800564851,88,-0.35039036649310074,65,2009
2009_15_SF_PHI,15,SF,-8.095789416456,78,-17.81853770235122,58,2009
2009_15_TB_SEA,15,SEA,-17.905641443062677,89,-11.243843882199144,72,2009
2009_15_TB_SEA,15,TB,2.609498053487984,78,7.016516327260465,60,2009
2009_16_BAL_PIT,16,BAL,-3.1299999074458373,87,-5.444619583305256,67,2009
2009_16_BAL_PIT,16,PIT,-3.232203803132963,79,-10.446474429773133,57,2009
2009_16_BUF_ATL,16,ATL,1.7193637155229622,94,3.904726554139625,73,2009
2009_16_BUF_ATL,16,BUF,-26.5579897891148,67,-21.178100475031552,49,2009
2009_16_CAR_NYG,16,CAR,31.44620907751209,82,27.742915942744773,64,2009
2009_16_CAR_NYG,16,NYG,-6.434115516676568,84,-8.634100547037672,66,2009
2009_16_DAL_WAS,16,DAL,4.463906758240681,79,1.8566931527476989,67,2009
2009_16_DAL_WAS,16,WAS,-15.804359467932954,77,-17.81201560178306,60,2009
2009_16_DEN_PHI,16,DEN,-2.710714894348487,86,-2.9172190104742404,62,2009
2009_16_DEN_PHI,16,PHI,-2.213861142912495,92,-1.459383695701049,67,2009
2009_16_DET_SF,16,DET,-23.67281683711917,84,-28.389994820819012,65,2009
2009_16_DET_SF,16,SF,-10.905362154261185,79,-8.782291329623655,61,2009
2009_16_HOU_MIA,16,HOU,13.702082704183564,79,11.826803830270197,62,2009
2009_16_HOU_MIA,16,MIA,2.9928809994685235,97,2.735353123200265,74,2009
2009_16_JAX_NE,16,JAX,-4.565266610002483,64,-4.1729362468468025,52,2009
2009_16_JAX_NE,16,NE,23.002216601242022,74,24.552625441050623,62,2009
2009_16_KC_CIN,16,CIN,-3.293817947231675,80,-0.751225253178367,62,2009
2009_16_KC_CIN,16,KC,-9.945890423721039,86,-9.41612611785075,65,2009
2009_16_MIN_CHI,16,CHI,15.663698456845164,88,4.25681179706895,64,2009
2009_16_MIN_CHI,16,MIN,11.885714209655813,96,7.925821775548352,76,2009
2009_16_NYJ_IND,16,IND,-11.765729006477896,80,-13.444996108102401,58,2009
2009_16_NYJ_IND,16,NYJ,6.232873169068914,81,0.9825664394828526,66,2009
2009_16_OAK_CLE,16,CLE,-0.3924160620576931,87,-7.162456570902468,64,2009
2009_16_OAK_CLE,16,LV,-13.278205693641212,87,-16.60541560248678,68,2009
2009_16_SD_TEN,16,LAC,29.62581524962706,91,29.558514530363027,65,2009
2009_16_SD_TEN,16,TEN,0.1200427452654349,65,-4.250542230010645,49,2009
2009_16_SEA_GB,16,GB,24.550998955932748,85,17.022714358137755,60,2009
2009_16_SEA_GB,16,SEA,-13.225284991257695,87,-17.998862074578263,69,2009
2009_16_STL_ARI,16,ARI,8.369047696134881,92,5.243191213637087,69,2009
2009_16_STL_ARI,16,LA,-12.300648374188256,72,-15.34647614915621,57,2009
2009_16_TB_NO,16,NO,-3.4467313435335907,75,5.784273708612396,61,2009
2009_16_TB_NO,16,TB,-0.04299917970199929,87,2.5440381276688147,67,2009
2009_17_ATL_TB,17,ATL,-4.090592039740388,89,3.594814176031281,73,2009
2009_17_ATL_TB,17,TB,-16.52358757343177,71,-16.679801472089668,55,2009
2009_17_BAL_OAK,17,BAL,7.758223343129655,73,7.971146047044307,55,2009
2009_17_BAL_OAK,17,LV,-2.15491141419193,83,-5.188587414100459,62,2009
2009_17_CHI_DET,17,CHI,12.879673173383383,89,15.797426539309736,66,2009
2009_17_CHI_DET,17,DET,-5.51041116619597,82,-4.116723211013728,59,2009
2009_17_CIN_NYJ,17,CIN,-29.50682014756603,59,-31.993881198752206,40,2009
2009_17_CIN_NYJ,17,NYJ,8.762286293977919,90,14.23223026607078,70,2009
2009_17_GB_ARI,17,ARI,-18.950805311902457,59,-18.817770290683256,45,2009
2009_17_GB_ARI,17,GB,11.098026853679889,80,9.628671270862533,61,2009
2009_17_IND_BUF,17,BUF,7.867134541227867,85,10.730880526196668,64,2009
2009_17_IND_BUF,17,IND,-15.364523992985823,71,-19.972896664694417,52,2009
2009_17_JAX_CLE,17,CLE,5.6629900233906465,75,2.1393360856266344,60,2009
2009_17_JAX_CLE,17,JAX,0.2261587177722486,84,4.570279381775809,63,2009
2009_17_KC_DEN,17,DEN,-5.224500180907628,104,-11.63605804776897,80,2009
2009_17_KC_DEN,17,KC,21.32059407702013,80,18.289959311974297,60,2009
2009_17_NE_HOU,17,HOU,5.080927292049008,85,5.814159788942882,65,2009
2009_17_NE_HOU,17,NE,0.36618631168329063,79,-3.2825250310983067,59,2009
2009_17_NO_CAR,17,CAR,-1.5257805500864894,81,-6.107512152194694,61,2009
2009_17_NO_CAR,17,NO,-12.255918377111179,79,-17.20938639088062,61,2009
2009_17_NYG_MIN,17,MIN,22.36757695763668,94,20.811703862183823,66,2009
2009_17_NYG_MIN,17,NYG,-16.482175180406184,65,-13.90869545325404,43,2009
2009_17_PHI_DAL,17,DAL,6.004803103842446,86,9.614489988040859,65,2009
2009_17_PHI_DAL,17,PHI,-19.23119147552643,69,-17.82770626992408,50,2009
2009_17_PIT_MIA,17,MIA,2.2653487557092804,77,-1.2591327081999744,58,2009
2009_17_PIT_MIA,17,PIT,12.194057500759524,84,11.440612686081954,66,2009
2009_17_SF_STL,17,LA,-30.21864204359008,88,-32.60153732550569,62,2009
2009_17_SF_STL,17,SF,-4.4958355719921705,82,0.15159167809179053,61,2009
2009_17_TEN_SEA,17,SEA,-2.125436213270633,81,-4.91266499004511,59,2009
2009_17_TEN_SEA,17,TEN,4.119973817557819,81,4.317282160049426,64,2009
2009_17_WAS_SD,17,LAC,6.461158187311865,79,3.4483924167518234,63,2009
2009_17_WAS_SD,17,WAS,4.950738876717422,83,7.787744274970555,65,2009
2010_01_ARI_STL,1,ARI,-9.766557080397595,84,-7.875675913204592,64,2010
2010_01_ARI_STL,1,LA,-16.544590526094535,99,-16.245356959231913,81,2010
2010_01_ATL_PIT,1,ATL,-7.492941965349019,92,-7.467973094335781,71,2010
2010_01_ATL_PIT,1,PIT,-2.0216614645905793,75,-1.6972052968653148,60,2010
2010_01_BAL_NYJ,1,BAL,-11.166343790241854,97,-19.28268463446834,74,2010
2010_01_BAL_NYJ,1,NYJ,-12.823278437572299,63,-16.627633280803536,43,2010
2010_01_CAR_NYG,1,CAR,-19.8453134295371,83,-23.281667242983293,63,2010
2010_01_CAR_NYG,1,NYG,-4.5302019273922305,89,-0.6592537189679852,64,2010
2010_01_CIN_NE,1,CIN,5.309253841418692,93,3.3917168219661544,76,2010
2010_01_CIN_NE,1,NE,17.56921015309467,78,15.179428252365152,58,2010
2010_01_CLE_TB,1,CLE,-13.895325391777535,81,-12.445319193397108,60,2010
2010_01_CLE_TB,1,TB,-12.072643152807816,77,-14.132380288238929,61,2010
2010_01_DAL_WAS,1,DAL,-9.486817039195785,90,0.16539409226460933,71,2010
2010_01_DAL_WAS,1,WAS,-4.410494935578073,75,-9.546946422717005,56,2010
2010_01_DEN_JAX,1,DEN,5.926556534491736,79,4.171762934724525,61,2010
2010_01_DEN_JAX,1,JAX,12.027530475765385,72,7.025160948594182,53,2010
2010_01_DET_CHI,1,CHI,-13.467760154900246,92,-12.060077700885493,70,2010
2010_01_DET_CHI,1,DET,-17.19005423221688,73,-16.842068761267,56,2010
2010_01_GB_PHI,1,GB,12.198374962330714,88,2.0016361329732337,63,2010
2010_01_GB_PHI,1,PHI,2.39890165790848,80,-0.1674723384545893,60,2010
2010_01_IND_HOU,1,HOU,17.606223227587403,79,12.134887726707625,58,2010
2010_01_IND_HOU,1,IND,6.963123567966417,93,13.120613681716314,69,2010
2010_01_MIA_BUF,1,BUF,-9.347807723704364,74,-12.084710163251874,54,2010
2010_01_MIA_BUF,1,MIA,-2.5326941255727897,94,-0.03165196856672736,73,2010
2010_01_MIN_NO,1,MIN,-9.074461144578517,68,-6.174395743121401,51,2010
2010_01_MIN_NO,1,NO,-5.291344574902885,80,2.1343297749537804,59,2010
2010_01_OAK_TEN,1,LV,-12.603690841812977,92,-7.39294910297491,66,2010
2010_01_OAK_TEN,1,TEN,11.60764946173708,76,9.120882619906396,54,2010
2010_01_SD_KC,1,KC,-9.471815548998851,66,-9.82310530988616,47,2010
2010_01_SD_KC,1,LAC,-14.709857922329777,89,-2.329355865542311,69,2010
2010_01_SF_SEA,1,SEA,3.0910399952726912,65,0.8749703836658811,47,2010
2010_01_SF_SEA,1,SF,-21.465544539678376,88,-20.478937859950204,66,2010
2010_02_ARI_ATL,2,ARI,-20.68734490686037,63,-14.974078245209586,48,2010
2010_02_ARI_ATL,2,ATL,15.019680802201087,99,18.26007664267411,74,2010
2010_02_BAL_CIN,2,BAL,-16.05989006079767,82,-17.49722626246298,62,2010
2010_02_BAL_CIN,2,CIN,-10.926333583658561,92,-9.219771123860522,65,2010
2010_02_BUF_GB,2,BUF,-11.512167292817367,71,-17.00576228374848,54,2010
2010_02_BUF_GB,2,GB,15.455794479657012,73,14.671148645878397,54,2010
2010_02_CHI_DAL,2,CHI,2.188509829557174,69,6.028199207501984,46,2010
2010_02_CHI_DAL,2,DAL,-6.775807620426237,91,-3.2242835179893605,70,2010
2010_02_HOU_WAS,2,HOU,15.615283339821186,102,19.356286835262637,81,2010
2010_02_HOU_WAS,2,WAS,9.367761898158502,79,14.083389233167734,58,2010
2010_02_JAX_SD,2,JAX,-12.865704677936492,83,-15.961154121874841,68,2010
2010_02_JAX_SD,2,LAC,11.400864543647682,76,15.264978369943734,60,2010
2010_02_KC_CLE,2,CLE,-11.839751541693206,83,-13.314256222446858,58,2010
2010_02_KC_CLE,2,KC,-6.950665766107023,82,-5.6393179322601075,66,2010
2010_02_MIA_MIN,2,MIA,-10.680074092076373,64,-11.823792655020952,45,2010
2010_02_MIA_MIN,2,MIN,-16.616805800652937,84,-16.03090968408468,72,2010
2010_02_NE_NYJ,2,NE,2.438040096787061,76,0.37777814408764243,57,2010
2010_02_NE_NYJ,2,NYJ,15.546998731495137,80,9.869214082800477,65,2010
2010_02_NO_SF,2,NO,12.351246752843052,84,1.60978611884872,63,2010
2010_02_NO_SF,2,SF,6.504831550637051,75,7.184590169621631,59,2010
2010_02_NYG_IND,2,IND,10.516907635658125,89,9.970990206112196,67,2010
2010_02_NYG_IND,2,NYG,-13.843153562040131,71,-15.50676039303653,53,2010
2010_02_PHI_DET,2,DET,5.291574775491755,95,4.553724867482766,73,2010
2010_02_PHI_DET,2,PHI,10.564081434640734,92,14.988687353674322,65,2010
2010_02_PIT_TEN,2,PIT,-20.297760102835355,78,-21.143594165718195,54,2010
2010_02_PIT_TEN,2,TEN,-31.33663929278543,80,-26.696683819314984,61,2010
2010_02_SEA_DEN,2,DEN,21.545777140901006,91,15.447366256721114,71,2010
2010_02_SEA_DEN,2,SEA,5.963570185159822,70,7.678658175573219,55,2010
2010_02_STL_OAK,2,LA,-6.1363782498142445,72,-2.918775105153248,49,2010
2010_02_STL_OAK,2,LV,-4.904962178402685,101,1.3584442033946829,76,2010
2010_02_TB_CAR,2,CAR,-11.714455883043456,77,-14.130531619099202,66,2010
2010_02_TB_CAR,2,TB,5.012877978713275,77,1.9502417282261284,59,2010
2010_03_ATL_NO,3,ATL,7.631379765606865,107,9.635307849132879,81,2010
2010_03_ATL_NO,3,NO,1.7559228499624018,70,0.6294324099369204,55,2010
2010_03_BUF_NE,3,BUF,14.786637112161994,71,10.93877737067976,53,2010
2010_03_BUF_NE,3,NE,19.56796612441371,89,19.853667546988763,63,2010
2010_03_CIN_CAR,3,CAR,-24.084971565981732,76,-19.033668479474727,58,2010
2010_03_CIN_CAR,3,CIN,-7.312197124069057,93,-10.056471910233512,72,2010
2010_03_CLE_BAL,3,BAL,13.112168928824982,79,14.771939907762677,55,2010
2010_03_CLE_BAL,3,CLE,6.810740783819254,75,5.986877490434324,55,2010
2010_03_DAL_HOU,3,DAL,15.747684910526171,73,15.366394701723884,56,2010
2010_03_DAL_HOU,3,HOU,-0.9114325113150137,79,-1.7041673350311877,58,2010
2010_03_DET_MIN,3,DET,-14.764435784434308,85,-10.851668070538475,63,2010
2010_03_DET_MIN,3,MIN,-0.9735604289715107,86,-11.569431173789198,64,2010
2010_03_GB_CHI,3,CHI,4.1925296293425145,67,-0.059604976418511146,48,2010
2010_03_GB_CHI,3,GB,3.1371150478457803,82,14.408809560778074,60,2010
2010_03_IND_DEN,3,DEN,-1.5631743671212925,93,-1.0923890141994672,76,2010
2010_03_IND_DEN,3,IND,16.784859552846907,84,13.79631988017394,64,2010
2010_03_NYJ_MIA,3,MIA,10.330069481869485,89,4.997153005838875,70,2010
2010_03_NYJ_MIA,3,NYJ,21.531458513130016,83,17.64077773626668,55,2010
2010_03_OAK_ARI,3,ARI,6.339997665996802,77,-8.365887910308967,54,2010
2010_03_OAK_ARI,3,LV,8.530443149567985,98,-4.697759563072712,70,2010
2010_03_PHI_JAX,3,JAX,-16.7676627705805,88,-24.286018294729388,68,2010
2010_03_PHI_JAX,3,PHI,11.149995769682388,72,9.459990759147331,54,2010
2010_03_PIT_TB,3,PIT,15.085659929456366,60,13.885209646194557,45,2010
2010_03_PIT_TB,3,TB,-13.850506818674376,82,-12.723293460791979,61,2010
2010_03_SD_SEA,3,LAC,-5.809974006096239,103,3.0415790481803473,78,2010
2010_03_SD_SEA,3,SEA,0.4601491661871906,76,-11.604085218072177,54,2010
2010_03_SF_KC,3,KC,10.088281251623808,82,12.979223151056553,65,2010
2010_03_SF_KC,3,SF,-10.281904347236605,83,-12.25561226064162,62,2010
2010_03_TEN_NYG,3,NYG,-11.586794531667012,87,-6.476311955968439,70,2010
2010_03_TEN_NYG,3,TEN,11.006576269586954,77,5.951819823899906,57,2010
2010_03_WAS_STL,3,LA,-2.528399140425578,98,4.646029388626243,75,2010
2010_03_WAS_STL,3,WAS,-14.354866177841895,75,-10.129034416090054,48,2010
2010_04_ARI_SD,4,ARI,-21.02489338372402,67,-25.14416689124121,51,2010
2010_04_ARI_SD,4,LAC,11.207480523524051,79,10.376189904559006,60,2010
2010_04_BAL_PIT,4,BAL,-1.6117797705142056,83,-0.10623809657633165,64,2010
2010_04_BAL_PIT,4,PIT,-5.64720471359624,72,-1.7985351938222593,50,2010
2010_04_CAR_NO,4,CAR,3.035178653005298,62,0.8093532700440846,47,2010
2010_04_CAR_NO,4,NO,3.7859360153583212,94,-4.67970887956801,78,2010
2010_04_CHI_NYG,4,CHI,-31.206957087561022,74,-31.842698660049248,52,2010
2010_04_CHI_NYG,4,NYG,-18.19914854621325,81,-8.255862162136765,62,2010
2010_04_CIN_CLE,4,CIN,5.720430214606948,79,5.168487983867932,58,2010
2010_04_CIN_CLE,4,CLE,6.746060185550503,85,0.8755169442576332,63,2010
2010_04_DEN_TEN,4,DEN,6.924281688415702,103,-7.511830694760199,76,2010
2010_04_DEN_TEN,4,TEN,-2.2438776140829777,74,-4.6685409973088525,52,2010
2010_04_DET_GB,4,DET,2.028660728611273,101,2.360790577707659,78,2010
2010_04_DET_GB,4,GB,0.23445698894840916,59,5.623711986059789,39,2010
2010_04_HOU_OAK,4,HOU,15.242797107627663,85,20.056819365992965,62,2010
2010_04_HOU_OAK,4,LV,4.64563394694255,89,-1.713936229262643,68,2010
2010_04_IND_JAX,4,IND,16.707748821488163,81,13.269215269829147,65,2010
2010_04_IND_JAX,4,JAX,17.179538430081262,76,16.45261841778087,57,2010
2010_04_NE_MIA,4,MIA,-19.760505616423416,86,-7.310789991764633,67,2010
2010_04_NE_MIA,4,NE,12.463912193261505,75,9.067062225528044,56,2010
2010_04_NYJ_BUF,4,BUF,-15.817910928561561,67,-10.71987812948646,46,2010
2010_04_NYJ_BUF,4,NYJ,12.178989517815122,98,18.009216244493494,74,2010
2010_04_SEA_STL,4,LA,-10.352694930526175,88,-11.0866313093325,71,2010
2010_04_SEA_STL,4,SEA,-26.906765636987984,81,-27.81700126744465,65,2010
2010_04_SF_ATL,4,ATL,-5.376200963635337,92,-2.5782983290476715,75,2010
2010_04_SF_ATL,4,SF,-4.978797996841584,70,-6.65040895040147,56,2010
2010_04_WAS_PHI,4,PHI,-4.562172409336083,89,-1.3783893922575032,68,2010
2010_04_WAS_PHI,4,WAS,2.9349120227357144,72,3.460335759107399,54,2010
2010_05_ATL_CLE,5,ATL,-0.41190595958915033,77,3.2030904291607136,58,2010
2010_05_ATL_CLE,5,CLE,-13.262530466304497,80,-18.708123945021384,62,2010
2010_05_CHI_CAR,5,CAR,-32.68056880770018,88,-32.060140103213655,61,2010
2010_05_CHI_CAR,5,CHI,-11.315115193769545,83,-15.509506878217591,63,2010
2010_05_DEN_BAL,5,BAL,14.339221217919654,91,13.90727362020454,72,2010
2010_05_DEN_BAL,5,DEN,1.1881742398340958,77,8.287547043024563,52,2010
2010_05_GB_WAS,5,GB,-11.816904391245089,87,-4.274352111799895,66,2010
2010_05_GB_WAS,5,WAS,-10.939679629456123,99,-12.105789929082446,75,2010
2010_05_JAX_BUF,5,BUF,4.933943724719598,84,0.7355698908204303,55,2010
2010_05_JAX_BUF,5,JAX,20.499216345210012,77,9.18824330164462,61,2010
2010_05_KC_IND,5,IND,5.41290043597479,92,-0.6844974699176563,73,2010
2010_05_KC_IND,5,KC,-4.407215927611105,74,-6.803324659560623,57,2010
2010_05_MIN_NYJ,5,MIN,-6.709547566284868,90,-6.132447394440415,62,2010
2010_05_MIN_NYJ,5,NYJ,0.9283259057642663,98,-8.267255491739931,77,2010
2010_05_NO_ARI,5,ARI,-4.864249644935457,76,-10.716462772310502,57,2010
2010_05_NO_ARI,5,NO,-14.191541744796156,83,-11.034434864191326,61,2010
2010_05_NYG_HOU,5,HOU,-22.02456365077154,71,-22.94888867107593,51,2010
2010_05_NYG_HOU,5,NYG,6.424966828970579,95,7.730107884909099,71,2010
2010_05_PHI_SF,5,PHI,2.8898706693564664,82,6.140129256166556,60,2010
2010_05_PHI_SF,5,SF,-2.871411426794795,86,-6.174454079486964,63,2010
2010_05_SD_OAK,5,LAC,0.7051670284088125,100,1.033827083929605,71,2010
2010_05_SD_OAK,5,LV,5.729912106004463,83,-0.576393799849947,58,2010
2010_05_STL_DET,5,DET,14.622407471368255,84,8.422572340337942,58,2010
2010_05_STL_DET,5,LA,-24.434080314764287,98,-25.45961286655739,74,2010
2010_05_TB_CIN,5,CIN,-5.8969679920511435,88,-5.209589738335246,65,2010
2010_05_TB_CIN,5,TB,-0.4815432048505981,79,3.8112268414363366,59,2010
2010_05_TEN_DAL,5,DAL,3.481621856004798,97,3.3998138724036124,75,2010
2010_05_TEN_DAL,5,TEN,14.395122830828992,77,5.8184844821455055,53,2010
2010_06_ATL_PHI,6,ATL,-6.7643718203094085,84,-4.315235563396781,64,2010
2010_06_ATL_PHI,6,PHI,6.949291491665459,87,11.980936303171191,67,2010
2010_06_BAL_NE,6,BAL,5.127407230329025,100,4.730185705621644,72,2010
2010_06_BAL_NE,6,NE,5.212046547685075,94,1.5292672405124477,72,2010
2010_06_CLE_PIT,6,CLE,-1.5899479346073813,73,-6.335758546922019,60,2010
2010_06_CLE_PIT,6,PIT,15.84476711719162,81,7.761568017187528,62,2010
2010_06_DAL_MIN,6,DAL,-0.8335953005269099,81,2.0710138768772595,60,2010
2010_06_DAL_MIN,6,MIN,0.7171991541137985,68,-8.8966525234475,50,2010
2010_06_DET_NYG,6,DET,2.456801064204681,90,-3.0189346988196712,71,2010
2010_06_DET_NYG,6,NYG,8.68049336773674,82,4.685125158866867,61,2010
2010_06_IND_WAS,6,IND,7.0116118179123506,91,11.871595714237802,67,2010
2010_06_IND_WAS,6,WAS,-0.1057392984673724,91,-2.891730084089078,71,2010
2010_06_KC_HOU,6,HOU,24.783101653029288,76,23.063478704774752,57,2010
2010_06_KC_HOU,6,KC,22.94806537656427,88,20.288074064981558,68,2010
2010_06_MIA_GB,6,GB,4.626125523188874,78,3.758603734592665,58,2010
2010_06_MIA_GB,6,MIA,9.921746288871416,100,1.6335918588314222,76,2010
2010_06_NO_TB,6,NO,24.144366950512445,80,28.907219034079674,63,2010
2010_06_NO_TB,6,TB,-4.595247134871781,83,-1.9597018557656378,66,2010
2010_06_NYJ_DEN,6,DEN,-8.292143864141055,95,-10.791884940351775,72,2010
2010_06_NYJ_DEN,6,NYJ,-1.3119820367298898,79,-3.970261251361073,61,2010
2010_06_OAK_SF,6,LV,-9.423909756413195,71,-13.284739034258301,52,2010
2010_06_OAK_SF,6,SF,-3.8215953424137314,89,-0.7577292629582413,62,2010
2010_06_SD_STL,6,LA,-2.414663844060831,92,-0.5974836133873405,65,2010
2010_06_SD_STL,6,LAC,-4.770835984282874,80,-1.5564877288706143,61,2010
2010_06_SEA_CHI,6,CHI,-7.496850150861521,77,-8.939402021350789,59,2010
2010_06_SEA_CHI,6,SEA,-2.7873363311971415,96,4.035059723013546,68,2010
2010_06_TEN_JAX,6,JAX,-12.91019123850856,84,-17.685147197909473,63,2010
2010_06_TEN_JAX,6,TEN,19.468833057688467,77,15.219237437391609,59,2010
2010_07_ARI_SEA,7,ARI,-18.21115727489382,71,-15.750836108482973,55,2010
2010_07_ARI_SEA,7,SEA,-5.771785339569079,104,-12.04244243335557,78,2010
2010_07_BUF_BAL,7,BAL,7.076535858405801,91,5.195269082956827,61,2010
2010_07_BUF_BAL,7,BUF,7.102969690767164,95,8.723402426531129,78,2010
2010_07_CIN_ATL,7,ATL,17.17656685209092,85,10.911327457410025,64,2010
2010_07_CIN_ATL,7,CIN,13.944748878490898,95,14.851558837271599,75,2010
2010_07_CLE_NO,7,CLE,0.56995150828446,65,-3.0536630574555534,42,2010
2010_07_CLE_NO,7,NO,-17.273235777177597,97,-12.249327377355646,77,2010
2010_07_JAX_KC,7,JAX,3.6989520678266654,77,-7.635706568587505,58,2010
2010_07_JAX_KC,7,KC,24.799756937511567,82,21.60024111083476,61,2010
2010_07_MIN_GB,7,GB,6.1090097634760205,74,3.2266601193114184,57,2010
2010_07_MIN_GB,7,MIN,5.16155858164552,80,2.8098986641225387,66,2010
2010_07_NE_SD,7,LAC,-6.964076693743211,90,-7.001214980431442,71,2010
2010_07_NE_SD,7,NE,-1.4765377442149674,78,-1.604595656588458,58,2010
2010_07_NYG_DAL,7,DAL,-12.43593526236117,80,-13.338048735678303,57,2010
2010_07_NYG_DAL,7,NYG,-3.661696670121903,97,2.1501805727383285,72,2010
2010_07_OAK_DEN,7,DEN,-22.429267460122446,73,-26.19963491067756,50,2010
2010_07_OAK_DEN,7,LV,31.594337654218172,100,31.342346740680203,72,2010
2010_07_PHI_TEN,7,PHI,-8.184631573119304,96,-11.528027526506992,71,2010
2010_07_PHI_TEN,7,TEN,7.802331219997537,87,-4.046632840625,60,2010
2010_07_PIT_MIA,7,MIA,-1.2469118640249244,75,-6.60315173603588,58,2010
2010_07_PIT_MIA,7,PIT,2.51290203783128,77,6.487650925826327,54,2010
2010_07_SF_CAR,7,CAR,-6.658346483126025,97,-14.973920107237493,76,2010
2010_07_SF_CAR,7,SF,-7.49298717825741,79,-5.040050956946015,55,2010
2010_07_STL_TB,7,LA,4.334645340256882,80,3.2154663308653015,58,2010
2010_07_STL_TB,7,TB,3.1197527084005996,84,2.777820794621234,65,2010
2010_07_WAS_CHI,7,CHI,-32.25390970822491,80,-26.920643265068065,60,2010
2010_07_WAS_CHI,7,WAS,-26.43181982257238,81,-17.619589701647044,58,2010
2010_08_BUF_KC,8,BUF,-4.086420350878371,105,-1.7205245369848532,84,2010
2010_08_BUF_KC,8,KC,-2.238408621454483,89,3.292237932475869,72,2010
2010_08_CAR_STL,8,CAR,-19.43942225801001,70,-19.6385439140125,57,2010
2010_08_CAR_STL,8,LA,-8.679055416042663,87,-7.215771022095131,61,2010
2010_08_DEN_SF,8,DEN,2.248744239340793,85,6.283299716697641,60,2010
2010_08_DEN_SF,8,SF,11.534981723305687,77,10.455093672482171,61,2010
2010_08_GB_NYJ,8,GB,-9.938572889077477,79,-11.293517842024558,61,2010
2010_08_GB_NYJ,8,NYJ,-21.33375794690801,87,-19.994905532973256,69,2010
2010_08_HOU_IND,8,HOU,-3.4101570247365784,76,-7.1997741428594075,58,2010
2010_08_HOU_IND,8,IND,8.317950625303807,101,10.26429895169179,71,2010
2010_08_JAX_DAL,8,DAL,-6.649784696281019,91,-7.573733323148881,72,2010
2010_08_JAX_DAL,8,JAX,15.377194874210826,74,17.741009284567554,58,2010
2010_08_MIA_CIN,8,CIN,0.6895512543355817,85,-4.990869941422716,64,2010
2010_08_MIA_CIN,8,MIA,12.14381201082574,86,3.433171509710819,65,2010
2010_08_MIN_NE,8,MIN,7.957622777718713,86,0.29617599677165707,68,2010
2010_08_MIN_NE,8,NE,16.320923560781917,71,17.25699277059175,52,2010
2010_08_PIT_NO,8,NO,-3.94857713275585,81,-0.41894456627574606,64,2010
2010_08_PIT_NO,8,PIT,-13.854241125061517,68,-9.79715317232612,51,2010
2010_08_SEA_OAK,8,LV,13.58700496530059,93,17.35687927865757,67,2010
2010_08_SEA_OAK,8,SEA,-17.88344683102332,86,-19.629486291632443,59,2010
2010_08_TB_ARI,8,ARI,-6.868050260596366,84,-15.341833808575757,64,2010
2010_08_TB_ARI,8,TB,-1.5872733156535932,82,2.51477900610558,57,2010
2010_08_TEN_SD,8,LAC,21.45516361588943,94,17.67893032185627,71,2010
2010_08_TEN_SD,8,TEN,15.664275617158296,78,5.114958095934217,56,2010
2010_08_WAS_DET,8,DET,-12.28635516797912,98,-13.696617528572101,74,2010
2010_08_WAS_DET,8,WAS,-22.803789981212805,90,-24.32698506501469,65,2010
2010_09_ARI_MIN,9,ARI,-1.391202256982767,76,-4.2503403396160975,54,2010
2010_09_ARI_MIN,9,MIN,0.38240061581312434,96,9.023021753996494,69,2010
2010_09_CHI_BUF,9,BUF,-5.135390349521049,83,-3.5434025331195445,71,2010
2010_09_CHI_BUF,9,CHI,-0.2686957263531893,86,6.2797175812377715,61,2010
2010_09_DAL_GB,9,DAL,-15.875082602487282,64,-15.702811887837015,48,2010
2010_09_DAL_GB,9,GB,23.83558245061112,88,15.88053640054543,70,2010
2010_09_IND_PHI,9,IND,10.07476346539465,98,7.568946521118583,73,2010
2010_09_IND_PHI,9,PHI,11.245190332856053,84,11.016999697413693,62,2010
2010_09_KC_OAK,9,KC,-9.436300398220284,109,-8.738197760076902,72,2010
2010_09_KC_OAK,9,LV,-8.849258891996671,88,-15.2449589389275,62,2010
2010_09_MIA_BAL,9,BAL,7.589891457123938,86,11.145257020318128,69,2010
2010_09_MIA_BAL,9,MIA,-8.907425041189754,71,-7.248041312676294,53,2010
2010_09_NE_CLE,9,CLE,16.87841797714918,79,14.208313693193006,63,2010
2010_09_NE_CLE,9,NE,-2.585018556556408,78,-1.6633015272382181,58,2010
2010_09_NO_CAR,9,CAR,-30.76242728345096,88,-29.603400091118836,64,2010
2010_09_NO_CAR,9,NO,5.1809780101930265,94,1.0505150051818646,75,2010
2010_09_NYG_SEA,9,NYG,23.78345607828646,97,23.86104067999424,75,2010
2010_09_NYG_SEA,9,SEA,-16.183783184034155,56,-13.505913628148846,37,2010
2010_09_NYJ_DET,9,DET,-4.370203561175701,93,-6.236393218277954,67,2010
2010_09_NYJ_DET,9,NYJ,-0.21568339482762688,94,-0.1312362404540539,69,2010
2010_09_PIT_CIN,9,CIN,-12.514587247120065,82,-4.305515824247911,58,2010
2010_09_PIT_CIN,9,PIT,-3.447952422766096,78,-0.9787890085383943,58,2010
2010_09_SD_HOU,9,HOU,2.952237942961913,84,-3.192165417552407,68,2010
2010_09_SD_HOU,9,LAC,11.437438957477127,68,16.344838162229397,47,2010
2010_09_TB_ATL,9,ATL,14.032901598812927,88,11.521922644018613,68,2010
2010_09_TB_ATL,9,TB,9.724874387469058,65,-3.3216633478878066,50,2010
2010_10_BAL_ATL,10,ATL,13.73739144860606,95,6.20561833216971,75,2010
2010_10_BAL_ATL,10,BAL,10.210792953791708,71,9.375743844837416,56,2010
2010_10_CAR_TB,10,CAR,-1.6135787863706819,82,-5.825993596734412,62,2010
2010_10_CAR_TB,10,TB,10.591010056802585,79,16.80707581307466,54,2010
2010_10_CIN_IND,10,CIN,-12.040644209999188,81,-14.132075404773666,65,2010
2010_10_CIN_IND,10,IND,-7.067304787393256,80,-6.021666504157355,60,2010
2010_10_DAL_NYG,10,DAL,9.131556503608405,72,12.535609973511246,48,2010
2010_10_DAL_NYG,10,NYG,-8.047446761155244,100,-10.865286239364016,76,2010
2010_10_DET_BUF,10,BUF,-9.314869093758263,77,-6.346161005134679,57,2010
2010_10_DET_BUF,10,DET,-10.391146051246206,103,-2.737782499567891,78,2010
2010_10_HOU_JAX,10,HOU,13.225196942699991,75,15.76276545695297,52,2010
2010_10_HOU_JAX,10,JAX,19.27902701219409,92,25.413934444187774,69,2010
2010_10_KC_DEN,10,DEN,22.501950224074477,83,25.80298291817835,64,2010
2010_10_KC_DEN,10,KC,3.286233302969018,104,5.684102060217561,81,2010
2010_10_MIN_CHI,10,CHI,0.8752623053862836,92,-0.049787152504888965,72,2010
2010_10_MIN_CHI,10,MIN,-11.84186718123533,74,-14.221737530799246,53,2010
2010_10_NE_PIT,10,NE,20.96985932538803,89,20.159990533558883,68,2010
2010_10_NE_PIT,10,PIT,3.8932716039462365,96,-0.3841082522958654,71,2010
2010_10_NYJ_CLE,10,CLE,-1.6748868545896602,76,-1.988330667348155,58,2010
2010_10_NYJ_CLE,10,NYJ,7.374452984201978,116,16.96966860295179,91,2010
2010_10_PHI_WAS,10,PHI,37.3039788200167,91,38.427639053619295,66,2010
2010_10_PHI_WAS,10,WAS,0.9461640167455663,76,-2.407640346471453,51,2010
2010_10_SEA_ARI,10,ARI,-17.419856553296825,88,-14.082437750471517,65,2010
2010_10_SEA_ARI,10,SEA,7.135549100854573,95,8.830231826905077,69,2010
2010_10_STL_SF,10,LA,4.2025773358268435,103,-0.09556781106468382,69,2010
2010_10_STL_SF,10,SF,6.632751391801774,84,2.4914168155037557,59,2010
2010_10_TEN_MIA,10,MIA,1.5406608707795622,83,3.191909911733539,68,2010
2010_10_TEN_MIA,10,TEN,-9.805763801900413,83,-9.94102492095279,65,2010
2010_11_ARI_KC,11,ARI,-2.3723302318205706,91,2.803129916502389,68,2010
2010_11_ARI_KC,11,KC,15.17598145049396,73,13.427432927091573,53,2010
2010_11_ATL_STL,11,ATL,14.25359387704243,92,12.658629141742082,71,2010
2010_11_ATL_STL,11,LA,-8.68724253984981,73,-6.684775171883941,54,2010
2010_11_BAL_CAR,11,BAL,8.549662847787655,88,-1.153936312463916,67,2010
2010_11_BAL_CAR,11,CAR,-20.392475852156394,78,-23.10289825174467,53,2010
2010_11_BUF_CIN,11,BUF,20.150071791752673,81,20.254176497692022,60,2010
2010_11_BUF_CIN,11,CIN,-2.7522720021488603,93,0.7497247990210427,69,2010
2010_11_CHI_MIA,11,CHI,2.32156735996682,83,1.635470746276316,67,2010
2010_11_CHI_MIA,11,MIA,-17.874418074497953,63,-20.105269914958626,48,2010
2010_11_CLE_JAX,11,CLE,-10.480274023421318,81,-3.4554010682067853,58,2010
2010_11_CLE_JAX,11,JAX,-9.326808308471076,81,-10.315776282489473,66,2010
2010_11_DEN_SD,11,DEN,-8.378480700650927,81,-6.005532604409382,58,2010
2010_11_DEN_SD,11,LAC,12.387506461723884,84,16.36985296669077,65,2010
2010_11_DET_DAL,11,DAL,8.174841771240889,79,8.980093966063578,55,2010
2010_11_DET_DAL,11,DET,-8.182327426089502,90,-1.81472044864479,68,2010
2010_11_GB_MIN,11,GB,11.74276756689655,78,10.551111481722563,65,2010
2010_11_GB_MIN,11,MIN,-20.726058504893444,76,-19.01781402650461,57,2010
2010_11_HOU_NYJ,11,HOU,1.2598570459360845,79,2.317187468315927,60,2010
2010_11_HOU_NYJ,11,NYJ,1.6169081731479737,94,-1.5742378098400458,71,2010
2010_11_IND_NE,11,IND,18.26760199097316,85,18.74618522945093,72,2010
2010_11_IND_NE,11,NE,19.590627646061872,76,17.02410697976009,57,2010
2010_11_NYG_PHI,11,NYG,-6.13654942288713,70,-10.086988477534316,52,2010
2010_11_NYG_PHI,11,PHI,2.5586814568858944,89,5.28534757645849,67,2010
2010_11_OAK_PIT,11,LV,-20.742574882286135,89,-27.546598311848296,65,2010
2010_11_OAK_PIT,11,PIT,10.962313727089846,84,10.448062439158093,64,2010
2010_11_SEA_NO,11,NO,18.098045908482213,90,21.263040208278145,72,2010
2010_11_SEA_NO,11,SEA,5.095411991197044,78,5.11653775672089,61,2010
2010_11_TB_SF,11,SF,-26.566705187316984,71,-28.690830883278977,55,2010
2010_11_TB_SF,11,TB,-2.195877537933259,78,3.0644425995949884,65,2010
2010_11_WAS_TEN,11,TEN,-3.7150571336344465,70,-1.171616718955053,51,2010
2010_11_WAS_TEN,11,WAS,2.1839098544485287,115,7.208565804673203,85,2010
2010_12_CAR_CLE,12,CAR,-3.620925392946903,78,0.8056366498148027,57,2010
2010_12_CAR_CLE,12,CLE,-5.619828604323405,90,-13.887287751306069,70,2010
2010_12_CIN_NYJ,12,CIN,-10.37490464024745,82,-16.413388832064523,61,2010
2010_12_CIN_NYJ,12,NYJ,3.5675071820862714,85,-6.826243377728746,64,2010
2010_12_GB_ATL,12,ATL,8.339676543703556,73,5.308309963485101,57,2010
2010_12_GB_ATL,12,GB,8.083524406288072,71,10.374550619761768,58,2010
2010_12_JAX_NYG,12,JAX,9.189991632077634,91,3.5360858693610107,73,2010
2010_12_JAX_NYG,12,NYG,11.3649805629874,67,10.474497915615647,49,2010
2010_12_KC_SEA,12,KC,16.48640834062507,100,28.255136474493025,78,2010
2010_12_KC_SEA,12,SEA,-5.347074492268578,70,-12.407964705466693,49,2010
2010_12_MIA_OAK,12,LV,-10.235573135220422,65,-14.34224333443434,45,2010
2010_12_MIA_OAK,12,MIA,10.448044520233676,105,14.289693375813636,79,2010
2010_12_MIN_WAS,12,MIN,3.908127560754563,82,6.540572836940532,60,2010
2010_12_MIN_WAS,12,WAS,-2.689395767981524,68,-9.560162632026419,52,2010
2010_12_NE_DET,12,DET,-1.0391267963248243,93,-0.3526441119396724,75,2010
2010_12_NE_DET,12,NE,25.83701869525836,75,25.252669860626607,51,2010
2010_12_NO_DAL,12,DAL,6.821409460604795,96,-1.1995912183235111,75,2010
2010_12_NO_DAL,12,NO,13.625845045997435,79,11.813954432031254,59,2010
2010_12_PHI_CHI,12,CHI,11.781548122659839,72,13.336270320318674,50,2010
2010_12_PHI_CHI,12,PHI,10.722395561993379,88,5.925856857612446,69,2010
2010_12_PIT_BUF,12,BUF,3.499115410468902,85,-6.56673312989778,63,2010
2010_12_PIT_BUF,12,PIT,8.03805876954425,111,7.171463039628253,82,2010
2010_12_SD_IND,12,IND,-23.79141130478081,79,-24.446983254980296,62,2010
2010_12_SD_IND,12,LAC,5.599978743801499,76,4.290273849632932,57,2010
2010_12_SF_ARI,12,ARI,-20.901911931636278,63,-21.97053208754983,47,2010
2010_12_SF_ARI,12,SF,4.779953846049635,91,13.27939584241892,70,2010
2010_12_STL_DEN,12,DEN,9.922500272338198,86,11.652974788252125,63,2010
2010_12_STL_DEN,12,LA,15.89858633607491,98,18.428699774116936,73,2010
2010_12_TB_BAL,12,BAL,-0.7902188816719917,84,-4.325267439374963,63,2010
2010_12_TB_BAL,12,TB,-6.593351011043752,77,-3.8203823790421083,59,2010
2010_12_TEN_HOU,12,HOU,2.5989340939050845,90,2.507663179155147,74,2010
2010_12_TEN_HOU,12,TEN,-18.714975674985908,65,-18.933802331855986,44,2010
2010_13_ATL_TB,13,ATL,7.948940241319175,85,4.035793975228444,60,2010
2010_13_ATL_TB,13,TB,1.7214425127733621,87,1.804148392262217,69,2010
2010_13_BUF_MIN,13,BUF,-28.66593768562887,67,-22.912713559082476,49,2010
2010_13_BUF_MIN,13,MIN,-4.482850620188351,81,-4.988592218154945,64,2010
2010_13_CAR_SEA,13,CAR,-11.438833181679458,87,-7.459581311151851,67,2010
2010_13_CAR_SEA,13,SEA,4.277199614868547,84,6.489802789341709,63,2010
2010_13_CHI_DET,13,CHI,6.040116223189428,76,6.881529887081205,55,2010
2010_13_CHI_DET,13,DET,-0.7519122649857106,72,0.8975992385483682,53,2010
2010_13_CLE_MIA,13,CLE,-9.681686218299774,77,-4.9848102215739605,54,2010
2010_13_CLE_MIA,13,MIA,-14.615632058000529,81,-13.188593734838983,65,2010
2010_13_DAL_IND,13,DAL,5.02298256914611,96,9.767619335417153,73,2010
2010_13_DAL_IND,13,IND,-3.513157469522131,86,-1.0845344078261405,64,2010
2010_13_DEN_KC,13,DEN,-8.321394967177184,71,-9.095850484460094,55,2010
2010_13_DEN_KC,13,KC,-6.231659472915681,90,-5.336287477868609,71,2010
2010_13_HOU_PHI,13,HOU,11.256146466139622,86,8.75392083213266,64,2010
2010_13_HOU_PHI,13,PHI,19.320212340523536,82,18.899171325663254,63,2010
2010_13_JAX_TEN,13,JAX,2.8692874708299296,85,10.184385447024184,70,2010
2010_13_JAX_TEN,13,TEN,-9.889620944159105,60,-11.938909300800589,47,2010
2010_13_NO_CIN,13,CIN,17.69581411123511,88,6.726946205557609,63,2010
2010_13_NO_CIN,13,NO,23.22651857651635,76,17.975156134349813,53,2010
2010_13_NYJ_NE,13,NE,27.391863924768124,74,23.071518682375363,58,2010
2010_13_NYJ_NE,13,NYJ,-14.561269540747162,80,-13.042796306791411,65,2010
2010_13_OAK_SD,13,LAC,-3.1698573509304433,66,-4.802495009717582,51,2010
2010_13_OAK_SD,13,LV,15.005928068730096,90,11.700449854426552,69,2010
2010_13_PIT_BAL,13,BAL,-8.854628777434211,78,-7.920075554560803,56,2010
2010_13_PIT_BAL,13,PIT,-2.6894924007312975,85,-2.055839484379918,64,2010
2010_13_SF_GB,13,GB,15.857824750145479,90,16.613276866964515,66,2010
2010_13_SF_GB,13,SF,-0.5376579385440445,69,-2.560861117505262,51,2010
2010_13_STL_ARI,13,ARI,-17.864728603395633,71,-17.69398588638511,52,2010
2010_13_STL_ARI,13,LA,-0.6862076962970045,82,-9.413359862711637,66,2010
2010_13_WAS_NYG,13,NYG,1.994459450145765,81,4.183141288787903,60,2010
2010_13_WAS_NYG,13,WAS,-21.986619029655458,83,-17.899042257074072,64,2010
2010_14_ATL_CAR,14,ATL,9.753383283404215,93,6.6641512905582285,73,2010
2010_14_ATL_CAR,14,CAR,-15.119614274702371,75,-18.05651148988787,58,2010
2010_14_BAL_HOU,14,BAL,11.897492028933126,88,-0.6173979507002514,62,2010
2010_14_BAL_HOU,14,HOU,3.0188742233369803,104,6.117195732187856,86,2010
2010_14_CIN_PIT,14,CIN,-13.99160674478776,69,-18.183976226020604,48,2010
2010_14_CIN_PIT,14,PIT,2.3305913270537513,81,4.817134214426076,63,2010
2010_14_CLE_BUF,14,BUF,-7.304579156097362,83,-8.74929885868109,67,2010
2010_14_CLE_BUF,14,CLE,-13.844851198373362,60,-17.68433433300566,46,2010
2010_14_DEN_ARI,14,ARI,-1.630978427812582,98,-6.816895791822532,72,2010
2010_14_DEN_ARI,14,DEN,-33.40278358306017,98,-39.166734574386574,73,2010
2010_14_GB_DET,14,DET,-18.010174224161883,79,-13.399147317800395,65,2010
2010_14_GB_DET,14,GB,-20.795921873184852,79,-22.168756682207896,61,2010
2010_14_IND_TEN,14,IND,18.532540605067194,87,14.356769924916799,68,2010
2010_14_IND_TEN,14,TEN,11.925719110370661,84,8.321547666884726,63,2010
2010_14_KC_SD,14,KC,-16.280640054726973,57,-17.05829735979205,41,2010
2010_14_KC_SD,14,LAC,15.860666122188373,83,17.65923703033257,69,2010
2010_14_MIA_NYJ,14,MIA,-22.332783144137693,77,-27.793202392374198,54,2010
2010_14_MIA_NYJ,14,NYJ,-27.85221150662983,99,-27.274345010879827,80,2010
2010_14_NE_CHI,14,CHI,-20.372368139443324,58,-20.872434386517853,42,2010
2010_14_NE_CHI,14,NE,13.536519525473519,95,19.53286323205334,75,2010
2010_14_NYG_MIN,14,MIN,-19.131138038646895,85,-22.783187651343606,61,2010
2010_14_NYG_MIN,14,NYG,-0.709328234040389,87,0.7297172457911074,65,2010
2010_14_OAK_JAX,14,JAX,16.139130568560855,81,10.891288397405454,57,2010
2010_14_OAK_JAX,14,LV,11.55460034545376,83,12.85375683132526,61,2010
2010_14_PHI_DAL,14,DAL,3.5054095851775715,82,0.36544013117258345,60,2010
2010_14_PHI_DAL,14,PHI,10.913151880097017,74,8.363673276561975,52,2010
2010_14_SEA_SF,14,SEA,-12.74617459128945,84,-17.761307143255408,65,2010
2010_14_SEA_SF,14,SF,5.101450632401789,75,3.28538408331284,54,2010
2010_14_STL_NO,14,LA,-17.143641902200752,77,-15.79232116546663,59,2010
2010_14_STL_NO,14,NO,-0.6280215594800715,83,3.938213000572567,70,2010
2010_14_TB_WAS,14,TB,2.96991795681254,67,2.1657191765147292,51,2010
2010_14_TB_WAS,14,WAS,-1.4355311859312696,83,9.672475037920325,65,2010
2010_15_ARI_CAR,15,ARI,-10.021541817302815,73,-12.629867789312822,54,2010
2010_15_ARI_CAR,15,CAR,-3.901597910789179,81,-8.692990328293986,64,2010
2010_15_ATL_SEA,15,ATL,5.625008379068273,94,5.487263131531588,70,2010
2010_15_ATL_SEA,15,SEA,-13.46275395842815,76,-10.547832505508996,56,2010
2010_15_BUF_MIA,15,BUF,-1.9036522006413197,73,1.8262706625890655,55,2010
2010_15_BUF_MIA,15,MIA,-6.813990747954906,82,1.9465584272659653,66,2010
2010_15_CHI_MIN,15,CHI,6.436151983641135,76,-0.22162438665758533,57,2010
2010_15_CHI_MIN,15,MIN,-26.53644546661826,88,-26.7525184052065,61,2010
2010_15_CLE_CIN,15,CIN,10.59276717424359,84,8.636441649263467,64,2010
2010_15_CLE_CIN,15,CLE,9.83919701563127,61,6.981973940921899,43,2010
2010_15_DEN_OAK,15,DEN,0.12246921851465054,78,-2.675235549015768,51,2010
2010_15_DEN_OAK,15,LV,11.717921519129362,95,2.156782983589933,64,2010
2010_15_DET_TB,15,DET,16.034045239104216,84,17.322540482872284,65,2010
2010_15_DET_TB,15,TB,12.194716435283679,87,13.435733079353874,64,2010
2010_15_GB_NE,15,GB,6.980085611705587,101,2.251489310574268,80,2010
2010_15_GB_NE,15,NE,7.494708039815119,62,4.757663559964129,43,2010
2010_15_HOU_TEN,15,HOU,2.109003284547269,98,-3.404162284070029,75,2010
2010_15_HOU_TEN,15,TEN,14.083427987369756,78,10.528043988572799,55,2010
2010_15_JAX_IND,15,IND,10.213199618461882,85,9.081670131888707,64,2010
2010_15_JAX_IND,15,JAX,1.0317440824985031,83,-3.302678188405821,60,2010
2010_15_KC_STL,15,KC,0.8184772231936523,93,2.7529265817687545,71,2010
2010_15_KC_STL,15,LA,-17.47500688903673,93,-12.668127322434424,66,2010
2010_15_NO_BAL,15,BAL,8.732065600938082,84,9.516800492315806,62,2010
2010_15_NO_BAL,15,NO,3.92845801300268,85,-0.689954310725291,63,2010
2010_15_NYJ_PIT,15,NYJ,13.896693422351289,72,6.5310151464571575,57,2010
2010_15_NYJ_PIT,15,PIT,6.306483743138868,89,6.976300465528059,69,2010
2010_15_PHI_NYG,15,NYG,-7.16105193602289,93,0.8085119141050132,72,2010
2010_15_PHI_NYG,15,PHI,2.7428548030072717,83,2.5779916514500947,58,2010
2010_15_SF_SD,15,LAC,18.730329185043043,82,17.06647443854625,67,2010
2010_15_SF_SD,15,SF,-9.514981196024792,66,-13.733312037657015,50,2010
2010_15_WAS_DAL,15,DAL,7.449092146456847,91,9.827244225881165,70,2010
2010_15_WAS_DAL,15,WAS,6.382269644971874,84,8.643741885258585,63,2010
2010_16_BAL_CLE,16,BAL,6.8272418910141806,70,3.5911170497034144,57,2010
2010_16_BAL_CLE,16,CLE,-7.0783742288433595,69,-10.585605305968764,56,2010
2010_16_CAR_PIT,16,CAR,-24.71924412198132,69,-17.766060166065003,49,2010
2010_16_CAR_PIT,16,PIT,-1.098512172336771,86,-1.0679865720753012,64,2010
2010_16_DAL_ARI,16,ARI,-3.486072867486487,69,-5.600374435974707,46,2010
2010_16_DAL_ARI,16,DAL,-1.505472851149366,99,-7.370323294357979,76,2010
2010_16_DET_MIA,16,DET,11.399647269531666,71,5.661524079422429,49,2010
2010_16_DET_MIA,16,MIA,0.8330721761578816,106,2.9237887030302545,83,2010
2010_16_HOU_DEN,16,DEN,12.867064512696967,81,10.58785242431591,60,2010
2010_16_HOU_DEN,16,HOU,13.980500662591565,72,8.985192162821244,55,2010
2010_16_IND_OAK,16,IND,8.768537665036089,97,5.224435180454831,67,2010
2010_16_IND_OAK,16,LV,1.1259283762278738,89,-12.258352997671599,64,2010
2010_16_MIN_PHI,16,MIN,3.383030427050696,76,3.962630506945727,59,2010
2010_16_MIN_PHI,16,PHI,-9.389861321650187,93,-10.498895705829513,70,2010
2010_16_NE_BUF,16,BUF,-24.931021618423983,75,-26.377841977897738,60,2010
2010_16_NE_BUF,16,NE,10.736470371152787,91,10.849944447456139,66,2010
2010_16_NO_ATL,16,ATL,-13.345785553584554,73,-16.649387313169427,51,2010
2010_16_NO_ATL,16,NO,-7.947048412653365,90,-8.832167991996272,72,2010
2010_16_NYG_GB,16,GB,23.51768957587455,92,22.497129827645267,74,2010
2010_16_NYG_GB,16,NYG,-4.344769840178289,74,-8.119715248207283,55,2010
2010_16_NYJ_CHI,16,CHI,9.937534323158385,77,6.296774902528904,52,2010
2010_16_NYJ_CHI,16,NYJ,8.30920653797784,90,7.429296441431994,68,2010
2010_16_SD_CIN,16,CIN,8.607393756530424,77,8.944409493211424,58,2010
2010_16_SD_CIN,16,LAC,-3.8004446219333676,79,-7.110497631767338,63,2010
2010_16_SEA_TB,16,SEA,0.8227535140948721,72,-1.6595987793551759,53,2010
2010_16_SEA_TB,16,TB,23.572807994692763,71,20.514647113944623,56,2010
2010_16_SF_STL,16,LA,-5.235978665429846,89,-8.704742536998477,66,2010
2010_16_SF_STL,16,SF,-11.014670462714255,79,-8.648328788503456,57,2010
2010_16_TEN_KC,16,KC,5.244033574958845,98,4.662236911160424,77,2010
2010_16_TEN_KC,16,TEN,-14.596192275601881,80,-17.579293951683212,55,2010
2010_16_WAS_JAX,16,JAX,-10.841002071791538,85,-7.325947587849196,65,2010
2010_16_WAS_JAX,16,WAS,-4.966419944589235,88,-8.636920629543852,64,2010
2010_17_ARI_SF,17,ARI,-27.311956221291666,102,-31.318232441844884,81,2010
2010_17_ARI_SF,17,SF,3.1202120135637825,80,4.621201458761605,55,2010
2010_17_BUF_NYJ,17,BUF,-32.07349422838456,64,-32.51550902044983,47,2010
2010_17_BUF_NYJ,17,NYJ,-1.179930993101384,86,3.2583606178335933,65,2010
2010_17_CAR_ATL,17,ATL,1.6402840754832544,91,-3.6732722804631903,70,2010
2010_17_CAR_ATL,17,CAR,-19.39736300276999,75,-13.80923995277437,56,2010
2010_17_CHI_GB,17,CHI,-19.145705713774078,79,-17.937822804216474,65,2010
2010_17_CHI_GB,17,GB,-12.739776846715586,75,-13.09070983984825,52,2010
2010_17_CIN_BAL,17,BAL,-12.01790940327487,67,-17.640424249850636,48,2010
2010_17_CIN_BAL,17,CIN,-17.11294912857852,92,-13.91582956473037,75,2010
2010_17_DAL_PHI,17,DAL,-10.644563414031383,81,-5.266833556744185,61,2010
2010_17_DAL_PHI,17,PHI,-12.357851138857995,86,-18.290474112978064,69,2010
2010_17_JAX_HOU,17,HOU,18.644936236916916,75,18.792459282823945,58,2010
2010_17_JAX_HOU,17,JAX,2.694374822844223,81,2.2815675669008204,62,2010
2010_17_MIA_NE,17,MIA,-17.897980714416235,77,-12.88102471336099,58,2010
2010_17_MIA_NE,17,NE,12.887319004417574,90,12.886866671341409,73,2010
2010_17_MIN_DET,17,DET,-0.9092412157216838,85,-6.999198452628219,67,2010
2010_17_MIN_DET,17,MIN,-6.004915081526259,75,-7.913589538656648,59,2010
2010_17_NYG_WAS,17,NYG,-10.76005259009844,76,-1.9888373130674184,58,2010
2010_17_NYG_WAS,17,WAS,-16.343263293491418,84,-13.43214253980823,66,2010
2010_17_OAK_KC,17,KC,-19.650140451204834,92,-26.833754125163978,72,2010
2010_17_OAK_KC,17,LV,4.90752352350955,87,6.166484314016998,65,2010
2010_17_PIT_CLE,17,CLE,-8.2788712846376,82,-10.003513606115972,65,2010
2010_17_PIT_CLE,17,PIT,28.717964592062113,77,27.5396809033371,62,2010
2010_17_SD_DEN,17,DEN,-0.6637624334953252,88,-2.841487352445256,66,2010
2010_17_SD_DEN,17,LAC,8.972388117237866,93,8.686311872680058,73,2010
2010_17_STL_SEA,17,LA,-17.979938347707503,75,-16.732865630810394,54,2010
2010_17_STL_SEA,17,SEA,-8.63151600653805,91,-7.8648831648914985,69,2010
2010_17_TB_NO,17,NO,-5.009777041102633,86,-7.081661939450816,66,2010
2010_17_TB_NO,17,TB,9.76470117449646,66,4.01807982127211,52,2010
2010_17_TEN_IND,17,IND,3.7309628423028,90,1.1410396030145575,67,2010
2010_17_TEN_IND,17,TEN,3.540257246182703,82,4.241104692836789,64,2010
2011_01_ATL_CHI,1,ATL,-17.9109610867016,88,-17.328587010979742,66,2011
2011_01_ATL_CHI,1,CHI,-1.6558680672767458,86,-3.5372191129355492,64,2011
2011_01_BUF_KC,1,BUF,12.25330024948175,85,14.553400240942715,65,2011
2011_01_BUF_KC,1,KC,-27.39382408116512,77,-20.869132562839795,56,2011
2011_01_CAR_ARI,1,ARI,3.942771083049817,73,6.893488180682283,52,2011
2011_01_CAR_ARI,1,CAR,-2.459479545377522,92,8.563512216205709,68,2011
2011_01_CIN_CLE,1,CIN,1.7505374638260465,88,3.3963269299389514,62,2011
2011_01_CIN_CLE,1,CLE,-12.019031359572638,91,-10.092177561575385,67,2011
2011_01_DAL_NYJ,1,DAL,-4.12331485728228,89,3.314774553865096,65,2011
2011_01_DAL_NYJ,1,NYJ,-4.038747698928776,82,-4.559054293589599,64,2011
2011_01_DET_TB,1,DET,12.53183686350371,90,6.996276009512943,68,2011
2011_01_DET_TB,1,TB,1.7610090338944229,83,-5.544587428112678,62,2011
2011_01_IND_HOU,1,HOU,-1.77274724769791,79,-1.9973782921985714,63,2011
2011_01_IND_HOU,1,IND,-30.16178978644524,73,-18.203745724239887,50,2011
2011_01_MIN_SD,1,LAC,5.496673380008585,95,1.7527212902518006,77,2011
2011_01_MIN_SD,1,MIN,0.4137805570876463,61,-6.76957690504607,43,2011
2011_01_NE_MIA,1,MIA,7.298792128987995,95,11.38702779483224,72,2011
2011_01_NE_MIA,1,NE,24.628810180896604,97,27.908916855331242,71,2011
2011_01_NO_GB,1,GB,21.8842452375361,86,22.387409194314387,63,2011
2011_01_NO_GB,1,NO,17.226436579093384,92,11.570066574513222,72,2011
2011_01_NYG_WAS,1,NYG,-12.114184374504932,73,-5.8990240215585485,56,2011
2011_01_NYG_WAS,1,WAS,0.48766910781250417,80,2.7755768683734185,63,2011
2011_01_OAK_DEN,1,DEN,-10.062800793929002,90,-8.32888437701633,63,2011
2011_01_OAK_DEN,1,LV,-4.456963312599784,87,0.20817501233916058,60,2011
2011_01_PHI_STL,1,LA,-14.207775960219433,88,-15.299316062562257,66,2011
2011_01_PHI_STL,1,PHI,8.379594271618448,86,11.708062872494978,63,2011
2011_01_PIT_BAL,1,BAL,8.916352114929737,80,11.448810653242639,62,2011
2011_01_PIT_BAL,1,PIT,-19.00313500733614,77,-20.801645220606588,61,2011
2011_01_SEA_SF,1,SEA,-10.734642506277398,90,-9.861962542620146,63,2011
2011_01_SEA_SF,1,SF,5.078037349461963,77,-11.760627565310942,50,2011
2011_01_TEN_JAX,1,JAX,-0.48270432956201237,90,-0.770407286139462,72,2011
2011_01_TEN_JAX,1,TEN,-1.0018730395445363,70,1.6782723301260605,48,2011
2011_02_ARI_WAS,2,ARI,3.8593941650017287,66,5.38457957044011,48,2011
2011_02_ARI_WAS,2,WAS,3.3602567097885885,100,2.6627319427678504,76,2011
2011_02_BAL_TEN,2,BAL,-6.945784563165263,71,-11.5829516247205,52,2011
2011_02_BAL_TEN,2,TEN,5.427672021448869,89,6.441557804032202,71,2011
2011_02_CHI_NO,2,CHI,-16.49339350372028,88,-16.26136862346128,63,2011
2011_02_CHI_NO,2,NO,1.3831545816239972,87,1.2769259926424184,67,2011
2011_02_CIN_DEN,2,CIN,2.339056435933232,83,1.518406884945617,63,2011
2011_02_CIN_DEN,2,DEN,0.1385689203582361,85,-0.9149257808009299,62,2011
2011_02_CLE_IND,2,CLE,2.130004425165848,87,0.2812858429384546,66,2011
2011_02_CLE_IND,2,IND,-8.51581713862464,87,-10.894839324710581,63,2011
2011_02_DAL_SF,2,DAL,4.13151498198408,86,10.355905597186478,66,2011
2011_02_DAL_SF,2,SF,-0.8643061270574917,76,-8.928667498709043,54,2011
2011_02_GB_CAR,2,CAR,-1.8120983550820728,93,-0.11629884901697096,71,2011
2011_02_GB_CAR,2,GB,9.21430141148289,73,16.99028900020745,50,2011
2011_02_HOU_MIA,2,HOU,1.416482588866982,84,4.511030040085846,67,2011
2011_02_HOU_MIA,2,MIA,-12.182532989648507,78,-9.48627336055996,60,2011
2011_02_JAX_NYJ,2,JAX,-30.274111268867273,69,-30.72734181778105,54,2011
2011_02_JAX_NYJ,2,NYJ,-2.448527464804786,78,-0.7037042626730807,57,2011
2011_02_KC_DET,2,DET,17.21841390757478,91,15.38941011512884,70,2011
2011_02_KC_DET,2,KC,-29.31019973056391,74,-22.66955953229745,54,2011
2011_02_OAK_BUF,2,BUF,24.324648182511506,96,20.81571479719176,70,2011
2011_02_OAK_BUF,2,LV,23.517561565087586,82,23.177979995700298,63,2011
2011_02_PHI_ATL,2,ATL,-0.3104042319318483,83,3.0953866921481676,58,2011
2011_02_PHI_ATL,2,PHI,-0.5391686998540139,88,0.4698055018030338,67,2011
2011_02_SD_NE,2,LAC,11.668738515711308,83,8.563536336878315,66,2011
2011_02_SD_NE,2,NE,24.91241298039529,84,26.002239932149354,67,2011
2011_02_SEA_PIT,2,PIT,10.40472054634142,83,11.571818905520246,65,2011
2011_02_SEA_PIT,2,SEA,-14.197429022286087,64,-13.31787726143375,47,2011
2011_02_STL_NYG,2,LA,-4.585999330472306,86,-4.248961247529458,66,2011
2011_02_STL_NYG,2,NYG,4.052919053140609,94,-1.7308799785096198,68,2011
2011_02_TB_MIN,2,MIN,3.0941862747248,86,9.304380345042935,65,2011
2011_02_TB_MIN,2,TB,9.176678791324987,72,8.254632111828302,52,2011
2011_03_ARI_SEA,3,ARI,-6.065970589111431,88,-5.204212359666883,69,2011
2011_03_ARI_SEA,3,SEA,-5.341912071507296,85,-6.449627385144748,65,2011
2011_03_ATL_TB,3,ATL,-8.21984322956564,84,-8.954006690223991,65,2011
2011_03_ATL_TB,3,TB,-6.772781974224245,84,-8.375369565076277,64,2011
2011_03_BAL_STL,3,BAL,9.552930329542182,97,19.513934256715764,74,2011
2011_03_BAL_STL,3,LA,-27.034923541368325,84,-23.28173748566769,63,2011
2011_03_DEN_TEN,3,DEN,-2.3300431140728524,80,-8.02169989142567,63,2011
2011_03_DEN_TEN,3,TEN,-0.6410431085882937,75,2.2956156580668967,59,2011
2011_03_DET_MIN,3,DET,2.784449376992436,97,4.828527007047033,69,2011
2011_03_DET_MIN,3,MIN,-3.0686209569277505,86,-4.887840809825089,63,2011
2011_03_GB_CHI,3,CHI,-13.31586080870193,74,-10.31550767500055,52,2011
2011_03_GB_CHI,3,GB,0.44334840059877667,96,2.272133215764157,69,2011
2011_03_HOU_NO,3,HOU,10.97374533492551,88,11.917908140928597,66,2011
2011_03_HOU_NO,3,NO,13.841050163438457,88,14.5949090829568,68,2011
2011_03_JAX_CAR,3,CAR,-7.462620034071617,81,-5.530976167574832,63,2011
2011_03_JAX_CAR,3,JAX,-11.81041558063157,79,-11.231464834621551,57,2011
2011_03_KC_SD,3,KC,-0.18900617350891658,71,3.5163111908083398,52,2011
2011_03_KC_SD,3,LAC,0.6463739468103977,83,-0.2965928210699005,70,2011
2011_03_MIA_CLE,3,CLE,3.065253688322171,80,-0.8370121084328073,56,2011
2011_03_MIA_CLE,3,MIA,4.264113031972328,88,4.062882374667188,72,2011
2011_03_NE_BUF,3,BUF,8.228660212963401,83,9.574907870411227,59,2011
2011_03_NE_BUF,3,NE,7.097415771905613,94,11.408266581432445,71,2011
2011_03_NYG_PHI,3,NYG,16.206329156410334,66,13.676319446167444,49,2011
2011_03_NYG_PHI,3,PHI,-0.02335246552979786,91,-0.36202312759263133,72,2011
2011_03_NYJ_OAK,3,LV,10.770124029443647,88,6.830676422110553,58,2011
2011_03_NYJ_OAK,3,NYJ,2.41032458953691,96,2.6327160672096817,73,2011
2011_03_PIT_IND,3,IND,-16.33281945223996,80,-13.01806995534869,62,2011
2011_03_PIT_IND,3,PIT,-10.987060107981849,88,-7.403819268007563,67,2011
2011_03_SF_CIN,3,CIN,-15.158764212217648,72,-17.717816173054104,53,2011
2011_03_SF_CIN,3,SF,-7.911919312430883,87,-8.763477013756997,64,2011
2011_03_WAS_DAL,3,DAL,-6.652923547429964,83,-7.729651518523774,62,2011
2011_03_WAS_DAL,3,WAS,-8.525650722407534,81,-7.465917746985505,61,2011
2011_04_ATL_SEA,4,ATL,17.137790629944217,99,15.481546198581707,77,2011
2011_04_ATL_SEA,4,SEA,12.139454475563067,72,11.780949001230573,52,2011
2011_04_BUF_CIN,4,BUF,-1.8979886692163763,76,-1.509883011392394,56,2011
2011_04_BUF_CIN,4,CIN,-1.1501533698669864,91,-2.9831289630607705,70,2011
2011_04_CAR_CHI,4,CAR,2.518994705105457,97,16.34693007499358,72,2011
2011_04_CAR_CHI,4,CHI,6.261877927975544,69,3.6975887314392946,49,2011
2011_04_DEN_GB,4,DEN,-0.7302106813934861,73,-0.2608476337406489,56,2011
2011_04_DEN_GB,4,GB,23.5651722007617,86,21.8316656962852,67,2011
2011_04_DET_DAL,4,DAL,-8.245000817831,95,-13.98206342139654,74,2011
2011_04_DET_DAL,4,DET,-0.8708770354130619,89,-3.0321434717326916,59,2011
2011_04_IND_TB,4,IND,0.5183715452526467,74,-0.05678782059470677,52,2011
2011_04_IND_TB,4,TB,6.08986937779832,102,15.62641038397016,75,2011
2011_04_MIA_SD,4,LAC,8.941762870419096,80,8.16518337373121,61,2011
2011_04_MIA_SD,4,MIA,1.5663403877158535,73,-4.226203475112475,55,2011
2011_04_MIN_KC,4,KC,3.7416907349295334,78,5.6620075112687065,59,2011
2011_04_MIN_KC,4,MIN,0.6994528555746893,81,5.440584542687684,62,2011
2011_04_NE_OAK,4,LV,8.796097979608819,85,6.283250680886278,67,2011
2011_04_NE_OAK,4,NE,23.8415928543136,82,19.56085409374849,60,2011
2011_04_NO_JAX,4,JAX,-12.846977691860275,77,-15.977413107261276,62,2011
2011_04_NO_JAX,4,NO,2.4692173256858023,98,9.823623922511999,80,2011
2011_04_NYG_ARI,4,ARI,0.2689212257793636,92,1.0084215492023079,69,2011
2011_04_NYG_ARI,4,NYG,5.636107881684662,88,6.256681388021661,62,2011
2011_04_NYJ_BAL,4,BAL,-25.671066626016003,96,-20.73621619981227,70,2011
2011_04_NYJ_BAL,4,NYJ,-42.252369188985995,81,-46.86727852025762,56,2011
2011_04_PIT_HOU,4,HOU,3.769302890934453,70,7.438463003075107,55,2011
2011_04_PIT_HOU,4,PIT,-2.034981175991505,75,-1.4358598049147293,56,2011
2011_04_SF_PHI,4,PHI,0.8838941127264643,87,7.378408828357305,68,2011
2011_04_SF_PHI,4,SF,4.483423606447329,81,15.935283472308925,60,2011
2011_04_TEN_CLE,4,CLE,-13.330675561733415,106,-18.4964785340308,86,2011
2011_04_TEN_CLE,4,TEN,8.18338602270796,66,6.614252798872117,50,2011
2011_04_WAS_STL,4,LA,-24.35091949540364,91,-18.950861971310328,67,2011
2011_04_WAS_STL,4,WAS,-14.766738592839081,86,-7.652707481675961,67,2011
2011_05_ARI_MIN,5,ARI,-29.768487856033598,96,-25.699609522216434,76,2011
2011_05_ARI_MIN,5,MIN,-5.689571147470229,80,-0.44496952798164635,57,2011
2011_05_CHI_DET,5,CHI,-4.516271826819856,97,-2.4681834440477672,65,2011
2011_05_CHI_DET,5,DET,7.530646462432954,65,10.52408770540722,47,2011
2011_05_CIN_JAX,5,CIN,-8.029167598765529,87,-5.6970468345621565,66,2011
2011_05_CIN_JAX,5,JAX,-17.864870610725575,76,-15.51166593334656,57,2011
2011_05_GB_ATL,5,ATL,-6.111943403218154,74,-1.4440989409340546,54,2011
2011_05_GB_ATL,5,GB,9.428877526929263,78,12.229110362980943,63,2011
2011_05_KC_IND,5,IND,7.708609808858623,73,7.564836569424957,53,2011
2011_05_KC_IND,5,KC,12.690091532786251,88,14.622978050319944,67,2011
2011_05_NO_CAR,5,CAR,14.196767379896297,75,10.509154686878901,54,2011
2011_05_NO_CAR,5,NO,19.94333554479658,93,19.606132918835876,74,2011
2011_05_NYJ_NE,5,NE,13.648678503245034,96,6.998844694145623,72,2011
2011_05_NYJ_NE,5,NYJ,5.979894400470809,72,4.612533248029649,52,2011
2011_05_OAK_HOU,5,HOU,-10.960639295859325,106,-6.45003956869153,78,2011
2011_05_OAK_HOU,5,LV,-1.736668891800638,86,-8.507804065408132,61,2011
2011_05_PHI_BUF,5,BUF,2.862012752174447,82,4.513844901997511,61,2011
2011_05_PHI_BUF,5,PHI,-2.4107634446570527,80,0.1917793611892442,59,2011
2011_05_SD_DEN,5,DEN,-2.3344798640418913,66,-2.389902092616997,46,2011
2011_05_SD_DEN,5,LAC,5.152577843874949,94,0.8338840643715546,76,2011
2011_05_SEA_NYG,5,NYG,-13.361834522866388,93,-11.555423333835439,68,2011
2011_05_SEA_NYG,5,SEA,1.9090797109702144,102,-1.2596880854770234,74,2011
2011_05_TB_SF,5,SF,24.304136194314644,77,19.134360159963414,56,2011
2011_05_TB_SF,5,TB,-22.041552840732038,80,-16.411826157247678,61,2011
2011_05_TEN_PIT,5,PIT,21.186870331199085,82,21.890144094246416,64,2011
2011_05_TEN_PIT,5,TEN,1.1404533624968263,90,-6.053972599244467,70,2011
2011_06_BUF_NYG,6,BUF,9.959431286041077,73,6.383993295147311,56,2011
2011_06_BUF_NYG,6,NYG,11.619950941543944,87,13.549632529088125,63,2011
2011_06_CAR_ATL,6,ATL,17.585173859633546,75,12.931603117743029,58,2011
2011_06_CAR_ATL,6,CAR,4.755515441572081,77,4.3498428877210245,61,2011
2011_06_CLE_OAK,6,CLE,1.3022849860512888,87,-2.8226530905410234,68,2011
2011_06_CLE_OAK,6,LV,6.727287686006318,86,2.476692293206927,65,2011
2011_06_DAL_NE,6,DAL,-1.927455664025957,88,-0.14590890465357553,67,2011
2011_06_DAL_NE,6,NE,0.021830155057157796,87,-0.2785895754134904,69,2011
2011_06_HOU_BAL,6,BAL,8.542625162351667,82,6.626404074392198,63,2011
2011_06_HOU_BAL,6,HOU,-6.541359083543741,87,-6.136598417186178,66,2011
2011_06_IND_CIN,6,CIN,-1.125087942581927,85,7.452415638568427,61,2011
2011_06_IND_CIN,6,IND,-9.050926279442594,75,-9.126035962180023,58,2011
2011_06_JAX_PIT,6,JAX,0.5911673681737275,80,-7.496319192306429,60,2011
2011_06_JAX_PIT,6,PIT,2.131897158987611,79,7.9616145426817315,57,2011
2011_06_MIA_NYJ,6,MIA,-20.593731544795446,80,-20.490138541097142,63,2011
2011_06_MIA_NYJ,6,NYJ,-4.350989816464565,77,-2.3747284733776954,56,2011
2011_06_MIN_CHI,6,CHI,15.561716558079748,78,7.158832177371522,60,2011
2011_06_MIN_CHI,6,MIN,-12.334584013729227,84,-6.367216995968332,64,2011
2011_06_NO_TB,6,NO,2.663826921032067,87,-0.8148272123603291,65,2011
2011_06_NO_TB,6,TB,7.7347039902028865,87,6.174970977395846,64,2011
2011_06_PHI_WAS,6,PHI,4.0658141260005305,91,4.571267508632987,69,2011
2011_06_PHI_WAS,6,WAS,-6.28713828243349,73,-8.846178135343578,53,2011
2011_06_SF_DET,6,DET,-23.605387124547143,101,-16.402076175940262,74,2011
2011_06_SF_DET,6,SF,-15.658103891898625,91,-11.152590842360905,63,2011
2011_06_STL_GB,6,GB,5.1052030454577535,76,10.049379742376251,58,2011
2011_06_STL_GB,6,LA,-15.890448195510544,91,-7.092039242294305,72,2011
2011_07_ATL_DET,7,ATL,-5.855454817664556,96,-7.898455321273467,68,2011
2011_07_ATL_DET,7,DET,-16.68321302231342,77,-9.751346950070827,55,2011
2011_07_BAL_JAX,7,BAL,-17.798872778420673,77,-19.450122790100373,53,2011
2011_07_BAL_JAX,7,JAX,-12.661354205571115,85,-18.36217431606924,63,2011
2011_07_CHI_TB,7,CHI,-0.05699181206159931,84,-0.7023970165952762,67,2011
2011_07_CHI_TB,7,TB,-6.437642464482563,89,-13.909482443397282,65,2011
2011_07_DEN_MIA,7,DEN,-10.249027018503623,96,-7.526652862454751,74,2011
2011_07_DEN_MIA,7,MIA,-13.56859049679758,87,-15.197299594366037,68,2011
2011_07_GB_MIN,7,GB,19.01927909962545,82,13.838300190619888,58,2011
2011_07_GB_MIN,7,MIN,8.70574623052674,85,4.8756931882879915,65,2011
2011_07_HOU_TEN,7,HOU,23.98159230688884,82,24.484992941750143,70,2011
2011_07_HOU_TEN,7,TEN,-15.46409301738754,71,-20.06779656931758,48,2011
2011_07_IND_NO,7,IND,-22.129853532774714,67,-18.526801768224686,46,2011
2011_07_IND_NO,7,NO,36.064776569069444,91,34.26611888792833,75,2011
2011_07_KC_OAK,7,KC,1.7869394517210786,87,6.541129963705316,67,2011
2011_07_KC_OAK,7,LV,-30.287814484210685,87,-31.621641989331692,63,2011
2011_07_PIT_ARI,7,ARI,3.6153404310973665,73,2.681089909645496,56,2011
2011_07_PIT_ARI,7,PIT,19.11610394702819,93,18.83751336358661,66,2011
2011_07_SD_NYJ,7,LAC,-1.9510853607660037,74,-5.340675278275739,57,2011
2011_07_SD_NYJ,7,NYJ,2.8003207915010053,94,-2.3387597923302366,64,2011
2011_07_SEA_CLE,7,CLE,-16.093307748087682,102,-8.233396624957157,82,2011
2011_07_SEA_CLE,7,SEA,-19.034955239039846,66,-20.11889928519168,50,2011
2011_07_STL_DAL,7,DAL,16.457719017649875,77,14.152784429993902,59,2011
2011_07_STL_DAL,7,LA,-11.483584255878611,75,-17.14156925387215,54,2011
2011_07_WAS_CAR,7,CAR,14.125123849908274,87,18.009208613566837,62,2011
2011_07_WAS_CAR,7,WAS,2.5789488238892755,83,1.2534041929717272,62,2011
2011_08_ARI_BAL,8,ARI,-4.365100877113721,81,-6.9169194459501675,57,2011
2011_08_ARI_BAL,8,BAL,-5.012145514470606,108,-2.3002847071483883,79,2011
2011_08_CIN_SEA,8,CIN,2.475225409160881,85,-1.6251474684039184,57,2011
2011_08_CIN_SEA,8,SEA,-23.314493756057228,93,-14.81990449277448,72,2011
2011_08_CLE_SF,8,CLE,-3.5754760050870127,77,-6.575183996792937,61,2011
2011_08_CLE_SF,8,SF,6.528377913878556,81,3.426472932656395,64,2011
2011_08_DAL_PHI,8,DAL,-3.259936291254463,66,-5.066058612545021,49,2011
2011_08_DAL_PHI,8,PHI,24.146012483647606,86,28.480960317797457,70,2011
2011_08_DET_DEN,8,DEN,-26.495238096332514,97,-32.39708780227325,76,2011
2011_08_DET_DEN,8,DET,12.894902037948208,82,13.37657455011297,61,2011
2011_08_IND_TEN,8,IND,-15.163220959914952,99,-6.519217983939875,77,2011
2011_08_IND_TEN,8,TEN,0.9981012517948757,85,-1.8993300860584226,64,2011
2011_08_JAX_HOU,8,HOU,-10.619432795519801,89,-6.615333976073648,70,2011
2011_08_JAX_HOU,8,JAX,-20.03777452685597,81,-15.99106165044941,57,2011
2011_08_MIA_NYG,8,MIA,6.187426206431608,70,2.2481926023188112,52,2011
2011_08_MIA_NYG,8,NYG,6.818243409049954,87,8.95591052014838,66,2011
2011_08_MIN_CAR,8,CAR,3.4856056297560345,83,6.898902718116583,65,2011
2011_08_MIN_CAR,8,MIN,8.926734427410562,79,7.496612869244019,64,2011
2011_08_NE_PIT,8,NE,1.0381237711203521,72,0.6614469792777511,50,2011
2011_08_NE_PIT,8,PIT,8.531058108762862,96,9.83400493996885,77,2011
2011_08_NO_STL,8,LA,-4.935115179489326,97,-0.637079469685033,71,2011
2011_08_NO_STL,8,NO,-14.354581420888978,90,-7.3492975316478795,69,2011
2011_08_SD_KC,8,KC,-5.338206634689554,92,-7.80047999070578,66,2011
2011_08_SD_KC,8,LAC,-4.9793512012837455,96,-0.6392847364524963,71,2011
2011_08_WAS_BUF,8,BUF,-5.377650589117527,80,-0.5380146957137737,61,2011
2011_08_WAS_BUF,8,WAS,-29.875026758410968,71,-24.421433329372547,54,2011
2011_09_ATL_IND,9,ATL,9.470814480461055,84,9.648175549418234,66,2011
2011_09_ATL_IND,9,IND,-19.410644935061953,77,-18.747130429488607,56,2011
2011_09_BAL_PIT,9,BAL,11.7402256180153,94,8.880859353623926,77,2011
2011_09_BAL_PIT,9,PIT,6.899587337925821,76,9.314937254225477,58,2011
2011_09_CHI_PHI,9,CHI,11.020229916741524,88,4.261732056810617,66,2011
2011_09_CHI_PHI,9,PHI,1.4882283492026973,80,-1.8224796663716845,63,2011
2011_09_CIN_TEN,9,CIN,8.533684987937018,94,7.594294878299548,69,2011
2011_09_CIN_TEN,9,TEN,-2.0113608951128317,84,-3.518248102199034,63,2011
2011_09_CLE_HOU,9,CLE,-7.42173915189098,64,-12.059273065145504,48,2011
2011_09_CLE_HOU,9,HOU,9.852990423077731,77,11.10995990393259,61,2011
2011_09_DEN_OAK,9,DEN,15.813969724483965,91,16.052447130884723,61,2011
2011_09_DEN_OAK,9,LV,-1.499540939332067,94,5.4064676553493545,61,2011
2011_09_GB_SD,9,GB,17.374860651991632,79,15.065739206640481,56,2011
2011_09_GB_SD,9,LAC,6.487795032058553,92,0.6028935186524338,69,2011
2011_09_MIA_KC,9,KC,-15.840869312582072,99,-14.527511862196093,78,2011
2011_09_MIA_KC,9,MIA,16.696723640040542,62,17.131868424993648,44,2011
2011_09_NYG_NE,9,NE,2.8608793163234605,96,-0.38888895557512626,75,2011
2011_09_NYG_NE,9,NYG,8.63292673165833,92,-1.9768702844007837,67,2011
2011_09_NYJ_BUF,9,BUF,-8.20700064460095,74,-8.824116049076732,54,2011
2011_09_NYJ_BUF,9,NYJ,11.700597095549025,87,5.835124935467144,65,2011
2011_09_SEA_DAL,9,DAL,7.325572997862876,80,7.411863517356679,59,2011
2011_09_SEA_DAL,9,SEA,-2.745349764092624,80,0.16332344379839459,60,2011
2011_09_SF_WAS,9,SF,-0.9675661028552449,74,-1.7298852327658492,56,2011
2011_09_SF_WAS,9,WAS,-12.958378556897397,83,-13.69384249878952,64,2011
2011_09_STL_ARI,9,ARI,-4.515105399561379,73,-5.858688602323686,55,2011
2011_09_STL_ARI,9,LA,-11.459126695350278,99,-6.696685327864293,75,2011
2011_09_TB_NO,9,NO,9.71529572000439,80,12.64630588681008,63,2011
2011_09_TB_NO,9,TB,1.2666234658012498,83,-1.8840983266748559,58,2011
2011_10_ARI_PHI,10,ARI,-5.285357996750238,94,0.22053332253221924,71,2011
2011_10_ARI_PHI,10,PHI,-10.80216331330894,83,-11.796829657499522,60,2011
2011_10_BAL_SEA,10,BAL,-8.565208567879838,89,1.637834421641437,66,2011
2011_10_BAL_SEA,10,SEA,-5.128787835182494,92,-2.652359854294224,67,2011
2011_10_BUF_DAL,10,BUF,-15.864626624530445,72,-18.215821730711156,49,2011
2011_10_BUF_DAL,10,DAL,22.993156439032017,74,19.690726391913852,58,2011
2011_10_DEN_KC,10,DEN,1.0544061345367464,81,5.38276615577721,62,2011
2011_10_DEN_KC,10,KC,-9.044996475942071,81,-10.316991137253353,61,2011
2011_10_DET_CHI,10,CHI,-9.966844383900938,78,-16.5550128025045,57,2011
2011_10_DET_CHI,10,DET,-32.05270467948435,106,-27.540449250001725,87,2011
2011_10_HOU_TB,10,HOU,11.066157047280054,81,17.426249912461984,59,2011
2011_10_HOU_TB,10,TB,-21.624935455722035,78,-27.03308418374206,57,2011
2011_10_JAX_IND,10,IND,-23.756436775729526,75,-21.61151163519913,56,2011
2011_10_JAX_IND,10,JAX,-6.7547036858667315,76,-3.3913708614566254,61,2011
2011_10_MIN_GB,10,GB,26.750596757771284,86,18.94199896990559,62,2011
2011_10_MIN_GB,10,MIN,-11.569715292537921,79,-5.601189169858117,59,2011
2011_10_NE_NYJ,10,NE,17.4053671560423,85,10.080669870564668,66,2011
2011_10_NE_NYJ,10,NYJ,-9.402830339202866,92,-12.007547278657206,68,2011
2011_10_NO_ATL,10,ATL,-3.2373460941191095,111,-0.5199665477364697,83,2011
2011_10_NO_ATL,10,NO,4.608167225244708,82,4.797490101163129,59,2011
2011_10_NYG_SF,10,NYG,4.685204272865574,86,7.670519396709679,70,2011
2011_10_NYG_SF,10,SF,8.749363602769224,72,2.7907195003751024,50,2011
2011_10_OAK_SD,10,LAC,-0.6494956833689702,90,-5.074503161050931,67,2011
2011_10_OAK_SD,10,LV,9.778371291830123,80,10.445204258161073,63,2011
2011_10_PIT_CIN,10,CIN,-2.896164057709486,73,-3.8186014465611278,56,2011
2011_10_PIT_CIN,10,PIT,7.158510037769017,85,7.461932505968435,65,2011
2011_10_STL_CLE,10,CLE,-3.7552543274941854,78,-1.4325570682809348,59,2011
2011_10_STL_CLE,10,LA,-0.6974325898875131,77,-5.873573624394577,55,2011
2011_10_TEN_CAR,10,CAR,-22.39068480138667,87,-17.45165021093549,64,2011
2011_10_TEN_CAR,10,TEN,10.019757283049554,84,8.079314884079086,63,2011
2011_10_WAS_MIA,10,MIA,-6.656194964473345,80,-4.026436214652055,64,2011
2011_10_WAS_MIA,10,WAS,-16.394323028449435,69,-8.880116590833557,51,2011
2011_11_ARI_SF,11,ARI,-16.988491157240105,65,-20.660013456945308,48,2011
2011_11_ARI_SF,11,SF,-1.3941136150301663,105,0.09434513740500527,84,2011
2011_11_BUF_MIA,11,BUF,-26.617040221841307,85,-22.336928661104082,63,2011
2011_11_BUF_MIA,11,MIA,0.8695749835967446,72,0.3664252182934433,56,2011
2011_11_CAR_DET,11,CAR,5.204848317912694,88,-2.6457625422929443,65,2011
2011_11_CAR_DET,11,DET,17.540498914019622,88,21.065600872854702,65,2011
2011_11_CIN_BAL,11,BAL,4.196942559809937,78,2.862999492129253,54,2011
2011_11_CIN_BAL,11,CIN,-0.49083006497108084,102,-1.412746769366736,78,2011
2011_11_DAL_WAS,11,DAL,3.1133577685525298,95,8.33062073148135,71,2011
2011_11_DAL_WAS,11,WAS,-3.719376763665198,91,-0.6780319589801902,65,2011
2011_11_JAX_CLE,11,CLE,6.270605319653894,73,4.755560471559613,53,2011
2011_11_JAX_CLE,11,JAX,3.504153505786916,88,-1.1830542697005457,71,2011
2011_11_KC_NE,11,KC,-22.49944279968622,84,-14.182750065774556,67,2011
2011_11_KC_NE,11,NE,8.343116883846047,80,9.56956666300962,65,2011
2011_11_NYJ_DEN,11,DEN,-16.319483621794006,74,-16.14324658607036,56,2011
2011_11_NYJ_DEN,11,NYJ,-17.637596454350614,93,-10.193143103937864,70,2011
2011_11_OAK_MIN,11,LV,-5.697618828472303,90,-1.6901150668517717,68,2011
2011_11_OAK_MIN,11,MIN,-15.399812193206131,82,-12.153806525282562,61,2011
2011_11_PHI_NYG,11,NYG,-11.770343482373619,74,-14.480412553655022,55,2011
2011_11_PHI_NYG,11,PHI,-2.3302748280025316,88,4.42577089908235,67,2011
2011_11_SD_CHI,11,CHI,8.411993349221117,81,6.2943389186344305,61,2011
2011_11_SD_CHI,11,LAC,0.4618233518935977,66,2.1655748337402585,48,2011
2011_11_SEA_STL,11,LA,-33.93028147682488,80,-27.582751336158253,61,2011
2011_11_SEA_STL,11,SEA,-13.383259121587587,96,-8.368316721869633,68,2011
2011_11_TB_GB,11,GB,15.175525299877105,84,13.272083507307197,58,2011
2011_11_TB_GB,11,TB,8.707027255144226,77,10.933549417079426,60,2011
2011_11_TEN_ATL,11,ATL,7.463417402800426,89,7.884481199461854,64,2011
2011_11_TEN_ATL,11,TEN,1.8428384176048185,75,2.927500538064553,59,2011
2011_12_ARI_STL,12,ARI,-18.482475999469152,83,-10.645297698676208,63,2011
2011_12_ARI_STL,12,LA,-25.79845952523754,82,-14.077554143327557,56,2011
2011_12_BUF_NYJ,12,BUF,11.978339280538645,94,5.561110446586902,70,2011
2011_12_BUF_NYJ,12,NYJ,13.857648538151803,75,8.179626333818305,58,2011
2011_12_CAR_IND,12,CAR,10.488742178986453,86,9.767938161035275,64,2011
2011_12_CAR_IND,12,IND,-0.6028445200461743,71,-5.3540921534104635,55,2011
2011_12_CHI_OAK,12,CHI,-2.2998178304901566,88,-8.455462310962787,65,2011
2011_12_CHI_OAK,12,LV,0.71208280022688,92,-6.614947748487553,68,2011
2011_12_CLE_CIN,12,CIN,1.1789346704113068,82,2.872410903910547,64,2011
2011_12_CLE_CIN,12,CLE,0.3379638098790547,86,0.2503788494788002,66,2011
2011_12_DEN_SD,12,DEN,-2.6067324120042494,92,1.0579533870114668,70,2011
2011_12_DEN_SD,12,LAC,-7.093520911755378,96,-4.316447086174435,75,2011
2011_12_GB_DET,12,DET,-8.051034989964556,86,-1.6497761861535816,68,2011
2011_12_GB_DET,12,GB,9.13575785761644,77,11.982497889116614,52,2011
2011_12_HOU_JAX,12,HOU,-14.277882436048914,82,-18.796380125104616,55,2011
2011_12_HOU_JAX,12,JAX,-21.682320729301182,94,-19.737670738968966,71,2011
2011_12_MIA_DAL,12,DAL,-5.918207733971828,81,-3.972303986970143,57,2011
2011_12_MIA_DAL,12,MIA,-5.766353981158262,84,-1.5217672601396415,61,2011
2011_12_MIN_ATL,12,ATL,8.544408339340618,82,10.835045551122658,62,2011
2011_12_MIN_ATL,12,MIN,-0.29003115692755976,71,-8.403017161472235,53,2011
2011_12_NE_PHI,12,NE,27.62982069363906,94,26.054225003508947,69,2011
2011_12_NE_PHI,12,PHI,5.898859089307278,90,8.336383006514856,67,2011
2011_12_NYG_NO,12,NO,29.64431399007742,89,29.561280803754926,69,2011
2011_12_NYG_NO,12,NYG,6.0931498997117455,93,5.630077319023803,70,2011
2011_12_PIT_KC,12,KC,-14.124984443420544,73,-15.90078961919287,63,2011
2011_12_PIT_KC,12,PIT,-9.0625835690837,82,-6.672928845478747,58,2011
2011_12_SF_BAL,12,BAL,3.9681363750175924,72,1.2970148295165371,54,2011
2011_12_SF_BAL,12,SF,-4.805183353542816,71,-11.052548732482013,54,2011
2011_12_TB_TEN,12,TB,-18.743009066433387,77,-16.004627257754834,59,2011
2011_12_TB_TEN,12,TEN,-13.032188596602738,90,-15.395579072274344,69,2011
2011_12_WAS_SEA,12,SEA,-3.4363369055413404,84,-8.362189879867023,62,2011
2011_12_WAS_SEA,12,WAS,4.643153110328282,86,9.374221290366895,62,2011
2011_13_ATL_HOU,13,ATL,-10.276570422716702,83,-8.938880296292552,63,2011
2011_13_ATL_HOU,13,HOU,-3.8752097837785877,90,-1.0147898091442222,72,2011
2011_13_BAL_CLE,13,BAL,-0.2772279175567318,96,8.450843719266143,76,2011
2011_13_BAL_CLE,13,CLE,-16.96566534184535,74,-12.14030270929688,55,2011
2011_13_CAR_TB,13,CAR,23.20639033908787,85,22.59503745205544,61,2011
2011_13_CAR_TB,13,TB,1.0402071819451058,70,-5.684936336566011,56,2011
2011_13_CIN_PIT,13,CIN,-17.99901725037057,76,-5.561634995625354,55,2011
2011_13_CIN_PIT,13,PIT,10.345828890472827,79,8.010540585247375,56,2011
2011_13_DAL_ARI,13,ARI,1.6849178254233825,78,3.8245029878022856,54,2011
2011_13_DAL_ARI,13,DAL,-2.609927890905909,85,1.345393869564579,66,2011
2011_13_DEN_MIN,13,DEN,3.624135518755212,72,-0.019040407379405266,50,2011
2011_13_DEN_MIN,13,MIN,-3.9774311434855614,106,-6.45035165393594,81,2011
2011_13_DET_NO,13,DET,-14.409548543702092,106,2.632769469465803,81,2011
2011_13_DET_NO,13,NO,16.211943799245677,84,12.518719367935438,67,2011
2011_13_GB_NYG,13,GB,18.55079638738948,100,14.686984256481209,77,2011
2011_13_GB_NYG,13,NYG,13.91551209537863,84,8.71965181906349,62,2011
2011_13_IND_NE,13,IND,13.398607283727184,89,17.363420090718748,69,2011
2011_13_IND_NE,13,NE,17.924539165996062,81,16.886841847739376,62,2011
2011_13_KC_CHI,13,CHI,-21.569943392067216,69,-26.80798363095759,55,2011
2011_13_KC_CHI,13,KC,-13.6997765379449,94,-8.665380919141757,69,2011
2011_13_NYJ_WAS,13,NYJ,10.13800606837594,86,7.89324042441484,60,2011
2011_13_NYJ_WAS,13,WAS,-8.372585179512726,93,-17.433725206193756,71,2011
2011_13_OAK_MIA,13,LV,-4.318953957632859,80,-4.139994892233517,57,2011
2011_13_OAK_MIA,13,MIA,14.848766258469364,89,6.70704691624362,68,2011
2011_13_PHI_SEA,13,PHI,-7.964243819899368,70,-8.392592336138478,56,2011
2011_13_PHI_SEA,13,SEA,7.468201501021209,73,10.467057743233502,51,2011
2011_13_SD_JAX,13,JAX,-4.99250447143868,85,-6.131488500308478,66,2011
2011_13_SD_JAX,13,LAC,20.950074495769282,72,27.449566016162528,51,2011
2011_13_STL_SF,13,LA,-23.803327675384935,69,-19.488414280756842,49,2011
2011_13_STL_SF,13,SF,3.2901694337574536,83,2.173319756347386,63,2011
2011_13_TEN_BUF,13,BUF,0.22504830780371599,84,0.6646995780712803,68,2011
2011_13_TEN_BUF,13,TEN,9.837062359563332,79,7.289880698156384,56,2011
2011_14_ATL_CAR,14,ATL,8.871878355787882,89,14.389229984187423,67,2011
2011_14_ATL_CAR,14,CAR,-3.353687977026996,84,0.009377624325039857,64,2011
2011_14_BUF_SD,14,BUF,-16.23558413917931,72,-15.952163393546762,58,2011
2011_14_BUF_SD,14,LAC,10.701073007155852,83,12.822191733986518,66,2011
2011_14_CHI_DEN,14,CHI,-12.659769049695797,84,-13.116963957254361,61,2011
2011_14_CHI_DEN,14,DEN,-11.2568332038893,100,-12.865142408238865,77,2011
2011_14_CLE_PIT,14,CLE,-11.7216593423218,84,-10.793046800264749,69,2011
2011_14_CLE_PIT,14,PIT,-1.5316802393849702,70,5.512224624864757,53,2011
2011_14_HOU_CIN,14,CIN,0.6147012125336451,75,-4.851294771387344,58,2011
2011_14_HOU_CIN,14,HOU,3.6870559456378924,96,4.012471078903868,74,2011
2011_14_IND_BAL,14,BAL,3.853792827472941,84,2.3583472183302447,70,2011
2011_14_IND_BAL,14,IND,-9.607322662715205,73,-11.480403170274286,55,2011
2011_14_KC_NYJ,14,KC,-10.609028610571158,78,-13.65674748704254,58,2011
2011_14_KC_NYJ,14,NYJ,15.044816210945779,92,0.7721926719532348,66,2011
2011_14_MIN_DET,14,DET,-2.5813745701801563,82,0.9694325226427187,55,2011
2011_14_MIN_DET,14,MIN,-6.117463129549247,98,-6.7210639869445,82,2011
2011_14_NE_WAS,14,NE,16.315828879031866,77,16.33395627024594,57,2011
2011_14_NE_WAS,14,WAS,7.875293146599003,90,9.48269250623305,69,2011
2011_14_NO_TEN,14,NO,12.263559667558072,96,14.00906249746362,76,2011
2011_14_NO_TEN,14,TEN,3.887461171028461,77,1.402755091006223,53,2011
2011_14_NYG_DAL,14,DAL,13.276878308810634,80,13.834360331636404,56,2011
2011_14_NYG_DAL,14,NYG,18.60562059830073,105,13.736865479333343,77,2011
2011_14_OAK_GB,14,GB,16.705904475260237,85,7.500175238863736,56,2011
2011_14_OAK_GB,14,LV,-13.166846300292038,91,-12.814763378992211,73,2011
2011_14_PHI_MIA,14,MIA,-30.599940566749183,82,-32.945858650795174,64,2011
2011_14_PHI_MIA,14,PHI,-11.993634972184513,89,-8.443046921649492,66,2011
2011_14_SF_ARI,14,ARI,-15.083952439501276,73,-7.434807148762047,51,2011
2011_14_SF_ARI,14,SF,-14.787684757811746,86,-13.916373664628484,63,2011
2011_14_STL_SEA,14,LA,-7.592698009563947,87,-7.936909990134254,62,2011
2011_14_STL_SEA,14,SEA,8.138120588510215,86,3.9149590814835324,67,2011
2011_14_TB_JAX,14,JAX,7.480333715276968,95,-3.67608427962102,65,2011
2011_14_TB_JAX,14,TB,-19.690171719665614,79,-19.612263791495934,58,2011
2011_15_BAL_SD,15,BAL,2.469768458811357,72,3.1511253688584127,56,2011
2011_15_BAL_SD,15,LAC,22.166050513699698,72,19.52281540313063,60,2011
2011_15_CAR_HOU,15,CAR,7.876684791809017,81,12.000717435963452,59,2011
2011_15_CAR_HOU,15,HOU,-10.169136921958795,73,-5.935568624315636,57,2011
2011_15_CIN_STL,15,CIN,-6.42298605137619,86,-3.462269140731115,59,2011
2011_15_CIN_STL,15,LA,-17.4468374020158,83,-9.078823959631595,63,2011
2011_15_CLE_ARI,15,ARI,-0.3764303045971944,91,-1.2587570218518356,74,2011
2011_15_CLE_ARI,15,CLE,-1.5408665091889606,82,3.768138117686248,61,2011
2011_15_DAL_TB,15,DAL,11.193764620012185,85,17.831739623170414,67,2011
2011_15_DAL_TB,15,TB,-8.332190028227272,58,-9.180069836511276,43,2011
2011_15_DET_OAK,15,DET,10.115232962317346,99,6.2008257423876785,73,2011
2011_15_DET_OAK,15,LV,8.293369303936057,89,9.097215551248997,63,2011
2011_15_GB_KC,15,GB,4.146492237583059,80,3.4278789724921808,56,2011
2011_15_GB_KC,15,KC,8.567812878642826,82,9.354835431727022,66,2011
2011_15_JAX_ATL,15,ATL,5.004031395146789,88,8.187865631150908,66,2011
2011_15_JAX_ATL,15,JAX,-21.731413062097253,67,-21.466447018901818,46,2011
2011_15_MIA_BUF,15,BUF,-9.397026254975913,98,-3.1881479082013913,70,2011
2011_15_MIA_BUF,15,MIA,1.1681559621486004,87,-0.8769051229591671,60,2011
2011_15_NE_DEN,15,DEN,2.5780407395737948,77,2.4917272615322226,59,2011
2011_15_NE_DEN,15,NE,24.654000898961154,95,20.89213860137322,70,2011
2011_15_NO_MIN,15,MIN,-7.101587083993925,74,-9.257786339102498,54,2011
2011_15_NO_MIN,15,NO,19.937645265227246,102,20.47494637776986,79,2011
2011_15_NYJ_PHI,15,NYJ,-19.153448487874925,86,-26.449865251775776,61,2011
2011_15_NYJ_PHI,15,PHI,6.415313272413636,80,10.584623321882304,54,2011
2011_15_PIT_SF,15,PIT,-14.284134300192818,84,-8.990422551140334,66,2011
2011_15_PIT_SF,15,SF,2.1410425042354273,81,0.06287802683760013,59,2011
2011_15_SEA_CHI,15,CHI,-31.63774042511659,80,-29.816388177336194,59,2011
2011_15_SEA_CHI,15,SEA,-3.362911265263624,84,-8.399537268374324,65,2011
2011_15_TEN_IND,15,IND,-5.556380364305201,72,-5.724387249019328,48,2011
2011_15_TEN_IND,15,TEN,-20.129091215403548,97,-19.414166866522834,76,2011
2011_15_WAS_NYG,15,NYG,-9.36710596200578,79,-12.215822073245352,61,2011
2011_15_WAS_NYG,15,WAS,8.304087101374078,78,8.800826983253252,64,2011
2011_16_ARI_CIN,16,ARI,-15.380334703843912,83,-14.155113849050522,67,2011
2011_16_ARI_CIN,16,CIN,-10.430291556919203,91,-8.734288605407958,67,2011
2011_16_ATL_NO,16,ATL,-5.069557019197955,95,-3.133232802678085,74,2011
2011_16_ATL_NO,16,NO,21.932803812733678,81,18.073049723850907,62,2011
2011_16_CHI_GB,16,CHI,11.278445852822985,87,15.516988681680303,70,2011
2011_16_CHI_GB,16,GB,22.01536912612914,69,19.14499078580411,49,2011
2011_16_CLE_BAL,16,BAL,-0.9018918014394348,80,-1.7212230051887003,59,2011
2011_16_CLE_BAL,16,CLE,-5.509824112456501,79,-10.553343973180745,60,2011
2011_16_DEN_BUF,16,BUF,-1.4070386147186618,80,0.6383314168150247,55,2011
2011_16_DEN_BUF,16,DEN,-27.137034270670938,93,-20.591285788686946,67,2011
2011_16_HOU_IND,16,HOU,-6.312730346191473,71,-6.583891500590061,50,2011
2011_16_HOU_IND,16,IND,-5.721437011696197,101,-10.87479707773674,75,2011
2011_16_JAX_TEN,16,JAX,-6.6129695326003475,92,-6.057813468384342,71,2011
2011_16_JAX_TEN,16,TEN,-1.753254632806149,83,-10.264809808815855,62,2011
2011_16_MIA_NE,16,MIA,10.057153833635535,88,4.89086703143226,64,2011
2011_16_MIA_NE,16,NE,10.400577757345896,103,6.204843256398874,79,2011
2011_16_MIN_WAS,16,MIN,14.993013621849055,79,17.222546810350245,58,2011
2011_16_MIN_WAS,16,WAS,4.747322768214415,87,0.8469188060563857,67,2011
2011_16_NYG_NYJ,16,NYG,-1.1516768642920878,75,-2.004679546093069,54,2011
2011_16_NYG_NYJ,16,NYJ,-19.483767060379705,118,-18.58650960740561,89,2011
2011_16_OAK_KC,16,KC,-5.891922225880308,92,-3.4720546938673387,66,2011
2011_16_OAK_KC,16,LV,-0.6746204075709565,75,-3.1570062873313485,51,2011
2011_16_PHI_DAL,16,DAL,-12.90897335533731,84,-11.30363894929178,66,2011
2011_16_PHI_DAL,16,PHI,3.7373172515436845,76,5.698237817848821,58,2011
2011_16_SD_DET,16,DET,17.583945687234568,76,22.99529575220722,62,2011
2011_16_SD_DET,16,LAC,-11.100560228407257,86,-9.41520858403811,70,2011
2011_16_SF_SEA,16,SEA,-4.668918549714819,75,-3.767805759660699,57,2011
2011_16_SF_SEA,16,SF,1.4394833349549563,87,5.771261199707878,67,2011
2011_16_STL_PIT,16,LA,-17.5261571474839,84,-10.78223072371596,63,2011
2011_16_STL_PIT,16,PIT,10.299117323140532,64,10.338920611322411,50,2011
2011_16_TB_CAR,16,CAR,22.87960681921367,67,23.72294399169497,48,2011
2011_16_TB_CAR,16,TB,-8.328046887017193,82,-7.778742887595734,60,2011
2011_17_BAL_CIN,17,BAL,9.47943656694974,74,11.489678917602257,52,2011
2011_17_BAL_CIN,17,CIN,-0.6261518426138091,89,-3.460541093330982,68,2011
2011_17_BUF_NE,17,BUF,-2.5680054817219142,89,-4.912009816720337,68,2011
2011_17_BUF_NE,17,NE,25.32849611034169,87,19.86141212456001,67,2011
2011_17_CAR_NO,17,CAR,-1.7453234435117135,69,1.0222674245738794,49,2011
2011_17_CAR_NO,17,NO,25.505058322282334,88,32.15583880846413,70,2011
2011_17_CHI_MIN,17,CHI,-21.600966377375862,77,-20.364988041423146,56,2011
2011_17_CHI_MIN,17,MIN,-28.249648361300924,88,-23.89079339551322,71,2011
2011_17_DAL_NYG,17,DAL,-7.697858512567565,77,-7.444865352398255,59,2011
2011_17_DAL_NYG,17,NYG,8.902168932562741,84,11.81019548338039,63,2011
2011_17_DET_GB,17,DET,13.508327853810556,103,18.176590718516696,77,2011
2011_17_DET_GB,17,GB,15.54478626328318,97,16.317010103162787,70,2011
2011_17_IND_JAX,17,IND,-7.048812022195535,80,-5.690743866367409,65,2011
2011_17_IND_JAX,17,JAX,-0.7114087799520812,72,-7.258458920664351,54,2011
2011_17_KC_DEN,17,DEN,-8.330979047110304,91,-12.151216487050988,71,2011
2011_17_KC_DEN,17,KC,-2.8876348946898824,75,1.1665299475986117,59,2011
2011_17_NYJ_MIA,17,MIA,-2.124439861271868,74,-5.97755046580862,57,2011
2011_17_NYJ_MIA,17,NYJ,-3.305606214670208,86,-3.703859059352,62,2011
2011_17_PIT_CLE,17,CLE,-12.15381559659727,70,-13.343441840414583,56,2011
2011_17_PIT_CLE,17,PIT,-6.9410125523529596,97,-5.903718763016965,78,2011
2011_17_SD_OAK,17,LAC,33.22233758844058,79,26.914879920676423,54,2011
2011_17_SD_OAK,17,LV,18.76674520597726,89,16.29509053355683,67,2011
2011_17_SEA_ARI,17,ARI,-9.159097193616505,94,-11.515695217020912,72,2011
2011_17_SEA_ARI,17,SEA,-9.871571672723691,100,-5.543855509911278,73,2011
2011_17_SF_STL,17,LA,-6.974696773829025,86,-10.67736715624408,62,2011
2011_17_SF_STL,17,SF,4.359387739759445,91,9.745086713102918,67,2011
2011_17_TB_ATL,17,ATL,6.491569278185548,74,8.192923206751283,56,2011
2011_17_TB_ATL,17,TB,-13.193728692459747,80,-15.282760567278494,63,2011
2011_17_TEN_HOU,17,HOU,-0.4533809813836437,88,1.6893336979558171,65,2011
2011_17_TEN_HOU,17,TEN,2.816263469176304,79,-0.03820706807760077,59,2011
2011_17_WAS_PHI,17,PHI,10.047074058576069,77,7.874993037204291,60,2011
2011_17_WAS_PHI,17,WAS,-13.342192518287675,91,-9.270009476871353,71,2011
2012_01_ATL_KC,1,ATL,26.335457887023036,71,20.66796344784814,55,2012
2012_01_ATL_KC,1,KC,5.084649043752731,85,6.865928223213146,68,2012
2012_01_BUF_NYJ,1,BUF,-1.2015941684194358,79,8.202175744925626,57,2012
2012_01_BUF_NYJ,1,NYJ,16.201719117260375,85,17.23152813824659,62,2012
2012_01_CAR_TB,1,CAR,-8.52182266220484,66,-3.7960594050836027,49,2012
2012_01_CAR_TB,1,TB,-3.463099045325408,80,-5.323755265715475,58,2012
2012_01_CIN_BAL,1,BAL,22.5420416475315,76,17.31350039455372,57,2012
2012_01_CIN_BAL,1,CIN,-8.424420678285287,90,-10.914304722571519,69,2012
2012_01_DAL_NYG,1,DAL,11.579949255521793,78,14.87227013160318,54,2012
2012_01_DAL_NYG,1,NYG,2.1721242969592804,70,-0.6721137237612371,54,2012
2012_01_IND_CHI,1,CHI,9.21263607104606,94,10.947500531676244,66,2012
2012_01_IND_CHI,1,IND,-10.351715720769565,84,-7.2269212313260915,63,2012
2012_01_JAX_MIN,1,JAX,4.683711294410877,96,6.959104769966958,75,2012
2012_01_JAX_MIN,1,MIN,3.9973435118852847,78,2.838364326097128,58,2012
2012_01_MIA_HOU,1,HOU,-4.5232697846548175,86,5.841408101788629,65,2012
2012_01_MIA_HOU,1,MIA,-24.29779697427506,76,-22.515646865416045,57,2012
2012_01_NE_TEN,1,NE,16.007160195283173,81,15.100499979413877,66,2012
2012_01_NE_TEN,1,TEN,-8.56663759011576,81,-9.860791546468983,61,2012
2012_01_PHI_CLE,1,CLE,-21.11559732950559,78,-24.69607163002625,59,2012
2012_01_PHI_CLE,1,PHI,-19.435579188566862,111,-12.57088544869389,85,2012
2012_01_PIT_DEN,1,DEN,7.945372382100462,69,11.577688597046267,54,2012
2012_01_PIT_DEN,1,PIT,-2.7816919534335494,95,-0.7396981913415015,71,2012
2012_01_SD_OAK,1,LAC,6.6054199704710745,73,0.8618406283986255,53,2012
2012_01_SD_OAK,1,LV,-6.105896236214787,92,-11.424464985896883,70,2012
2012_01_SEA_ARI,1,ARI,-9.964924604217119,78,-10.342639849056631,56,2012
2012_01_SEA_ARI,1,SEA,-11.189809119645304,99,-15.044405823934355,70,2012
2012_01_SF_GB,1,GB,4.228285591752525,88,4.901593385511776,62,2012
2012_01_SF_GB,1,SF,15.381433611282997,83,14.64664565420832,60,2012
2012_01_STL_DET,1,DET,-4.248365263364365,84,-5.581092141260539,66,2012
2012_01_STL_DET,1,LA,-4.632899619045181,75,-1.1453234100395489,54,2012
2012_01_WAS_NO,1,NO,-1.495294464443431,93,-3.6984173845892485,64,2012
2012_01_WAS_NO,1,WAS,12.838018757954746,100,15.212904846815228,70,2012
2012_02_ARI_NE,2,ARI,-2.9487175892486466,82,-3.643439757281401,60,2012
2012_02_ARI_NE,2,NE,-7.097913515826687,100,-6.523692100062989,78,2012
2012_02_BAL_PHI,2,BAL,-3.189485171102662,87,-11.151308803827114,65,2012
2012_02_BAL_PHI,2,PHI,-4.605390198719536,96,2.922151069529207,73,2012
2012_02_CHI_GB,2,CHI,-15.754288250867148,76,-18.338979972181033,57,2012
2012_02_CHI_GB,2,GB,-4.175648933558934,84,-6.537667009524595,63,2012
2012_02_CLE_CIN,2,CIN,15.847606679034467,85,13.534724900776014,61,2012
2012_02_CLE_CIN,2,CLE,10.459977647360798,85,15.413800671517341,62,2012
2012_02_DAL_SEA,2,DAL,-11.992100591592362,72,-3.2978329071193,56,2012
2012_02_DAL_SEA,2,SEA,7.762682215265383,81,9.24634185050615,63,2012
2012_02_DEN_ATL,2,ATL,0.7589914953307315,85,0.8072445971076494,63,2012
2012_02_DEN_ATL,2,DEN,-4.7687010420165885,92,-7.663372058712412,67,2012
2012_02_DET_SF,2,DET,5.270984894134698,79,2.2696078755462232,59,2012
2012_02_DET_SF,2,SF,9.917800644425594,80,10.836662393945407,58,2012
2012_02_HOU_JAX,2,HOU,10.571438584431458,103,13.72536624883094,81,2012
2012_02_HOU_JAX,2,JAX,-13.83568553934606,64,-18.61415775824571,38,2012
2012_02_KC_BUF,2,BUF,11.388524935602387,76,14.591114151990041,53,2012
2012_02_KC_BUF,2,KC,-6.246110860016872,93,-1.7012486522409427,70,2012
2012_02_MIN_IND,2,IND,5.734437041166642,86,0.6101272645795923,61,2012
2012_02_MIN_IND,2,MIN,5.082289818448883,86,4.37176627393408,64,2012
2012_02_NO_CAR,2,CAR,18.252011191994594,81,16.174598503799643,61,2012
2012_02_NO_CAR,2,NO,13.473031020678032,93,10.080510828218756,76,2012
2012_02_NYJ_PIT,2,NYJ,-1.1057419648816458,72,-4.866194424812175,51,2012
2012_02_NYJ_PIT,2,PIT,14.830955115101684,81,8.336197162126362,62,2012
2012_02_OAK_MIA,2,LV,-4.3768737162420175,85,-1.8419142692025199,62,2012
2012_02_OAK_MIA,2,MIA,16.305595180565202,92,12.767425704572815,73,2012
2012_02_TB_NYG,2,NYG,11.588092379836528,102,8.34025547626677,75,2012
2012_02_TB_NYG,2,TB,7.0666216674899225,75,2.69942355315178,52,2012
2012_02_TEN_SD,2,LAC,22.182069913389338,96,19.199800887730426,75,2012
2012_02_TEN_SD,2,TEN,-5.77418458973557,58,-9.376101420842645,40,2012
2012_02_WAS_STL,2,LA,-0.7390636567461568,86,0.5715305758975973,63,2012
2012_02_WAS_STL,2,WAS,-1.221979606058408,82,8.177812582785753,59,2012
2012_03_ATL_SD,3,ATL,16.522989840769128,84,15.236557932730765,69,2012
2012_03_ATL_SD,3,LAC,-11.02224963658955,69,-12.154731202957395,56,2012
2012_03_BUF_CLE,3,BUF,-0.38011724535477054,88,7.9248088473272915,66,2012
2012_03_BUF_CLE,3,CLE,-13.806027929755603,83,-13.24664044828387,60,2012
2012_03_CIN_WAS,3,CIN,14.523006451395982,80,13.24897986282381,57,2012
2012_03_CIN_WAS,3,WAS,3.5962017282899943,98,4.646031849681724,73,2012
2012_03_DET_TEN,3,DET,12.002561140571174,117,15.631227262026716,92,2012
2012_03_DET_TEN,3,TEN,11.285069272176539,89,8.249912026339777,61,2012
2012_03_GB_SEA,3,GB,5.951054631717969,88,0.6097930893145254,69,2012
2012_03_GB_SEA,3,SEA,5.383294955894142,74,-1.0577035297756083,51,2012
2012_03_HOU_DEN,3,DEN,5.4153303499419945,103,-7.199739190383646,75,2012
2012_03_HOU_DEN,3,HOU,15.235044500662294,88,13.598744944050763,65,2012
2012_03_JAX_IND,3,IND,-2.285406013535864,99,4.123588802389648,73,2012
2012_03_JAX_IND,3,JAX,6.618765619659998,76,4.279310580795501,55,2012
2012_03_KC_NO,3,KC,-1.4460046936379412,118,-3.324741584615823,91,2012
2012_03_KC_NO,3,NO,-7.640960741290444,80,-6.14209393870556,58,2012
2012_03_NE_BAL,3,BAL,17.89180762453452,91,15.034591108124005,64,2012
2012_03_NE_BAL,3,NE,20.097854262696497,99,16.704339988230597,77,2012
2012_03_NYG_CAR,3,CAR,-10.580603615551126,73,-6.472426387830637,55,2012
2012_03_NYG_CAR,3,NYG,25.204190593051177,82,17.84725466744006,68,2012
2012_03_NYJ_MIA,3,MIA,-6.827443608656269,101,-4.340943280765595,79,2012
2012_03_NYJ_MIA,3,NYJ,-1.398089589687972,104,-7.177500681462464,79,2012
2012_03_PHI_ARI,3,ARI,0.9494355656026392,79,-1.0489985044504113,59,2012
2012_03_PHI_ARI,3,PHI,-19.97526901040692,77,-18.790439547683548,63,2012
2012_03_PIT_OAK,3,LV,16.341878198802984,78,6.642130570601157,56,2012
2012_03_PIT_OAK,3,PIT,16.219294321624144,90,19.279376330785453,68,2012
2012_03_SF_MIN,3,MIN,7.077202442250593,92,7.060492243498638,73,2012
2012_03_SF_MIN,3,SF,-1.071337979819499,71,-5.1993169457126935,58,2012
2012_03_STL_CHI,3,CHI,-1.3589678679622939,87,-8.063489110692029,64,2012
2012_03_STL_CHI,3,LA,-18.887560422124807,76,-20.203633617195536,57,2012
2012_03_TB_DAL,3,DAL,-12.546650931788406,86,-13.124406901391978,63,2012
2012_03_TB_DAL,3,TB,-18.808043405148,81,-16.756420180742765,55,2012
2012_04_CAR_ATL,4,ATL,6.896683852162126,87,5.488597651310599,66,2012
2012_04_CAR_ATL,4,CAR,7.983314610808197,85,10.950096284155734,63,2012
2012_04_CHI_DAL,4,CHI,10.071993068661182,73,9.582837248215704,52,2012
2012_04_CHI_DAL,4,DAL,-11.274256765533035,82,-11.198837141840993,69,2012
2012_04_CIN_JAX,4,CIN,10.01246495937858,81,12.160980874441861,62,2012
2012_04_CIN_JAX,4,JAX,-9.371045552015175,75,-10.286342666030391,58,2012
2012_04_CLE_BAL,4,BAL,-1.9150969163035851,105,1.6698618562855212,77,2012
2012_04_CLE_BAL,4,CLE,-6.257545465191698,88,-10.423991172247792,69,2012
2012_04_MIA_ARI,4,ARI,-7.022752007778595,93,-15.063736399975475,71,2012
2012_04_MIA_ARI,4,MIA,-7.133172075769663,93,-5.425976440824473,74,2012
2012_04_MIN_DET,4,DET,-10.013144854232078,93,-6.78534244956297,75,2012
2012_04_MIN_DET,4,MIN,0.8937353046902192,77,-7.042833353262531,56,2012
2012_04_NE_BUF,4,BUF,-7.258347551321098,89,-7.825984261464328,69,2012
2012_04_NE_BUF,4,NE,21.806150827005006,100,25.91171566143505,77,2012
2012_04_NO_GB,4,GB,17.486948576556873,86,16.782165651675314,63,2012
2012_04_NO_GB,4,NO,18.65559271830762,99,18.4334720292871,75,2012
2012_04_NYG_PHI,4,NYG,9.620902112693782,84,3.138405306651645,61,2012
2012_04_NYG_PHI,4,PHI,11.126632123316767,86,7.956393255377449,67,2012
2012_04_OAK_DEN,4,DEN,22.74239273394323,92,19.937243043411357,75,2012
2012_04_OAK_DEN,4,LV,-7.874075339059345,75,-8.11485108415481,53,2012
2012_04_SD_KC,4,KC,-15.709900317661209,91,-22.13375231205998,65,2012
2012_04_SD_KC,4,LAC,7.070083928661003,80,-1.1632170543450617,59,2012
2012_04_SEA_STL,4,LA,-0.8451850504585212,79,-5.8332041803871135,57,2012
2012_04_SEA_STL,4,SEA,-4.722448318565138,76,-6.566031369818013,61,2012
2012_04_SF_NYJ,4,NYJ,-37.30053857265739,68,-34.31118812650675,50,2012
2012_04_SF_NYJ,4,SF,1.3788741112975877,87,11.29070812153394,66,2012
2012_04_TEN_HOU,4,HOU,6.08151219464008,76,5.547425449197586,57,2012
2012_04_TEN_HOU,4,TEN,-18.325832442431306,80,-16.726449871086515,59,2012
2012_04_WAS_TB,4,TB,8.051659719222586,79,0.4782332632864781,59,2012
2012_04_WAS_TB,4,WAS,11.348790413974935,96,15.987742189619505,66,2012
2012_05_ARI_STL,5,ARI,-19.88325507414993,96,-15.817672006113504,76,2012
2012_05_ARI_STL,5,LA,-6.3267116226663145,72,-5.080312658469703,50,2012
2012_05_ATL_WAS,5,ATL,1.979043361103547,100,3.2716012895095004,79,2012
2012_05_ATL_WAS,5,WAS,-7.473395511965011,65,-5.646575963130061,48,2012
2012_05_BAL_KC,5,BAL,-7.5226560018491,69,-5.643046341209553,53,2012
2012_05_BAL_KC,5,KC,-12.489108060253784,87,-15.082141547555231,67,2012
2012_05_BUF_SF,5,BUF,-8.995528194820508,64,-13.065609657554887,45,2012
2012_05_BUF_SF,5,SF,33.854884927361574,85,37.65875344530817,63,2012
2012_05_CHI_JAX,5,CHI,18.549014301875783,93,25.00125722789071,73,2012
2012_05_CHI_JAX,5,JAX,-23.572452259948477,76,-26.809415354202347,52,2012
2012_05_CLE_NYG,5,CLE,8.478213148728397,77,7.4581356118625255,54,2012
2012_05_CLE_NYG,5,NYG,19.61201090641384,92,17.116475188420676,69,2012
2012_05_DEN_NE,5,DEN,5.0070497439139645,80,2.1660910359350964,65,2012
2012_05_DEN_NE,5,NE,13.000607234326704,110,12.358939539902,86,2012
2012_05_GB_IND,5,GB,2.0081567160635245,88,4.349995541569511,61,2012
2012_05_GB_IND,5,IND,3.8452764252181786,115,4.572788900883805,90,2012
2012_05_HOU_NYJ,5,HOU,6.774031075308356,82,6.990837848391477,63,2012
2012_05_HOU_NYJ,5,NYJ,-2.7299802125112382,77,-9.164439644237321,58,2012
2012_05_MIA_CIN,5,CIN,-11.350082651416642,84,-13.137740761145826,65,2012
2012_05_MIA_CIN,5,MIA,-5.255036772976839,80,-4.787997300132685,59,2012
2012_05_PHI_PIT,5,PHI,1.763125029226556,69,0.0835574131924659,56,2012
2012_05_PHI_PIT,5,PIT,2.32316605747178,89,2.8275190443650553,67,2012
2012_05_SD_NO,5,LAC,4.685494373177092,87,5.359354734925974,65,2012
2012_05_SD_NO,5,NO,10.38732286556628,91,9.832866405330861,67,2012
2012_05_SEA_CAR,5,CAR,-19.57289920624612,73,-20.640372129614704,52,2012
2012_05_SEA_CAR,5,SEA,-11.183855269798414,77,-4.564509958391572,61,2012
2012_05_TEN_MIN,5,MIN,11.49581602003603,82,8.5020977912768,66,2012
2012_05_TEN_MIN,5,TEN,-12.41201762064301,90,-9.226563764619641,68,2012
2012_06_BUF_ARI,6,ARI,-10.428849960760942,91,-13.659448010726786,70,2012
2012_06_BUF_ARI,6,BUF,-7.500906074004776,89,-9.443697028824314,67,2012
2012_06_CIN_CLE,6,CIN,-12.234738066604908,92,-8.11029984901797,66,2012
2012_06_CIN_CLE,6,CLE,-3.0691844394141334,88,-3.3380536334520094,64,2012
2012_06_DAL_BAL,6,BAL,19.527662295225124,72,13.858167923335296,48,2012
2012_06_DAL_BAL,6,DAL,20.951833022260935,109,24.300406774769716,80,2012
2012_06_DEN_SD,6,DEN,-1.7771751858601919,75,8.281274046079488,50,2012
2012_06_DEN_SD,6,LAC,-16.927464561116498,94,-21.899234155281647,72,2012
2012_06_DET_PHI,6,DET,6.065223674647767,107,6.453387561338477,73,2012
2012_06_DET_PHI,6,PHI,-0.48288090305004694,105,-7.3402669477648015,77,2012
2012_06_GB_HOU,6,GB,19.484133212209024,92,17.114916438353248,70,2012
2012_06_GB_HOU,6,HOU,-2.606874972367055,89,-6.999077668188956,69,2012
2012_06_IND_NYJ,6,IND,-4.088543937483337,84,-13.794938521863843,64,2012
2012_06_IND_NYJ,6,NYJ,20.674267799789728,81,17.421957716695033,63,2012
2012_06_KC_TB,6,KC,-21.183394327755423,89,-23.055195197276046,68,2012
2012_06_KC_TB,6,TB,6.806403483052914,68,16.77720873183307,50,2012
2012_06_MIN_WAS,6,MIN,5.684900734515628,100,1.1023073902655938,82,2012
2012_06_MIN_WAS,6,WAS,14.647280361495856,76,14.782121423278346,53,2012
2012_06_NE_SEA,6,NE,4.884158228008799,102,5.7735528085233945,85,2012
2012_06_NE_SEA,6,SEA,2.1764167103231076,74,2.4450808180263266,53,2012
2012_06_NYG_SF,6,NYG,8.252818495334848,80,3.7182900999222164,63,2012
2012_06_NYG_SF,6,SF,-20.05371063336497,80,-15.43225499460005,60,2012
2012_06_OAK_ATL,6,ATL,-10.468534472008448,72,-13.398023260440468,53,2012
2012_06_OAK_ATL,6,LV,-11.943772040936146,90,-5.327386193098924,68,2012
2012_06_PIT_TEN,6,PIT,7.386151525666262,80,8.760518925450555,63,2012
2012_06_PIT_TEN,6,TEN,6.5170675241474765,91,-2.201012327470151,69,2012
2012_06_STL_MIA,6,LA,4.449919710910879,87,17.152758255757018,70,2012
2012_06_STL_MIA,6,MIA,5.238727949684742,72,-3.0899580884530113,48,2012
2012_07_ARI_MIN,7,ARI,-18.450123555842172,88,-12.678307147580199,69,2012
2012_07_ARI_MIN,7,MIN,-12.713246145061872,67,-13.58403815950184,47,2012
2012_07_BAL_HOU,7,BAL,-12.474867285429298,79,-24.511540942921172,59,2012
2012_07_BAL_HOU,7,HOU,15.909661230911578,97,17.0807558022816,75,2012
2012_07_CLE_IND,7,CLE,-0.08725280255737444,75,6.528226890863152,58,2012
2012_07_CLE_IND,7,IND,2.683086296900113,87,3.313061692609857,69,2012
2012_07_DAL_CAR,7,CAR,-3.393548752230801,79,-2.8798462713020854,59,2012
2012_07_DAL_CAR,7,DAL,5.177993544876471,83,1.4501024643738925,64,2012
2012_07_DET_CHI,7,CHI,-5.393111112290399,91,-6.500937887287295,68,2012
2012_07_DET_CHI,7,DET,-11.39632746623397,83,-10.559603924513794,67,2012
2012_07_GB_STL,7,GB,15.385105402444635,87,15.66779381604576,64,2012
2012_07_GB_STL,7,LA,-0.05799945439792098,77,0.2733347881523507,58,2012
2012_07_JAX_OAK,7,JAX,-10.542864540408575,88,-20.089142268655216,60,2012
2012_07_JAX_OAK,7,LV,-10.219773668612563,102,-9.799086198541413,72,2012
2012_07_NO_TB,7,NO,24.833705144839538,82,21.12205723649822,62,2012
2012_07_NO_TB,7,TB,14.048228048096458,91,20.684114895460226,67,2012
2012_07_NYJ_NE,7,NE,13.15766508642832,103,4.248135627060426,74,2012
2012_07_NYJ_NE,7,NYJ,14.773026606833353,98,9.143902028008934,78,2012
2012_07_PIT_CIN,7,CIN,-0.32185941182842903,66,-6.270188392062409,48,2012
2012_07_PIT_CIN,7,PIT,9.747384092643985,85,9.957934081529626,70,2012
2012_07_SEA_SF,7,SEA,-6.254020999360364,70,-6.78199123602512,53,2012
2012_07_SEA_SF,7,SF,-0.3509933702514978,72,3.0100292458666686,55,2012
2012_07_TEN_BUF,7,BUF,16.339407557681028,79,9.90438363743105,60,2012
2012_07_TEN_BUF,7,TEN,20.62717747317924,83,21.25549316284014,61,2012
2012_07_WAS_NYG,7,NYG,7.679896682804835,81,9.933756043866808,59,2012
2012_07_WAS_NYG,7,WAS,6.4695517403101785,83,6.508178905454471,69,2012
2012_08_ATL_PHI,8,ATL,20.17528906378561,90,15.196221879434368,68,2012
2012_08_ATL_PHI,8,PHI,3.963110940510431,78,1.919892734721465,62,2012
2012_08_CAR_CHI,8,CAR,0.4171837336077706,96,-1.6075111258747845,77,2012
2012_08_CAR_CHI,8,CHI,-2.5327567042608043,72,-8.140654221020384,54,2012
2012_08_IND_TEN,8,IND,12.895481697753667,88,17.36198573116959,73,2012
2012_08_IND_TEN,8,TEN,4.078642543293198,75,8.387991311939063,56,2012
2012_08_JAX_GB,8,GB,-6.500954871576826,85,-10.397222527044569,63,2012
2012_08_JAX_GB,8,JAX,-13.369013785952003,92,-10.255771525212932,72,2012
2012_08_MIA_NYJ,8,MIA,5.497515233013698,80,-5.866249409054866,55,2012
2012_08_MIA_NYJ,8,NYJ,-20.293864851773716,100,-13.605507114588548,80,2012
2012_08_NE_STL,8,LA,-2.470273654699896,81,-6.685565725871129,57,2012
2012_08_NE_STL,8,NE,36.903011214130395,84,31.85139095206435,66,2012
2012_08_NO_DEN,8,DEN,19.371395563956863,90,17.512952328412247,70,2012
2012_08_NO_DEN,8,NO,0.40371373110383324,79,-3.5681132515892386,59,2012
2012_08_NYG_DAL,8,DAL,-11.871541648888355,104,-16.559999506595425,81,2012
2012_08_NYG_DAL,8,NYG,-1.5410641335691952,80,-10.199168459089446,58,2012
2012_08_OAK_KC,8,KC,-12.092311495619697,78,-14.41651491504079,58,2012
2012_08_OAK_KC,8,LV,1.6262256556742596,84,-0.8747800557487722,61,2012
2012_08_SD_CLE,8,CLE,-9.519076353866012,79,-7.175837860035244,60,2012
2012_08_SD_CLE,8,LAC,-9.087626444990747,80,-12.718902085300236,68,2012
2012_08_SEA_DET,8,DET,14.71170595616572,88,17.09036405920051,73,2012
2012_08_SEA_DET,8,SEA,13.72428101642002,73,8.337790458280345,54,2012
2012_08_SF_ARI,8,ARI,-14.514775382122025,85,-11.389504614301007,65,2012
2012_08_SF_ARI,8,SF,10.081211914872423,70,9.821237715766928,52,2012
2012_08_TB_MIN,8,MIN,-12.060024690598928,80,-14.46410064612872,59,2012
2012_08_TB_MIN,8,TB,13.340492755425077,98,12.794976996627671,77,2012
2012_08_WAS_PIT,8,PIT,14.296587855335243,74,11.839517474987757,61,2012
2012_08_WAS_PIT,8,WAS,0.9123472189573922,77,2.590139102500122,55,2012
2012_09_ARI_GB,9,ARI,-7.078903566455212,86,-4.920373943911627,66,2012
2012_09_ARI_GB,9,GB,5.391850996197714,91,5.69873429135551,66,2012
2012_09_BAL_CLE,9,BAL,1.5010511317465225,83,3.7820731407175625,62,2012
2012_09_BAL_CLE,9,CLE,-10.41562028042972,88,-14.340281350572166,65,2012
2012_09_BUF_HOU,9,BUF,-6.973271413822658,74,-6.384612970270514,57,2012
2012_09_BUF_HOU,9,HOU,4.007060049840389,82,10.07954365533553,60,2012
2012_09_CAR_WAS,9,CAR,11.40199537093417,70,11.152945069397298,50,2012
2012_09_CAR_WAS,9,WAS,1.4038384959028454,96,3.6345917268856436,75,2012
2012_09_CHI_TEN,9,CHI,3.6077071767908766,86,5.174694776585305,62,2012
2012_09_CHI_TEN,9,TEN,-35.95438621310598,80,-27.32772254544289,56,2012
2012_09_DAL_ATL,9,ATL,4.309354017829183,82,9.039999323261664,63,2012
2012_09_DAL_ATL,9,DAL,0.3271260139794421,71,5.243647048600623,54,2012
2012_09_DEN_CIN,9,CIN,8.262251120418567,95,3.547745739154106,71,2012
2012_09_DEN_CIN,9,DEN,19.497819687140687,79,10.954858495559183,59,2012
2012_09_DET_JAX,9,DET,24.7513714667466,86,25.209852435868157,66,2012
2012_09_DET_JAX,9,JAX,4.6703232541624455,73,1.186672067881096,61,2012
2012_09_KC_SD,9,KC,-4.963046994172374,76,-8.679471930266079,60,2012
2012_09_KC_SD,9,LAC,12.661329112032941,67,7.021028391184622,47,2012
2012_09_MIA_IND,9,IND,10.814609238594242,95,18.006819580687143,75,2012
2012_09_MIA_IND,9,MIA,9.93398023464408,83,10.306910028856912,57,2012
2012_09_MIN_SEA,9,MIN,8.71577303810909,68,0.8247369239819271,53,2012
2012_09_MIN_SEA,9,SEA,16.552750695514074,92,16.993903285613122,70,2012
2012_09_PHI_NO,9,NO,4.0276296301978105,69,11.897392670025164,53,2012
2012_09_PHI_NO,9,PHI,-9.12877418154093,95,-4.140162576319145,76,2012
2012_09_PIT_NYG,9,NYG,-5.691210864976258,68,-9.562808259637496,48,2012
2012_09_PIT_NYG,9,PIT,0.1537318913744885,86,-4.775811821338721,65,2012
2012_09_TB_OAK,9,LV,6.017180562076078,106,-1.0648246319101453,76,2012
2012_09_TB_OAK,9,TB,20.828232863827445,89,26.41127902553319,62,2012
2012_10_ATL_NO,10,ATL,11.944526593698567,89,13.249823349864052,71,2012
2012_10_ATL_NO,10,NO,11.806302093225572,81,12.137245418132345,61,2012
2012_10_BUF_NE,10,BUF,17.616300655196934,97,21.42561264422483,71,2012
2012_10_BUF_NE,10,NE,21.37836545404843,89,11.684933226219158,68,2012
2012_10_DAL_PHI,10,DAL,6.100157131113288,76,5.651109055317397,53,2012
2012_10_DAL_PHI,10,PHI,-12.165297614281148,100,-9.653016060974245,65,2012
2012_10_DEN_CAR,10,CAR,-25.031296495106744,93,-19.41305159766119,64,2012
2012_10_DEN_CAR,10,DEN,1.277958382403991,82,-1.941569072634552,59,2012
2012_10_DET_MIN,10,DET,-1.4743022070877185,83,2.1368676031946743,61,2012
2012_10_DET_MIN,10,MIN,6.994433192620773,90,5.504532179297469,66,2012
2012_10_HOU_CHI,10,CHI,-25.793870499997865,72,-25.778496875913063,56,2012
2012_10_HOU_CHI,10,HOU,-16.37058362137327,79,-12.505745427796116,60,2012
2012_10_IND_JAX,10,IND,5.6229373633816495,81,5.859309103221602,61,2012
2012_10_IND_JAX,10,JAX,-14.701515606309158,86,-15.057573325462634,63,2012
2012_10_KC_PIT,10,KC,-10.644114913628995,83,-7.673102498756613,62,2012
2012_10_KC_PIT,10,PIT,-8.372218419542163,79,-11.554665805152736,62,2012
2012_10_NYG_CIN,10,CIN,4.574790084111552,74,4.708132944717046,56,2012
2012_10_NYG_CIN,10,NYG,-12.87360893364098,88,-15.97475522317972,70,2012
2012_10_NYJ_SEA,10,NYJ,-18.319604938903694,68,-17.820427249011118,50,2012
2012_10_NYJ_SEA,10,SEA,2.817687502672012,88,2.2320625455176923,65,2012
2012_10_OAK_BAL,10,BAL,34.80087777649282,84,15.021113531362474,62,2012
2012_10_OAK_BAL,10,LV,1.5986295521229277,98,0.24577635970702616,73,2012
2012_10_SD_TB,10,LAC,2.1485786737305226,82,5.651929035782814,65,2012
2012_10_SD_TB,10,TB,10.78202594428421,58,8.603306464820253,43,2012
2012_10_STL_SF,10,LA,6.79965849545101,106,20.443840742209236,78,2012
2012_10_STL_SF,10,SF,5.118296874700033,85,8.47942619940599,64,2012
2012_10_TEN_MIA,10,MIA,-26.856030989147257,77,-23.870737403701053,55,2012
2012_10_TEN_MIA,10,TEN,11.79128985376428,77,10.239429412313052,57,2012
2012_11_ARI_ATL,11,ARI,-23.709268473504917,77,-27.10353175371728,56,2012
2012_11_ARI_ATL,11,ATL,-23.076530354405968,90,-28.801166132990446,68,2012
2012_11_BAL_PIT,11,BAL,-9.578118661530652,78,-9.64885833194454,56,2012
2012_11_BAL_PIT,11,PIT,-14.93760354083065,87,-10.185470818157933,69,2012
2012_11_CHI_SF,11,CHI,-11.13529072876122,72,-16.379698171978816,56,2012
2012_11_CHI_SF,11,SF,13.231595732559612,72,10.00728775653336,53,2012
2012_11_CIN_KC,11,CIN,15.369466616207315,90,18.795567762654855,69,2012
2012_11_CIN_KC,11,KC,-9.710927025065757,77,-15.234371218675076,59,2012
2012_11_CLE_DAL,11,CLE,-2.919313740094255,85,-2.2471848271941868,70,2012
2012_11_CLE_DAL,11,DAL,-3.292930530202172,110,-2.931380615151069,78,2012
2012_11_GB_DET,11,DET,-13.879736843128903,87,-16.295231998960222,68,2012
2012_11_GB_DET,11,GB,-8.142808808098168,83,-0.9779576316447476,59,2012
2012_11_IND_NE,11,IND,-9.675037744616706,98,-7.050802501210256,75,2012
2012_11_IND_NE,11,NE,24.06917881334629,79,25.524104645311766,60,2012
2012_11_JAX_HOU,11,HOU,15.547298707082742,118,15.533888521404355,92,2012
2012_11_JAX_HOU,11,JAX,12.907096645460339,89,13.936753127322753,66,2012
2012_11_MIA_BUF,11,BUF,-3.554074900657043,87,-8.914603969791187,60,2012
2012_11_MIA_BUF,11,MIA,-6.98374078384086,78,-15.347828370339752,55,2012
2012_11_NO_OAK,11,LV,-4.787784380072937,92,-7.526903186909484,69,2012
2012_11_NO_OAK,11,NO,20.404921187691567,73,20.368115532301807,54,2012
2012_11_NYJ_STL,11,LA,-19.107651989923323,84,-17.659852460739668,65,2012
2012_11_NYJ_STL,11,NYJ,-0.40995355313931814,81,2.328502316836391,63,2012
2012_11_PHI_WAS,11,PHI,-16.272391604434233,94,-17.761453710065737,71,2012
2012_11_PHI_WAS,11,WAS,7.741422676556791,74,12.035100940760458,50,2012
2012_11_SD_DEN,11,DEN,-9.527682752102695,93,-7.928274471908766,69,2012
2012_11_SD_DEN,11,LAC,-16.23407501155612,93,-16.497256237838883,67,2012
2012_11_TB_CAR,11,CAR,-6.643329163185402,87,-3.229687894416504,63,2012
2012_11_TB_CAR,11,TB,2.0933002185091736,99,-4.771053487555559,77,2012
2012_12_ATL_TB,12,ATL,10.068034905574901,74,13.059788968356044,57,2012
2012_12_ATL_TB,12,TB,6.324727700304264,73,8.536453447992052,54,2012
2012_12_BAL_SD,12,BAL,4.6150879290696585,112,1.5386420634113391,91,2012
2012_12_BAL_SD,12,LAC,-0.035633779242972174,87,-4.490345536187549,65,2012
2012_12_BUF_IND,12,BUF,-3.8910879742142592,76,-1.1684525803365817,58,2012
2012_12_BUF_IND,12,IND,0.7836319773997484,89,-1.3134457078905952,66,2012
2012_12_CAR_PHI,12,CAR,10.76990088426373,86,16.598104827373998,63,2012
2012_12_CAR_PHI,12,PHI,-0.554034476353193,65,-4.171641569756643,49,2012
2012_12_DEN_KC,12,DEN,4.639146305745724,78,10.106282535688848,63,2012
2012_12_DEN_KC,12,KC,-4.636392377171433,81,-8.355459645088809,58,2012
2012_12_GB_NYG,12,GB,-9.029522938765922,79,-7.3439622328699485,58,2012
2012_12_GB_NYG,12,NYG,17.951890007847165,78,17.322716192553074,61,2012
2012_12_HOU_DET,12,DET,1.87326630166503,114,4.816718635141365,87,2012
2012_12_HOU_DET,12,HOU,9.142979561316356,101,12.38522584855109,77,2012
2012_12_MIN_CHI,12,CHI,-2.349538118875329,87,-6.196987985824887,71,2012
2012_12_MIN_CHI,12,MIN,-19.41310868563164,81,-16.702549985525664,65,2012
2012_12_NE_NYJ,12,NE,19.56550760284994,87,26.130863200658165,64,2012
2012_12_NE_NYJ,12,NYJ,-16.134934021908066,88,-11.655545533634722,66,2012
2012_12_OAK_CIN,12,CIN,10.756768289854332,85,15.94823475286869,63,2012
2012_12_OAK_CIN,12,LV,-13.14131927373387,79,-17.327899517502956,61,2012
2012_12_PIT_CLE,12,CLE,-21.709001135450762,87,-19.16552922092133,64,2012
2012_12_PIT_CLE,12,PIT,-27.11211026130195,79,-25.498836547572864,55,2012
2012_12_SEA_MIA,12,MIA,12.589945284546271,74,13.210912190924464,53,2012
2012_12_SEA_MIA,12,SEA,10.874295189640403,77,8.332788706989959,56,2012
2012_12_SF_NO,12,NO,-15.201449424694843,85,-24.39245821919758,65,2012
2012_12_SF_NO,12,SF,-1.1605062358779432,80,11.43409435503862,56,2012
2012_12_STL_ARI,12,ARI,-22.14169758470223,97,-24.55677577787868,77,2012
2012_12_STL_ARI,12,LA,-4.345116788972295,77,2.5435884878981128,53,2012
2012_12_TEN_JAX,12,JAX,5.759327497928322,81,1.251682109837433,59,2012
2012_12_TEN_JAX,12,TEN,2.045136617326306,91,3.4932509642091016,70,2012
2012_12_WAS_DAL,12,DAL,5.272156264742308,97,4.572009324749453,74,2012
2012_12_WAS_DAL,12,WAS,15.267642894632726,86,14.720017963649433,61,2012
2012_13_ARI_NYJ,13,ARI,-23.81978082761634,70,-29.243325850419737,54,2012
2012_13_ARI_NYJ,13,NYJ,-24.044723911905066,90,-23.013876458801683,74,2012
2012_13_CAR_KC,13,CAR,15.352629714774817,67,16.349857948021963,51,2012
2012_13_CAR_KC,13,KC,18.935279125942767,84,13.08414144764406,67,2012
2012_13_CIN_SD,13,CIN,-4.617935167966154,88,-7.6187979742895955,71,2012
2012_13_CIN_SD,13,LAC,-14.319106073347257,86,-11.263478358800972,62,2012
2012_13_CLE_OAK,13,CLE,12.63463449324763,84,15.741311372185962,66,2012
2012_13_CLE_OAK,13,LV,6.228438361323695,92,9.941581186983,69,2012
2012_13_HOU_TEN,13,HOU,-0.7416300276397605,92,0.08262437678738621,67,2012
2012_13_HOU_TEN,13,TEN,-18.508813552437687,90,-22.400928126333042,68,2012
2012_13_IND_DET,13,DET,0.7025676023651917,99,-1.7903201736285679,75,2012
2012_13_IND_DET,13,IND,3.596790540803391,101,2.14027942501707,72,2012
2012_13_JAX_BUF,13,BUF,6.951777648838284,84,4.6262272520102155,62,2012
2012_13_JAX_BUF,13,JAX,-8.788168560723646,89,-19.50742902654835,63,2012
2012_13_MIN_GB,13,GB,10.120304380435753,99,10.04893156476265,73,2012
2012_13_MIN_GB,13,MIN,2.443105406252924,70,1.7706355631829367,53,2012
2012_13_NE_MIA,13,MIA,-6.781464416645805,79,-9.580563637670002,58,2012
2012_13_NE_MIA,13,NE,3.4041860240190527,99,3.0418993271510675,74,2012
2012_13_NO_ATL,13,ATL,-7.0500118380470465,76,-7.676803840867743,54,2012
2012_13_NO_ATL,13,NO,-15.856833392122635,93,-13.55443402408756,74,2012
2012_13_NYG_WAS,13,NYG,10.648099347604102,82,14.883172345010873,63,2012
2012_13_NYG_WAS,13,WAS,9.142315214042808,65,11.397141541291605,51,2012
2012_13_PHI_DAL,13,DAL,13.764981019743988,84,22.658478789505047,61,2012
2012_13_PHI_DAL,13,PHI,10.6904785719492,78,8.355849055083059,62,2012
2012_13_PIT_BAL,13,BAL,-0.8879739587341664,80,-6.54730370420485,57,2012
2012_13_PIT_BAL,13,PIT,3.839345391499135,81,0.569324021580961,65,2012
2012_13_SEA_CHI,13,CHI,7.595500869335863,78,6.222074626389997,59,2012
2012_13_SEA_CHI,13,SEA,15.68146268535338,86,16.540518443572687,71,2012
2012_13_SF_STL,13,LA,-13.661435461035463,93,-9.24392417115827,68,2012
2012_13_SF_STL,13,SF,-11.520193152545826,93,-7.875345526739862,71,2012
2012_13_TB_DEN,13,DEN,0.5055455073770609,95,1.8094369759155313,65,2012
2012_13_TB_DEN,13,TB,-4.320579031764739,84,-5.708476592921528,61,2012
2012_14_ARI_SEA,14,ARI,-36.10713095360552,81,-37.18876684590941,58,2012
2012_14_ARI_SEA,14,SEA,23.284830730147625,85,19.111225559646666,64,2012
2012_14_ATL_CAR,14,ATL,12.873279318149457,79,13.293563571627718,63,2012
2012_14_ATL_CAR,14,CAR,22.199275096658535,84,21.620294008497034,66,2012
2012_14_BAL_WAS,14,BAL,7.524372003349523,81,5.90243464539526,57,2012
2012_14_BAL_WAS,14,WAS,7.706459802569612,90,3.741982014186724,67,2012
2012_14_CHI_MIN,14,CHI,-10.121771565132056,93,-6.647318363189697,73,2012
2012_14_CHI_MIN,14,MIN,-3.9510246488178087,76,-2.664098814188037,53,2012
2012_14_DAL_CIN,14,CIN,2.6959198514275604,77,-1.9673809262265838,57,2012
2012_14_DAL_CIN,14,DAL,6.042336566848006,90,4.880044181922711,70,2012
2012_14_DEN_OAK,14,DEN,16.463777832171672,96,9.276103791666014,75,2012
2012_14_DEN_OAK,14,LV,-1.3657361695178434,69,-2.2144161175382324,47,2012
2012_14_DET_GB,14,DET,-0.8508977749065725,100,-0.0942594672402981,76,2012
2012_14_DET_GB,14,GB,4.641524813732983,68,0.2785262085127198,51,2012
2012_14_HOU_NE,14,HOU,-4.555917280019004,86,-5.09992412396241,65,2012
2012_14_HOU_NE,14,NE,23.332532858501956,92,17.425913177314214,70,2012
2012_14_KC_CLE,14,CLE,6.395324109891814,86,7.573947821266634,66,2012
2012_14_KC_CLE,14,KC,-16.75798273452824,75,-6.121747457480524,52,2012
2012_14_MIA_SF,14,MIA,2.266880021493079,76,-3.438188048099745,57,2012
2012_14_MIA_SF,14,SF,15.299010908302304,72,10.089295058129483,52,2012
2012_14_NO_NYG,14,NO,-6.817578646777977,92,-5.641578148506494,67,2012
2012_14_NO_NYG,14,NYG,15.657657173841692,89,3.999498914424457,60,2012
2012_14_NYJ_JAX,14,JAX,-11.415348541161848,89,-7.864711759779146,69,2012
2012_14_NYJ_JAX,14,NYJ,-2.278811258546286,79,-5.111921432029312,61,2012
2012_14_PHI_TB,14,PHI,4.118262036464899,93,5.162492434966872,73,2012
2012_14_PHI_TB,14,TB,0.35098359163075177,93,0.5997151565388776,68,2012
2012_14_SD_PIT,14,LAC,6.722695817256859,102,2.5639362724235646,77,2012
2012_14_SD_PIT,14,PIT,-7.346550679810892,86,-5.8125896798446774,60,2012
2012_14_STL_BUF,14,BUF,-8.677440861661918,72,-9.380911820500904,59,2012
2012_14_STL_BUF,14,LA,-3.9226383246524374,86,-1.4865466575282626,67,2012
2012_14_TEN_IND,14,IND,-2.1249587076779926,87,-8.385666190284063,65,2012
2012_14_TEN_IND,14,TEN,-3.9637325924048827,85,-3.1597264495275095,60,2012
2012_15_CAR_SD,15,CAR,14.75012220164626,89,12.540954734257982,74,2012
2012_15_CAR_SD,15,LAC,-13.307336268389236,67,-14.74449876541621,45,2012
2012_15_CIN_PHI,15,CIN,-14.18606845712657,98,-10.808376725340889,70,2012
2012_15_CIN_PHI,15,PHI,-39.26639715220813,77,-29.875782733463975,53,2012
2012_15_DEN_BAL,15,BAL,-18.006079421631966,84,-26.29746143623142,61,2012
2012_15_DEN_BAL,15,DEN,2.1961181143005852,99,6.55395777849081,73,2012
2012_15_DET_ARI,15,ARI,-5.248793420916346,74,-13.96899174494775,51,2012
2012_15_DET_ARI,15,DET,-33.52868531419875,100,-30.706360620678673,74,2012
2012_15_GB_CHI,15,CHI,-7.107402366930956,70,-13.568803535371233,48,2012
2012_15_GB_CHI,15,GB,1.4920030842897605,93,6.210493696651614,71,2012
2012_15_IND_HOU,15,HOU,6.401648366540142,86,6.9110665019067,66,2012
2012_15_IND_HOU,15,IND,-5.438993771494895,80,-7.487635002082067,56,2012
2012_15_JAX_MIA,15,JAX,-6.306248742854223,77,-8.241078213981437,57,2012
2012_15_JAX_MIA,15,MIA,14.552407970234414,81,6.397026857071353,64,2012
2012_15_KC_OAK,15,KC,-21.234135298524052,63,-26.430309403745923,46,2012
2012_15_KC_OAK,15,LV,-5.834901278838515,93,-6.750169286165377,75,2012
2012_15_MIN_STL,15,LA,-11.259931076757358,102,-7.445518070920004,78,2012
2012_15_MIN_STL,15,MIN,8.860425233116286,76,2.7412807332022417,57,2012
2012_15_NYG_ATL,15,ATL,12.743245212733786,79,18.526869755059085,64,2012
2012_15_NYG_ATL,15,NYG,-23.455808722705115,59,-20.920139243006705,47,2012
2012_15_NYJ_TEN,15,NYJ,-12.412436569279862,85,-18.110084145113106,63,2012
2012_15_NYJ_TEN,15,TEN,-10.157175738646858,76,-3.5841526244190174,55,2012
2012_15_PIT_DAL,15,DAL,6.082067017920221,86,8.749324832297079,62,2012
2012_15_PIT_DAL,15,PIT,4.292018615069705,80,5.658843259651494,60,2012
2012_15_SEA_BUF,15,BUF,-17.381302280601794,89,-18.070590475451986,66,2012
2012_15_SEA_BUF,15,SEA,24.969787937303835,78,28.259297633424207,57,2012
2012_15_SF_NE,15,NE,-4.473105841124383,115,-9.171170458722745,90,2012
2012_15_SF_NE,15,SF,6.151853948038247,90,0.3046776731452301,65,2012
2012_15_TB_NO,15,NO,16.86626638729654,87,15.454114478263422,64,2012
2012_15_TB_NO,15,TB,-26.40269836198422,88,-20.38156718877144,71,2012
2012_15_WAS_CLE,15,CLE,-10.289574717798818,73,-11.796232680266257,52,2012
2012_15_WAS_CLE,15,WAS,11.46026403383416,94,14.444190346843358,73,2012
2012_16_ATL_DET,16,ATL,13.39236028721793,72,13.520809299846622,55,2012
2012_16_ATL_DET,16,DET,-4.587676368371457,94,-5.170086439215474,78,2012
2012_16_BUF_MIA,16,BUF,-7.388404193329962,85,-5.515947453062057,65,2012
2012_16_BUF_MIA,16,MIA,4.6488104036673095,78,5.338467600642693,60,2012
2012_16_CHI_ARI,16,ARI,-29.041117082549988,93,-37.824854421517315,72,2012
2012_16_CHI_ARI,16,CHI,-11.910671315723222,80,-4.333438923221271,58,2012
2012_16_CIN_PIT,16,CIN,-12.018147975493093,80,-15.64080001872422,63,2012
2012_16_CIN_PIT,16,PIT,-16.33989736981607,82,-16.952101079400116,62,2012
2012_16_CLE_DEN,16,CLE,-0.7712519925697707,81,-4.179314657056863,60,2012
2012_16_CLE_DEN,16,DEN,19.54026317429361,103,16.718197428215248,74,2012
2012_16_IND_KC,16,IND,4.563404076042842,83,-2.5537732662458836,62,2012
2012_16_IND_KC,16,KC,-4.884358495003881,89,-3.099721917688825,66,2012
2012_16_MIN_HOU,16,HOU,-16.183193914592266,74,-18.871217791253933,52,2012
2012_16_MIN_HOU,16,MIN,4.708009616537423,90,4.214441523711278,70,2012
2012_16_NE_JAX,16,JAX,-3.2585155659428446,96,-3.041996450534822,73,2012
2012_16_NE_JAX,16,NE,4.578429040158424,90,3.988125288135204,71,2012
2012_16_NO_DAL,16,DAL,13.60179241462924,75,11.945949622412433,55,2012
2012_16_NO_DAL,16,NO,19.816454571744767,118,23.38294409332779,90,2012
2012_16_NYG_BAL,16,BAL,21.97008697969272,100,20.492339834491617,77,2012
2012_16_NYG_BAL,16,NYG,2.9672240987506466,68,0.21988191147102043,45,2012
2012_16_OAK_CAR,16,CAR,-0.30701655585153453,76,2.8874608232991923,56,2012
2012_16_OAK_CAR,16,LV,-10.059090753085911,76,-15.931659455555288,59,2012
2012_16_SD_NYJ,16,LAC,-3.33573278288691,80,-2.6771958017793906,52,2012
2012_16_SD_NYJ,16,NYJ,-17.695050294327757,76,-16.416330075749627,59,2012
2012_16_SF_SEA,16,SEA,20.24165348682117,76,19.85032852407312,58,2012
2012_16_SF_SEA,16,SF,-8.255109535875135,75,-1.358492187189431,56,2012
2012_16_STL_TB,16,LA,1.8198168589324233,73,3.895904881414026,52,2012
2012_16_STL_TB,16,TB,-15.971930119379294,94,-19.403784932502038,81,2012
2012_16_TEN_GB,16,GB,23.81201113361862,95,22.993279581767833,73,2012
2012_16_TEN_GB,16,TEN,-25.203431501805653,79,-25.115026855259202,59,2012
2012_16_WAS_PHI,16,PHI,-2.228944461609446,90,-1.1761205064762819,75,2012
2012_16_WAS_PHI,16,WAS,9.281224691700341,67,8.660029775020483,52,2012
2012_17_ARI_SF,17,ARI,-6.098422172067559,72,-5.785662029556095,53,2012
2012_17_ARI_SF,17,SF,6.963883236238186,85,12.576647193800804,65,2012
2012_17_BAL_CIN,17,BAL,-9.396020767619577,109,-7.386954736448789,83,2012
2012_17_BAL_CIN,17,CIN,-3.6561390230695014,69,-11.09369739780743,47,2012
2012_17_CAR_NO,17,CAR,17.84880168568639,95,21.95790068263508,73,2012
2012_17_CAR_NO,17,NO,6.041133993436284,86,9.214965031003306,63,2012
2012_17_CHI_DET,17,CHI,-4.283592495444443,88,1.185049526077429,65,2012
2012_17_CHI_DET,17,DET,-11.773107489247893,82,-5.584577028047949,62,2012
2012_17_CLE_PIT,17,CLE,-9.924058038853445,80,-9.207693485300446,62,2012
2012_17_CLE_PIT,17,PIT,3.3253504624719854,70,-1.169647952056477,51,2012
2012_17_DAL_WAS,17,DAL,-1.3622524420017026,75,-2.4900012037940913,62,2012
2012_17_DAL_WAS,17,WAS,7.152389884186956,77,11.330868836617942,61,2012
2012_17_GB_MIN,17,GB,16.397494977654464,85,12.733519467921944,60,2012
2012_17_GB_MIN,17,MIN,16.94396959730661,89,14.74867706450954,66,2012
2012_17_HOU_IND,17,HOU,2.26505371826721,77,3.474263134438454,59,2012
2012_17_HOU_IND,17,IND,11.7098847760501,84,3.3779396335594356,59,2012
2012_17_JAX_TEN,17,JAX,-30.59050048224742,91,-16.681022594202542,72,2012
2012_17_JAX_TEN,17,TEN,-14.540868187592654,71,-12.705516055766273,51,2012
2012_17_KC_DEN,17,DEN,22.06635246899509,92,19.734702159670473,72,2012
2012_17_KC_DEN,17,KC,-13.51101747402572,69,-14.299168465190592,47,2012
2012_17_MIA_NE,17,MIA,-15.522977665183134,70,-14.321347025422895,57,2012
2012_17_MIA_NE,17,NE,13.134245342999744,92,17.413983632111922,75,2012
2012_17_NYJ_BUF,17,BUF,-0.45246515398048714,74,3.3562994010722944,57,2012
2012_17_NYJ_BUF,17,NYJ,-18.686756452778354,93,-16.564655052753473,71,2012
2012_17_OAK_SD,17,LAC,4.676924192417798,71,-0.7723551740848658,50,2012
2012_17_OAK_SD,17,LV,3.739756399138284,81,1.1242906297266018,57,2012
2012_17_PHI_NYG,17,NYG,27.606456170524773,74,24.199033330456587,55,2012
2012_17_PHI_NYG,17,PHI,-7.319083058300067,80,-4.507930185178644,65,2012
2012_17_STL_SEA,17,LA,3.769921102565376,85,4.037375238423153,61,2012
2012_17_STL_SEA,17,SEA,9.290167322507385,80,9.670386835832419,53,2012
2012_17_TB_ATL,17,ATL,-11.770777930348393,79,-6.952819385527457,62,2012
2012_17_TB_ATL,17,TB,-1.9507013997294607,83,-1.515584053807519,66,2012
2013_01_ARI_STL,1,ARI,0.13790599510251322,88,3.6763012651169937,70,2013
2013_01_ARI_STL,1,LA,1.0191277087783774,85,-2.3463020683855746,63,2013
2013_01_ATL_NO,1,ATL,-1.5127110142085967,71,-1.7126908491882258,55,2013
2013_01_ATL_NO,1,NO,3.0181489334616547,83,3.4656714427213373,64,2013
2013_01_BAL_DEN,1,BAL,2.637587968855084,116,-3.033457644205489,87,2013
2013_01_BAL_DEN,1,DEN,22.702344826278242,94,22.945259795931634,66,2013
2013_01_CIN_CHI,1,CHI,4.336710069981788,80,7.531375698497945,58,2013
2013_01_CIN_CHI,1,CIN,3.487779597037158,71,3.2073688177624717,54,2013
2013_01_GB_SF,1,GB,8.063025890750392,80,10.272037677990738,57,2013
2013_01_GB_SF,1,SF,13.310497517685686,101,17.870288824528426,75,2013
2013_01_HOU_SD,1,HOU,9.70516903129737,97,8.108804310120288,75,2013
2013_01_HOU_SD,1,LAC,3.7243739247960512,71,1.460797718144022,51,2013
2013_01_KC_JAX,1,JAX,-33.912321166018955,92,-34.59452509137918,70,2013
2013_01_KC_JAX,1,KC,-4.618594569486053,82,-0.8283214396797121,61,2013
2013_01_MIA_CLE,1,CLE,-13.06849004275432,96,-12.560792358167625,72,2013
2013_01_MIA_CLE,1,MIA,4.311719921426173,85,-1.095665248406124,62,2013
2013_01_MIN_DET,1,DET,2.033805672510102,101,3.6844185504314657,75,2013
2013_01_MIN_DET,1,MIN,-5.632851425351661,73,-6.145721473008546,52,2013
2013_01_NE_BUF,1,BUF,-11.233158795033663,84,-6.077960727270693,61,2013
2013_01_NE_BUF,1,NE,-7.57537440110764,113,-10.583377439496545,87,2013
2013_01_NYG_DAL,1,DAL,-4.209955253321539,99,-11.296196684942633,74,2013
2013_01_NYG_DAL,1,NYG,-8.253460330233569,77,-5.7422357868600375,58,2013
2013_01_OAK_IND,1,IND,9.280876215762133,67,9.253475020173937,51,2013
2013_01_OAK_IND,1,LV,6.868152578543343,79,13.652379713770287,63,2013
2013_01_PHI_WAS,1,PHI,0.22307392368656664,102,2.359585272481075,75,2013
2013_01_PHI_WAS,1,WAS,-9.504549293547484,92,-1.328777659125226,71,2013
2013_01_SEA_CAR,1,CAR,-0.0375989083506747,64,1.354890891292598,50,2013
2013_01_SEA_CAR,1,SEA,7.420682086012792,75,6.105979016849917,59,2013
2013_01_TB_NYJ,1,NYJ,-5.264363219898997,95,-8.070823554855982,72,2013
2013_01_TB_NYJ,1,TB,-3.761209203212731,82,-5.330045530582749,59,2013
2013_01_TEN_PIT,1,PIT,-12.08380280539427,67,-11.48580444988329,53,2013
2013_01_TEN_PIT,1,TEN,-1.478637025105173,81,-3.4508273103331386,61,2013
2013_02_CAR_BUF,2,BUF,5.6998086946158555,91,3.589823890038108,73,2013
2013_02_CAR_BUF,2,CAR,6.844191543882969,101,-4.471524661606492,76,2013
2013_02_CLE_BAL,2,BAL,-7.570445511132222,85,-0.6501058234776149,68,2013
2013_02_CLE_BAL,2,CLE,-14.54498010961106,81,-11.52834422154777,62,2013
2013_02_DAL_KC,2,DAL,-0.8145185167334157,79,-3.9264312622339315,60,2013
2013_02_DAL_KC,2,KC,-2.6571321971337074,91,0.5363686285612967,63,2013
2013_02_DEN_NYG,2,DEN,15.136175001294529,95,13.254592503017912,69,2013
2013_02_DEN_NYG,2,NYG,-6.796761694821273,98,-12.059220998883328,69,2013
2013_02_DET_ARI,2,ARI,-4.271454806945084,90,-10.745835388899753,65,2013
2013_02_DET_ARI,2,DET,-7.949967044772907,79,-2.4200788149876065,57,2013
2013_02_JAX_OAK,2,JAX,-8.611522300881798,86,-7.064226973921439,62,2013
2013_02_JAX_OAK,2,LV,0.17770656745847102,82,-3.968442820195288,60,2013
2013_02_MIA_IND,2,IND,1.2040772082474387,87,4.560324367411904,72,2013
2013_02_MIA_IND,2,MIA,6.914415540621289,81,3.9063703781575896,64,2013
2013_02_MIN_CHI,2,CHI,2.3673515485306744,83,-3.6447194332270065,64,2013
2013_02_MIN_CHI,2,MIN,5.82585657665754,81,-3.7304018697442842,64,2013
2013_02_NO_TB,2,NO,-7.072468875059031,89,-6.797546856758805,69,2013
2013_02_NO_TB,2,TB,-11.600596480732294,75,-7.4374089251863875,56,2013
2013_02_NYJ_NE,2,NE,-19.288950213808903,85,-15.19715480707755,63,2013
2013_02_NYJ_NE,2,NYJ,-20.383523700172418,91,-16.069051113154273,71,2013
2013_02_PIT_CIN,2,CIN,3.562498748660344,99,4.885131008099908,79,2013
2013_02_PIT_CIN,2,PIT,-5.496573563660832,73,-12.63963563555775,54,2013
2013_02_SD_PHI,2,LAC,27.712714560517494,101,21.765497208775006,78,2013
2013_02_SD_PHI,2,PHI,20.85934665165973,79,20.585450387113287,58,2013
2013_02_SF_SEA,2,SEA,-6.5951593746301596,93,-2.1568785116104543,68,2013
2013_02_SF_SEA,2,SF,-32.564555636025034,68,-25.362198506720674,51,2013
2013_02_STL_ATL,2,ATL,9.790376126964151,82,7.937371374806389,61,2013
2013_02_STL_ATL,2,LA,5.792975744555618,95,3.860370725683545,72,2013
2013_02_TEN_HOU,2,HOU,-5.994863797102651,103,-1.2500758033400823,79,2013
2013_02_TEN_HOU,2,TEN,-9.15070534988246,91,-4.513586384201363,67,2013
2013_02_WAS_GB,2,GB,20.311446327854124,87,25.61972538519542,67,2013
2013_02_WAS_GB,2,WAS,3.5660406420298623,78,13.222805761158789,58,2013
2013_03_ARI_NO,3,ARI,-15.434601584807378,73,-13.230944163748063,55,2013
2013_03_ARI_NO,3,NO,9.290284063632175,89,13.03660881999276,71,2013
2013_03_ATL_MIA,3,ATL,8.53665314048112,88,12.541264509257449,68,2013
2013_03_ATL_MIA,3,MIA,9.044466902311111,70,-0.09231950688073987,54,2013
2013_03_BUF_NYJ,3,BUF,-4.49439733072347,104,-14.284425308126774,75,2013
2013_03_BUF_NYJ,3,NYJ,-0.1942212779119954,103,1.7040595790242072,70,2013
2013_03_CHI_PIT,3,CHI,6.447928628614814,82,6.309612678636977,57,2013
2013_03_CHI_PIT,3,PIT,-15.943739371074573,84,-20.23384483962006,65,2013
2013_03_CLE_MIN,3,CLE,-0.699463494098705,95,-3.3925844802282974,75,2013
2013_03_CLE_MIN,3,MIN,-7.1351670104456995,99,-11.503232917764572,79,2013
2013_03_DET_WAS,3,DET,13.493646009372465,86,9.285836377666488,66,2013
2013_03_DET_WAS,3,WAS,3.807227148683067,96,0.7740916920823575,74,2013
2013_03_GB_CIN,3,CIN,-7.635305306037712,71,-7.654130968463274,54,2013
2013_03_GB_CIN,3,GB,-8.772362353616476,98,-9.802083793273244,77,2013
2013_03_HOU_BAL,3,BAL,5.037092127384537,83,0.7595980072680133,57,2013
2013_03_HOU_BAL,3,HOU,-15.498681168654002,84,-14.275790278616054,61,2013
2013_03_IND_SF,3,IND,13.39063457884026,86,11.1864010495708,66,2013
2013_03_IND_SF,3,SF,-10.946424929479008,68,-9.035183696367312,52,2013
2013_03_JAX_SEA,3,JAX,-13.7820293945465,86,-15.5703796561284,66,2013
2013_03_JAX_SEA,3,SEA,12.94103538253375,87,12.99132012931313,65,2013
2013_03_KC_PHI,3,KC,-0.8410634436208984,103,2.2132382235556722,74,2013
2013_03_KC_PHI,3,PHI,-15.573926014602987,84,-11.765060412388511,64,2013
2013_03_NYG_CAR,3,CAR,14.112156101698698,88,12.411080409768793,72,2013
2013_03_NYG_CAR,3,NYG,-24.390003847831395,69,-23.518599934511535,50,2013
2013_03_OAK_DEN,3,DEN,22.055304637254263,92,18.768384392105197,71,2013
2013_03_OAK_DEN,3,LV,6.790926243191504,73,7.775248119258322,51,2013
2013_03_SD_TEN,3,LAC,5.827208492389671,73,9.366627541747324,53,2013
2013_03_SD_TEN,3,TEN,7.127615252634767,86,9.890316886245152,67,2013
2013_03_STL_DAL,3,DAL,10.693495545842094,76,13.785356269360314,59,2013
2013_03_STL_DAL,3,LA,-14.083687905713248,83,-26.20726218476193,67,2013
2013_03_TB_NE,3,NE,6.286702023885935,86,0.8738384682502165,69,2013
2013_03_TB_NE,3,TB,-13.52816986531252,83,-10.485151971699832,66,2013
2013_04_ARI_TB,4,ARI,-11.757716796298382,78,-11.56410719086595,57,2013
2013_04_ARI_TB,4,TB,-17.452664359875826,97,-16.979335795409234,75,2013
2013_04_BAL_BUF,4,BAL,-18.307251390468537,88,-16.71020632887825,63,2013
2013_04_BAL_BUF,4,BUF,-16.6629325150775,110,-11.925071546808967,74,2013
2013_04_CHI_DET,4,CHI,-8.799541479363445,92,-3.544870872973914,68,2013
2013_04_CHI_DET,4,DET,-1.3067816206370084,85,-3.465388978132255,63,2013
2013_04_CIN_CLE,4,CIN,-9.573919678980019,79,-17.062551339379432,64,2013
2013_04_CIN_CLE,4,CLE,-0.38014161300680094,88,5.21032505348529,68,2013
2013_04_DAL_SD,4,DAL,0.09877930990319062,76,2.420125294374748,56,2013
2013_04_DAL_SD,4,LAC,7.602366158868106,89,8.815622801199025,70,2013
2013_04_IND_JAX,4,IND,16.60721433141134,92,14.015208061126135,70,2013
2013_04_IND_JAX,4,JAX,-22.97956807143055,74,-29.62665430256923,54,2013
2013_04_MIA_NO,4,MIA,-8.533377617440399,76,-7.524014855560381,57,2013
2013_04_MIA_NO,4,NO,11.97981912161054,86,16.82473213059683,62,2013
2013_04_NE_ATL,4,ATL,6.481844734033823,91,3.877930347556452,71,2013
2013_04_NE_ATL,4,NE,17.93358465531786,85,19.209627306985176,59,2013
2013_04_NYG_KC,4,KC,1.3003993145130117,91,0.8666181801189232,67,2013
2013_04_NYG_KC,4,NYG,-22.47019323729478,80,-13.812999595553698,61,2013
2013_04_NYJ_TEN,4,NYJ,-16.348121513753767,86,-16.107315351965475,62,2013
2013_04_NYJ_TEN,4,TEN,7.263698844086089,84,5.0331206511465645,63,2013
2013_04_PHI_DEN,4,DEN,34.25871005343037,91,22.380613026346676,70,2013
2013_04_PHI_DEN,4,PHI,3.654887597783725,93,14.499614629873918,68,2013
2013_04_PIT_MIN,4,MIN,23.33783887351728,69,21.695259551876454,50,2013
2013_04_PIT_MIN,4,PIT,16.632054021769587,97,12.216355669440869,74,2013
2013_04_SEA_HOU,4,HOU,-11.79881076938898,110,-13.081688696860027,88,2013
2013_04_SEA_HOU,4,SEA,-4.929732896132807,82,-8.76241235791456,57,2013
2013_04_SF_STL,4,LA,-23.57788715090766,88,-24.585694196578523,63,2013
2013_04_SF_STL,4,SF,4.9024392901215945,91,1.4064152275285147,65,2013
2013_04_WAS_OAK,4,LV,-23.602310480948745,82,-21.291912246170355,65,2013
2013_04_WAS_OAK,4,WAS,-9.94873068579341,86,-6.0158904477139,64,2013
2013_05_BAL_MIA,5,BAL,4.559098475679546,96,-2.1640991624050323,73,2013
2013_05_BAL_MIA,5,MIA,-2.1463267504500454,81,-7.587531137914636,56,2013
2013_05_BUF_CLE,5,BUF,-12.372431754031195,99,-7.368997010990318,75,2013
2013_05_BUF_CLE,5,CLE,-0.7011800628215532,91,-1.1178617118578784,63,2013
2013_05_CAR_ARI,5,ARI,-5.549687394544778,73,-6.7585423556327004,55,2013
2013_05_CAR_ARI,5,CAR,-21.439356701885117,82,-20.803995884236926,66,2013
2013_05_DEN_DAL,5,DAL,26.567524346450682,77,25.034752671262293,55,2013
2013_05_DEN_DAL,5,DEN,33.26247069823909,98,30.397803857292367,71,2013
2013_05_DET_GB,5,DET,1.9027079897206276,84,-2.1599340301728196,64,2013
2013_05_DET_GB,5,GB,15.63083240314586,84,8.76742132032407,63,2013
2013_05_HOU_SF,5,HOU,-24.03040916088503,90,-21.09938922872346,71,2013
2013_05_HOU_SF,5,SF,6.490442207216798,67,6.170136767306561,49,2013
2013_05_JAX_STL,5,JAX,-12.241690941521645,77,-17.526239288172647,59,2013
2013_05_JAX_STL,5,LA,-0.8403022730256957,94,1.7626730813492402,69,2013
2013_05_KC_TEN,5,KC,2.6458331468252236,92,-6.192670263162729,67,2013
2013_05_KC_TEN,5,TEN,-10.620517061083321,88,-10.429596994478588,65,2013
2013_05_NE_CIN,5,CIN,-1.5497136274600516,84,-1.597820375742164,68,2013
2013_05_NE_CIN,5,NE,-8.340974078280851,78,-13.90532701488915,59,2013
2013_05_NO_CHI,5,CHI,3.9513075303301566,70,3.0552018108915204,55,2013
2013_05_NO_CHI,5,NO,15.550807775472547,83,8.824758908650992,65,2013
2013_05_NYJ_ATL,5,ATL,3.4847883116105045,91,6.747813130088616,69,2013
2013_05_NYJ_ATL,5,NYJ,9.608825948761691,63,9.611513304751654,46,2013
2013_05_PHI_NYG,5,NYG,-6.808383326731703,94,-8.297574136930052,70,2013
2013_05_PHI_NYG,5,PHI,12.41885734048105,105,10.47335721617775,75,2013
2013_05_SD_OAK,5,LAC,1.9291551623114156,89,-0.009873388295041252,69,2013
2013_05_SD_OAK,5,LV,10.286418785004795,77,4.2206524526252345,53,2013
2013_05_SEA_IND,5,IND,9.464040930652462,81,3.787534141290065,60,2013
2013_05_SEA_IND,5,SEA,6.099000233058289,89,13.73249693738774,67,2013
2013_06_ARI_SF,6,ARI,-8.402419636672107,82,-5.652767827574164,64,2013
2013_06_ARI_SF,6,SF,2.5819108490961726,93,-0.3862838775438846,68,2013
2013_06_CAR_MIN,6,CAR,19.843318024584367,85,23.297448607860133,63,2013
2013_06_CAR_MIN,6,MIN,-10.894063396038828,75,-12.512885707933126,60,2013
2013_06_CIN_BUF,6,BUF,6.102771171003266,89,3.5112118711790288,68,2013
2013_06_CIN_BUF,6,CIN,11.323272880267037,107,16.03933411737596,82,2013
2013_06_DET_CLE,6,CLE,1.0324158854868966,90,-2.208078089077487,65,2013
2013_06_DET_CLE,6,DET,19.016953928180552,90,11.258546255633632,71,2013
2013_06_GB_BAL,6,BAL,-5.643053501132955,88,-8.692350423058144,61,2013
2013_06_GB_BAL,6,GB,-0.47272672223925927,86,5.25918847755214,63,2013
2013_06_IND_SD,6,IND,2.0699560327338986,63,-2.2252187715337493,48,2013
2013_06_IND_SD,6,LAC,11.347467819873373,92,4.862160759440603,72,2013
2013_06_JAX_DEN,6,DEN,8.845246414209893,89,8.825847934233025,69,2013
2013_06_JAX_DEN,6,JAX,-5.229048356191127,89,-8.983993268851314,72,2013
2013_06_NO_NE,6,NE,8.830946241676969,107,2.1883874283629456,82,2013
2013_06_NO_NE,6,NO,8.612083749160089,84,9.329940506270164,63,2013
2013_06_NYG_CHI,6,CHI,10.455331719260581,82,7.663673185823047,65,2013
2013_06_NYG_CHI,6,NYG,5.922266226536746,67,1.4628615640103817,53,2013
2013_06_OAK_KC,6,KC,-6.616198519988532,80,-11.961631521311716,61,2013
2013_06_OAK_KC,6,LV,-23.77430503954679,97,-19.141611859668046,71,2013
2013_06_PHI_TB,6,PHI,13.810306472604676,83,14.56117188075028,64,2013
2013_06_PHI_TB,6,TB,-0.9807885526593072,90,0.023156306070509558,66,2013
2013_06_PIT_NYJ,6,NYJ,-11.528679266513791,75,-13.934167513164475,57,2013
2013_06_PIT_NYJ,6,PIT,4.923752966865094,84,5.5461113954451555,61,2013
2013_06_STL_HOU,6,HOU,-15.960195129355213,90,-9.95517819906019,73,2013
2013_06_STL_HOU,6,LA,14.018056509132574,61,9.430482495421273,41,2013
2013_06_TEN_SEA,6,SEA,-3.742704712777141,82,-3.2789502751580812,62,2013
2013_06_TEN_SEA,6,TEN,-10.15583657740649,69,-7.731117017561542,52,2013
2013_06_WAS_DAL,6,DAL,3.0686306167483477,69,-1.7643369220999352,50,2013
2013_06_WAS_DAL,6,WAS,-10.966808061773726,96,1.1462619431048537,75,2013
2013_07_BAL_PIT,7,BAL,8.08457555983182,80,8.127739748005641,61,2013
2013_07_BAL_PIT,7,PIT,9.638361200811005,72,6.028060101417529,54,2013
2013_07_BUF_MIA,7,BUF,-4.198592863910109,86,-3.4183150712801655,65,2013
2013_07_BUF_MIA,7,MIA,-9.570438513752155,84,-8.988646549309953,64,2013
2013_07_CHI_WAS,7,CHI,13.34670610064472,75,8.094549807955485,51,2013
2013_07_CHI_WAS,7,WAS,13.237322738652887,98,17.735048578672885,73,2013
2013_07_CIN_DET,7,CIN,14.493673340624113,76,18.870610897840685,53,2013
2013_07_CIN_DET,7,DET,9.057487790330226,93,14.772154570663442,76,2013
2013_07_CLE_GB,7,CLE,-0.8086106764342285,87,-10.12867191794334,68,2013
2013_07_CLE_GB,7,GB,15.65860083305142,89,15.374947677743608,65,2013
2013_07_DAL_PHI,7,DAL,-2.9334980894841483,96,-1.6942311195540132,73,2013
2013_07_DAL_PHI,7,PHI,-19.864266287826467,98,-23.695677701815477,75,2013
2013_07_DEN_IND,7,DEN,2.7181443259144658,102,3.592874990121725,73,2013
2013_07_DEN_IND,7,IND,4.941869751157579,104,-7.306592655240909,70,2013
2013_07_HOU_KC,7,HOU,-0.43985332775196273,71,-3.0475193733289565,54,2013
2013_07_HOU_KC,7,KC,-2.994951700142794,84,1.6288576838917468,65,2013
2013_07_MIN_NYG,7,MIN,-21.71608515662524,87,-24.220608330934333,68,2013
2013_07_MIN_NYG,7,NYG,-5.933832656903634,92,-9.661108430397434,72,2013
2013_07_NE_NYJ,7,NE,-5.558683059543685,100,-7.3400169286963575,70,2013
2013_07_NE_NYJ,7,NYJ,-5.035784818073582,113,-7.776076498273401,88,2013
2013_07_SD_JAX,7,JAX,-4.826003460912034,72,-7.026053271696798,59,2013
2013_07_SD_JAX,7,LAC,16.54355043760424,88,20.593652551795806,64,2013
2013_07_SEA_ARI,7,ARI,-13.93293410386451,92,-21.69188224391578,71,2013
2013_07_SEA_ARI,7,SEA,1.3528076329532688,88,1.0428362890681844,63,2013
2013_07_SF_TEN,7,SF,21.42102643383532,83,14.419439058999334,61,2013
2013_07_SF_TEN,7,TEN,3.997749225943606,79,1.2418824431204207,57,2013
2013_07_STL_CAR,7,CAR,6.106772967860022,76,3.0459653543244523,53,2013
2013_07_STL_CAR,7,LA,-8.092894940341694,78,-11.829473270359513,59,2013
2013_07_TB_ATL,7,ATL,8.552127345080994,64,8.107024725330206,41,2013
2013_07_TB_ATL,7,TB,2.159823926963165,102,-1.4675848616766487,75,2013
2013_08_ATL_ARI,8,ARI,2.7754771803849367,73,4.851945156709056,51,2013
2013_08_ATL_ARI,8,ATL,-10.55633280583055,102,-12.81667391400576,78,2013
2013_08_BUF_NO,8,BUF,-11.913053510262378,87,-11.821218896246265,68,2013
2013_08_BUF_NO,8,NO,4.959049251119773,89,11.528232135947228,61,2013
2013_08_CAR_TB,8,CAR,16.64914605628564,80,12.8811941428866,60,2013
2013_08_CAR_TB,8,TB,-4.542772035226563,86,-10.052807509666213,68,2013
2013_08_CLE_KC,8,CLE,6.149253519435204,73,5.5191431058200475,52,2013
2013_08_CLE_KC,8,KC,10.969130113845948,90,5.895487818380829,70,2013
2013_08_DAL_DET,8,DAL,1.7854361357778845,77,-3.9430257307841576,55,2013
2013_08_DAL_DET,8,DET,-0.5716904459171535,99,-0.4208253233620667,77,2013
2013_08_GB_MIN,8,GB,31.932277664906046,93,29.834562053628513,71,2013
2013_08_GB_MIN,8,MIN,11.971299158141523,67,5.482394166147907,43,2013
2013_08_MIA_NE,8,MIA,-6.519729308642349,97,-0.3036959362227867,79,2013
2013_08_MIA_NE,8,NE,2.6444318936685223,83,-4.334716376853175,59,2013
2013_08_NYG_PHI,8,NYG,-5.558469679381233,92,-9.095711651274847,70,2013
2013_08_NYG_PHI,8,PHI,-17.82964603235746,76,-19.66602783644339,58,2013
2013_08_NYJ_CIN,8,CIN,21.150748056506238,73,14.55945210182108,56,2013
2013_08_NYJ_CIN,8,NYJ,-17.38307017207262,84,-24.286656581095663,65,2013
2013_08_PIT_OAK,8,LV,-11.532978116900043,79,-9.689260244078469,58,2013
2013_08_PIT_OAK,8,PIT,-12.492534754778829,88,-6.2514925120323825,69,2013
2013_08_SEA_STL,8,LA,-15.623868092545308,92,-15.444406222633386,71,2013
2013_08_SEA_STL,8,SEA,-9.194598656747237,61,-10.521761571697425,40,2013
2013_08_SF_JAX,8,JAX,-6.213098533447238,89,-6.0572287033189145,70,2013
2013_08_SF_JAX,8,SF,28.241769687094795,69,24.974243473727256,55,2013
2013_08_WAS_DEN,8,DEN,0.6181262636350713,97,3.622814923495028,76,2013
2013_08_WAS_DEN,8,WAS,-22.48860990988192,90,-27.376791807066184,70,2013
2013_09_ATL_CAR,9,ATL,-12.036675090198742,66,-9.11047175733842,47,2013
2013_09_ATL_CAR,9,CAR,12.016015387855983,89,7.0257269524313894,70,2013
2013_09_BAL_CLE,9,BAL,-1.2408759724158909,88,-1.9315215262981669,68,2013
2013_09_BAL_CLE,9,CLE,3.438578344778077,88,0.5356065583684,68,2013
2013_09_CHI_GB,9,CHI,7.9153435921891715,93,15.10957302380416,75,2013
2013_09_CHI_GB,9,GB,-2.1421057751781536,72,-2.8834420423528666,55,2013
2013_09_CIN_MIA,9,CIN,-1.2733483420947795,107,-2.777275230450904,91,2013
2013_09_CIN_MIA,9,MIA,-3.402865621951152,83,-2.9649412138070934,61,2013
2013_09_IND_HOU,9,HOU,1.2753721657028878,88,12.176389272124617,67,2013
2013_09_IND_HOU,9,IND,7.836959263488387,79,7.233673252511737,60,2013
2013_09_KC_BUF,9,BUF,-13.240222586896607,95,-13.229404285592015,77,2013
2013_09_KC_BUF,9,KC,0.08671655180796556,78,-5.343234533075502,51,2013
2013_09_MIN_DAL,9,DAL,2.6705572082830127,81,4.067379882327734,63,2013
2013_09_MIN_DAL,9,MIN,0.7898840403469738,87,2.268904614459524,68,2013
2013_09_NO_NYJ,9,NO,2.018996952546784,92,1.7074334558230246,65,2013
2013_09_NO_NYJ,9,NYJ,5.1883878246385375,81,3.2394950839308327,57,2013
2013_09_PHI_OAK,9,LV,0.49305146037067793,120,-2.4705252037478704,92,2013
2013_09_PHI_OAK,9,PHI,34.590084628697916,80,35.16584767808672,55,2013
2013_09_PIT_NE,9,NE,28.350033199619467,95,27.713464401073146,70,2013
2013_09_PIT_NE,9,PIT,5.923488651856129,95,8.001542618879878,72,2013
2013_09_SD_WAS,9,LAC,8.748899898039095,80,10.113290414826997,63,2013
2013_09_SD_WAS,9,WAS,14.212334256661276,94,20.54112241320153,71,2013
2013_09_TB_SEA,9,SEA,9.885865536705975,77,13.172272226283189,60,2013
2013_09_TB_SEA,9,TB,9.457999714837793,88,12.00754354547099,64,2013
2013_09_TEN_STL,9,LA,-1.968891062799928,87,0.28179502606158735,68,2013
2013_09_TEN_STL,9,TEN,8.382440560113213,76,8.159992762783077,60,2013
2013_10_BUF_PIT,10,BUF,-17.88306444673367,85,-14.234627301116623,64,2013
2013_10_BUF_PIT,10,PIT,-4.625133834043028,83,-9.098057418998698,67,2013
2013_10_CAR_SF,10,CAR,-13.160631255999078,81,-9.79173349452931,65,2013
2013_10_CAR_SF,10,SF,-14.74677760497434,72,-18.86993694447205,52,2013
2013_10_CIN_BAL,10,BAL,-15.875465879906644,92,-21.622170758954347,71,2013
2013_10_CIN_BAL,10,CIN,-17.57814695755087,108,-16.470026187956464,85,2013
2013_10_DAL_NO,10,DAL,1.576032868336208,67,-5.41610551062841,43,2013
2013_10_DAL_NO,10,NO,32.603511129619505,98,42.567177990308714,78,2013
2013_10_DEN_SD,10,DEN,14.040468372305437,75,12.681028544495348,60,2013
2013_10_DEN_SD,10,LAC,4.116285211560806,94,3.9758381121167314,68,2013
2013_10_DET_CHI,10,CHI,-0.32047541248459577,89,-3.298643469917713,72,2013
2013_10_DET_CHI,10,DET,4.184147288453684,77,7.903792663465896,60,2013
2013_10_HOU_ARI,10,ARI,-8.705265226355383,85,-6.781271109661894,60,2013
2013_10_HOU_ARI,10,HOU,-9.877162272157706,88,-9.231908137838346,67,2013
2013_10_JAX_TEN,10,JAX,-5.761980292025103,81,-12.08960790958819,55,2013
2013_10_JAX_TEN,10,TEN,-10.926199080176733,92,-9.858378557522961,70,2013
2013_10_MIA_TB,10,MIA,-3.070743954575958,73,-3.122725839580349,59,2013
2013_10_MIA_TB,10,TB,-1.9867955109716622,85,-3.5565437046662716,58,2013
2013_10_OAK_NYG,10,LV,-22.924455362421668,76,-16.868777406048444,55,2013
2013_10_OAK_NYG,10,NYG,-21.300937572190154,79,-12.530526825303586,60,2013
2013_10_PHI_GB,10,GB,-8.15137406042345,95,-7.695302952206285,75,2013
2013_10_PHI_GB,10,PHI,9.813555494545877,74,15.247438752249451,55,2013
2013_10_SEA_ATL,10,ATL,-2.7956601126148497,74,-6.430906322788337,53,2013
2013_10_SEA_ATL,10,SEA,26.045976678756446,84,24.186987341880894,69,2013
2013_10_STL_IND,10,IND,-32.029033268874514,91,-24.34739118277491,69,2013
2013_10_STL_IND,10,LA,4.1042860885393635,70,4.962413073309747,54,2013
2013_10_WAS_MIN,10,MIN,17.449613303726114,67,13.067284831058581,50,2013
2013_10_WAS_MIN,10,WAS,12.459125200609591,98,15.018360352433547,76,2013
2013_11_ARI_JAX,11,ARI,6.9955912906954,89,11.161998033440916,66,2013
2013_11_ARI_JAX,11,JAX,-8.668209839798365,83,-11.27468271314865,60,2013
2013_11_ATL_TB,11,ATL,0.5873304909852104,90,-0.10677079035625425,67,2013
2013_11_ATL_TB,11,TB,13.687422330862088,89,11.158033721902552,65,2013
2013_11_BAL_CHI,11,BAL,2.6784131661493102,96,-5.104785359121517,75,2013
2013_11_BAL_CHI,11,CHI,4.009390916829487,81,3.703760523477672,58,2013
2013_11_CLE_CIN,11,CIN,-18.18276071051537,86,-19.17441942796762,56,2013
2013_11_CLE_CIN,11,CLE,-38.20146634783896,102,-26.5558539892512,79,2013
2013_11_DET_PIT,11,DET,0.1448512727058615,95,-1.5616669890135486,72,2013
2013_11_DET_PIT,11,PIT,9.704876063932712,98,12.52139351410121,69,2013
2013_11_GB_NYG,11,GB,-8.513965081593824,71,-8.163444139809119,52,2013
2013_11_GB_NYG,11,NYG,4.146044131905225,81,3.043398605518737,63,2013
2013_11_IND_TEN,11,IND,17.38828438560867,89,14.600161767483538,66,2013
2013_11_IND_TEN,11,TEN,10.870698546770878,71,15.378100431202562,54,2013
2013_11_KC_DEN,11,DEN,5.025372178481345,99,4.2966945687102935,76,2013
2013_11_KC_DEN,11,KC,-4.348722084358544,101,-7.645207851823085,73,2013
2013_11_MIN_SEA,11,MIN,-8.252906029162206,92,-16.703841856917244,69,2013
2013_11_MIN_SEA,11,SEA,11.348747004543608,72,7.904196335818778,48,2013
2013_11_NE_CAR,11,CAR,16.32585734269946,69,15.017415487501161,54,2013
2013_11_NE_CAR,11,NE,14.58032484190471,84,8.574955162568394,67,2013
2013_11_NYJ_BUF,11,BUF,2.480692229454686,90,2.2678166294391864,64,2013
2013_11_NYJ_BUF,11,NYJ,-20.861290866762374,78,-19.99192596049602,56,2013
2013_11_OAK_HOU,11,HOU,-18.1391051952304,97,-19.675721961740294,71,2013
2013_11_OAK_HOU,11,LV,-11.136951129577714,94,-0.4399826979722432,62,2013
2013_11_SD_MIA,11,LAC,6.197572144334798,79,4.606713144291497,62,2013
2013_11_SD_MIA,11,MIA,8.069580675926316,80,4.931201566960217,58,2013
2013_11_SF_NO,11,NO,2.8643531155365256,82,1.2548402705188626,66,2013
2013_11_SF_NO,11,SF,2.050327849556945,77,-7.287286966847227,56,2013
2013_11_WAS_PHI,11,PHI,12.061119759584695,80,9.889743595061434,61,2013
2013_11_WAS_PHI,11,WAS,5.380142987793311,95,3.3433594518285243,78,2013
2013_12_CAR_MIA,12,CAR,-3.0408413702884918,91,-0.21408748022577218,68,2013
2013_12_CAR_MIA,12,MIA,-8.839014369873667,83,-7.196836559615524,61,2013
2013_12_CHI_STL,12,CHI,-2.9394657828058985,96,-2.8378524311701767,74,2013
2013_12_CHI_STL,12,LA,18.717790626405776,70,18.725972739592695,51,2013
2013_12_DAL_NYG,12,DAL,5.255230226101273,84,2.92315908765886,60,2013
2013_12_DAL_NYG,12,NYG,0.49995153739735265,85,-7.306157519450687,63,2013
2013_12_DEN_NE,12,DEN,-3.718608561303885,114,0.055747201683539416,86,2013
2013_12_DEN_NE,12,NE,-3.5512597038005005,106,-10.897681424397,84,2013
2013_12_IND_ARI,12,ARI,15.781341577720237,93,14.360761174727319,71,2013
2013_12_IND_ARI,12,IND,-14.603282643380108,74,-17.017630345815093,56,2013
2013_12_JAX_HOU,12,HOU,-15.940758799784817,71,-15.099309293394812,56,2013
2013_12_JAX_HOU,12,JAX,-5.991021802674311,85,0.3009016953171333,64,2013
2013_12_MIN_GB,12,GB,10.873568860953696,119,5.0640536319385046,89,2013
2013_12_MIN_GB,12,MIN,14.721756729742536,100,7.8281994254568446,79,2013
2013_12_NO_ATL,12,ATL,2.010665455067657,81,2.6149863781705713,66,2013
2013_12_NO_ATL,12,NO,8.52137366802783,73,11.630686011838339,57,2013
2013_12_NYJ_BAL,12,BAL,-4.999657658099069,80,-9.377339094482048,62,2013
2013_12_NYJ_BAL,12,NYJ,-20.686146279855166,74,-18.180745311801445,55,2013
2013_12_PIT_CLE,12,CLE,-22.567820847398135,91,-22.120105095242536,73,2013
2013_12_PIT_CLE,12,PIT,-3.276778920889913,84,0.06390202122403643,65,2013
2013_12_SD_KC,12,KC,20.547616354153202,84,12.284196425579514,58,2013
2013_12_SD_KC,12,LAC,27.052436987483585,93,26.835967084255863,67,2013
2013_12_SF_WAS,12,SF,0.7925963381551329,73,1.9955335171721913,56,2013
2013_12_SF_WAS,12,WAS,-24.269380081736017,77,-21.720561722938832,58,2013
2013_12_TB_DET,12,DET,-13.756963532211344,93,-12.618396001285873,72,2013
2013_12_TB_DET,12,TB,-7.498852248679001,70,2.3611762399312672,45,2013
2013_12_TEN_OAK,12,LV,2.3287709748299212,74,0.57449188077356,55,2013
2013_12_TEN_OAK,12,TEN,8.713413814207795,99,15.438811432125291,73,2013
2013_13_ARI_PHI,13,ARI,0.8199625545660156,85,-3.0705588030687068,67,2013
2013_13_ARI_PHI,13,PHI,1.8419685733517754,95,-3.94976349712156,70,2013
2013_13_ATL_BUF,13,ATL,10.953548619750695,113,1.6903250841454063,83,2013
2013_13_ATL_BUF,13,BUF,8.667644758237333,85,4.857194253098271,63,2013
2013_13_CHI_MIN,13,CHI,-2.1050033206294554,88,3.973511831731514,65,2013
2013_13_CHI_MIN,13,MIN,-1.3685304161801266,107,1.272274305545876,86,2013
2013_13_CIN_SD,13,CIN,7.257688986378978,73,2.015325487217644,61,2013
2013_13_CIN_SD,13,LAC,-2.4729911155257023,78,-2.5800692310598015,63,2013
2013_13_DEN_KC,13,DEN,27.01487556363986,85,25.67903952038614,63,2013
2013_13_DEN_KC,13,KC,16.541120816446888,88,12.525171599409077,67,2013
2013_13_GB_DET,13,DET,9.692229694119355,97,10.662691074588487,76,2013
2013_13_GB_DET,13,GB,-19.256506875689947,58,-22.785335256480725,42,2013
2013_13_JAX_CLE,13,CLE,-0.560394216772166,97,2.2380411848392834,73,2013
2013_13_JAX_CLE,13,JAX,4.864633211942264,95,2.761395789951201,72,2013
2013_13_MIA_NYJ,13,MIA,1.3890444153889785,93,6.419384608591035,79,2013
2013_13_MIA_NYJ,13,NYJ,-21.640076589217642,71,-23.11969663898239,54,2013
2013_13_NE_HOU,13,HOU,11.104061864709589,76,10.07616523920507,58,2013
2013_13_NE_HOU,13,NE,18.245883340874794,87,14.238338738364849,69,2013
2013_13_NO_SEA,13,NO,-12.858168191941559,78,-17.126778565638233,55,2013
2013_13_NO_SEA,13,SEA,13.861880634113728,85,11.19380367985221,68,2013
2013_13_NYG_WAS,13,NYG,3.141413659801626,69,1.9456802695333102,52,2013
2013_13_NYG_WAS,13,WAS,-6.633752197484229,89,-4.889431821594948,68,2013
2013_13_OAK_DAL,13,DAL,3.75337222097755,87,10.516249394342344,63,2013
2013_13_OAK_DAL,13,LV,-1.192926570325485,80,-2.091132132844046,54,2013
2013_13_PIT_BAL,13,BAL,13.14742277993787,81,4.215716348644989,59,2013
2013_13_PIT_BAL,13,PIT,12.225216224958446,81,11.671438555160538,63,2013
2013_13_STL_SF,13,LA,-4.683710366948845,86,-8.372823064292557,67,2013
2013_13_STL_SF,13,SF,4.816906108413148,84,3.1795506699927643,61,2013
2013_13_TB_CAR,13,CAR,4.786251990312164,76,4.522066629849297,63,2013
2013_13_TB_CAR,13,TB,-15.247271578322398,65,-12.128195039728395,45,2013
2013_13_TEN_IND,13,IND,-3.606745510794952,83,-6.818860361211243,60,2013
2013_13_TEN_IND,13,TEN,-11.044049643380164,92,-9.287374994251877,74,2013
2013_14_ATL_GB,14,ATL,-3.2404306524711073,77,0.13783555574275064,59,2013
2013_14_ATL_GB,14,GB,-3.4907757615247856,84,-6.238011647716247,70,2013
2013_14_BUF_TB,14,BUF,-24.903137715620687,89,-28.795901956699495,61,2013
2013_14_BUF_TB,14,TB,-5.345493435934034,84,-17.81425138063182,62,2013
2013_14_CAR_NO,14,CAR,-3.6925396888778677,79,-1.1746859173473077,62,2013
2013_14_CAR_NO,14,NO,12.787134002393618,81,12.607096992632252,59,2013
2013_14_CLE_NE,14,CLE,15.96986085426181,95,17.02830553406228,70,2013
2013_14_CLE_NE,14,NE,12.629588949003852,97,7.006714735196818,77,2013
2013_14_DAL_CHI,14,CHI,37.10401929536886,86,34.53074538607402,69,2013
2013_14_DAL_CHI,14,DAL,21.147329696907942,72,15.896336938603781,54,2013
2013_14_DET_PHI,14,DET,-10.235566015686935,77,-17.45885560373403,59,2013
2013_14_DET_PHI,14,PHI,1.9110724011994895,91,7.068325264307205,71,2013
2013_14_HOU_JAX,14,HOU,0.7937697860556892,101,2.561024964903928,80,2013
2013_14_HOU_JAX,14,JAX,6.290186807293364,88,4.1275849338093185,57,2013
2013_14_IND_CIN,14,CIN,25.599603015489713,95,24.079226762871258,67,2013
2013_14_IND_CIN,14,IND,13.974180066276855,81,13.054308687622719,58,2013
2013_14_KC_WAS,14,KC,7.866476929190407,78,9.484815456332246,58,2013
2013_14_KC_WAS,14,WAS,-32.65275446860619,86,-24.88335988643244,64,2013
2013_14_MIA_PIT,14,MIA,6.75120382297882,80,8.06962661767629,60,2013
2013_14_MIA_PIT,14,PIT,-3.6727213086969677,89,0.4510772978537716,63,2013
2013_14_MIN_BAL,14,BAL,2.382498051795096,102,-11.58727326242649,79,2013
2013_14_MIN_BAL,14,MIN,2.192418748827209,86,2.401371150258635,64,2013
2013_14_NYG_SD,14,LAC,16.6676442804046,89,12.617477964960292,70,2013
2013_14_NYG_SD,14,NYG,-6.454229517045407,71,-6.747605905868113,54,2013
2013_14_OAK_NYJ,14,LV,7.258760137438228,89,10.74757349130871,65,2013
2013_14_OAK_NYJ,14,NYJ,13.982419585651765,75,7.804057725066011,58,2013
2013_14_SEA_SF,14,SEA,-0.7298313816049831,71,4.141678787980181,50,2013
2013_14_SEA_SF,14,SF,-0.21851570799049203,83,-3.163009842848473,63,2013
2013_14_STL_ARI,14,ARI,4.086683264482642,84,6.776130534606862,64,2013
2013_14_STL_ARI,14,LA,-13.920277383029259,71,-15.098614050951863,50,2013
2013_14_TEN_DEN,14,DEN,29.934718282453552,115,31.01944408640995,87,2013
2013_14_TEN_DEN,14,TEN,8.686665900301701,69,0.3149061122094281,48,2013
2013_15_ARI_TEN,15,ARI,15.410210090706638,88,12.534128975601707,67,2013
2013_15_ARI_TEN,15,TEN,7.365943963860442,105,10.119146098134852,77,2013
2013_15_BAL_DET,15,BAL,0.8344710768433288,83,-7.4269058126486955,60,2013
2013_15_BAL_DET,15,DET,-4.62955499797814,81,-3.641983476659399,64,2013
2013_15_BUF_JAX,15,BUF,-1.843425028071354,93,2.302977003828067,70,2013
2013_15_BUF_JAX,15,JAX,-9.699483606897504,91,-14.116323604807503,72,2013
2013_15_CHI_CLE,15,CHI,5.204064161305491,87,5.4162280231732876,62,2013
2013_15_CHI_CLE,15,CLE,-5.193446841248263,81,-2.0905345850345007,56,2013
2013_15_CIN_PIT,15,CIN,-5.443184108246327,88,-3.1038002569838428,68,2013
2013_15_CIN_PIT,15,PIT,3.407522936888424,77,2.799312874483471,62,2013
2013_15_GB_DAL,15,DAL,9.95234163464573,91,5.70890703540238,69,2013
2013_15_GB_DAL,15,GB,13.713335907669148,95,13.13524488112979,66,2013
2013_15_HOU_IND,15,HOU,-26.623304705310147,82,-23.14793772740615,63,2013
2013_15_HOU_IND,15,IND,-4.8821354779573785,92,-11.650908154939618,68,2013
2013_15_KC_OAK,15,KC,22.109847622026784,72,21.29626759624807,50,2013
2013_15_KC_OAK,15,LV,-8.312774765055114,100,-9.843189837090955,74,2013
2013_15_NE_MIA,15,MIA,13.141505172838375,80,9.18469539797108,63,2013
2013_15_NE_MIA,15,NE,12.016177518476523,94,13.738361377643475,77,2013
2013_15_NO_STL,15,LA,5.981417069185439,70,8.709276517272459,52,2013
2013_15_NO_STL,15,NO,-3.68288940432236,100,6.542050311009381,81,2013
2013_15_NYJ_CAR,15,CAR,10.292839819345541,79,11.511527741335374,60,2013
2013_15_NYJ_CAR,15,NYJ,1.8452474943273938,79,0.5559500601428944,60,2013
2013_15_PHI_MIN,15,MIN,23.136836475291116,98,12.622729072484958,73,2013
2013_15_PHI_MIN,15,PHI,6.716657809468113,87,7.1770997097370595,67,2013
2013_15_SD_DEN,15,DEN,9.97974645644126,69,4.474727554794773,53,2013
2013_15_SD_DEN,15,LAC,20.28235556262211,88,12.234106273831738,64,2013
2013_15_SEA_NYG,15,NYG,-27.12423627608223,72,-25.65696528874105,53,2013
2013_15_SEA_NYG,15,SEA,-0.4022218874220034,87,2.0334878939254057,67,2013
2013_15_SF_TB,15,SF,8.866182697251357,91,10.997781029965568,68,2013
2013_15_SF_TB,15,TB,-15.530777794183907,71,-10.699054671335034,50,2013
2013_15_WAS_ATL,15,ATL,-7.694376973577861,88,-14.296293208599842,61,2013
2013_15_WAS_ATL,15,WAS,-7.600907197428614,84,-7.763727373848279,67,2013
2013_16_ARI_SEA,16,ARI,-11.460997413159813,90,-13.53284111795828,67,2013
2013_16_ARI_SEA,16,SEA,-21.286502103168285,73,-15.81755791649719,51,2013
2013_16_ATL_SF,16,ATL,4.084663265672674,91,2.365314236256392,69,2013
2013_16_ATL_SF,16,SF,12.697017846588093,74,14.07093957261001,54,2013
2013_16_CHI_PHI,16,CHI,-12.225109146747737,83,-9.715757960700895,62,2013
2013_16_CHI_PHI,16,PHI,31.292314555176965,79,27.593516806198572,61,2013
2013_16_CLE_NYJ,16,CLE,-1.7658019673501721,80,-7.931321069347955,64,2013
2013_16_CLE_NYJ,16,NYJ,7.412811872795143,91,13.921559163357518,73,2013
2013_16_DAL_WAS,16,DAL,1.000126689452597,69,7.211748324880077,51,2013
2013_16_DAL_WAS,16,WAS,-1.9646345168498573,85,0.6417613602999803,64,2013
2013_16_DEN_HOU,16,DEN,14.044047622374134,96,16.272596910587847,70,2013
2013_16_DEN_HOU,16,HOU,-14.391349100242167,86,-16.104800764946077,66,2013
2013_16_IND_KC,16,IND,9.723774973195303,89,10.513894245238731,69,2013
2013_16_IND_KC,16,KC,-10.72509649884455,71,-13.523328929848503,52,2013
2013_16_MIA_BUF,16,BUF,-1.5593519200876935,97,-1.0658370375370128,73,2013
2013_16_MIA_BUF,16,MIA,-22.558198266488034,72,-26.446065311029088,52,2013
2013_16_MIN_CIN,16,CIN,7.131777627303103,97,11.85951647721231,75,2013
2013_16_MIN_CIN,16,MIN,-20.373945541787634,64,-24.57254733867012,48,2013
2013_16_NE_BAL,16,BAL,-29.330777225196698,94,-29.16163403522979,73,2013
2013_16_NE_BAL,16,NE,9.83645434842742,87,4.381907977533945,62,2013
2013_16_NO_CAR,16,CAR,-3.4563560512528984,60,-4.880135286259074,42,2013
2013_16_NO_CAR,16,NO,-4.71119197853409,101,-9.3948970864285,81,2013
2013_16_NYG_DET,16,DET,-12.692950534715656,102,-9.78795645273016,80,2013
2013_16_NYG_DET,16,NYG,-7.1094810931419286,85,-6.630103225199269,65,2013
2013_16_OAK_SD,16,LAC,8.102930967297196,88,1.689139092774694,67,2013
2013_16_OAK_SD,16,LV,-4.093630908867682,76,-4.322292773681925,54,2013
2013_16_PIT_GB,16,GB,-3.1116004990299233,99,-4.138269450971801,72,2013
2013_16_PIT_GB,16,PIT,6.962716710251466,80,4.1842999415536415,59,2013
2013_16_TB_STL,16,LA,-2.3411673880938704,74,-9.366513192256766,60,2013
2013_16_TB_STL,16,TB,-11.942217601180882,73,-15.49426398155991,56,2013
2013_16_TEN_JAX,16,JAX,0.05267488439267076,72,-3.5972390359197446,57,2013
2013_16_TEN_JAX,16,TEN,5.641869821361523,87,6.155193219518547,71,2013
2013_17_BAL_CIN,17,BAL,-17.184962643557693,90,-20.42003320799717,67,2013
2013_17_BAL_CIN,17,CIN,-1.2294642907045308,86,-2.5293480328101365,64,2013
2013_17_BUF_NE,17,BUF,5.6990558418997335,85,1.1025893176767987,68,2013
2013_17_BUF_NE,17,NE,18.752113089599902,91,10.025475892906272,66,2013
2013_17_CAR_ATL,17,ATL,-3.5149396743683408,88,-4.811569179705659,68,2013
2013_17_CAR_ATL,17,CAR,-1.5819136034958927,73,-2.9701749939704314,57,2013
2013_17_CLE_PIT,17,CLE,-16.60801520786049,79,-12.153544344764668,64,2013
2013_17_CLE_PIT,17,PIT,-4.108150386184663,73,-2.0000792332650033,59,2013
2013_17_DEN_OAK,17,DEN,18.054384367790586,93,21.807110189664748,72,2013
2013_17_DEN_OAK,17,LV,-5.693186396811599,80,-9.373895678971195,59,2013
2013_17_DET_MIN,17,DET,-6.180206753555093,75,-8.052311777476056,60,2013
2013_17_DET_MIN,17,MIN,-8.790735566889614,75,-6.043589149310719,53,2013
2013_17_GB_CHI,17,CHI,9.145174736407167,67,10.676840297703166,49,2013
2013_17_GB_CHI,17,GB,17.034612110232388,91,18.5689201132956,77,2013
2013_17_HOU_TEN,17,HOU,-4.733562118835153,72,-9.148622256862128,57,2013
2013_17_HOU_TEN,17,TEN,-0.1575420037800095,81,-1.96184262772789,59,2013
2013_17_JAX_IND,17,IND,9.508834928954625,88,8.341210561635084,69,2013
2013_17_JAX_IND,17,JAX,-11.164093658644504,85,-12.342219225396803,70,2013
2013_17_KC_SD,17,KC,8.437938276982319,88,5.537513399776936,69,2013
2013_17_KC_SD,17,LAC,8.230846420932945,92,8.044641401497925,72,2013
2013_17_NYJ_MIA,17,MIA,-11.201592381573619,77,-9.750408647116274,60,2013
2013_17_NYJ_MIA,17,NYJ,4.102012416123669,86,8.875024697595702,67,2013
2013_17_PHI_DAL,17,DAL,-4.030973568773161,82,-6.834557760644517,65,2013
2013_17_PHI_DAL,17,PHI,-1.8931705596513122,84,3.354071992246565,63,2013
2013_17_SF_ARI,17,ARI,-6.835830342657461,91,1.9888469838238034,70,2013
2013_17_SF_ARI,17,SF,-1.1533414059011893,78,-0.9405103220978406,59,2013
2013_17_STL_SEA,17,LA,-13.974093965152743,70,-16.580395643153135,50,2013
2013_17_STL_SEA,17,SEA,3.2425023759844835,84,2.188038623143477,60,2013
2013_17_TB_NO,17,NO,17.35130253201939,81,23.092175951460376,60,2013
2013_17_TB_NO,17,TB,-7.181966761901256,84,-7.593891178150771,62,2013
2013_17_WAS_NYG,17,NYG,-16.731429146273967,86,-17.55271685343944,67,2013
2013_17_WAS_NYG,17,WAS,-30.737344996014144,94,-32.956808404877336,75,2013
2014_01_BUF_CHI,1,BUF,2.9762844245809603,75,4.683744683372394,54,2014
2014_01_BUF_CHI,1,CHI,-3.8615481713974376,89,-6.811386600735483,69,2014
2014_01_CAR_TB,1,CAR,-2.214464452951354,87,2.1755543755979443,67,2014
2014_01_CAR_TB,1,TB,-9.571915688652219,68,-9.412324607837945,55,2014
2014_01_CIN_BAL,1,BAL,-9.55089708201757,104,-4.964549938352793,86,2014
2014_01_CIN_BAL,1,CIN,1.1913531738538294,81,6.363917612866164,63,2014
2014_01_CLE_PIT,1,CLE,8.42046647262855,89,11.605843876568827,64,2014
2014_01_CLE_PIT,1,PIT,8.100477217930393,91,10.580682886813634,64,2014
2014_01_GB_SEA,1,GB,1.1625113817333945,75,-4.663032300416719,58,2014
2014_01_GB_SEA,1,SEA,18.63855497442158,86,13.060749777076094,63,2014
2014_01_IND_DEN,1,DEN,8.288418157105056,95,13.807052714239484,65,2014
2014_01_IND_DEN,1,IND,2.081855170837162,91,3.641946834149481,70,2014
2014_01_JAX_PHI,1,JAX,-26.65637029790799,97,-18.524367389740235,70,2014
2014_01_JAX_PHI,1,PHI,-9.903823525624162,104,-11.602242081823103,81,2014
2014_01_MIN_STL,1,LA,-25.23307629075134,86,-19.599798999827104,62,2014
2014_01_MIN_STL,1,MIN,8.70633162391421,80,5.631966521280608,54,2014
2014_01_NE_MIA,1,MIA,1.0750091240052377,92,-2.174971825649462,69,2014
2014_01_NE_MIA,1,NE,-11.971959740815358,105,-9.152000044840678,80,2014
2014_01_NO_ATL,1,ATL,19.00198001259521,92,19.81335825683995,68,2014
2014_01_NO_ATL,1,NO,19.995601762165805,92,13.466838548706392,70,2014
2014_01_NYG_DET,1,DET,6.394053744779568,79,17.72424649547594,61,2014
2014_01_NYG_DET,1,NYG,-14.80885857217455,79,-18.22924684965983,57,2014
2014_01_OAK_NYJ,1,LV,-8.479913312203855,72,-11.594010926317424,48,2014
2014_01_OAK_NYJ,1,NYJ,-3.785040335316979,86,-0.6612964093971287,64,2014
2014_01_SD_ARI,1,ARI,-9.108022510976065,87,-1.598891545488767,66,2014
2014_01_SD_ARI,1,LAC,-8.843306762175509,76,-8.005640134506393,60,2014
2014_01_SF_DAL,1,DAL,-7.9388275950592275,86,-7.590969627297396,63,2014
2014_01_SF_DAL,1,SF,5.58412990111883,72,8.827524476156924,52,2014
2014_01_TEN_KC,1,KC,-12.009507195829716,75,-10.953963599553772,56,2014
2014_01_TEN_KC,1,TEN,8.498203369362606,100,10.528950905726813,73,2014
2014_01_WAS_HOU,1,HOU,-3.109438975758258,73,0.4836244784853756,54,2014
2014_01_WAS_HOU,1,WAS,-14.987013558250556,78,-8.4512012124178,63,2014
2014_02_ARI_NYG,2,ARI,2.051648885948281,82,-3.8467085257000733,60,2014
2014_02_ARI_NYG,2,NYG,-15.02875731904772,87,-5.835735488712089,68,2014
2014_02_ATL_CIN,2,ATL,-9.247096482644626,83,-11.600831520951917,65,2014
2014_02_ATL_CIN,2,CIN,4.092691589206016,91,13.98870546311855,68,2014
2014_02_CHI_SF,2,CHI,0.7991469955511404,80,-0.2883896440616809,50,2014
2014_02_CHI_SF,2,SF,-9.081351265388214,83,-9.345440243228753,65,2014
2014_02_DAL_TEN,2,DAL,11.392224636899634,95,6.166988682799287,76,2014
2014_02_DAL_TEN,2,TEN,-9.171360060203657,67,-7.486813509411819,49,2014
2014_02_DET_CAR,2,CAR,0.3860770004155816,79,-0.9211946235855915,62,2014
2014_02_DET_CAR,2,DET,-19.049376618039165,89,-5.532415402550031,70,2014
2014_02_HOU_OAK,2,HOU,10.015325129644271,87,14.011022777487975,64,2014
2014_02_HOU_OAK,2,LV,-12.185285563948703,79,-13.349578984547406,59,2014
2014_02_JAX_WAS,2,JAX,-16.871178155279555,71,-21.454737706727663,48,2014
2014_02_JAX_WAS,2,WAS,15.610243645362441,103,16.012008241599055,80,2014
2014_02_KC_DEN,2,DEN,16.14945536962573,64,13.562835547102372,45,2014
2014_02_KC_DEN,2,KC,10.357988118582732,98,7.2733409410309875,75,2014
2014_02_MIA_BUF,2,BUF,2.0137279515432667,73,-3.6083726020488536,58,2014
2014_02_MIA_BUF,2,MIA,-17.106239575814758,102,-13.134256579339173,74,2014
2014_02_NE_MIN,2,MIN,-30.23764490328387,85,-23.23036043532642,60,2014
2014_02_NE_MIN,2,NE,-2.3895767912608328,82,-0.7424428809088446,59,2014
2014_02_NO_CLE,2,CLE,3.5307968727679464,92,1.2881396594310957,73,2014
2014_02_NO_CLE,2,NO,3.460378204735253,89,6.083090316694323,68,2014
2014_02_NYJ_GB,2,GB,10.409063575290471,87,1.6242944531515748,66,2014
2014_02_NYJ_GB,2,NYJ,5.586092980492186,89,2.1464649623120415,70,2014
2014_02_PHI_IND,2,IND,5.4615564996646295,92,-2.241245782144574,71,2014
2014_02_PHI_IND,2,PHI,11.1771614654725,87,14.21614588505807,64,2014
2014_02_PIT_BAL,2,BAL,7.490367917965493,83,9.034160907015567,63,2014
2014_02_PIT_BAL,2,PIT,-13.599231909378432,74,-12.547635996725376,57,2014
2014_02_SEA_SD,2,LAC,10.906850265107142,97,12.420377445066622,75,2014
2014_02_SEA_SD,2,SEA,2.179731028824836,57,8.06912791391369,40,2014
2014_02_STL_TB,2,LA,9.313281647706102,76,6.576847676411576,60,2014
2014_02_STL_TB,2,TB,4.637207511560852,71,3.8353391683439373,51,2014
2014_03_BAL_CLE,3,BAL,7.816267299738108,84,3.6073988320831996,62,2014
2014_03_BAL_CLE,3,CLE,2.622726479255153,76,14.207958501732545,55,2014
2014_03_CHI_NYJ,3,CHI,4.305383035855858,86,-2.674397313076852,60,2014
2014_03_CHI_NYJ,3,NYJ,-6.735030708465562,89,-7.588339446156688,72,2014
2014_03_DAL_STL,3,DAL,8.402183009158378,70,1.218848421283556,50,2014
2014_03_DAL_STL,3,LA,1.9956306203599325,91,3.689343878108213,71,2014
2014_03_DEN_SEA,3,DEN,-8.124073823879542,93,-8.660858447604706,69,2014
2014_03_DEN_SEA,3,SEA,-2.7405516556069713,96,1.2171483918737778,74,2014
2014_03_GB_DET,3,DET,-5.504292410060053,86,-2.8377826643562702,71,2014
2014_03_GB_DET,3,GB,-16.142188225503656,66,-14.960363842255902,51,2014
2014_03_HOU_NYG,3,HOU,-11.029352003960078,82,-7.93291044792106,61,2014
2014_03_HOU_NYG,3,NYG,1.8327803569855412,89,-0.8666408344713368,70,2014
2014_03_IND_JAX,3,IND,28.14137410388177,93,25.859838074949955,73,2014
2014_03_IND_JAX,3,JAX,-4.5193349606894415,78,-6.909823636000869,55,2014
2014_03_KC_MIA,3,KC,8.059426767408569,86,5.51880646710936,72,2014
2014_03_KC_MIA,3,MIA,-15.47536415482529,89,-15.00928538506995,67,2014
2014_03_MIN_NO,3,MIN,0.5258292098878883,69,0.22915610732431846,52,2014
2014_03_MIN_NO,3,NO,8.83024423022442,84,12.683241892955266,66,2014
2014_03_OAK_NE,3,LV,-2.6201594827580266,74,-6.026236739256317,56,2014
2014_03_OAK_NE,3,NE,2.3438602245493563,91,1.7272743099059413,68,2014
2014_03_PIT_CAR,3,CAR,5.018104374937876,78,3.7845614407804433,55,2014
2014_03_PIT_CAR,3,PIT,27.084775065849257,89,18.574931362022397,62,2014
2014_03_SD_BUF,3,BUF,-5.143761455818382,83,-9.297676537316816,65,2014
2014_03_SD_BUF,3,LAC,8.998377200488328,87,6.056868485767641,63,2014
2014_03_SF_ARI,3,ARI,11.49647338210152,79,10.37218476409697,58,2014
2014_03_SF_ARI,3,SF,2.665302442377561,78,8.355481157714134,61,2014
2014_03_TB_ATL,3,ATL,5.998854894524953,87,7.922326944144746,65,2014
2014_03_TB_ATL,3,TB,-37.58925582190951,80,-28.962213172751945,57,2014
2014_03_TEN_CIN,3,CIN,9.3322891812047,75,0.33325304609804096,56,2014
2014_03_TEN_CIN,3,TEN,-16.87091179836199,87,-7.83001642708528,63,2014
2014_03_WAS_PHI,3,PHI,13.53750106764231,95,2.456173174230501,64,2014
2014_03_WAS_PHI,3,WAS,13.420002227873496,100,15.484054017953746,75,2014
2014_04_ATL_MIN,4,ATL,10.607775924893517,87,12.229046695574652,63,2014
2014_04_ATL_MIN,4,MIN,23.11625786950861,94,21.508385557343477,75,2014
2014_04_BUF_HOU,4,BUF,-19.748200401265514,91,-18.719108054638973,68,2014
2014_04_BUF_HOU,4,HOU,-14.653435253954832,87,-17.487702252677362,61,2014
2014_04_CAR_BAL,4,BAL,28.163346677185853,77,23.935975015401862,60,2014
2014_04_CAR_BAL,4,CAR,-0.3864431297209343,82,1.820905513980012,62,2014
2014_04_DET_NYJ,4,DET,2.400120716775792,83,7.602445529803691,62,2014
2014_04_DET_NYJ,4,NYJ,-6.739735541592957,84,-5.783366975365592,62,2014
2014_04_GB_CHI,4,CHI,-0.8780394284591537,92,-0.23018095442690445,77,2014
2014_04_GB_CHI,4,GB,25.057247103101005,66,26.438683431200936,47,2014
2014_04_JAX_SD,4,JAX,-7.180249336194386,79,-11.463219447236042,65,2014
2014_04_JAX_SD,4,LAC,12.072137120471826,80,14.351441426070398,61,2014
2014_04_MIA_OAK,4,LV,-20.120063194441748,82,-25.204218797094654,64,2014
2014_04_MIA_OAK,4,MIA,4.966415760147736,87,4.754677658588427,66,2014
2014_04_NE_KC,4,KC,15.381477348493153,83,13.51550026806117,64,2014
2014_04_NE_KC,4,NE,-11.509535703011927,66,-12.111906201054808,49,2014
2014_04_NO_DAL,4,DAL,17.429423754749905,83,20.042800214662957,62,2014
2014_04_NO_DAL,4,NO,-2.7842153289330787,77,2.8729389513823493,59,2014
2014_04_NYG_WAS,4,NYG,19.720380060749562,99,16.94602006360089,78,2014
2014_04_NYG_WAS,4,WAS,-16.232994768205238,71,-18.696264417667408,52,2014
2014_04_PHI_SF,4,PHI,-22.316151823207246,76,-17.779672590317205,56,2014
2014_04_PHI_SF,4,SF,-17.343115789659926,105,-2.5841986153824177,74,2014
2014_04_TB_PIT,4,PIT,3.4875571797611435,94,9.021544640525608,72,2014
2014_04_TB_PIT,4,TB,9.422253609053815,87,7.455967710900503,62,2014
2014_04_TEN_IND,4,IND,13.006349725945936,106,18.42629819722205,78,2014
2014_04_TEN_IND,4,TEN,-12.529613147515736,68,-7.129390911217538,47,2014
2014_05_ARI_DEN,5,ARI,-13.2798060510437,84,-11.82885178389238,56,2014
2014_05_ARI_DEN,5,DEN,7.493038052995342,100,13.711497793221357,74,2014
2014_05_ATL_NYG,5,ATL,-1.6961733698450487,90,-0.9254140625868015,66,2014
2014_05_ATL_NYG,5,NYG,8.28503719513633,86,8.092288620743805,63,2014
2014_05_BAL_IND,5,BAL,-7.7858993925956845,75,-19.26028855585517,56,2014
2014_05_BAL_IND,5,IND,-1.5857904759560384,96,-7.586185402159622,79,2014
2014_05_BUF_DET,5,BUF,-18.692668143354123,93,-9.378319887067091,68,2014
2014_05_BUF_DET,5,DET,-25.054195461143728,82,-12.726086153782777,56,2014
2014_05_CHI_CAR,5,CAR,-9.811635354105661,82,-7.607921366271466,61,2014
2014_05_CHI_CAR,5,CHI,-14.344392962374467,83,-4.8051213756997955,61,2014
2014_05_CIN_NE,5,CIN,-14.931446695864572,73,-5.830854296881129,48,2014
2014_05_CIN_NE,5,NE,11.509467072572747,105,12.808744571364638,79,2014
2014_05_CLE_TEN,5,CLE,13.072958890000383,93,12.105300503409003,74,2014
2014_05_CLE_TEN,5,TEN,10.121700441892912,87,8.12605417665327,64,2014
2014_05_HOU_DAL,5,DAL,1.5707665027493016,93,6.517357094066927,75,2014
2014_05_HOU_DAL,5,HOU,-0.48931209394695596,76,0.8862407145361431,55,2014
2014_05_KC_SF,5,KC,4.498646959876503,67,7.634852186114825,50,2014
2014_05_KC_SF,5,SF,8.831027199417516,86,3.900437413493871,67,2014
2014_05_MIN_GB,5,GB,8.122078904592946,72,5.536296262580436,51,2014
2014_05_MIN_GB,5,MIN,-23.95981805402909,98,-20.43842182530324,75,2014
2014_05_NYJ_SD,5,LAC,9.305095044101776,88,10.195225073420488,71,2014
2014_05_NYJ_SD,5,NYJ,-22.997156111698132,75,-27.296759375487454,54,2014
2014_05_PIT_JAX,5,JAX,-16.586077721207403,71,-10.967959849358047,52,2014
2014_05_PIT_JAX,5,PIT,-3.438100867777969,85,3.902012998552001,65,2014
2014_05_SEA_WAS,5,SEA,11.629597088905076,89,12.190355548608306,63,2014
2014_05_SEA_WAS,5,WAS,-1.1130336267712053,76,-2.6594912330868787,54,2014
2014_05_STL_PHI,5,LA,-8.243512068447004,99,-0.46146909869275987,76,2014
2014_05_STL_PHI,5,PHI,-4.615998066242597,92,-6.244357949034612,69,2014
2014_05_TB_NO,5,NO,7.643119072130427,108,2.1417902079469346,86,2014
2014_05_TB_NO,5,TB,4.574527692507743,83,5.9346048684225075,54,2014
2014_06_BAL_TB,6,BAL,27.99401332938769,83,25.500054687206948,59,2014
2014_06_BAL_TB,6,TB,-10.596244941193284,93,-6.8818263311477565,67,2014
2014_06_CAR_CIN,6,CAR,18.919016874333188,106,17.88904455347103,79,2014
2014_06_CAR_CIN,6,CIN,16.557470904392844,102,14.810722584421946,75,2014
2014_06_CHI_ATL,6,ATL,-7.815674042309279,73,-8.724642278063818,53,2014
2014_06_CHI_ATL,6,CHI,10.256020690747317,91,19.305619048200533,67,2014
2014_06_DAL_SEA,6,DAL,9.768877570634732,93,11.00247722653339,68,2014
2014_06_DAL_SEA,6,SEA,0.2703620767964523,69,-7.374632846988357,48,2014
2014_06_DEN_NYJ,6,DEN,5.873215461985396,95,8.795743990218726,67,2014
2014_06_DEN_NYJ,6,NYJ,-9.761900726579036,79,-14.135763736193208,62,2014
2014_06_DET_MIN,6,DET,-13.290257677862094,87,-6.356077730535984,65,2014
2014_06_DET_MIN,6,MIN,-29.476127904257737,82,-26.394211936693345,62,2014
2014_06_GB_MIA,6,GB,8.992350332032448,96,8.689391661894785,78,2014
2014_06_GB_MIA,6,MIA,3.2153156081922596,75,2.2003680744674057,55,2014
2014_06_IND_HOU,6,HOU,-6.455178867054384,73,-2.8432316477082384,52,2014
2014_06_IND_HOU,6,IND,2.0641495523168274,101,-0.40642939226100516,80,2014
2014_06_JAX_TEN,6,JAX,-3.643964043604349,93,-2.998918695450187,74,2014
2014_06_JAX_TEN,6,TEN,-1.1393618960085554,71,-3.6470850137993613,54,2014
2014_06_NE_BUF,6,BUF,-3.930552396374428,89,0.9534186930251307,67,2014
2014_06_NE_BUF,6,NE,16.362609508588953,93,21.202326518367496,64,2014
2014_06_NYG_PHI,6,NYG,-26.00139695458347,87,-20.632281773141585,60,2014
2014_06_NYG_PHI,6,PHI,2.557983865613142,85,-0.0379132479716322,71,2014
2014_06_PIT_CLE,6,CLE,7.57124507883303,74,2.1120911055444136,56,2014
2014_06_PIT_CLE,6,PIT,-13.721638457189616,95,-13.78781971789314,76,2014
2014_06_SD_OAK,6,LAC,16.153345035375203,94,17.68151241322456,66,2014
2014_06_SD_OAK,6,LV,10.647762968691254,78,14.151502292531653,54,2014
2014_06_SF_STL,6,LA,-16.187566413620708,95,-13.29133758082531,68,2014
2014_06_SF_STL,6,SF,1.0143623042600467,85,-1.244991612186797,65,2014
2014_06_WAS_ARI,6,ARI,-1.2790766160607299,95,0.20823906325216335,68,2014
2014_06_WAS_ARI,6,WAS,-10.486071937144608,82,-12.548122119086386,57,2014
2014_07_ARI_OAK,7,ARI,8.285515778698983,91,4.909174412674858,69,2014
2014_07_ARI_OAK,7,LV,-4.882218387074605,69,-5.936272408987271,47,2014
2014_07_ATL_BAL,7,ATL,-16.139997771222912,81,-15.3134087619854,65,2014
2014_07_ATL_BAL,7,BAL,5.71801933139891,84,4.398457319107097,62,2014
2014_07_CAR_GB,7,CAR,-5.238409635338606,91,-6.761380229627102,67,2014
2014_07_CAR_GB,7,GB,15.994345146679205,77,14.490406178857452,53,2014
2014_07_CIN_IND,7,CIN,-23.917640487023164,77,-28.293226109497482,54,2014
2014_07_CIN_IND,7,IND,5.401249875446274,95,4.293301093912278,78,2014
2014_07_CLE_JAX,7,CLE,-34.57514564803569,93,-33.40404358108033,73,2014
2014_07_CLE_JAX,7,JAX,-16.560346838609757,90,-15.223682113520923,67,2014
2014_07_HOU_PIT,7,HOU,-1.6231764948939897,82,-1.0438485767763783,62,2014
2014_07_HOU_PIT,7,PIT,3.905782732327726,85,1.7241547792249552,59,2014
2014_07_KC_SD,7,KC,11.482407773069433,91,10.713634026860499,70,2014
2014_07_KC_SD,7,LAC,5.551364466470993,67,-0.16660029640683405,49,2014
2014_07_MIA_CHI,7,CHI,-10.792708467594487,66,-13.748923390288837,51,2014
2014_07_MIA_CHI,7,MIA,5.9817067319536825,85,15.239326379655953,67,2014
2014_07_MIN_BUF,7,BUF,-7.572984131013648,85,-8.371371571461818,66,2014
2014_07_MIN_BUF,7,MIN,-7.118681053698598,85,-10.376787373910389,60,2014
2014_07_NO_DET,7,DET,-5.343561646206869,86,-6.86595086420089,66,2014
2014_07_NO_DET,7,NO,-3.251737647620949,92,-3.2927242713512683,66,2014
2014_07_NYG_DAL,7,DAL,10.55864447094409,78,17.298026301146074,59,2014
2014_07_NYG_DAL,7,NYG,1.4096903528996783,82,2.4471919135248754,59,2014
2014_07_NYJ_NE,7,NE,11.80533322243814,78,6.391752494547507,53,2014
2014_07_NYJ_NE,7,NYJ,14.047666482807301,102,10.481355180039683,80,2014
2014_07_SEA_STL,7,LA,6.057419433163503,68,5.744962690379193,46,2014
2014_07_SEA_STL,7,SEA,6.943428708440403,87,19.10920363121211,69,2014
2014_07_SF_DEN,7,DEN,22.58441385906832,77,21.066406791942427,53,2014
2014_07_SF_DEN,7,SF,-2.419135017863148,92,-5.5625866159083746,70,2014
2014_07_TEN_WAS,7,TEN,-0.886060008215857,72,1.2729330663108551,49,2014
2014_07_TEN_WAS,7,WAS,-0.1278873067734061,80,-5.581884479770463,56,2014
2014_08_BAL_CIN,8,BAL,-0.8267647990671216,78,-3.136538872794465,61,2014
2014_08_BAL_CIN,8,CIN,-0.6438495652973408,86,1.000996322828323,63,2014
2014_08_BUF_NYJ,8,BUF,1.5089316536727146,77,2.6982747398364593,52,2014
2014_08_BUF_NYJ,8,NYJ,-24.830571702831097,103,-21.416493265554774,80,2014
2014_08_CHI_NE,8,CHI,-0.6889479140609733,85,4.766162251035218,66,2014
2014_08_CHI_NE,8,NE,29.16736542003406,92,27.59360482103668,70,2014
2014_08_DET_ATL,8,ATL,5.766913222324593,74,5.0975741110160016,55,2014
2014_08_DET_ATL,8,DET,6.974937941709697,89,7.775631572156099,68,2014
2014_08_GB_NO,8,GB,4.501021911022498,86,6.182118009500378,63,2014
2014_08_GB_NO,8,NO,23.80586065053419,83,17.505833706487177,65,2014
2014_08_HOU_TEN,8,HOU,8.798485920590839,102,10.336786637214814,78,2014
2014_08_HOU_TEN,8,TEN,-9.347957226209646,76,-7.489319261845139,56,2014
2014_08_IND_PIT,8,IND,12.704971770019924,84,10.555745828073414,56,2014
2014_08_IND_PIT,8,PIT,26.99998804172336,104,27.539872934867162,81,2014
2014_08_MIA_JAX,8,JAX,-17.584496837555267,89,-16.458342142706805,68,2014
2014_08_MIA_JAX,8,MIA,-2.856350684362905,79,-0.7451123645910798,55,2014
2014_08_MIN_TB,8,MIN,-7.066548118930147,87,-2.601609536105796,64,2014
2014_08_MIN_TB,8,TB,-14.553737999735237,76,-14.333476344100225,56,2014
2014_08_OAK_CLE,8,CLE,-3.0748731840764165,78,-2.944631008387077,53,2014
2014_08_OAK_CLE,8,LV,-14.085171863678912,103,-9.902284749369597,78,2014
2014_08_PHI_ARI,8,ARI,-2.8306522792401227,92,1.8940262381805386,65,2014
2014_08_PHI_ARI,8,PHI,-4.537110900457357,110,-3.458657912867233,87,2014
2014_08_SD_DEN,8,DEN,19.543349199066522,87,20.018592249187975,65,2014
2014_08_SD_DEN,8,LAC,6.695951271541208,75,3.8317915509978775,58,2014
2014_08_SEA_CAR,8,CAR,-7.853803856763989,73,-14.095266345516615,55,2014
2014_08_SEA_CAR,8,SEA,-2.1968693545589453,73,-2.059836363257652,58,2014
2014_08_STL_KC,8,KC,13.160185949024466,84,8.353480783353808,64,2014
2014_08_STL_KC,8,LA,-14.419182219260907,68,-11.735169410478282,51,2014
2014_08_WAS_DAL,8,DAL,-1.8213772617255932,78,-0.810128306726023,64,2014
2014_08_WAS_DAL,8,WAS,3.6160615515454078,85,8.886392961772344,63,2014
2014_09_ARI_DAL,9,ARI,-1.4267453447284435,82,5.8849959499784745,63,2014
2014_09_ARI_DAL,9,DAL,-15.607278271936686,79,-13.332599070527195,59,2014
2014_09_BAL_PIT,9,BAL,-3.6706537754839745,87,-13.593854414492547,66,2014
2014_09_BAL_PIT,9,PIT,16.443613879874235,91,13.741804280653131,66,2014
2014_09_DEN_NE,9,DEN,-16.052090900949178,100,-7.2089916616186365,74,2014
2014_09_DEN_NE,9,NE,5.724827926262935,104,2.349077268906612,80,2014
2014_09_IND_NYG,9,IND,17.86780388859073,97,14.660852431104278,71,2014
2014_09_IND_NYG,9,NYG,-3.645466129003534,100,-1.3457227283936337,75,2014
2014_09_JAX_CIN,9,CIN,9.072465783820675,87,7.290973875155833,67,2014
2014_09_JAX_CIN,9,JAX,0.35038186356131984,81,1.2616059018020982,61,2014
2014_09_NO_CAR,9,CAR,-10.574210865286947,71,-12.022970158233338,54,2014
2014_09_NO_CAR,9,NO,9.813137007024793,89,6.664726647140924,72,2014
2014_09_NYJ_KC,9,KC,13.025192364760233,69,11.593193096780269,56,2014
2014_09_NYJ_KC,9,NYJ,-0.6581517373945793,83,-5.108786749105607,69,2014
2014_09_OAK_SEA,9,LV,-15.494585824023442,80,-12.94768511842791,59,2014
2014_09_OAK_SEA,9,SEA,-10.77568179223358,102,-1.6929585276082562,71,2014
2014_09_PHI_HOU,9,HOU,-8.399536053285512,79,-0.7875722645721619,59,2014
2014_09_PHI_HOU,9,PHI,4.671182626898188,99,7.0611274678369345,77,2014
2014_09_SD_MIA,9,LAC,-28.14038969250396,66,-22.244510673801415,49,2014
2014_09_SD_MIA,9,MIA,11.243185903723074,90,11.562254916599022,74,2014
2014_09_STL_SF,9,LA,-10.85459362876492,70,-12.121046711258087,51,2014
2014_09_STL_SF,9,SF,-15.54645588945488,88,-12.528904467754117,62,2014
2014_09_TB_CLE,9,CLE,-10.50235109723343,82,-12.582597968398105,66,2014
2014_09_TB_CLE,9,TB,-13.72517137807575,82,-5.356656474248046,61,2014
2014_09_WAS_MIN,9,MIN,9.003478475920183,91,10.28691040286515,72,2014
2014_09_WAS_MIN,9,WAS,9.635718098255435,83,6.37146176991698,62,2014
2014_10_ATL_TB,10,ATL,13.284774077537634,81,8.853082994237333,59,2014
2014_10_ATL_TB,10,TB,-1.2605619846914422,88,3.747726301834472,68,2014
2014_10_CAR_PHI,10,CAR,-24.39676276041332,104,-21.957800078380387,81,2014
2014_10_CAR_PHI,10,PHI,-0.7548047435683642,83,1.7212257821455426,58,2014
2014_10_CHI_GB,10,CHI,-24.543971122581418,92,-28.060812429641373,67,2014
2014_10_CHI_GB,10,GB,18.266426285168368,83,11.346873337701163,64,2014
2014_10_CLE_CIN,10,CIN,-24.379482218180783,83,-33.092827746280975,63,2014
2014_10_CLE_CIN,10,CLE,0.3839434877163974,93,6.59046975081241,75,2014
2014_10_DAL_JAX,10,DAL,11.619702202463245,79,8.431876234554382,59,2014
2014_10_DAL_JAX,10,JAX,-4.589634343045135,85,-7.986841444784543,66,2014
2014_10_DEN_OAK,10,DEN,7.44498832143692,102,11.684260994824212,74,2014
2014_10_DEN_OAK,10,LV,-22.17081825064509,85,-21.922479275882242,62,2014
2014_10_KC_BUF,10,BUF,-7.385182174805156,90,-6.421006475850892,71,2014
2014_10_KC_BUF,10,KC,-2.2553911179317154,80,-3.0398067590125057,59,2014
2014_10_MIA_DET,10,DET,-12.184599395335873,85,0.19132132651381806,63,2014
2014_10_MIA_DET,10,MIA,-13.466486060535413,76,-15.588551732704765,59,2014
2014_10_NYG_SEA,10,NYG,-8.100213824615487,86,-5.737174522839082,62,2014
2014_10_NYG_SEA,10,SEA,14.003579915366952,76,20.31742224484058,62,2014
2014_10_PIT_NYJ,10,NYJ,-1.2233688910097342,75,0.4326837755584787,55,2014
2014_10_PIT_NYJ,10,PIT,-7.53820885634406,80,-7.734584761778798,60,2014
2014_10_SF_NO,10,NO,-7.595045300362758,101,-3.2993660217885976,79,2014
2014_10_SF_NO,10,SF,-0.8543716565930617,88,-0.13806537946772357,67,2014
2014_10_STL_ARI,10,ARI,-9.112116882770534,85,-6.8876569253344755,65,2014
2014_10_STL_ARI,10,LA,-27.370951634608083,79,-27.45022383169271,57,2014
2014_10_TEN_BAL,10,BAL,2.225937204537951,79,6.828348891955102,60,2014
2014_10_TEN_BAL,10,TEN,-11.618399453911767,72,-12.557823812356219,54,2014
2014_11_ATL_CAR,11,ATL,-3.346569529540208,92,-4.430722942801808,73,2014
2014_11_ATL_CAR,11,CAR,-7.895971462265727,84,-5.146628702036977,64,2014
2014_11_BUF_MIA,11,BUF,-11.517848788877018,74,-8.591275301536852,59,2014
2014_11_BUF_MIA,11,MIA,0.1049685305146042,83,6.400074371300241,62,2014
2014_11_CIN_NO,11,CIN,21.816967005086266,72,19.108872695996187,56,2014
2014_11_CIN_NO,11,NO,0.34467703816143924,83,1.6479559226697411,67,2014
2014_11_DEN_STL,11,DEN,-19.559935930310626,88,-9.69979950893321,65,2014
2014_11_DEN_STL,11,LA,-2.444611739492853,80,-7.073268650784984,65,2014
2014_11_DET_ARI,11,ARI,-4.705763862943151,77,-1.0619317502714694,54,2014
2014_11_DET_ARI,11,DET,-11.762903824797831,67,-8.927582531598325,53,2014
2014_11_HOU_CLE,11,CLE,-16.931987010563095,97,-18.58256783899683,75,2014
2014_11_HOU_CLE,11,HOU,2.7070782945187304,100,7.537597897634294,82,2014
2014_11_MIN_CHI,11,CHI,3.2503454320258705,90,10.880595576938187,73,2014
2014_11_MIN_CHI,11,MIN,-3.223575430902489,60,-1.141897732062744,45,2014
2014_11_NE_IND,11,IND,0.7442799473555164,74,-5.301638466193859,56,2014
2014_11_NE_IND,11,NE,27.287885495201134,89,29.324891563592246,70,2014
2014_11_OAK_SD,11,LAC,-11.874554220392671,94,-11.554865517424332,68,2014
2014_11_OAK_SD,11,LV,-17.84574487194186,76,-16.54223697911332,54,2014
2014_11_PHI_GB,11,GB,9.407062837788349,86,18.98155175021349,61,2014
2014_11_PHI_GB,11,PHI,-24.09225089014638,98,-20.338067409686637,78,2014
2014_11_PIT_TEN,11,PIT,11.249746379327053,87,11.836262684808284,71,2014
2014_11_PIT_TEN,11,TEN,4.483334662102653,55,3.589002642250584,39,2014
2014_11_SEA_KC,11,KC,4.714536052838458,63,4.6482179741291105,44,2014
2014_11_SEA_KC,11,SEA,2.0702805610302377,87,2.2654277892217056,71,2014
2014_11_SF_NYG,11,NYG,-17.937083208331675,80,-21.95720736978941,68,2014
2014_11_SF_NYG,11,SF,-7.850626344656408,82,-4.85005422826096,66,2014
2014_11_TB_WAS,11,TB,8.13998711915433,65,12.733156919373057,45,2014
2014_11_TB_WAS,11,WAS,-17.379353067235858,91,-17.09603954953227,69,2014
2014_12_ARI_SEA,12,ARI,-23.805892705568112,71,-13.207534932441682,49,2014
2014_12_ARI_SEA,12,SEA,-6.377592832237784,73,-0.7711924988043948,56,2014
2014_12_BAL_NO,12,BAL,21.095371498078364,76,19.22901731044384,56,2014
2014_12_BAL_NO,12,NO,8.269486921549909,89,5.8576969993863965,69,2014
2014_12_CIN_HOU,12,CIN,-0.6396423158676958,98,-3.5546016301886407,77,2014
2014_12_CIN_HOU,12,HOU,-11.812218890384475,81,-13.834636456954877,63,2014
2014_12_CLE_ATL,12,ATL,-1.9236061887916698,88,-2.0983051557088492,69,2014
2014_12_CLE_ATL,12,CLE,4.879594906331285,91,4.203495319955881,70,2014
2014_12_DAL_NYG,12,DAL,15.339647764651758,69,17.272711700825248,51,2014
2014_12_DAL_NYG,12,NYG,9.248187886164246,95,10.335917575634085,74,2014
2014_12_DET_NE,12,DET,-6.6191023797146045,99,-10.593150570226653,72,2014
2014_12_DET_NE,12,NE,17.242933881606163,97,6.431322840570456,73,2014
2014_12_GB_MIN,12,GB,12.964631450072421,79,12.586002374516653,59,2014
2014_12_GB_MIN,12,MIN,7.528088023323729,83,-2.047085609741724,64,2014
2014_12_JAX_IND,12,IND,-4.995696233187211,88,-6.235753685909966,70,2014
2014_12_JAX_IND,12,JAX,-25.58926966469153,70,-25.35087060337464,53,2014
2014_12_KC_OAK,12,KC,3.491873447594415,86,-3.703191538728846,62,2014
2014_12_KC_OAK,12,LV,4.1424004472801705,87,6.922640700335547,65,2014
2014_12_MIA_DEN,12,DEN,23.55633048908827,91,27.887542981635725,70,2014
2014_12_MIA_DEN,12,MIA,22.265333466005234,77,11.302239260214382,58,2014
2014_12_NYJ_BUF,12,BUF,10.351736159861932,80,9.823443597025085,62,2014
2014_12_NYJ_BUF,12,NYJ,-27.559758151473943,79,-22.674470676589756,57,2014
2014_12_STL_SD,12,LA,-5.900947666318597,82,-7.351431009760602,61,2014
2014_12_STL_SD,12,LAC,-5.587998243513493,81,-0.8891949889857163,59,2014
2014_12_TB_CHI,12,CHI,-16.124955302132502,79,-14.029329865086078,56,2014
2014_12_TB_CHI,12,TB,-22.733688644783175,93,-19.40226349902112,75,2014
2014_12_TEN_PHI,12,PHI,8.58469222185407,109,3.7501896674919752,80,2014
2014_12_TEN_PHI,12,TEN,-10.838575879576592,91,-9.844212147294492,61,2014
2014_12_WAS_SF,12,SF,-7.8945111666295205,76,-5.039287099274402,58,2014
2014_12_WAS_SF,12,WAS,-9.569309199965861,71,-13.774921831178217,52,2014
2014_13_ARI_ATL,13,ARI,-12.278558876767399,70,-8.75189339966322,51,2014
2014_13_ARI_ATL,13,ATL,-0.8884918652076621,97,-0.5445899714832003,74,2014
2014_13_CAR_MIN,13,CAR,-18.246676393619342,93,-1.9490576471493286,71,2014
2014_13_CAR_MIN,13,MIN,-1.7820583678342392,67,-1.0995345303149051,47,2014
2014_13_CHI_DET,13,CHI,-6.445804290375428,80,-6.155595138723476,58,2014
2014_13_CHI_DET,13,DET,9.584973147917097,89,9.24797472639773,70,2014
2014_13_CIN_TB,13,CIN,-7.900076560636656,76,-8.64064901470556,57,2014
2014_13_CIN_TB,13,TB,-9.9178152651096,82,-9.253904480094707,55,2014
2014_13_CLE_BUF,13,BUF,-10.640056944296369,88,-14.976992030400986,61,2014
2014_13_CLE_BUF,13,CLE,-28.10325252801187,89,-18.052137759068362,66,2014
2014_13_DEN_KC,13,DEN,2.253436598966225,102,3.2418980669884023,79,2014
2014_13_DEN_KC,13,KC,-15.867690138397109,63,-18.332935426247914,44,2014
2014_13_MIA_NYJ,13,MIA,-2.021320750684314,74,-3.5365607427280605,54,2014
2014_13_MIA_NYJ,13,NYJ,-7.592041394886397,79,-1.568741350175777,64,2014
2014_13_NE_GB,13,GB,14.359050636568433,86,16.410880190307708,67,2014
2014_13_NE_GB,13,NE,9.88936735456905,75,12.780521440135953,53,2014
2014_13_NO_PIT,13,NO,18.696948210982026,75,17.2102345416788,54,2014
2014_13_NO_PIT,13,PIT,13.555787339098915,107,10.825803075994543,83,2014
2014_13_NYG_JAX,13,JAX,-12.332375298612588,87,-7.414952090997291,65,2014
2014_13_NYG_JAX,13,NYG,-11.288540367821906,95,-7.79250420414338,73,2014
2014_13_OAK_STL,13,LA,10.893233738513356,72,6.626322191308253,48,2014
2014_13_OAK_STL,13,LV,-46.41629663424101,99,-42.32598012301605,75,2014
2014_13_PHI_DAL,13,DAL,-15.0776227232755,78,-16.883272451573216,57,2014
2014_13_PHI_DAL,13,PHI,14.079117094996809,91,11.244234191308825,73,2014
2014_13_SD_BAL,13,BAL,21.076518580085622,89,7.043400585197892,63,2014
2014_13_SD_BAL,13,LAC,22.476200656462183,91,15.623519014312894,65,2014
2014_13_SEA_SF,13,SEA,5.336206849684171,77,3.8716668421373424,60,2014
2014_13_SEA_SF,13,SF,-15.436582942842506,74,-18.90043311874514,51,2014
2014_13_TEN_HOU,13,HOU,7.754151396658652,88,13.450934458351584,67,2014
2014_13_TEN_HOU,13,TEN,-16.75074665665957,80,-16.48158992471872,56,2014
2014_13_WAS_IND,13,IND,14.85567993449208,70,12.229418952716514,48,2014
2014_13_WAS_IND,13,WAS,-5.500290514653125,103,-7.156892743305876,74,2014
2014_14_ATL_GB,14,ATL,22.950546913728306,86,22.91226753526923,65,2014
2014_14_ATL_GB,14,GB,26.47927765080787,87,25.57584752290795,66,2014
2014_14_BAL_MIA,14,BAL,14.725453358746321,78,20.48353267274797,61,2014
2014_14_BAL_MIA,14,MIA,-2.5897701979650414,78,-4.497954220630666,54,2014
2014_14_BUF_DEN,14,BUF,-5.382703439584141,96,0.8151915166261725,77,2014
2014_14_BUF_DEN,14,DEN,0.1824182568826025,68,-2.39801853354372,47,2014
2014_14_CAR_NO,14,CAR,18.111268453343122,92,20.32396263818398,72,2014
2014_14_CAR_NO,14,NO,-21.240368055043387,88,-17.667175652785865,68,2014
2014_14_DAL_CHI,14,CHI,7.6886434763884415,87,6.402534567678348,61,2014
2014_14_DAL_CHI,14,DAL,24.32288769607514,79,24.008648790479512,60,2014
2014_14_HOU_JAX,14,HOU,8.172392729146896,84,5.325605254025035,60,2014
2014_14_HOU_JAX,14,JAX,-9.37927583626362,86,-15.900013986064929,66,2014
2014_14_IND_CLE,14,CLE,-18.494411854654526,89,-15.361656882320078,62,2014
2014_14_IND_CLE,14,IND,-15.190785233406187,100,-19.70054898520969,77,2014
2014_14_KC_ARI,14,ARI,-0.3889544014090207,86,3.9930330449705647,65,2014
2014_14_KC_ARI,14,KC,-3.4183435590622144,79,-0.623907097382471,60,2014
2014_14_NE_SD,14,LAC,-16.754706924567138,74,-10.853288820420858,54,2014
2014_14_NE_SD,14,NE,-3.488853194769611,93,-8.363289912438667,73,2014
2014_14_NYG_TEN,14,NYG,2.289208378119884,91,1.4176034125245813,71,2014
2014_14_NYG_TEN,14,TEN,-33.85297405895318,79,-26.977553772838483,56,2014
2014_14_NYJ_MIN,14,MIN,5.949678465957778,77,12.505397352057187,58,2014
2014_14_NYJ_MIN,14,NYJ,1.443308465784579,97,-5.81234583230197,74,2014
2014_14_PIT_CIN,14,CIN,-3.7823318180152903,84,0.2980887879966758,58,2014
2014_14_PIT_CIN,14,PIT,21.254707009319404,92,22.61655992153061,69,2014
2014_14_SEA_PHI,14,PHI,-15.382775370341399,62,-20.36533588025486,45,2014
2014_14_SEA_PHI,14,SEA,-2.240496785495406,106,-0.2758148929262365,83,2014
2014_14_SF_OAK,14,LV,2.729584417539673,83,3.680219840931418,60,2014
2014_14_SF_OAK,14,SF,-7.006435804776917,77,-6.039069233979097,56,2014
2014_14_STL_WAS,14,LA,0.662580031344528,75,9.373277175342547,56,2014
2014_14_STL_WAS,14,WAS,-27.707690286042634,72,-18.219399101450108,55,2014
2014_14_TB_DET,14,DET,5.7022417376515655,85,5.07541390631016,66,2014
2014_14_TB_DET,14,TB,-11.530981295993307,82,-15.103938172518244,59,2014
2014_15_ARI_STL,15,ARI,-11.852054701535963,86,-12.007783271613558,63,2014
2014_15_ARI_STL,15,LA,-22.794733223854564,82,-20.102665177250433,61,2014
2014_15_CIN_CLE,15,CIN,12.108595974220453,85,9.983070728670933,71,2014
2014_15_CIN_CLE,15,CLE,-23.536046914348844,60,-20.082729091809597,38,2014
2014_15_DAL_PHI,15,DAL,10.876372358220049,105,10.562557583768747,73,2014
2014_15_DAL_PHI,15,PHI,-4.086540993069274,71,-1.3630233301627994,53,2014
2014_15_DEN_SD,15,DEN,3.478753845780087,79,2.5172267432918076,61,2014
2014_15_DEN_SD,15,LAC,-13.66092304068508,83,-7.617852504019136,61,2014
2014_15_GB_BUF,15,BUF,-9.646344270712067,88,-10.629305269302336,60,2014
2014_15_GB_BUF,15,GB,-17.597142996188555,97,-8.494406923596708,67,2014
2014_15_HOU_IND,15,HOU,-19.868443189164328,88,-21.819359629414976,67,2014
2014_15_HOU_IND,15,IND,-13.54204804457013,83,-15.735582989110412,61,2014
2014_15_JAX_BAL,15,BAL,-12.085175740725965,81,-2.1000256365474157,54,2014
2014_15_JAX_BAL,15,JAX,-17.541778408398386,88,-12.64513122806909,69,2014
2014_15_MIA_NE,15,MIA,-18.440619774899748,98,-9.76070988708232,74,2014
2014_15_MIA_NE,15,NE,10.284866092766986,81,11.104354084223523,63,2014
2014_15_MIN_DET,15,DET,-11.389613188725075,66,-6.637611840687438,50,2014
2014_15_MIN_DET,15,MIN,-11.864944784687587,82,-2.7064746349879014,64,2014
2014_15_NO_CHI,15,CHI,-12.675089793041652,78,-13.932575888247694,59,2014
2014_15_NO_CHI,15,NO,7.082287036601642,86,14.808652264587128,63,2014
2014_15_NYJ_TEN,15,NYJ,-2.262689960533124,83,-1.896750147146034,61,2014
2014_15_NYJ_TEN,15,TEN,-10.68775014084531,83,-10.419214932811347,62,2014
2014_15_OAK_KC,15,KC,-13.111564085507112,89,-0.20505184101209561,58,2014
2014_15_OAK_KC,15,LV,-31.611531365875923,103,-21.740847349783273,76,2014
2014_15_PIT_ATL,15,ATL,0.12221028799448419,74,2.242461090724797,57,2014
2014_15_PIT_ATL,15,PIT,10.819732236386411,74,13.85374372241825,55,2014
2014_15_SF_SEA,15,SEA,3.084691767154588,78,7.004612479875846,59,2014
2014_15_SF_SEA,15,SF,-6.976056189605803,70,-4.894113544258289,57,2014
2014_15_TB_CAR,15,CAR,-3.144373791912873,93,0.06678882814760545,74,2014
2014_15_TB_CAR,15,TB,-5.085652759201032,73,-1.8874913007015923,54,2014
2014_15_WAS_NYG,15,NYG,4.930591948913435,76,2.5939039611366708,57,2014
2014_15_WAS_NYG,15,WAS,-4.056749575926293,88,-2.9378544827127886,68,2014
2014_16_ATL_NO,16,ATL,7.8897402720774,80,9.522776294742961,62,2014
2014_16_ATL_NO,16,NO,-12.749200445676443,85,-18.163179389433935,68,2014
2014_16_BAL_HOU,16,BAL,-30.873981414585543,91,-30.09659674293641,69,2014
2014_16_BAL_HOU,16,HOU,-17.13799525998643,107,-15.382041671085918,81,2014
2014_16_BUF_OAK,16,BUF,-6.80940718838151,90,-4.468810736737719,64,2014
2014_16_BUF_OAK,16,LV,-4.000044245582679,94,-1.9168239595734338,69,2014
2014_16_CLE_CAR,16,CAR,-0.6998818009348113,92,6.114416886219141,75,2014
2014_16_CLE_CAR,16,CLE,-3.1387304062175794,62,-2.162167083000389,46,2014
2014_16_DEN_CIN,16,CIN,-3.269616135841048,85,-7.743336757673037,60,2014
2014_16_DEN_CIN,16,DEN,-11.641937237794323,89,-9.534485889019923,65,2014
2014_16_DET_CHI,16,CHI,-1.685405649205343,81,-9.899633006891236,63,2014
2014_16_DET_CHI,16,DET,8.5297899267565,84,5.584973374693149,66,2014
2014_16_GB_TB,16,GB,-0.03566289962748925,84,10.164149507382355,69,2014
2014_16_GB_TB,16,TB,-21.257676249544602,64,-21.273175703507214,47,2014
2014_16_IND_DAL,16,DAL,14.525900175942022,77,18.306568331888798,62,2014
2014_16_IND_DAL,16,IND,-24.827390656199942,80,-27.225824080465827,56,2014
2014_16_KC_PIT,16,KC,4.2103893894236535,79,1.4222689312536416,66,2014
2014_16_KC_PIT,16,PIT,10.565192986319168,67,8.687532758811281,48,2014
2014_16_MIN_MIA,16,MIA,12.913196986086785,103,19.64769600370373,73,2014
2014_16_MIN_MIA,16,MIN,13.41887908363531,79,10.79537656228009,57,2014
2014_16_NE_NYJ,16,NE,-7.617327319069439,79,-1.2279126710481032,59,2014
2014_16_NE_NYJ,16,NYJ,-9.864430474097677,77,-4.324156256136305,61,2014
2014_16_NYG_STL,16,LA,-2.6039413080419003,81,-1.00168310345875,54,2014
2014_16_NYG_STL,16,NYG,14.390615655771015,89,23.457468985392808,64,2014
2014_16_PHI_WAS,16,PHI,4.677486223926326,108,15.722984759845708,84,2014
2014_16_PHI_WAS,16,WAS,4.856989422057314,73,5.706027746396124,53,2014
2014_16_SD_SF,16,LAC,5.6084474738858425,101,2.385846431097213,80,2014
2014_16_SD_SF,16,SF,-0.20622499009512651,94,-3.5929032689869276,66,2014
2014_16_SEA_ARI,16,ARI,-21.870461892336607,87,-23.64232189087709,64,2014
2014_16_SEA_ARI,16,SEA,10.874708186142696,87,25.664634233153635,66,2014
2014_16_TEN_JAX,16,JAX,3.9446851911498477,75,4.056807512184605,56,2014
2014_16_TEN_JAX,16,TEN,-1.83630685931195,84,-0.26105529544750006,65,2014
2014_17_ARI_SF,17,ARI,7.480399758943683,82,7.171376761129228,67,2014
2014_17_ARI_SF,17,SF,9.743478905390809,80,10.382880129333135,57,2014
2014_17_BUF_NE,17,BUF,0.5568369384085301,74,0.9860542951736813,56,2014
2014_17_BUF_NE,17,NE,-9.923793732072227,78,-12.282577013465524,62,2014
2014_17_CAR_ATL,17,ATL,-32.69564351005829,89,-35.2711451398328,69,2014
2014_17_CAR_ATL,17,CAR,5.464351321330085,66,6.330768500802469,52,2014
2014_17_CHI_MIN,17,CHI,-8.83809812105028,80,-4.003061173093268,59,2014
2014_17_CHI_MIN,17,MIN,-6.878278564467397,75,-5.191170904810592,58,2014
2014_17_CIN_PIT,17,CIN,-15.340290971817588,86,-6.3621288313864035,70,2014
2014_17_CIN_PIT,17,PIT,-6.301463950773677,72,-5.3875425234952825,56,2014
2014_17_CLE_BAL,17,BAL,1.40929199386607,85,1.8503199183668961,63,2014
2014_17_CLE_BAL,17,CLE,-8.93271339997074,81,-10.34570211944289,59,2014
2014_17_DAL_WAS,17,DAL,16.389455188397204,83,13.185006977220404,61,2014
2014_17_DAL_WAS,17,WAS,-17.0928241734697,87,-18.367885147185355,68,2014
2014_17_DET_GB,17,DET,-8.033945669453264,82,-4.7980425437707455,67,2014
2014_17_DET_GB,17,GB,0.43597710163770387,84,3.476960642796392,62,2014
2014_17_IND_TEN,17,IND,1.0981695186938403,88,5.874231320082942,63,2014
2014_17_IND_TEN,17,TEN,-19.98960760792608,76,-20.94187786508937,57,2014
2014_17_JAX_HOU,17,HOU,-6.996696997593201,97,-7.4583297609351575,75,2014
2014_17_JAX_HOU,17,JAX,-10.37119228818674,71,-8.280410844605106,53,2014
2014_17_NO_TB,17,NO,3.4376537624639703,78,4.803180689632427,61,2014
2014_17_NO_TB,17,TB,-0.526657653991272,80,0.5774315807040846,64,2014
2014_17_NYJ_MIA,17,MIA,-1.978374139113793,91,-1.728429661817385,66,2014
2014_17_NYJ_MIA,17,NYJ,15.831241295286176,81,14.70457787248029,62,2014
2014_17_OAK_DEN,17,DEN,13.31765029228374,95,6.5891942497528895,73,2014
2014_17_OAK_DEN,17,LV,-21.078276969627616,83,-16.388831503747497,57,2014
2014_17_PHI_NYG,17,NYG,-5.103173849308071,102,0.3580605783756443,78,2014
2014_17_PHI_NYG,17,PHI,5.088049340431766,99,7.840867347568708,69,2014
2014_17_SD_KC,17,KC,-6.597581534801353,78,-6.448374841875598,56,2014
2014_17_SD_KC,17,LAC,-18.826314246902545,85,-10.133482460697246,66,2014
2014_17_STL_SEA,17,LA,-24.747182841179892,78,-24.110634349694223,60,2014
2014_17_STL_SEA,17,SEA,-11.385822226253943,74,-8.50990716260574,59,2014
2015_01_BAL_DEN,1,BAL,-13.927855868837845,74,-21.940908570225503,57,2015
2015_01_BAL_DEN,1,DEN,-9.629004416011789,92,-16.876772641883186,68,2015
2015_01_CAR_JAX,1,CAR,-12.777969227666134,87,-4.624967512298053,66,2015
2015_01_CAR_JAX,1,JAX,-25.6375129229995,80,-19.98436829797494,65,2015
2015_01_CIN_OAK,1,CIN,11.385206020613937,83,14.195345838416578,63,2015
2015_01_CIN_OAK,1,LV,-13.166359598194763,84,-11.01213605263899,62,2015
2015_01_CLE_NYJ,1,CLE,-16.336617197098725,84,-12.67140005452016,63,2015
2015_01_CLE_NYJ,1,NYJ,4.366219952821071,73,8.784326003450953,59,2015
2015_01_DET_SD,1,DET,0.36660506061375253,65,0.10645293610286899,47,2015
2015_01_DET_SD,1,LAC,4.747013904789705,93,6.632120427931554,72,2015
2015_01_GB_CHI,1,CHI,11.48062250585751,91,7.7763105687001755,70,2015
2015_01_GB_CHI,1,GB,22.784830676393852,74,20.098572872881803,51,2015
2015_01_IND_BUF,1,BUF,9.042620761685392,76,9.028467112141495,52,2015
2015_01_IND_BUF,1,IND,-3.562735479703173,90,3.061930507847894,69,2015
2015_01_KC_HOU,1,HOU,-15.581180606132996,94,-10.614012406265111,74,2015
2015_01_KC_HOU,1,KC,-4.3870346870787955,89,-0.8487378118047815,64,2015
2015_01_MIA_WAS,1,MIA,-6.397242341451445,70,-5.431678860801861,54,2015
2015_01_MIA_WAS,1,WAS,-15.429881308940288,89,-3.6879726797489614,68,2015
2015_01_MIN_SF,1,MIN,-16.66034567973111,69,-17.54050193912053,54,2015
2015_01_MIN_SF,1,SF,1.110154885887071,84,13.664021037532175,64,2015
2015_01_NO_ARI,1,ARI,11.272465359188011,78,9.726224708999574,56,2015
2015_01_NO_ARI,1,NO,1.1400826625529046,92,-1.9201384115954117,70,2015
2015_01_NYG_DAL,1,DAL,1.2798451458695306,87,-2.791044394158268,67,2015
2015_01_NYG_DAL,1,NYG,3.639067660039909,78,2.859030978632792,61,2015
2015_01_PHI_ATL,1,ATL,-6.290683295864845,94,-3.949938222743194,67,2015
2015_01_PHI_ATL,1,PHI,-6.229377777658986,92,5.400452308239451,68,2015
2015_01_PIT_NE,1,NE,16.718383714558826,76,15.708723410352832,57,2015
2015_01_PIT_NE,1,PIT,9.845033401885953,86,18.839569908690216,67,2015
2015_01_SEA_STL,1,LA,-9.945505154776853,77,-6.112451667238018,55,2015
2015_01_SEA_STL,1,SEA,-9.132140959099635,101,-6.392075081864481,79,2015
2015_01_TEN_TB,1,TB,-18.968739597038464,89,-18.298901174828643,63,2015
2015_01_TEN_TB,1,TEN,13.517207240892748,72,14.675735028285999,46,2015
2015_02_ARI_CHI,2,ARI,23.54183043582098,75,12.970506173092872,50,2015
2015_02_ARI_CHI,2,CHI,-6.891671683143456,92,-13.344113520527456,62,2015
2015_02_ATL_NYG,2,ATL,13.496472006556406,88,16.942626665190474,69,2015
2015_02_ATL_NYG,2,NYG,7.190821445169761,87,4.762302865332458,65,2015
2015_02_BAL_OAK,2,BAL,20.47580499401534,101,16.619468528010557,70,2015
2015_02_BAL_OAK,2,LV,20.98533453792547,93,15.561559041765936,65,2015
2015_02_DAL_PHI,2,DAL,-8.407940928270207,99,-4.7411812096190005,68,2015
2015_02_DAL_PHI,2,PHI,-20.79067028815863,76,-20.177739366192117,55,2015
2015_02_DEN_KC,2,DEN,-1.262345255059385,92,-12.22172463349262,70,2015
2015_02_DEN_KC,2,KC,-8.731950968778838,78,-13.647224083585176,58,2015
2015_02_DET_MIN,2,DET,-6.707197237264414,90,-10.530762007595488,71,2015
2015_02_DET_MIN,2,MIN,3.7184589157275325,79,6.43229138505475,60,2015
2015_02_HOU_CAR,2,CAR,-2.3406862347749127,95,-4.558948673751324,71,2015
2015_02_HOU_CAR,2,HOU,-8.023071408037893,105,-12.945785251130179,82,2015
2015_02_MIA_JAX,2,JAX,3.26302394023621,91,4.413470339341958,65,2015
2015_02_MIA_JAX,2,MIA,1.2803474991534793,87,7.382737701901807,61,2015
2015_02_NE_BUF,2,BUF,-3.4741744345355845,96,0.33066252537560636,67,2015
2015_02_NE_BUF,2,NE,9.676231503168625,102,7.989940561133924,73,2015
2015_02_NYJ_IND,2,IND,-18.16264322943722,74,-12.847174383015453,61,2015
2015_02_NYJ_IND,2,NYJ,-2.1363169501878656,83,-0.6516708205528197,62,2015
2015_02_SD_CIN,2,CIN,1.3265501664298047,81,1.25591167438572,60,2015
2015_02_SD_CIN,2,LAC,-1.5351005601399135,75,3.6287323786835675,57,2015
2015_02_SEA_GB,2,GB,7.1002330533526345,84,4.357208664441677,64,2015
2015_02_SEA_GB,2,SEA,-1.6160203643947417,76,-2.3930770093405958,56,2015
2015_02_SF_PIT,2,PIT,28.429871193455803,69,27.692439379199875,50,2015
2015_02_SF_PIT,2,SF,2.4790158896655288,105,5.76746710852807,83,2015
2015_02_STL_WAS,2,LA,-11.466942407146611,70,-12.84146782108663,46,2015
2015_02_STL_WAS,2,WAS,1.9785278311626455,86,3.0880770741692487,66,2015
2015_02_TB_NO,2,NO,-17.07124381670612,94,-9.129062349153623,69,2015
2015_02_TB_NO,2,TB,-5.546290942929453,80,-5.4753091262458335,59,2015
2015_02_TEN_CLE,2,CLE,0.5572183825446211,64,1.0348859612131491,46,2015
2015_02_TEN_CLE,2,TEN,-13.238948127923166,93,-1.5678953386377543,74,2015
2015_03_ATL_DAL,3,ATL,20.667163101908123,89,21.71076014345688,69,2015
2015_03_ATL_DAL,3,DAL,6.060007298389754,69,5.167891296674497,49,2015
2015_03_BUF_MIA,3,BUF,20.38018859933339,82,17.663365261363627,62,2015
2015_03_BUF_MIA,3,MIA,-12.023345429827973,91,-11.036394225680734,71,2015
2015_03_CHI_SEA,3,CHI,-17.186052606615704,67,-12.679904376156628,46,2015
2015_03_CHI_SEA,3,SEA,10.667671267439047,79,4.857733018220179,61,2015
2015_03_CIN_BAL,3,BAL,-6.515346183367219,91,0.9452796805376877,67,2015
2015_03_CIN_BAL,3,CIN,-0.3485044660607448,90,1.9094147043651901,63,2015
2015_03_DEN_DET,3,DEN,-0.42387787630420726,79,2.491844435571693,61,2015
2015_03_DEN_DET,3,DET,-15.436366546678705,90,-14.699543076028814,68,2015
2015_03_IND_TEN,3,IND,1.6410949378504776,80,4.472418637131341,53,2015
2015_03_IND_TEN,3,TEN,-2.9456260429561665,100,-2.2177617976736004,75,2015
2015_03_JAX_NE,3,JAX,0.4050937422154428,77,-0.3520259620707442,55,2015
2015_03_JAX_NE,3,NE,34.90136978033435,95,30.207702709833768,74,2015
2015_03_KC_GB,3,GB,16.079125185077768,95,13.26497854455269,68,2015
2015_03_KC_GB,3,KC,6.4859021737369655,87,1.1104947800342924,67,2015
2015_03_NO_CAR,3,CAR,11.134255341619571,82,17.79739707264378,62,2015
2015_03_NO_CAR,3,NO,8.038545120406381,86,7.6921438642027,65,2015
2015_03_OAK_CLE,3,CLE,7.922080471035926,90,4.507375724159989,68,2015
2015_03_OAK_CLE,3,LV,18.03378962872535,88,16.382302212689677,61,2015
2015_03_PHI_NYJ,3,NYJ,-20.939882723875442,96,-19.986904040048458,75,2015
2015_03_PHI_NYJ,3,PHI,-10.847145096120803,91,-12.320183467302336,64,2015
2015_03_PIT_STL,3,LA,-13.82137959211832,63,-13.592169717706629,49,2015
2015_03_PIT_STL,3,PIT,-4.868891367237549,74,-3.693708672230109,56,2015
2015_03_SD_MIN,3,LAC,-12.573724978980707,90,-9.091482981923036,72,2015
2015_03_SD_MIN,3,MIN,5.215573441705006,70,-0.919648178007967,54,2015
2015_03_SF_ARI,3,ARI,12.296117439728222,91,15.969273162132595,66,2015
2015_03_SF_ARI,3,SF,-29.02588118289101,67,-27.287458118749782,50,2015
2015_03_TB_HOU,3,HOU,-6.77365129335023,109,-2.412307144232658,85,2015
2015_03_TB_HOU,3,TB,-16.471283358952185,78,-7.383866276123646,56,2015
2015_03_WAS_NYG,3,NYG,14.102756655179983,85,10.911634836794782,63,2015
2015_03_WAS_NYG,3,WAS,4.8539726767346245,91,-3.549875212379165,71,2015
2015_04_BAL_PIT,4,BAL,-14.908300796144275,95,-15.148185995642299,77,2015
2015_04_BAL_PIT,4,PIT,-20.961102716187114,84,-14.486492359472937,62,2015
2015_04_CAR_TB,4,CAR,1.6933456277496095,76,2.5208681156839647,54,2015
2015_04_CAR_TB,4,TB,-17.870705474617573,96,-14.01301560170839,75,2015
2015_04_CLE_SD,4,CLE,12.940462172293987,91,7.971621677431113,67,2015
2015_04_CLE_SD,4,LAC,13.697564428746553,88,10.130081137988704,61,2015
2015_04_DAL_NO,4,DAL,7.237611593391513,77,7.4768621354948515,56,2015
2015_04_DAL_NO,4,NO,10.039968633737182,89,7.59692461984752,69,2015
2015_04_DET_SEA,4,DET,-9.127338000621059,72,-9.246414057735894,53,2015
2015_04_DET_SEA,4,SEA,-7.190743553582628,78,-7.607629378875771,60,2015
2015_04_GB_SF,4,GB,1.9565724144642198,89,9.088594776365127,68,2015
2015_04_GB_SF,4,SF,-14.97358443250414,63,-12.89490495825034,50,2015
2015_04_HOU_ATL,4,ATL,7.6412224394709325,91,10.850070454631467,64,2015
2015_04_HOU_ATL,4,HOU,-18.910575787763694,94,-15.68134346384461,75,2015
2015_04_JAX_IND,4,IND,-7.401874824450042,97,-10.262795349592473,72,2015
2015_04_JAX_IND,4,JAX,-10.172537042258464,105,-0.20124433250548712,78,2015
2015_04_KC_CIN,4,CIN,21.170276628474742,73,24.72755082206541,51,2015
2015_04_KC_CIN,4,KC,9.812731908401474,94,6.751744249744785,73,2015
2015_04_MIN_DEN,4,DEN,2.061824062694698,76,-0.10872804438155015,51,2015
2015_04_MIN_DEN,4,MIN,-0.20990409955159306,91,1.529342066657975,69,2015
2015_04_NYG_BUF,4,BUF,-18.53164355434948,97,-17.026253225307833,68,2015
2015_04_NYG_BUF,4,NYG,-0.27532528890006525,91,-1.8237307269628014,63,2015
2015_04_NYJ_MIA,4,MIA,-11.633368446519697,82,-19.805442740675062,58,2015
2015_04_NYJ_MIA,4,NYJ,2.178043651236075,97,12.219133261932656,68,2015
2015_04_OAK_CHI,4,CHI,-3.8403152888630094,94,-4.367641036353378,75,2015
2015_04_OAK_CHI,4,LV,-3.439995157909677,73,-10.192126518823574,57,2015
2015_04_PHI_WAS,4,PHI,-1.1001862448012987,74,4.103847316857573,51,2015
2015_04_PHI_WAS,4,WAS,-0.06494778938834056,100,3.54617268146899,79,2015
2015_04_STL_ARI,4,ARI,-2.7900669591265435,88,-0.45371237775510664,69,2015
2015_04_STL_ARI,4,LA,0.5490198667868924,74,7.196384185844716,50,2015
2015_05_ARI_DET,5,ARI,11.212028353952567,66,14.889764129766263,41,2015
2015_05_ARI_DET,5,DET,-19.752515728348634,112,-21.239142504295685,89,2015
2015_05_BUF_TEN,5,BUF,-0.6928728916380602,68,1.1721492817159742,47,2015
2015_05_BUF_TEN,5,TEN,-2.3138998712669614,85,-4.80212069490109,62,2015
2015_05_CHI_KC,5,CHI,-2.1824079572104385,92,-4.181417743330586,74,2015
2015_05_CHI_KC,5,KC,-5.623546528890826,76,-2.7056948917817296,58,2015
2015_05_CLE_BAL,5,BAL,10.11843073519584,89,9.458081469253607,68,2015
2015_05_CLE_BAL,5,CLE,16.690733098556706,107,14.515213163265251,82,2015
2015_05_DEN_OAK,5,DEN,-8.69753520681062,72,-13.465802986857177,55,2015
2015_05_DEN_OAK,5,LV,-17.953476878712003,90,-16.20400453487094,67,2015
2015_05_IND_HOU,5,HOU,4.5858715382177975,91,7.497396855603091,70,2015
2015_05_IND_HOU,5,IND,15.929740226409393,79,10.942259637006547,56,2015
2015_05_JAX_TB,5,JAX,4.09228742134505,80,1.0590539636253062,56,2015
2015_05_JAX_TB,5,TB,10.702652470094005,84,10.681256328231656,60,2015
2015_05_NE_DAL,5,DAL,-20.018324066186324,89,-20.777416695431516,65,2015
2015_05_NE_DAL,5,NE,8.78575362153444,75,9.208284446283962,53,2015
2015_05_NO_PHI,5,NO,-12.6851688739833,88,-11.265710050667803,68,2015
2015_05_NO_PHI,5,PHI,10.056885831263886,100,6.706753829559894,79,2015
2015_05_PIT_SD,5,LAC,-2.517151343315007,92,-3.9473948044637623,69,2015
2015_05_PIT_SD,5,PIT,2.7058784095149884,74,2.776138023901698,55,2015
2015_05_SEA_CIN,5,CIN,0.2932159326317185,103,-4.332554479368956,79,2015
2015_05_SEA_CIN,5,SEA,-1.2793326840458041,80,4.7526089549769015,57,2015
2015_05_SF_NYG,5,NYG,18.848750643855745,94,17.755767053399488,75,2015
2015_05_SF_NYG,5,SF,18.571828730944397,84,15.611159486659608,63,2015
2015_05_STL_GB,5,GB,-16.641301069334297,79,-13.630521460016968,58,2015
2015_05_STL_GB,5,LA,-29.671992900969975,91,-21.828676594375185,69,2015
2015_05_WAS_ATL,5,ATL,-6.509653611761402,92,-1.54261230207916,78,2015
2015_05_WAS_ATL,5,WAS,-12.565340209997608,77,-12.477381840257365,58,2015
2015_06_ARI_PIT,6,ARI,-8.320389049141717,89,-1.9778090888899813,64,2015
2015_06_ARI_PIT,6,PIT,4.238522576488972,72,0.4945979608683455,53,2015
2015_06_ATL_NO,6,ATL,-8.517373297590414,89,-0.7242125201737508,70,2015
2015_06_ATL_NO,6,NO,0.5226176876537489,90,9.279638128121183,71,2015
2015_06_BAL_SF,6,BAL,1.2937884799622887,96,1.8709993577568653,74,2015
2015_06_BAL_SF,6,SF,5.620623060881112,74,3.7314289486554646,56,2015
2015_06_CAR_SEA,6,CAR,3.8646663718412544,93,6.020821670361329,70,2015
2015_06_CAR_SEA,6,SEA,-1.6165745925089388,80,-3.5025710829843404,60,2015
2015_06_CHI_DET,6,CHI,16.000239092060365,101,4.4633596739652415,74,2015
2015_06_CHI_DET,6,DET,13.358420089710037,101,12.61249842913927,76,2015
2015_06_CIN_BUF,6,BUF,-0.2522753465293506,86,5.502160659292713,66,2015
2015_06_CIN_BUF,6,CIN,17.967951111177484,80,16.147591641317813,59,2015
2015_06_DEN_CLE,6,CLE,-24.607695530152977,103,-27.3284754503302,76,2015
2015_06_DEN_CLE,6,DEN,-18.815080915605748,105,-11.501264634901997,80,2015
2015_06_HOU_JAX,6,HOU,13.229902754016026,89,14.299096255202386,65,2015
2015_06_HOU_JAX,6,JAX,-2.3424533439860435,98,-4.52006452580099,77,2015
2015_06_KC_MIN,6,KC,-9.020580104158775,76,-5.7004409334958694,57,2015
2015_06_KC_MIN,6,MIN,-3.5868179365783486,84,-6.0189516715273506,65,2015
2015_06_MIA_TEN,6,MIA,12.43082244477676,83,14.920587217668071,63,2015
2015_06_MIA_TEN,6,TEN,-20.98218187272088,82,-22.56356093769716,64,2015
2015_06_NE_IND,6,IND,0.7970714031498202,98,1.5658291831205133,74,2015
2015_06_NE_IND,6,NE,11.864208053472757,88,10.394150920833392,62,2015
2015_06_NYG_PHI,6,NYG,-24.548285694348237,87,-25.89182598114712,64,2015
2015_06_NYG_PHI,6,PHI,-4.466911291279976,95,-5.954306721236966,73,2015
2015_06_SD_GB,6,GB,15.343223472083771,69,9.783446630214552,48,2015
2015_06_SD_GB,6,LAC,9.018820104976086,109,10.571771993556236,89,2015
2015_06_WAS_NYJ,6,NYJ,-0.5966299707630736,84,4.04370904581416,65,2015
2015_06_WAS_NYJ,6,WAS,-13.992581309545882,82,-15.52956990322879,62,2015
2015_07_ATL_TEN,7,ATL,-10.753067192984794,85,-7.639911200393578,67,2015
2015_07_ATL_TEN,7,TEN,-15.42254332512622,66,-15.10111140308436,52,2015
2015_07_BAL_ARI,7,ARI,6.792130618782012,77,9.891786322391846,58,2015
2015_07_BAL_ARI,7,BAL,-0.7205467561808585,82,2.848215125831153,59,2015
2015_07_BUF_JAX,7,BUF,-9.856552677329727,97,-13.457186716928103,75,2015
2015_07_BUF_JAX,7,JAX,-6.221239982359355,89,-3.6042512848507613,59,2015
2015_07_CLE_STL,7,CLE,-24.53145917749498,93,-20.932746178649644,65,2015
2015_07_CLE_STL,7,LA,-7.248778340924648,68,-7.569995566585465,49,2015
2015_07_DAL_NYG,7,DAL,4.1855069163440675,90,4.088376206172317,69,2015
2015_07_DAL_NYG,7,NYG,9.101131416582357,68,0.9680380477176866,47,2015
2015_07_HOU_MIA,7,HOU,-2.9606703438313278,103,-8.246105890560894,79,2015
2015_07_HOU_MIA,7,MIA,13.846357602309142,82,14.04016235664327,56,2015
2015_07_MIN_DET,7,DET,-5.146988317599288,72,-7.238712626327146,50,2015
2015_07_MIN_DET,7,MIN,10.747405671518528,91,6.797460815315924,73,2015
2015_07_NO_IND,7,IND,-10.879861173521732,85,-8.780588792578783,61,2015
2015_07_NO_IND,7,NO,-1.0937628197471359,110,4.892107271938585,79,2015
2015_07_NYJ_NE,7,NE,12.874293704125884,82,10.06077076528778,66,2015
2015_07_NYJ_NE,7,NYJ,7.185747388140201,93,9.887211021860017,70,2015
2015_07_OAK_SD,7,LAC,-0.8376857107352023,108,1.0879773204316585,82,2015
2015_07_OAK_SD,7,LV,12.216802716984917,83,12.696774902506858,57,2015
2015_07_PHI_CAR,7,CAR,1.3642616278537023,78,0.8212030391010572,57,2015
2015_07_PHI_CAR,7,PHI,-8.34430986754834,103,-9.315446325943107,81,2015
2015_07_PIT_KC,7,KC,5.779053920502677,79,7.511236701971855,61,2015
2015_07_PIT_KC,7,PIT,-3.256046561771121,69,-6.225850162982583,54,2015
2015_07_SEA_SF,7,SEA,7.6514339917059,84,6.655105174848771,67,2015
2015_07_SEA_SF,7,SF,-13.57107633468695,64,-14.556876934545166,45,2015
2015_07_TB_WAS,7,TB,10.548265664825303,82,18.959749036440112,60,2015
2015_07_TB_WAS,7,WAS,7.196344252037621,84,6.400690165285224,59,2015
2015_08_ARI_CLE,8,ARI,9.044247146756193,96,7.956004723093435,74,2015
2015_08_ARI_CLE,8,CLE,-9.079038608395642,83,-8.499176427314524,61,2015
2015_08_CIN_PIT,8,CIN,-8.373926084793688,84,-5.693462395144351,62,2015
2015_08_CIN_PIT,8,PIT,-17.87279630436334,91,-10.018833210149763,67,2015
2015_08_DET_KC,8,DET,-10.459794547481046,78,-10.861457814977896,58,2015
2015_08_DET_KC,8,KC,27.223279919449414,81,16.233225174271855,62,2015
2015_08_GB_DEN,8,DEN,16.331246255272852,82,18.070535699345243,63,2015
2015_08_GB_DEN,8,GB,-1.6737873690575853,67,-9.803825099405401,46,2015
2015_08_IND_CAR,8,CAR,-11.03210396236522,97,-9.299591523375051,73,2015
2015_08_IND_CAR,8,IND,-12.293364014679199,106,-17.423103562684613,82,2015
2015_08_MIA_NE,8,MIA,-15.743911966462669,82,-14.958640912289953,62,2015
2015_08_MIA_NE,8,NE,13.714421411163444,92,14.352128644309136,66,2015
2015_08_MIN_CHI,8,CHI,-3.951785251700882,76,3.9620839457845793,59,2015
2015_08_MIN_CHI,8,MIN,1.3657794401816976,76,2.980242119410364,56,2015
2015_08_NYG_NO,8,NO,23.412711427348835,101,24.440598780987784,76,2015
2015_08_NYG_NO,8,NYG,24.9667481335434,95,19.7264442263986,65,2015
2015_08_NYJ_OAK,8,LV,18.414822706198123,82,17.723457648899966,59,2015
2015_08_NYJ_OAK,8,NYJ,5.914659069590173,90,1.6221030639911689,71,2015
2015_08_SD_BAL,8,BAL,17.42488880534181,84,7.177609004156645,64,2015
2015_08_SD_BAL,8,LAC,16.00321483305175,87,13.690096832080389,63,2015
2015_08_SEA_DAL,8,DAL,-4.959462115075439,74,-6.293655895114792,56,2015
2015_08_SEA_DAL,8,SEA,-3.379864444397081,77,1.0732551978172067,60,2015
2015_08_SF_STL,8,LA,-4.923144603566034,86,-6.051520730065285,62,2015
2015_08_SF_STL,8,SF,-24.695374614879256,89,-23.8390675429051,64,2015
2015_08_TB_ATL,8,ATL,-2.749194858271629,94,0.9514959758252743,73,2015
2015_08_TB_ATL,8,TB,3.3261096142563034,87,-1.1176573094825608,62,2015
2015_08_TEN_HOU,8,HOU,-12.574862477124515,82,-11.155040607555716,60,2015
2015_08_TEN_HOU,8,TEN,-26.53043596277712,75,-23.826548882129487,58,2015
2015_09_ATL_SF,9,ATL,0.5452107412716818,81,-4.823460920699759,61,2015
2015_09_ATL_SF,9,SF,0.2636747823282102,83,0.8035829140121069,61,2015
2015_09_CHI_SD,9,CHI,-1.5387004973442338,85,10.09908578187433,68,2015
2015_09_CHI_SD,9,LAC,-6.16933596148631,85,-2.715097343394949,63,2015
2015_09_CLE_CIN,9,CIN,14.584434571212428,80,14.97569920277666,63,2015
2015_09_CLE_CIN,9,CLE,-7.445911648056985,69,-5.76580414381387,53,2015
2015_09_DEN_IND,9,DEN,0.7642493672212547,67,-0.9083136510014551,51,2015
2015_09_DEN_IND,9,IND,3.3277165396613952,98,9.419324880266997,76,2015
2015_09_GB_CAR,9,CAR,4.994020514366953,89,2.1985442486029063,66,2015
2015_09_GB_CAR,9,GB,-1.8890751068668048,98,-2.2307809423073195,72,2015
2015_09_JAX_NYJ,9,JAX,-0.5883567375993404,82,-0.4168751718427899,65,2015
2015_09_JAX_NYJ,9,NYJ,1.6991724816055882,91,0.12808339728508145,61,2015
2015_09_MIA_BUF,9,BUF,20.518731627557234,71,22.83710152379047,48,2015
2015_09_MIA_BUF,9,MIA,5.872277904506674,87,6.439823903663716,62,2015
2015_09_NYG_TB,9,NYG,3.909501140661906,93,-3.870971561545275,73,2015
2015_09_NYG_TB,9,TB,-14.070623660241719,79,-11.605348492404474,60,2015
2015_09_OAK_PIT,9,LV,8.263664893939614,91,6.94872018112801,68,2015
2015_09_OAK_PIT,9,PIT,8.878344674421793,108,12.498174954023746,82,2015
2015_09_PHI_DAL,9,DAL,9.129341624724676,96,3.9437319210742556,71,2015
2015_09_PHI_DAL,9,PHI,18.976820550528117,96,12.535906668404689,71,2015
2015_09_STL_MIN,9,LA,-5.577820425925776,93,-9.436489050340995,70,2015
2015_09_STL_MIN,9,MIN,-4.576511842343539,93,-7.038006829844422,63,2015
2015_09_TEN_NO,9,NO,9.509055559589527,94,9.704886223671696,68,2015
2015_09_TEN_NO,9,TEN,20.090844692535466,87,14.28788996532116,68,2015
2015_09_WAS_NE,9,NE,5.303540040813241,92,9.849649765321988,74,2015
2015_09_WAS_NE,9,WAS,-13.296356193968144,72,-9.996075087117276,56,2015
2015_10_ARI_SEA,10,ARI,5.231785103819345,113,-1.6158892698834277,80,2015
2015_10_ARI_SEA,10,SEA,-4.51515527983299,79,-1.3503189688923893,53,2015
2015_10_BUF_NYJ,10,BUF,-13.301961008953029,84,-10.892295190564035,63,2015
2015_10_BUF_NYJ,10,NYJ,-21.029632945805886,77,-13.636421456120313,59,2015
2015_10_CAR_TEN,10,CAR,13.451893717124912,82,11.637365150201013,62,2015
2015_10_CAR_TEN,10,TEN,-7.985150477048059,61,-6.30197466040217,46,2015
2015_10_CHI_STL,10,CHI,5.1525390227404415,82,6.046810963137293,61,2015
2015_10_CHI_STL,10,LA,-26.13237815029954,84,-27.795479481077678,59,2015
2015_10_CLE_PIT,10,CLE,-9.943676201000393,85,-6.616139335449045,65,2015
2015_10_CLE_PIT,10,PIT,10.957176919401991,79,4.899624910277268,58,2015
2015_10_DAL_TB,10,DAL,-6.389304430922493,67,-7.934278773733014,52,2015
2015_10_DAL_TB,10,TB,-4.290477055721034,87,-4.3710917212210845,66,2015
2015_10_DET_GB,10,DET,1.4270754131440961,80,-4.041180130943184,64,2015
2015_10_DET_GB,10,GB,-2.3800316055997297,107,-0.5569481119288933,81,2015
2015_10_HOU_CIN,10,CIN,-11.974444730964024,84,-10.942255469500124,62,2015
2015_10_HOU_CIN,10,HOU,-6.654435615709566,80,-6.142735022115968,59,2015
2015_10_JAX_BAL,10,BAL,-5.188248589677368,81,-5.575651629281533,68,2015
2015_10_JAX_BAL,10,JAX,-0.6928241082053193,94,-9.338749438073332,71,2015
2015_10_KC_DEN,10,DEN,-19.162050982383594,88,-23.96121902209404,66,2015
2015_10_KC_DEN,10,KC,1.6786043392796026,88,-4.996510836782802,63,2015
2015_10_MIA_PHI,10,MIA,-1.792916863369853,87,-0.20729844517203944,64,2015
2015_10_MIA_PHI,10,PHI,-6.981951228487403,116,-4.317689054129356,87,2015
2015_10_MIN_OAK,10,LV,-5.933980178639856,84,-4.3641391469864175,64,2015
2015_10_MIN_OAK,10,MIN,15.841140902850166,79,10.461980070323339,59,2015
2015_10_NE_NYG,10,NE,6.779987853036582,91,6.336233935555594,66,2015
2015_10_NE_NYG,10,NYG,3.3740812647167076,93,2.2103213614384942,70,2015
2015_10_NO_WAS,10,NO,-12.313119912897335,75,-8.523718728218228,55,2015
2015_10_NO_WAS,10,WAS,22.09226138789648,79,21.776931425149826,59,2015
2015_11_BUF_NE,11,BUF,-5.163847249306322,89,-4.292487418810451,67,2015
2015_11_BUF_NE,11,NE,-0.08870483792163864,85,-0.4477431955045863,62,2015
2015_11_CIN_ARI,11,ARI,10.697415243835515,80,9.553195901908865,56,2015
2015_11_CIN_ARI,11,CIN,9.519314557702236,95,5.438161701952277,71,2015
2015_11_DAL_MIA,11,DAL,2.940949728670384,85,5.610434015814892,67,2015
2015_11_DAL_MIA,11,MIA,-10.832867856863984,64,-6.901460208115168,41,2015
2015_11_DEN_CHI,11,CHI,-3.3049713228391484,74,-9.534075269241114,60,2015
2015_11_DEN_CHI,11,DEN,-0.18123524091681897,88,5.977873219014734,67,2015
2015_11_GB_MIN,11,GB,14.212814072526012,93,3.741086647017413,69,2015
2015_11_GB_MIN,11,MIN,-8.541547197119897,82,-6.5245897301938385,62,2015
2015_11_IND_ATL,11,ATL,-12.159360808372615,90,-13.257246040795255,71,2015
2015_11_IND_ATL,11,IND,-6.381032182596275,81,-12.463588838238717,61,2015
2015_11_KC_SD,11,KC,17.480611615378372,78,9.728700309687282,59,2015
2015_11_KC_SD,11,LAC,-17.54224263841752,76,-20.33200897032457,57,2015
2015_11_NYJ_HOU,11,HOU,-4.965088836684828,93,-1.1621342123146832,70,2015
2015_11_NYJ_HOU,11,NYJ,-10.48008397598689,85,-12.618542533206373,62,2015
2015_11_OAK_DET,11,DET,-2.8956710051841803,88,3.299772304564821,68,2015
2015_11_OAK_DET,11,LV,-3.6851904637567934,67,-3.977881816935542,47,2015
2015_11_SF_SEA,11,SEA,13.596214317951622,96,24.797687067163785,71,2015
2015_11_SF_SEA,11,SF,-2.1886474004854004,74,0.3487606667231482,52,2015
2015_11_STL_BAL,11,BAL,-17.37501386676687,93,-16.85315652137339,72,2015
2015_11_STL_BAL,11,LA,-19.21947449675538,80,-21.238871884934746,56,2015
2015_11_TB_PHI,11,PHI,-6.206570499953911,91,-6.542025477999486,72,2015
2015_11_TB_PHI,11,TB,27.640624090479395,98,28.384246394844652,69,2015
2015_11_TEN_JAX,11,JAX,-6.177067658295904,74,-6.697607365315845,58,2015
2015_11_TEN_JAX,11,TEN,-10.958000070662287,89,-8.40621703311818,63,2015
2015_11_WAS_CAR,11,CAR,16.605566677101645,103,7.383166614910275,75,2015
2015_11_WAS_CAR,11,WAS,-12.647605801436683,64,-24.03057497931877,47,2015
2015_12_ARI_SF,12,ARI,8.888574597514136,98,-1.4539532431209814,68,2015
2015_12_ARI_SF,12,SF,-1.0249477857864018,70,-0.09279201606360132,55,2015
2015_12_BAL_CLE,12,BAL,0.23889835764010725,78,1.0758275053061501,58,2015
2015_12_BAL_CLE,12,CLE,-9.58898052169956,89,3.3822147634841055,68,2015
2015_12_BUF_KC,12,BUF,5.832267121136557,89,4.71678530752806,68,2015
2015_12_BUF_KC,12,KC,12.56638155588167,80,14.821574542152625,57,2015
2015_12_CAR_DAL,12,CAR,4.591257520765993,88,5.137273139861094,64,2015
2015_12_CAR_DAL,12,DAL,-19.36261924444977,73,-18.97149456818687,56,2015
2015_12_CHI_GB,12,CHI,-3.5356276312657675,85,-1.6917716707516366,62,2015
2015_12_CHI_GB,12,GB,-9.28375584313418,92,-15.819867711661848,73,2015
2015_12_MIA_NYJ,12,MIA,-12.96135242325385,93,-4.874358797591412,70,2015
2015_12_MIA_NYJ,12,NYJ,6.047513873304462,96,12.69404994257528,71,2015
2015_12_MIN_ATL,12,ATL,-5.620952298571705,75,-10.176532365156643,56,2015
2015_12_MIN_ATL,12,MIN,8.607430681590223,82,7.044956062095235,64,2015
2015_12_NE_DEN,12,DEN,1.5512772504751045,97,1.364578269298434,77,2015
2015_12_NE_DEN,12,NE,-4.771616761381884,89,-2.261726460133282,61,2015
2015_12_NO_HOU,12,HOU,-0.5015230266833721,86,4.79991220633295,63,2015
2015_12_NO_HOU,12,NO,-18.72432692651637,74,-16.877051939153827,56,2015
2015_12_NYG_WAS,12,NYG,-10.123419954534745,85,-7.629980354598956,67,2015
2015_12_NYG_WAS,12,WAS,-3.7447269338288853,88,2.1774156311974107,64,2015
2015_12_OAK_TEN,12,LV,3.2510347140648803,86,3.893541028018694,68,2015
2015_12_OAK_TEN,12,TEN,-2.24544155776557,77,-9.906131816693115,57,2015
2015_12_PHI_DET,12,DET,19.283805869065922,86,20.205289356933015,70,2015
2015_12_PHI_DET,12,PHI,-12.882352231619414,79,-8.92124564454451,57,2015
2015_12_PIT_SEA,12,PIT,10.347269854581867,96,7.020983999991627,76,2015
2015_12_PIT_SEA,12,SEA,16.946349574168018,82,15.729106832790656,60,2015
2015_12_SD_JAX,12,JAX,-1.3696647464228837,88,-1.5370193533327106,70,2015
2015_12_SD_JAX,12,LAC,3.9349940021660093,99,11.83688600602043,69,2015
2015_12_STL_CIN,12,CIN,5.817904731784752,72,4.1338465177512695,58,2015
2015_12_STL_CIN,12,LA,-18.80956991181248,89,-15.901236649195198,71,2015
2015_12_TB_IND,12,IND,7.138249738939957,94,2.147218040102135,68,2015
2015_12_TB_IND,12,TB,-6.079487540403771,84,2.599128640264272,62,2015
2015_13_ARI_STL,13,ARI,11.489379424433107,98,17.48719361895641,75,2015
2015_13_ARI_STL,13,LA,-17.85184066387592,69,-18.644602632122343,48,2015
2015_13_ATL_TB,13,ATL,0.9382633645878617,83,0.7921635392437576,66,2015
2015_13_ATL_TB,13,TB,2.5529641002806795,84,11.00961918651689,63,2015
2015_13_BAL_MIA,13,BAL,-12.866086521258161,93,-12.339386127785769,75,2015
2015_13_BAL_MIA,13,MIA,-12.175042546499103,65,-9.42937552208593,47,2015
2015_13_CAR_NO,13,CAR,8.256618341966764,99,11.2613855995005,74,2015
2015_13_CAR_NO,13,NO,0.7189025062769638,82,3.1082561358456173,58,2015
2015_13_CIN_CLE,13,CIN,17.89292051649167,68,18.041426174681185,56,2015
2015_13_CIN_CLE,13,CLE,-23.019186903839,78,-19.727872560262053,60,2015
2015_13_DAL_WAS,13,DAL,-1.8880845222878757,73,-12.997177565395905,54,2015
2015_13_DAL_WAS,13,WAS,-7.840683582194664,85,-4.376919905741191,60,2015
2015_13_DEN_SD,13,DEN,-10.33237950180667,81,-4.8207298568123385,65,2015
2015_13_DEN_SD,13,LAC,-26.99108050041832,79,-25.109690536547546,62,2015
2015_13_GB_DET,13,DET,-6.818924724062207,84,-6.481920300165447,63,2015
2015_13_GB_DET,13,GB,-1.6064761586688698,87,-1.5747152208501847,63,2015
2015_13_HOU_BUF,13,BUF,6.319905776125184,80,10.161902879307663,58,2015
2015_13_HOU_BUF,13,HOU,-1.8474595390277493,95,5.353672097917414,71,2015
2015_13_IND_PIT,13,IND,-22.17521645435719,77,-18.608374327399368,56,2015
2015_13_IND_PIT,13,PIT,13.862748445537678,88,18.363733339255283,70,2015
2015_13_JAX_TEN,13,JAX,9.578913331529348,76,11.317079160027905,59,2015
2015_13_JAX_TEN,13,TEN,9.304168026781117,91,11.987609873671317,67,2015
2015_13_KC_OAK,13,KC,-7.174893118395617,68,-3.4035360942941626,48,2015
2015_13_KC_OAK,13,LV,-26.023441613228208,95,-23.404384836559835,76,2015
2015_13_NYJ_NYG,13,NYG,-3.39056231171601,87,-6.535649614006797,61,2015
2015_13_NYJ_NYG,13,NYJ,1.4297653496334286,98,6.347310201848289,77,2015
2015_13_PHI_NE,13,NE,-15.726604942230239,107,-4.771797475696076,84,2015
2015_13_PHI_NE,13,PHI,-7.016861117806064,82,-2.191670300089754,57,2015
2015_13_SEA_MIN,13,MIN,-12.998837620033932,67,-20.982896812842228,48,2015
2015_13_SEA_MIN,13,SEA,23.99245331638934,83,24.52975087959168,64,2015
2015_13_SF_CHI,13,CHI,-10.90815242545689,97,-8.207233653644359,74,2015
2015_13_SF_CHI,13,SF,-2.571939389845502,81,0.38686744996812195,59,2015
2015_14_ATL_CAR,14,ATL,-22.59907274832949,79,-22.535425472888164,61,2015
2015_14_ATL_CAR,14,CAR,16.785867684683517,77,15.30088345215096,59,2015
2015_14_BUF_PHI,14,BUF,1.6291077409998005,96,11.40744549952788,68,2015
2015_14_BUF_PHI,14,PHI,1.852630072478107,99,-4.292129098640473,71,2015
2015_14_DAL_GB,14,DAL,-13.209843394069516,69,-11.981738920381758,51,2015
2015_14_DAL_GB,14,GB,9.14113789389589,101,12.177342181385029,79,2015
2015_14_DET_STL,14,DET,-12.32618854759098,85,-8.14019829989411,69,2015
2015_14_DET_STL,14,LA,-6.6616519886242465,71,0.48701949702808633,51,2015
2015_14_IND_JAX,14,IND,-34.273705483079006,96,-26.855262052128026,69,2015
2015_14_IND_JAX,14,JAX,2.439407351095819,86,-1.3898618668866467,62,2015
2015_14_MIN_ARI,14,ARI,11.547810453642779,82,11.07301818399706,64,2015
2015_14_MIN_ARI,14,MIN,9.386135389865995,80,4.0314048480744695,63,2015
2015_14_NE_HOU,14,HOU,-22.489364187116735,70,-24.774904647513495,51,2015
2015_14_NE_HOU,14,NE,2.643720977521497,85,4.244619585688642,61,2015
2015_14_NO_TB,14,NO,12.241833161280782,100,15.37204437086315,76,2015
2015_14_NO_TB,14,TB,2.290589041514225,69,5.491513008642286,51,2015
2015_14_NYG_MIA,14,MIA,0.5432435211421391,88,2.1567933973053357,63,2015
2015_14_NYG_MIA,14,NYG,10.659161548714424,83,13.836940650169456,60,2015
2015_14_OAK_DEN,14,DEN,-20.51427557138959,93,-17.582303570699835,77,2015
2015_14_OAK_DEN,14,LV,-16.39687139101378,82,-18.204187920577244,52,2015
2015_14_PIT_CIN,14,CIN,-3.606238407984008,73,-3.043165350761475,55,2015
2015_14_PIT_CIN,14,PIT,13.694999183427862,87,10.856532266188237,67,2015
2015_14_SD_KC,14,KC,0.03043875271449581,68,5.272567887260903,50,2015
2015_14_SD_KC,14,LAC,-5.940479105600389,81,-7.97272721323499,66,2015
2015_14_SEA_BAL,14,BAL,-12.90986442414578,76,-17.384916904588557,54,2015
2015_14_SEA_BAL,14,SEA,20.560748550737962,82,26.70504176261602,66,2015
2015_14_SF_CLE,14,CLE,2.0443850229073712,92,7.278386632799027,70,2015
2015_14_SF_CLE,14,SF,-12.232575100627777,72,-13.206115227361245,54,2015
2015_14_TEN_NYJ,14,NYJ,11.096902857259701,87,12.263574384433248,71,2015
2015_14_TEN_NYJ,14,TEN,-12.906624598152003,76,-11.31561516027432,58,2015
2015_14_WAS_CHI,14,CHI,1.9919887971643764,76,7.1706552746871495,56,2015
2015_14_WAS_CHI,14,WAS,9.269809557373955,86,13.266754487323148,66,2015
2015_15_ARI_PHI,15,ARI,15.846393787930475,92,21.381200464641655,72,2015
2015_15_ARI_PHI,15,PHI,-12.433401472079666,81,-12.203470601739514,63,2015
2015_15_ATL_JAX,15,ATL,2.680109671132504,90,-0.267478237469841,67,2015
2015_15_ATL_JAX,15,JAX,-6.582592881702022,78,-6.985148086627474,59,2015
2015_15_BUF_WAS,15,BUF,12.806516206489778,82,12.653849377903772,64,2015
2015_15_BUF_WAS,15,WAS,21.384327604481708,75,22.0471004426945,54,2015
2015_15_CAR_NYG,15,CAR,7.758120213506965,100,12.811315901404456,76,2015
2015_15_CAR_NYG,15,NYG,2.3164931085074683,94,3.3267765299533494,73,2015
2015_15_CHI_MIN,15,CHI,-3.788315385200647,80,-9.887970291832922,62,2015
2015_15_CHI_MIN,15,MIN,17.085322535584904,77,17.169613579467033,57,2015
2015_15_CIN_SF,15,CIN,-13.271877464822174,81,-10.603942576375012,61,2015
2015_15_CIN_SF,15,SF,-25.772789226814737,96,-19.054925939384184,71,2015
2015_15_CLE_SEA,15,CLE,5.877848359276491,68,2.684547655929416,52,2015
2015_15_CLE_SEA,15,SEA,22.45428128239451,85,18.839497198079485,67,2015
2015_15_DEN_PIT,15,DEN,-6.117082617650935,97,-2.740785894973669,70,2015
2015_15_DEN_PIT,15,PIT,-0.7904368284486321,101,-2.7320188836168375,71,2015
2015_15_DET_NO,15,DET,14.956661172861349,70,18.00149117654655,49,2015
2015_15_DET_NO,15,NO,3.9404646641983403,96,8.926124288460858,71,2015
2015_15_GB_OAK,15,GB,-2.6927749364242493,93,-12.202037860752684,68,2015
2015_15_GB_OAK,15,LV,-17.701510344776423,98,-18.247796405681182,75,2015
2015_15_HOU_IND,15,HOU,-9.076023672672145,89,-7.255412747310616,64,2015
2015_15_HOU_IND,15,IND,-17.27099700035729,70,-18.470285497468005,54,2015
2015_15_KC_BAL,15,BAL,-21.401236758187977,86,-22.01285611302592,67,2015
2015_15_KC_BAL,15,KC,3.7969587603605266,73,6.816383529656413,54,2015
2015_15_MIA_SD,15,LAC,10.538882742463416,99,15.45173619916758,72,2015
2015_15_MIA_SD,15,MIA,-5.681289325438072,76,-3.346348641643999,55,2015
2015_15_NYJ_DAL,15,DAL,-12.916820048843201,74,-14.86058071274955,56,2015
2015_15_NYJ_DAL,15,NYJ,-7.662916007555869,89,0.39522264598019374,66,2015
2015_15_TB_STL,15,LA,9.585846393784507,74,5.299273135200617,49,2015
2015_15_TB_STL,15,TB,4.8253322363011435,97,5.6456755879779905,77,2015
2015_15_TEN_NE,15,NE,5.870289796950383,84,8.341554522076306,63,2015
2015_15_TEN_NE,15,TEN,-10.995124794017855,80,-17.985344288842267,60,2015
2015_16_CAR_ATL,16,ATL,2.5072792950125873,76,8.100001208405015,60,2015
2015_16_CAR_ATL,16,CAR,-2.7647204538205408,66,-2.866136553820656,52,2015
2015_16_CHI_TB,16,CHI,2.855217859295565,88,4.977571438003384,67,2015
2015_16_CHI_TB,16,TB,-6.025912443858253,72,0.1504625584495045,53,2015
2015_16_CIN_DEN,16,CIN,1.9737276129609862,90,4.979521304338322,69,2015
2015_16_CIN_DEN,16,DEN,2.0956380249419206,82,4.683097006712369,63,2015
2015_16_CLE_KC,16,CLE,-7.1765596539038725,83,-3.45096606140073,67,2015
2015_16_CLE_KC,16,KC,-5.680367103747656,68,-1.8509364125168286,50,2015
2015_16_DAL_BUF,16,BUF,-5.1403424938385225,74,2.199831464108261,58,2015
2015_16_DAL_BUF,16,DAL,-15.483907640562393,78,-3.845792795770379,55,2015
2015_16_GB_ARI,16,ARI,1.2491018455491023,73,0.44285021195334373,54,2015
2015_16_GB_ARI,16,GB,-29.979798527245176,88,-33.98944367219508,64,2015
2015_16_HOU_TEN,16,HOU,8.903027215916469,88,5.4559760226956975,66,2015
2015_16_HOU_TEN,16,TEN,-24.953217437097802,84,-23.212961368044372,64,2015
2015_16_IND_MIA,16,IND,6.6965745164499575,76,4.236881168492478,53,2015
2015_16_IND_MIA,16,MIA,-0.8418016423964874,84,-1.1412005036820547,70,2015
2015_16_JAX_NO,16,JAX,10.63483745754871,70,11.473616500312694,55,2015
2015_16_JAX_NO,16,NO,20.65341003528272,96,27.901990930487138,68,2015
2015_16_NE_NYJ,16,NE,2.1161058370209256,70,-0.9173275655734958,54,2015
2015_16_NE_NYJ,16,NYJ,5.572322896886519,90,4.7433321022275186,69,2015
2015_16_NYG_MIN,16,MIN,12.180480475176347,90,5.361822452646418,65,2015
2015_16_NYG_MIN,16,NYG,-21.035336147730803,84,-20.108637094675835,58,2015
2015_16_PIT_BAL,16,BAL,2.5491987793949855,93,4.688980292450825,73,2015
2015_16_PIT_BAL,16,PIT,1.3685498720744116,77,-5.207954973706929,57,2015
2015_16_SD_OAK,16,LAC,-7.549878911899966,98,-5.1618166694941054,75,2015
2015_16_SD_OAK,16,LV,-7.1500279333261325,99,-8.57224197442368,66,2015
2015_16_SF_DET,16,DET,9.274221458752871,94,5.724027277001757,65,2015
2015_16_SF_DET,16,SF,-6.4372114987305835,76,-5.973055018749559,59,2015
2015_16_STL_SEA,16,LA,-0.8280531474285824,71,3.175212210710895,51,2015
2015_16_STL_SEA,16,SEA,-10.613179354956472,89,-11.432321076079528,67,2015
2015_16_WAS_PHI,16,PHI,-5.930675315712726,105,-10.356257881443485,77,2015
2015_16_WAS_PHI,16,WAS,12.157931816751873,96,15.61481370899962,71,2015
2015_17_BAL_CIN,17,BAL,-6.750937321411961,98,-12.671490142970065,76,2015
2015_17_BAL_CIN,17,CIN,0.36515639118602783,81,4.349306342696167,56,2015
2015_17_DET_CHI,17,CHI,3.9753657852135555,65,-0.40822595167163334,52,2015
2015_17_DET_CHI,17,DET,9.9145399233255,79,11.846397084948812,61,2015
2015_17_JAX_HOU,17,HOU,-6.607762419105511,99,1.1973598306376516,74,2015
2015_17_JAX_HOU,17,JAX,-31.336106885690242,72,-34.756955188434404,54,2015
2015_17_MIN_GB,17,GB,-12.430905636181173,94,-14.633078529228577,74,2015
2015_17_MIN_GB,17,MIN,-2.6270260258159643,64,-1.209596510552673,49,2015
2015_17_NE_MIA,17,MIA,-2.0213091383910315,93,3.636461409461264,71,2015
2015_17_NE_MIA,17,NE,-11.25477319587609,80,-11.553992744638249,53,2015
2015_17_NO_ATL,17,ATL,4.901559534486616,79,3.603364859127206,63,2015
2015_17_NO_ATL,17,NO,11.308944676191778,78,8.08626884794694,63,2015
2015_17_NYJ_BUF,17,BUF,-4.5812220241922,95,-5.610450694867937,72,2015
2015_17_NYJ_BUF,17,NYJ,-8.64936030984866,73,-1.3153638487246302,55,2015
2015_17_OAK_KC,17,KC,-0.7837099504379155,83,-5.744658832787536,64,2015
2015_17_OAK_KC,17,LV,-3.857375256279581,75,-9.501907284379657,54,2015
2015_17_PHI_NYG,17,NYG,5.347611360559094,101,2.9543255834679805,80,2015
2015_17_PHI_NYG,17,PHI,13.212108934751932,83,15.793815611628816,63,2015
2015_17_PIT_CLE,17,CLE,-28.615209808165673,100,-27.701236587586855,76,2015
2015_17_PIT_CLE,17,PIT,-8.270886136028547,73,-1.3604270472040905,54,2015
2015_17_SD_DEN,17,DEN,-5.294313140197338,84,-5.435262769943021,63,2015
2015_17_SD_DEN,17,LAC,-10.375729800207898,92,-11.734525667265553,67,2015
2015_17_SEA_ARI,17,ARI,-24.58660778015588,78,-11.897755319003274,58,2015
2015_17_SEA_ARI,17,SEA,12.224055634195755,85,16.846165327240115,67,2015
2015_17_STL_SF,17,LA,-7.312900874690435,91,-0.7028406387317363,71,2015
2015_17_STL_SF,17,SF,-6.577545788298643,103,-6.783079947935928,74,2015
2015_17_TB_CAR,17,CAR,19.75894198637545,79,10.396555966441472,60,2015
2015_17_TB_CAR,17,TB,-9.81165468903729,88,-9.379750890818094,71,2015
2015_17_TEN_IND,17,IND,-0.4139614488920236,90,-3.0302701093617843,68,2015
2015_17_TEN_IND,17,TEN,-4.607462631199979,76,-8.601838430211124,57,2015
2015_17_WAS_DAL,17,DAL,-0.7774975704485593,86,-1.3337397548602894,68,2015
2015_17_WAS_DAL,17,WAS,17.089152936615356,81,17.966757008367004,60,2015
2016_01_BUF_BAL,1,BAL,-7.07638892753986,81,-6.568377658826815,62,2016
2016_01_BUF_BAL,1,BUF,-14.088963918751155,66,-6.669263785343931,48,2016
2016_01_CAR_DEN,1,CAR,2.750677103148676,89,2.5516637703859795,66,2016
2016_01_CAR_DEN,1,DEN,1.8152332687911978,70,0.1423692930256948,55,2016
2016_01_CHI_HOU,1,CHI,-15.063125737319314,72,-11.400930068892194,54,2016
2016_01_CHI_HOU,1,HOU,-3.426226813362992,92,1.419305563865855,70,2016
2016_01_CIN_NYJ,1,CIN,3.481495095854527,74,7.711874238380389,55,2016
2016_01_CIN_NYJ,1,NYJ,1.674752595806397,87,-1.3100443956930317,66,2016
2016_01_CLE_PHI,1,CLE,-17.328733490881326,67,-18.39180923214738,50,2016
2016_01_CLE_PHI,1,PHI,-0.003028876161116134,98,3.3267702292984667,73,2016
2016_01_DET_IND,1,DET,25.409334980156654,84,25.28509437389063,63,2016
2016_01_DET_IND,1,IND,18.543959136858366,89,19.100445459635587,69,2016
2016_01_GB_JAX,1,GB,8.466367269125621,86,8.795117008334039,58,2016
2016_01_GB_JAX,1,JAX,5.88708926804354,87,-1.4924759183144785,67,2016
2016_01_LA_SF,1,LA,-28.558438723674044,76,-27.64687453501392,59,2016
2016_01_LA_SF,1,SF,2.4382173283396202,96,-0.002620230079628527,76,2016
2016_01_MIA_SEA,1,MIA,-13.167440226199155,68,-9.99211956909825,54,2016
2016_01_MIA_SEA,1,SEA,-13.264218139243361,97,-12.071297236613642,78,2016
2016_01_MIN_TEN,1,MIN,-3.5416153610265857,80,1.6156617534650386,60,2016
2016_01_MIN_TEN,1,TEN,-19.93186794288275,83,-17.9753158663302,66,2016
2016_01_NE_ARI,1,ARI,1.2401580418120095,78,10.397307291691723,59,2016
2016_01_NE_ARI,1,NE,8.115733472409811,86,7.579278041605517,65,2016
2016_01_NYG_DAL,1,DAL,2.0073347171771636,94,-0.43121872926818705,73,2016
2016_01_NYG_DAL,1,NYG,2.142274167028717,71,5.336330631864257,54,2016
2016_01_OAK_NO,1,LV,16.670409916116505,89,18.153403818638242,65,2016
2016_01_OAK_NO,1,NO,11.766151650933082,91,13.651393728425175,63,2016
2016_01_PIT_WAS,1,PIT,22.72883071755035,82,21.089471734857966,67,2016
2016_01_PIT_WAS,1,WAS,-3.6063285430346905,77,-1.975298818228163,55,2016
2016_01_SD_KC,1,KC,8.94078054987226,91,8.689238860123526,70,2016
2016_01_SD_KC,1,LAC,6.714426823616813,93,13.714403259102191,68,2016
2016_01_TB_ATL,1,ATL,-1.6371242879665227,83,1.3364964926692608,64,2016
2016_01_TB_ATL,1,TB,8.931517247060313,83,7.663713736854984,58,2016
2016_02_ATL_OAK,2,ATL,21.722471122078684,82,22.417053476202092,65,2016
2016_02_ATL_OAK,2,LV,9.59711879663732,97,11.404966639420877,71,2016
2016_02_BAL_CLE,2,BAL,3.4933698658143593,88,-0.02346589163438839,71,2016
2016_02_BAL_CLE,2,CLE,-4.429014763458546,79,5.181379947452503,59,2016
2016_02_CIN_PIT,2,CIN,-6.356428939921365,96,-5.819388273402689,73,2016
2016_02_CIN_PIT,2,PIT,0.9549565987124509,94,-0.890230977605313,74,2016
2016_02_DAL_WAS,2,DAL,12.000457779462304,85,11.330253118364062,64,2016
2016_02_DAL_WAS,2,WAS,4.553517685418385,84,3.8134365332701634,64,2016
2016_02_GB_MIN,2,GB,-8.405453048875323,84,-12.110671061178437,64,2016
2016_02_GB_MIN,2,MIN,-7.100579309215071,78,-3.923001180693973,56,2016
2016_02_IND_DEN,2,DEN,4.096716147397547,87,0.5351386040574284,66,2016
2016_02_IND_DEN,2,IND,-9.227941198186116,92,-13.348226460332498,65,2016
2016_02_JAX_SD,2,JAX,-12.18319177537235,83,-5.6317569096819895,63,2016
2016_02_JAX_SD,2,LAC,15.246790436841303,85,6.689135963939057,63,2016
2016_02_KC_HOU,2,HOU,-14.828185881452791,88,-9.09105565014486,67,2016
2016_02_KC_HOU,2,KC,-21.00102305872133,85,-23.31880191561479,60,2016
2016_02_MIA_NE,2,MIA,1.696891771587397,80,2.973932828979378,60,2016
2016_02_MIA_NE,2,NE,8.234938719835869,96,13.304561731337447,74,2016
2016_02_NO_NYG,2,NO,-13.22414341512141,82,-3.089692925522678,59,2016
2016_02_NO_NYG,2,NYG,-10.896383789847654,91,-8.402897945894505,71,2016
2016_02_NYJ_BUF,2,BUF,7.924606231708054,75,7.547555497376397,49,2016
2016_02_NYJ_BUF,2,NYJ,18.59008281911005,93,16.744218424785494,70,2016
2016_02_PHI_CHI,2,CHI,-24.584800290728552,69,-17.10860238398557,50,2016
2016_02_PHI_CHI,2,PHI,-3.839008444438369,88,4.246867104162423,64,2016
2016_02_SEA_LA,2,LA,-1.238431872217916,77,-5.691410800359895,56,2016
2016_02_SEA_LA,2,SEA,-7.339937911601737,83,-4.287361247002986,61,2016
2016_02_SF_CAR,2,CAR,1.126874955388241,106,6.184026752925776,77,2016
2016_02_SF_CAR,2,SF,-16.59223655682421,87,-15.363787476541999,64,2016
2016_02_TB_ARI,2,ARI,8.244708513144086,84,10.239458032369342,65,2016
2016_02_TB_ARI,2,TB,-28.701833928696267,96,-21.688528465471123,75,2016
2016_02_TEN_DET,2,DET,-2.455280702791992,93,0.5981488956364354,67,2016
2016_02_TEN_DET,2,TEN,3.2127114778143575,79,8.695629112494647,60,2016
2016_03_ARI_BUF,3,ARI,-24.073697382903706,103,-22.126360370419086,78,2016
2016_03_ARI_BUF,3,BUF,-8.314068657169313,86,-1.834341286435066,59,2016
2016_03_ATL_NO,3,ATL,30.367694443802115,79,26.34620139136296,61,2016
2016_03_ATL_NO,3,NO,10.49395096865797,98,6.22332287629465,80,2016
2016_03_BAL_JAX,3,BAL,-11.98166444392647,87,-10.061531174252153,63,2016
2016_03_BAL_JAX,3,JAX,-13.939911894586501,82,-16.373795255806744,63,2016
2016_03_CHI_DAL,3,CHI,-4.612732271709792,82,-1.1528723771916702,62,2016
2016_03_CHI_DAL,3,DAL,8.948786278629049,84,14.15805615134991,65,2016
2016_03_CLE_MIA,3,CLE,-7.270802699174315,105,3.717386611746141,74,2016
2016_03_CLE_MIA,3,MIA,-4.266607011011948,87,-5.98037036888018,64,2016
2016_03_DEN_CIN,3,CIN,-3.282082091637519,83,-1.7383186756702718,63,2016
2016_03_DEN_CIN,3,DEN,12.329593282602115,83,5.317059096519992,60,2016
2016_03_DET_GB,3,DET,11.220194203038554,85,15.213626132349768,67,2016
2016_03_DET_GB,3,GB,16.769703118190904,69,13.571075637413312,47,2016
2016_03_HOU_NE,3,HOU,-30.811269355530385,85,-17.212705132144038,70,2016
2016_03_HOU_NE,3,NE,-0.8494844545914391,78,-6.894723354259949,57,2016
2016_03_LA_TB,3,LA,1.3945886922178703,84,-3.741571314635741,61,2016
2016_03_LA_TB,3,TB,-6.04310728680683,110,0.41309774981468106,83,2016
2016_03_MIN_CAR,3,CAR,-23.362720732241918,92,-15.807901258624511,72,2016
2016_03_MIN_CAR,3,MIN,-7.645160643121276,71,-4.668066736743303,53,2016
2016_03_NYJ_KC,3,KC,-8.13565124773435,77,-6.17847466661455,59,2016
2016_03_NYJ_KC,3,NYJ,-31.15052162692882,78,-27.294522995498756,66,2016
2016_03_OAK_TEN,3,LV,0.12449062787452281,80,4.035684301410152,60,2016
2016_03_OAK_TEN,3,TEN,-9.539133096186028,83,-9.125332254009017,63,2016
2016_03_PIT_PHI,3,PHI,17.50245583028513,82,17.886584982328916,61,2016
2016_03_PIT_PHI,3,PIT,-16.429251866880804,74,-15.778358663673902,58,2016
2016_03_SD_IND,3,IND,-2.7007125971889687,93,-7.828796353920862,66,2016
2016_03_SD_IND,3,LAC,-3.752871838051324,76,-1.1535759725025763,58,2016
2016_03_SF_SEA,3,SEA,6.038457112214333,85,4.96305578523674,64,2016
2016_03_SF_SEA,3,SF,-15.35152596453489,77,-6.398563354619108,57,2016
2016_03_WAS_NYG,3,NYG,4.59467138206106,84,4.801598694051448,61,2016
2016_03_WAS_NYG,3,WAS,12.149216701830639,93,9.076834494464613,65,2016
2016_04_BUF_NE,4,BUF,4.93123775206967,89,11.709338584704945,73,2016
2016_04_BUF_NE,4,NE,-17.471709306933917,72,-8.84840980206916,52,2016
2016_04_CAR_ATL,4,ATL,19.167473994440165,85,21.314587330432147,63,2016
2016_04_CAR_ATL,4,CAR,4.186987416211748,93,0.4235207744486127,65,2016
2016_04_CLE_WAS,4,CLE,1.2051098069943444,87,-0.5256531558561051,68,2016
2016_04_CLE_WAS,4,WAS,11.49147565569942,76,7.693263556468784,56,2016
2016_04_DAL_SF,4,DAL,8.623650110284652,93,18.249069207954758,70,2016
2016_04_DAL_SF,4,SF,-0.5428093509097627,68,0.15107582601533665,52,2016
2016_04_DEN_TB,4,DEN,2.049932453157234,91,1.979353998936626,64,2016
2016_04_DEN_TB,4,TB,-23.005445667265498,87,-25.62487295467872,65,2016
2016_04_DET_CHI,4,CHI,-5.236053000581549,85,6.092340135727933,64,2016
2016_04_DET_CHI,4,DET,-6.7834314859500155,77,-7.65519498334936,57,2016
2016_04_IND_JAX,4,IND,12.093185131301697,97,-4.216285448536221,72,2016
2016_04_IND_JAX,4,JAX,14.624229452588915,91,8.082325804672221,65,2016
2016_04_KC_PIT,4,KC,-10.91962138723359,94,-7.590420065852082,72,2016
2016_04_KC_PIT,4,PIT,20.93295404108164,77,22.969585998842494,54,2016
2016_04_LA_ARI,4,ARI,-14.808347942563396,91,-10.350126507056808,74,2016
2016_04_LA_ARI,4,LA,-8.409194908005265,75,-6.155233315965749,54,2016
2016_04_MIA_CIN,4,CIN,2.9011540892393772,91,-1.7533232778567491,65,2016
2016_04_MIA_CIN,4,MIA,-14.329779890612748,60,-13.998271077638492,43,2016
2016_04_NO_SD,4,LAC,-2.631444565192991,89,-2.54913257644043,67,2016
2016_04_NO_SD,4,NO,0.5746841122044608,92,3.937063055986073,68,2016
2016_04_NYG_MIN,4,MIN,1.8230922402058487,90,1.518029841922253,67,2016
2016_04_NYG_MIN,4,NYG,-13.82721587404178,83,-12.57270532072289,63,2016
2016_04_OAK_BAL,4,BAL,-8.407441521397375,107,-2.6349473463255095,80,2016
2016_04_OAK_BAL,4,LV,-5.317948449459122,81,-0.05967901379335672,51,2016
2016_04_SEA_NYJ,4,NYJ,-1.291027640486234,86,-0.8468942900330951,65,2016
2016_04_SEA_NYJ,4,SEA,13.757670833890877,77,12.826983208902693,57,2016
2016_04_TEN_HOU,4,HOU,-4.800750252437666,82,-3.0188482851455305,62,2016
2016_04_TEN_HOU,4,TEN,-9.281236576471674,86,-2.1030305506779543,62,2016
2016_05_ARI_SF,5,ARI,4.461670599588929,91,-0.49426258000708323,64,2016
2016_05_ARI_SF,5,SF,-11.491568072480604,96,-12.863133087055758,74,2016
2016_05_ATL_DEN,5,ATL,6.900135933539033,81,4.81272258835034,61,2016
2016_05_ATL_DEN,5,DEN,-4.638762651840274,89,-2.4239443364834794,64,2016
2016_05_BUF_LA,5,BUF,1.6069399861756626,76,3.369903510405802,51,2016
2016_05_BUF_LA,5,LA,-11.120882849106614,83,-14.696694562788492,64,2016
2016_05_CHI_IND,5,CHI,6.736241563701223,86,16.32601080285967,61,2016
2016_05_CHI_IND,5,IND,10.700716760079995,91,4.227302549215029,63,2016
2016_05_CIN_DAL,5,CIN,0.6354761411907744,85,8.164914816520785,64,2016
2016_05_CIN_DAL,5,DAL,15.063912402280911,68,16.53082199007622,50,2016
2016_05_HOU_MIN,5,HOU,-20.031962612932897,79,-17.966941953265138,60,2016
2016_05_HOU_MIN,5,MIN,-0.7871582691944212,92,5.091344913489158,67,2016
2016_05_NE_CLE,5,CLE,-10.495542001880754,77,-8.854943177968263,59,2016
2016_05_NE_CLE,5,NE,15.370828658053457,97,18.28929814950702,75,2016
2016_05_NYG_GB,5,GB,-2.081113928549555,96,1.6415216598904956,74,2016
2016_05_NYG_GB,5,NYG,-7.24881299906648,74,-10.340167478943233,54,2016
2016_05_NYJ_PIT,5,NYJ,-4.918678962639582,74,-0.4770804409776481,58,2016
2016_05_NYJ_PIT,5,PIT,11.994967208537078,90,9.394188583416733,70,2016
2016_05_PHI_DET,5,DET,1.603624036599765,75,0.31137220137672905,54,2016
2016_05_PHI_DET,5,PHI,4.194175308807054,76,8.330505500156942,57,2016
2016_05_SD_OAK,5,LAC,2.740314174416513,68,3.891042379708889,51,2016
2016_05_SD_OAK,5,LV,3.6186598486249757,93,5.657663263835158,69,2016
2016_05_TB_CAR,5,CAR,-4.199276672005751,70,0.20492659496366983,53,2016
2016_05_TB_CAR,5,TB,1.3849897733163088,90,3.9740471752775326,69,2016
2016_05_TEN_MIA,5,MIA,-12.037508870503032,61,-10.21444308612854,41,2016
2016_05_TEN_MIA,5,TEN,5.098077417993723,90,15.041131241494956,68,2016
2016_05_WAS_BAL,5,BAL,-16.655237550046344,89,-12.10894448054023,69,2016
2016_05_WAS_BAL,5,WAS,-7.249828120954433,82,-4.638913533258102,60,2016
2016_06_ATL_SEA,6,ATL,1.8273490326407766,83,3.453600594332894,64,2016
2016_06_ATL_SEA,6,SEA,1.5270390637031226,84,6.779875674343089,62,2016
2016_06_BAL_NYG,6,BAL,5.186780426041126,106,-2.353824061641326,76,2016
2016_06_BAL_NYG,6,NYG,5.90462743975673,82,3.1353203036966235,64,2016
2016_06_CAR_NO,6,CAR,12.254945557034107,102,5.070944077323289,76,2016
2016_06_CAR_NO,6,NO,11.278420228579197,97,15.993176623194092,70,2016
2016_06_CIN_NE,6,CIN,2.9317174211329737,86,9.074298092828032,65,2016
2016_06_CIN_NE,6,NE,19.135715959595785,80,16.244405464687777,61,2016
2016_06_CLE_TEN,6,CLE,6.497409752585828,89,6.394776178184834,64,2016
2016_06_CLE_TEN,6,TEN,6.952500343848756,79,11.067280279625834,56,2016
2016_06_DAL_GB,6,DAL,9.903945453481136,79,6.826310862937142,62,2016
2016_06_DAL_GB,6,GB,-8.56479092845931,85,-14.879721991831607,67,2016
2016_06_DEN_SD,6,DEN,-14.865398079403725,90,-7.952863182388093,68,2016
2016_06_DEN_SD,6,LAC,-7.56004375046124,83,-4.949256350049934,60,2016
2016_06_IND_HOU,6,HOU,1.1092742341463415,87,4.170566735409393,67,2016
2016_06_IND_HOU,6,IND,1.7614406129118652,94,3.1409872066944757,67,2016
2016_06_JAX_CHI,6,CHI,-0.9433354761126007,98,0.71822478778485,77,2016
2016_06_JAX_CHI,6,JAX,1.0324664791998406,75,-4.756922097287873,54,2016
2016_06_KC_OAK,6,KC,8.836036249545723,77,16.91012699978175,62,2016
2016_06_KC_OAK,6,LV,-13.980230711821982,70,-10.443185629828934,52,2016
2016_06_LA_DET,6,DET,17.288664242027792,78,15.623311664443673,56,2016
2016_06_LA_DET,6,LA,17.049152959960978,75,17.844738434127066,55,2016
2016_06_NYJ_ARI,6,ARI,11.846613399534325,90,12.425932031939737,68,2016
2016_06_NYJ_ARI,6,NYJ,-15.138279785693157,74,-13.85593576013537,52,2016
2016_06_PHI_WAS,6,PHI,0.8279588356974026,73,-3.916274239655048,47,2016
2016_06_PHI_WAS,6,WAS,6.008102309033127,92,7.381228748049152,66,2016
2016_06_PIT_MIA,6,MIA,8.673404542920034,86,17.669851347232434,67,2016
2016_06_PIT_MIA,6,PIT,-7.7643372305022105,69,-2.295293114977423,53,2016
2016_06_SF_BUF,6,BUF,16.31758755687362,97,13.025891048074115,73,2016
2016_06_SF_BUF,6,SF,-13.689245023371235,84,-6.017637977052342,59,2016
2016_07_BAL_NYJ,7,BAL,-17.761187282113873,76,-21.5720597768612,56,2016
2016_07_BAL_NYJ,7,NYJ,-11.518330877397823,87,-5.613833255443316,65,2016
2016_07_BUF_MIA,7,BUF,4.1305677549838045,78,3.653639586411738,55,2016
2016_07_BUF_MIA,7,MIA,6.330213130373151,92,13.502687635210156,67,2016
2016_07_CHI_GB,7,CHI,-8.870805275174838,65,-10.963305562611303,44,2016
2016_07_CHI_GB,7,GB,7.2290950232800695,104,8.994075389655482,80,2016
2016_07_CLE_CIN,7,CIN,17.60247015097625,74,25.00833522049619,61,2016
2016_07_CLE_CIN,7,CLE,5.391800851416677,83,4.158646322670393,63,2016
2016_07_HOU_DEN,7,DEN,0.25210538409170047,81,5.780434032998816,59,2016
2016_07_HOU_DEN,7,HOU,-18.03475145623088,86,-17.67911222106167,67,2016
2016_07_IND_TEN,7,IND,16.39881075656953,88,17.218824668352326,63,2016
2016_07_IND_TEN,7,TEN,3.6603808562661477,93,0.6721610982017809,68,2016
2016_07_MIN_PHI,7,MIN,-20.9828711251752,90,-22.62899937661499,73,2016
2016_07_MIN_PHI,7,PHI,-9.771468958904084,73,-18.885860205977004,54,2016
2016_07_NE_PIT,7,NE,7.440946750286772,73,13.542703529121354,54,2016
2016_07_NE_PIT,7,PIT,-6.94503662305889,93,-1.1910970665565999,68,2016
2016_07_NO_KC,7,KC,10.457348457961197,69,9.375879518571788,50,2016
2016_07_NO_KC,7,NO,5.8584861402794175,94,8.866118996607838,70,2016
2016_07_NYG_LA,7,LA,-12.32126104297587,99,-16.25900988075216,76,2016
2016_07_NYG_LA,7,NYG,-3.6656482137321538,72,-9.08067185485502,55,2016
2016_07_OAK_JAX,7,JAX,-5.746406116304037,87,-8.057566868246944,59,2016
2016_07_OAK_JAX,7,LV,16.20795711696133,97,5.118638339863946,69,2016
2016_07_SD_ATL,7,ATL,-3.3283466219959092,87,1.6352613117065573,63,2016
2016_07_SD_ATL,7,LAC,3.838037703250418,95,6.791085452377244,74,2016
2016_07_SEA_ARI,7,ARI,-23.37853146181442,115,-8.858719089671082,90,2016
2016_07_SEA_ARI,7,SEA,-21.059227411053143,79,-11.177435126389891,57,2016
2016_07_TB_SF,7,SF,-8.704712546400359,86,-8.248404202992738,66,2016
2016_07_TB_SF,7,TB,13.46767706552268,91,15.44248404919616,72,2016
2016_07_WAS_DET,7,DET,3.9900052766355216,66,8.494198042106063,51,2016
2016_07_WAS_DET,7,WAS,1.2842450715000733,86,6.708224827119979,70,2016
2016_08_ARI_CAR,8,ARI,-9.844706138230958,89,-5.938191547946072,65,2016
2016_08_ARI_CAR,8,CAR,1.9559269269973445,82,-1.0703854458671094,64,2016
2016_08_DET_HOU,8,DET,-7.14694144910869,77,-2.8124886121235555,56,2016
2016_08_DET_HOU,8,HOU,0.5608122204261958,80,-1.352926571123045,60,2016
2016_08_GB_ATL,8,ATL,14.13251809885574,75,15.002397346487623,56,2016
2016_08_GB_ATL,8,GB,14.50325015675358,79,14.089439518332263,61,2016
2016_08_JAX_TEN,8,JAX,4.989402015592805,89,8.110446509134025,68,2016
2016_08_JAX_TEN,8,TEN,20.738618322009955,87,14.56338335027976,66,2016
2016_08_KC_IND,8,IND,-14.873949539195127,82,-11.763420214469079,61,2016
2016_08_KC_IND,8,KC,7.198764140648763,93,9.335474915819873,70,2016
2016_08_MIN_CHI,8,CHI,6.621877959421156,76,7.605942382308513,61,2016
2016_08_MIN_CHI,8,MIN,-4.740911529893687,76,-2.6064424668291233,60,2016
2016_08_NE_BUF,8,BUF,3.593097124555516,98,1.883786951434943,69,2016
2016_08_NE_BUF,8,NE,26.46356614287918,85,17.12164205369012,60,2016
2016_08_NYJ_CLE,8,CLE,4.956724637727621,88,2.1785862943901986,71,2016
2016_08_NYJ_CLE,8,NYJ,13.095170929477122,93,13.704065354516503,70,2016
2016_08_OAK_TB,8,LV,11.4023248328756,115,16.275211769741208,85,2016
2016_08_OAK_TB,8,TB,1.7557326685212509,88,-0.38677003371003327,62,2016
2016_08_PHI_DAL,8,DAL,3.0065138913464398,96,6.705597397711863,76,2016
2016_08_PHI_DAL,8,PHI,-1.1509007460431535,97,-3.636512324965384,71,2016
2016_08_SD_DEN,8,DEN,-17.56889336909648,82,-15.080014861383217,62,2016
2016_08_SD_DEN,8,LAC,-24.75078258103049,101,-22.27096416678772,78,2016
2016_08_SEA_NO,8,NO,-0.37161233626620405,92,-4.200175720380875,73,2016
2016_08_SEA_NO,8,SEA,-3.141560192274163,72,-0.39796075880669335,52,2016
2016_08_WAS_CIN,8,CIN,10.997107144854768,105,10.772845309316851,81,2016
2016_08_WAS_CIN,8,WAS,11.027044762116711,111,19.830528613113138,87,2016
2016_09_ATL_TB,9,ATL,25.731306436983207,87,21.145523465609834,69,2016
2016_09_ATL_TB,9,TB,4.0459362588241845,97,8.160905233962929,72,2016
2016_09_BUF_SEA,9,BUF,4.9892787096480795,106,13.117370146238118,82,2016
2016_09_BUF_SEA,9,SEA,8.239208772489606,64,7.992108392958725,41,2016
2016_09_CAR_LA,9,CAR,-5.2377339788503505,82,-5.52427170325563,61,2016
2016_09_CAR_LA,9,LA,-10.842056292356041,82,-7.7644806466216885,67,2016
2016_09_DAL_CLE,9,CLE,-7.548947738148321,60,-1.3832840521848704,44,2016
2016_09_DAL_CLE,9,DAL,24.05378148924768,86,29.11934247118188,67,2016
2016_09_DEN_OAK,9,DEN,-4.236223194659786,74,-5.468506763826569,51,2016
2016_09_DEN_OAK,9,LV,6.811294535365741,104,4.469701349583115,73,2016
2016_09_DET_MIN,9,DET,1.0684139547540106,81,-6.351318787068211,61,2016
2016_09_DET_MIN,9,MIN,-7.143400058903033,87,0.7438973486201306,67,2016
2016_09_IND_GB,9,GB,5.602846383423913,84,6.383102530103059,65,2016
2016_09_IND_GB,9,IND,12.568938543847567,87,4.556506258806351,63,2016
2016_09_JAX_KC,9,JAX,-15.306069317592872,91,-8.870112631966897,75,2016
2016_09_JAX_KC,9,KC,-8.011729363657118,77,-15.259495561360259,54,2016
2016_09_NO_SF,9,NO,19.686567273793965,106,29.545009668663525,80,2016
2016_09_NO_SF,9,SF,-2.9501866626950033,76,-7.585507474002892,57,2016
2016_09_NYJ_MIA,9,MIA,3.204085956285562,83,0.17992398709293278,61,2016
2016_09_NYJ_MIA,9,NYJ,1.9562939022957495,78,-3.0638875889758186,53,2016
2016_09_PHI_NYG,9,NYG,-11.403503928913464,84,-5.586268132145051,59,2016
2016_09_PHI_NYG,9,PHI,-12.249920698667509,91,-8.608696599973918,74,2016
2016_09_PIT_BAL,9,BAL,-11.401303506077316,90,-11.575101304167339,61,2016
2016_09_PIT_BAL,9,PIT,-18.106530040588794,92,-12.498299846658483,64,2016
2016_09_TEN_SD,9,LAC,11.411050454119442,102,16.627085814532418,70,2016
2016_09_TEN_SD,9,TEN,2.8137397765994416,85,-0.4969416007224936,61,2016
2016_10_ATL_PHI,10,ATL,-6.693319052995697,67,-3.029146607169155,48,2016
2016_10_ATL_PHI,10,PHI,0.536950442329466,102,6.81957990562433,74,2016
2016_10_CHI_TB,10,CHI,-23.12975882553966,73,-22.534388453551166,54,2016
2016_10_CHI_TB,10,TB,4.006795657975404,93,4.406309793558767,68,2016
2016_10_CIN_NYG,10,CIN,-5.455412658657976,75,-7.218051666346985,55,2016
2016_10_CIN_NYG,10,NYG,-8.514980405727549,90,-4.292442056408618,70,2016
2016_10_CLE_BAL,10,BAL,2.2886567993712568,92,4.715890995079884,75,2016
2016_10_CLE_BAL,10,CLE,-19.93449310121597,65,-20.45559917204082,48,2016
2016_10_DAL_PIT,10,DAL,17.769789144107044,82,20.091908349911538,61,2016
2016_10_DAL_PIT,10,PIT,9.229894664546475,93,6.691540743971285,70,2016
2016_10_DEN_NO,10,DEN,-5.9918019621360585,98,-2.561102166884516,81,2016
2016_10_DEN_NO,10,NO,-13.762685133080115,67,-8.557822469628723,51,2016
2016_10_GB_TEN,10,GB,3.1784928197896996,99,5.0190608813958395,74,2016
2016_10_GB_TEN,10,TEN,25.22682766497297,83,18.802028437182972,59,2016
2016_10_HOU_JAX,10,HOU,-5.586893631536659,78,3.560224763904288,61,2016
2016_10_HOU_JAX,10,JAX,-8.683241463236559,91,-9.349669200443333,74,2016
2016_10_KC_CAR,10,CAR,-6.367109045996428,87,-2.2250179460033337,68,2016
2016_10_KC_CAR,10,KC,-1.767354266150389,83,-1.2545091778155864,62,2016
2016_10_LA_NYJ,10,LA,-3.3676820326945744,82,-3.6018469452580053,64,2016
2016_10_LA_NYJ,10,NYJ,-10.048868027355105,76,-5.52518822014099,58,2016
2016_10_MIA_SD,10,LAC,1.9709306061429377,98,-16.419199123525672,71,2016
2016_10_MIA_SD,10,MIA,12.068364311011779,66,12.20802689687947,49,2016
2016_10_MIN_WAS,10,MIN,0.6938561732693049,84,1.467597303679213,64,2016
2016_10_MIN_WAS,10,WAS,8.933809870908576,77,7.829271269935509,61,2016
2016_10_SEA_NE,10,NE,8.594903137347282,84,3.5756208059781525,62,2016
2016_10_SEA_NE,10,SEA,21.653099796430343,86,16.827932011944608,67,2016
2016_10_SF_ARI,10,ARI,-2.0857469498173673,97,-9.891217476637141,73,2016
2016_10_SF_ARI,10,SF,-2.1007749604055066,79,-1.8571847825945813,61,2016
2016_11_ARI_MIN,11,ARI,-12.128200584434556,92,-16.263277929415757,70,2016
2016_11_ARI_MIN,11,MIN,-7.7612525147190325,75,-6.861357520826335,53,2016
2016_11_BAL_DAL,11,BAL,4.843714698026342,71,6.652069318526227,52,2016
2016_11_BAL_DAL,11,DAL,13.70393336883373,89,13.02634618016571,67,2016
2016_11_BUF_CIN,11,BUF,-1.0971645118983484,81,-0.4343224059168782,63,2016
2016_11_BUF_CIN,11,CIN,-9.943661110125348,90,-9.08573524269741,70,2016
2016_11_CHI_NYG,11,CHI,1.8426335038104051,80,2.7672201576626865,59,2016
2016_11_CHI_NYG,11,NYG,5.84047220456865,82,8.03953942847486,62,2016
2016_11_GB_WAS,11,GB,4.22279504763879,88,10.997523384722916,65,2016
2016_11_GB_WAS,11,WAS,21.894639202075815,81,26.326866867329812,62,2016
2016_11_HOU_OAK,11,HOU,2.318895599369328,92,4.841026912506786,74,2016
2016_11_HOU_OAK,11,LV,10.066926533721706,70,6.870662310017595,49,2016
2016_11_JAX_DET,11,DET,-9.976362470531488,77,-10.539627994887056,56,2016
2016_11_JAX_DET,11,JAX,-13.36751172737754,85,-13.870538776933952,61,2016
2016_11_MIA_LA,11,LA,-14.072656600226232,81,-15.272856664755743,59,2016
2016_11_MIA_LA,11,MIA,-9.467486343607405,77,-6.830350418749731,57,2016
2016_11_NE_SF,11,NE,12.045410612134534,94,12.83939982209908,69,2016
2016_11_NE_SF,11,SF,-6.237895401863013,82,-1.636176979472797,62,2016
2016_11_NO_CAR,11,CAR,-2.7841750304203994,81,-6.348750808775009,62,2016
2016_11_NO_CAR,11,NO,-3.901735844642487,92,0.8321967956676577,71,2016
2016_11_PHI_SEA,11,PHI,-9.421169676671784,97,-7.510760310353246,74,2016
2016_11_PHI_SEA,11,SEA,2.8419507899832377,86,8.111146646457147,60,2016
2016_11_PIT_CLE,11,CLE,-9.945687109618497,82,-12.665298510531548,62,2016
2016_11_PIT_CLE,11,PIT,8.478380830289748,81,9.415858700177642,65,2016
2016_11_TB_KC,11,KC,4.302453639823819,68,6.531142256870127,51,2016
2016_11_TB_KC,11,TB,9.782990879394298,92,12.613675770394998,74,2016
2016_11_TEN_IND,11,IND,4.033979554949722,77,4.019275491896124,54,2016
2016_11_TEN_IND,11,TEN,-2.9043817174847577,89,-3.653943020150255,70,2016
2016_12_ARI_ATL,12,ARI,-3.269855731004733,82,-1.9564892737945243,62,2016
2016_12_ARI_ATL,12,ATL,16.7949794269033,83,7.9625711348953345,65,2016
2016_12_CAR_OAK,12,CAR,-0.6148034510097076,82,0.7239235229501508,58,2016
2016_12_CAR_OAK,12,LV,-0.9576728071534601,93,-0.24948144772551206,70,2016
2016_12_CIN_BAL,12,BAL,-5.168252728835263,85,-8.55527452790277,67,2016
2016_12_CIN_BAL,12,CIN,-9.166864650046968,91,-5.9099076920405835,71,2016
2016_12_GB_PHI,12,GB,22.57325367538011,87,21.00833091504228,64,2016
2016_12_GB_PHI,12,PHI,2.8002546934736405,73,1.4072113319589254,58,2016
2016_12_JAX_BUF,12,BUF,6.210146092403999,70,5.927805897939951,52,2016
2016_12_JAX_BUF,12,JAX,0.33038383590042875,90,3.1374339539324865,64,2016
2016_12_KC_DEN,12,DEN,8.224515742638468,105,10.635134447446692,76,2016
2016_12_KC_DEN,12,KC,10.412126856056876,110,-5.183863385882608,75,2016
2016_12_LA_NO,12,LA,-11.804477959574317,74,-13.48080687993206,51,2016
2016_12_LA_NO,12,NO,18.73040627660451,91,19.130718900763895,70,2016
2016_12_MIN_DET,12,DET,-3.8776248563061237,75,-3.9784065072272288,58,2016
2016_12_MIN_DET,12,MIN,-3.7551411421716914,72,-3.1776875285689448,53,2016
2016_12_NE_NYJ,12,NE,4.714075054770287,89,7.463271464769186,69,2016
2016_12_NE_NYJ,12,NYJ,-4.316860709949494,73,-1.9114602615780747,55,2016
2016_12_NYG_CLE,12,CLE,-18.977342130863157,96,-24.629432992016394,71,2016
2016_12_NYG_CLE,12,NYG,-1.3465341894749638,75,1.6876737214624882,53,2016
2016_12_PIT_IND,12,IND,-11.30398729434206,75,-11.28154422543468,63,2016
2016_12_PIT_IND,12,PIT,15.1662852172985,67,20.564884659310337,50,2016
2016_12_SD_HOU,12,HOU,-11.236419656045891,84,-12.88615525801988,64,2016
2016_12_SD_HOU,12,LAC,-0.7321889757693323,74,4.926502647653885,49,2016
2016_12_SEA_TB,12,SEA,-18.886966452468187,76,-21.063886899083094,61,2016
2016_12_SEA_TB,12,TB,-9.67236589713032,79,-0.8466906113457169,60,2016
2016_12_SF_MIA,12,MIA,10.271121228406942,76,13.096332631951558,58,2016
2016_12_SF_MIA,12,SF,5.433928118743787,95,9.400032473718488,72,2016
2016_12_TEN_CHI,12,CHI,-1.1260831454840092,96,-1.7971765024703927,76,2016
2016_12_TEN_CHI,12,TEN,8.652066570722818,72,15.07854246062248,51,2016
2016_12_WAS_DAL,12,DAL,19.389117536508785,69,16.98274918908535,52,2016
2016_12_WAS_DAL,12,WAS,15.271759415625283,91,23.6799730930157,73,2016
2016_13_BUF_OAK,13,BUF,1.6787349681706107,93,5.421090382574169,69,2016
2016_13_BUF_OAK,13,LV,13.978507147085008,90,8.393591228410518,68,2016
2016_13_CAR_SEA,13,CAR,-18.406820627118044,75,-15.023983916733414,54,2016
2016_13_CAR_SEA,13,SEA,18.51516692218351,86,17.536667774832875,71,2016
2016_13_DAL_MIN,13,DAL,-7.628984348378843,68,-8.684344161458458,48,2016
2016_13_DAL_MIN,13,MIN,-11.375382010839413,95,-5.664762021830833,70,2016
2016_13_DEN_JAX,13,DEN,-14.49167901553922,76,-15.34482754631707,54,2016
2016_13_DEN_JAX,13,JAX,-26.599652798103683,103,-29.10752120842986,81,2016
2016_13_DET_NO,13,DET,12.46573702722008,85,13.872965514545733,68,2016
2016_13_DET_NO,13,NO,-12.36958400864189,81,-7.924737599672836,56,2016
2016_13_HOU_GB,13,GB,0.03633401628918298,70,-1.6494656847207807,57,2016
2016_13_HOU_GB,13,HOU,-7.800488206265825,79,-3.2304984742368106,64,2016
2016_13_IND_NYJ,13,IND,17.464615877880473,87,14.811094938451454,67,2016
2016_13_IND_NYJ,13,NYJ,-21.71650603554682,69,-16.407575066347437,51,2016
2016_13_KC_ATL,13,ATL,5.790008069513016,90,-2.435776616057727,68,2016
2016_13_KC_ATL,13,KC,8.262321022230665,65,16.207771056564525,45,2016
2016_13_LA_NE,13,LA,-15.38270149742258,71,-17.769661301723744,48,2016
2016_13_LA_NE,13,NE,1.742487062089979,98,4.607834173465356,73,2016
2016_13_MIA_BAL,13,BAL,11.610934949468113,85,13.818766725424211,66,2016
2016_13_MIA_BAL,13,MIA,-22.586418700302485,79,-14.387142828582892,59,2016
2016_13_NYG_PIT,13,NYG,-12.562269381653849,75,-15.490838811761932,54,2016
2016_13_NYG_PIT,13,PIT,-2.7073980187699687,86,1.901847946329109,69,2016
2016_13_PHI_CIN,13,CIN,11.51176697529605,79,10.46990263407575,63,2016
2016_13_PHI_CIN,13,PHI,-8.476763005076307,99,-4.041344748620482,79,2016
2016_13_SF_CHI,13,CHI,-2.880550456857455,80,3.463001915207392,57,2016
2016_13_SF_CHI,13,SF,-22.148400176898576,75,-15.83082038584848,54,2016
2016_13_TB_SD,13,LAC,-6.0783664234170285,70,0.39075443359945083,53,2016
2016_13_TB_SD,13,TB,5.802599658856071,79,9.823107255033573,59,2016
2016_13_WAS_ARI,13,ARI,8.456067402929838,94,14.775314508050235,70,2016
2016_13_WAS_ARI,13,WAS,4.174650918617298,77,3.347478826141213,56,2016
2016_14_ARI_MIA,14,ARI,-13.078575824371637,86,-14.290204300430322,63,2016
2016_14_ARI_MIA,14,MIA,-13.114798496985024,81,-7.288215620817481,57,2016
2016_14_ATL_LA,14,ATL,6.381361687471799,76,9.239388712099753,57,2016
2016_14_ATL_LA,14,LA,-29.45666344513195,91,-20.61193498701323,67,2016
2016_14_BAL_NE,14,BAL,2.827749096876844,93,2.330695207670839,68,2016
2016_14_BAL_NE,14,NE,6.240160585325015,86,11.182770199200604,64,2016
2016_14_CHI_DET,14,CHI,1.4812330550088075,70,3.3768668688790813,50,2016
2016_14_CHI_DET,14,DET,1.8143670895409298,84,-4.795389992369744,65,2016
2016_14_CIN_CLE,14,CIN,5.4469762955138865,87,10.49345407636838,70,2016
2016_14_CIN_CLE,14,CLE,-11.90584990045992,70,-5.967712355625432,53,2016
2016_14_DAL_NYG,14,DAL,-28.64093972778884,82,-24.04197724430408,65,2016
2016_14_DAL_NYG,14,NYG,-26.338320784168367,82,-20.757833945774138,62,2016
2016_14_DEN_TEN,14,DEN,-11.521425997212113,79,-8.019985735693623,64,2016
2016_14_DEN_TEN,14,TEN,-8.849724294689999,82,-5.128120629462045,62,2016
2016_14_HOU_IND,14,HOU,0.7417750218653416,88,-2.3970926216183592,64,2016
2016_14_HOU_IND,14,IND,-8.986428445891324,82,-7.185323513162377,60,2016
2016_14_MIN_JAX,14,JAX,-3.8769881284237395,90,-2.260365113732402,65,2016
2016_14_MIN_JAX,14,MIN,11.691110277658902,84,3.291720351271377,61,2016
2016_14_NO_TB,14,NO,-8.004593362100422,78,-7.71038520703371,58,2016
2016_14_NO_TB,14,TB,-2.118563912939329,82,-2.578603768920099,61,2016
2016_14_NYJ_SF,14,NYJ,1.8117331151007674,100,4.935002284877372,82,2016
2016_14_NYJ_SF,14,SF,-9.211772770066844,78,-2.4430773807974084,55,2016
2016_14_OAK_KC,14,KC,-10.909404880933144,74,-6.933374791173264,51,2016
2016_14_OAK_KC,14,LV,-18.346631682142664,94,-16.47023994035986,73,2016
2016_14_PIT_BUF,14,BUF,-4.188516979846318,69,-0.10973314757575281,48,2016
2016_14_PIT_BUF,14,PIT,5.679211809490662,93,5.470829869014789,70,2016
2016_14_SD_CAR,14,CAR,-4.183613306463328,90,-11.406767684465636,67,2016
2016_14_SD_CAR,14,LAC,-15.557737794500358,80,-12.557242067190291,65,2016
2016_14_SEA_GB,14,GB,7.805515390285047,75,8.066712561987398,53,2016
2016_14_SEA_GB,14,SEA,-22.18445692026527,86,-22.448291550106823,68,2016
2016_14_WAS_PHI,14,PHI,0.48284872007271984,94,-3.062075295880331,77,2016
2016_14_WAS_PHI,14,WAS,6.6537892186914975,62,8.79855856687553,45,2016
2016_15_CAR_WAS,15,CAR,-2.881681434256122,92,3.935560940972311,71,2016
2016_15_CAR_WAS,15,WAS,-19.54245342001324,83,-13.167766263014496,60,2016
2016_15_CLE_BUF,15,BUF,13.742752369553587,82,17.634836309813842,66,2016
2016_15_CLE_BUF,15,CLE,-6.114810746817433,75,0.7132882573854218,54,2016
2016_15_DET_NYG,15,DET,-9.169484817626653,76,-11.94489310273643,59,2016
2016_15_DET_NYG,15,NYG,1.1362562107398597,78,0.9277619501402867,62,2016
2016_15_GB_CHI,15,CHI,5.6632469635385485,83,5.556880333539966,63,2016
2016_15_GB_CHI,15,GB,11.093359589534664,78,12.507284406395357,57,2016
2016_15_IND_MIN,15,IND,16.066465154763776,88,11.76069365234899,68,2016
2016_15_IND_MIN,15,MIN,-18.4663206897676,71,-19.57256534225725,56,2016
2016_15_JAX_HOU,15,HOU,-12.606885132810257,101,-14.661894726580448,76,2016
2016_15_JAX_HOU,15,JAX,-9.93742406553294,76,-19.46559528206827,50,2016
2016_15_LA_SEA,15,LA,-18.333565427863505,74,-23.178476650748877,56,2016
2016_15_LA_SEA,15,SEA,5.351434784957528,78,7.381465032011574,55,2016
2016_15_MIA_NYJ,15,MIA,1.675935606984178,66,9.717153057514224,46,2016
2016_15_MIA_NYJ,15,NYJ,-25.31981309050699,93,-21.365232301472602,72,2016
2016_15_NE_DEN,15,DEN,-17.227948115963954,78,-19.67637292053916,61,2016
2016_15_NE_DEN,15,NE,1.1634028642880243,89,-5.384415280072625,72,2016
2016_15_NO_ARI,15,ARI,9.315134769808028,79,11.958318896424434,56,2016
2016_15_NO_ARI,15,NO,21.429433630175883,105,16.456697221281082,81,2016
2016_15_OAK_SD,15,LAC,-8.65732833280238,70,-6.101557140185599,55,2016
2016_15_OAK_SD,15,LV,-2.1208566026320237,78,-2.2770045664850556,58,2016
2016_15_PHI_BAL,15,BAL,-0.7771667112958678,75,-3.9513413803965083,55,2016
2016_15_PHI_BAL,15,PHI,1.6754805518724023,101,-4.801880914922104,82,2016
2016_15_PIT_CIN,15,CIN,4.079650157918125,73,-5.484438648674959,56,2016
2016_15_PIT_CIN,15,PIT,13.257975553089754,90,10.764751865930497,63,2016
2016_15_SF_ATL,15,ATL,23.448802367386524,83,20.958437298020883,65,2016
2016_15_SF_ATL,15,SF,-8.674973155717133,74,-3.4579872897593305,55,2016
2016_15_TB_DAL,15,DAL,-2.2621711426059123,91,5.393140945573234,70,2016
2016_15_TB_DAL,15,TB,-8.500958086794089,78,-7.921394594052751,59,2016
2016_15_TEN_KC,15,KC,-6.591530990465642,74,-3.462194354215997,57,2016
2016_15_TEN_KC,15,TEN,-1.7736373223299653,80,-2.636157713731516,62,2016
2016_16_ARI_SEA,16,ARI,2.5558884113873725,81,5.090284552413896,56,2016
2016_16_ARI_SEA,16,SEA,-4.139731873581798,99,-1.0776771148751187,79,2016
2016_16_ATL_CAR,16,ATL,13.63465644036638,83,15.774258073739933,61,2016
2016_16_ATL_CAR,16,CAR,-9.430802841277377,87,-11.685057717481271,67,2016
2016_16_BAL_PIT,16,BAL,8.614724050276632,92,6.357539845749278,73,2016
2016_16_BAL_PIT,16,PIT,9.327161372025472,75,9.346854989161628,52,2016
2016_16_CIN_HOU,16,CIN,-11.536589331249397,79,-9.395236487448845,63,2016
2016_16_CIN_HOU,16,HOU,-8.648739453660946,79,-12.616832040394131,57,2016
2016_16_DEN_KC,16,DEN,-17.93997931772848,82,-14.602991352176666,57,2016
2016_16_DEN_KC,16,KC,6.87051361933331,95,12.800994757358081,73,2016
2016_16_DET_DAL,16,DAL,20.828192684486964,77,21.92430187467835,52,2016
2016_16_DET_DAL,16,DET,-0.3984865996860938,88,2.2835628329325317,70,2016
2016_16_IND_OAK,16,IND,4.634142092328421,68,4.832334774975989,53,2016
2016_16_IND_OAK,16,LV,8.837828420032503,96,15.85559345735237,69,2016
2016_16_MIA_BUF,16,BUF,7.971119440395656,114,18.906869985082263,89,2016
2016_16_MIA_BUF,16,MIA,13.889338063602139,92,18.445595777896834,66,2016
2016_16_MIN_GB,16,GB,6.294626783742325,80,9.66407689602745,58,2016
2016_16_MIN_GB,16,MIN,-5.338886310039651,97,3.7212768046377027,75,2016
2016_16_NYG_PHI,16,NYG,-3.747633478734691,105,-3.0900328595437987,88,2016
2016_16_NYG_PHI,16,PHI,-1.4489172512387456,73,-4.131290952114,53,2016
2016_16_NYJ_NE,16,NE,14.559746082336398,90,7.932230102586594,67,2016
2016_16_NYJ_NE,16,NYJ,-26.84721870283829,72,-20.03820936236941,55,2016
2016_16_SD_CLE,16,CLE,1.7796683183125177,89,-3.92392992183599,66,2016
2016_16_SD_CLE,16,LAC,0.41476519961831615,84,4.512260022859362,64,2016
2016_16_SF_LA,16,LA,-8.513108073659387,76,-15.207741433870979,56,2016
2016_16_SF_LA,16,SF,-5.628816705923626,95,-3.279234404093586,68,2016
2016_16_TB_NO,16,NO,9.718832086819456,87,12.619864460542217,65,2016
2016_16_TB_NO,16,TB,4.942613528174231,76,5.833205400403185,58,2016
2016_16_TEN_JAX,16,JAX,10.764856178839496,89,7.216165383572648,68,2016
2016_16_TEN_JAX,16,TEN,-13.619568063614523,92,-10.318296695148998,64,2016
2016_16_WAS_CHI,16,CHI,-3.5163252655022377,85,-1.902301985871473,67,2016
2016_16_WAS_CHI,16,WAS,23.770522600551825,81,21.49693219773389,63,2016
2016_17_ARI_LA,17,ARI,2.674316942330672,88,2.1826323441983497,67,2016
2016_17_ARI_LA,17,LA,-45.31557386624627,82,-45.387801332743,57,2016
2016_17_BAL_CIN,17,BAL,-9.4881740177074,86,-10.010118741665357,70,2016
2016_17_BAL_CIN,17,CIN,7.468187933745648,83,7.898285272991842,64,2016
2016_17_BUF_NYJ,17,BUF,-33.39092338348511,79,-25.288645568977273,62,2016
2016_17_BUF_NYJ,17,NYJ,-10.365627090488706,77,-5.959710065508452,60,2016
2016_17_CAR_TB,17,CAR,-15.671939088060103,83,-9.051268308032283,68,2016
2016_17_CAR_TB,17,TB,-16.102633259287202,82,-10.67977330258253,62,2016
2016_17_CHI_MIN,17,CHI,-19.365955175451585,75,-15.575846856979407,59,2016
2016_17_CHI_MIN,17,MIN,12.34821217618708,76,9.337875644840853,59,2016
2016_17_CLE_PIT,17,CLE,0.9745693230813774,95,2.34607770309914,77,2016
2016_17_CLE_PIT,17,PIT,1.9154340592956571,91,1.9599614729813766,69,2016
2016_17_DAL_PHI,17,DAL,-11.935019654381371,71,-14.967648781003035,52,2016
2016_17_DAL_PHI,17,PHI,0.12188293402301431,95,0.9032706587115609,75,2016
2016_17_GB_DET,17,DET,6.563303981331526,83,9.035204224420072,64,2016
2016_17_GB_DET,17,GB,18.296560533627286,94,21.77933037414586,69,2016
2016_17_HOU_TEN,17,HOU,-9.558386497635027,89,-2.4924361986839023,72,2016
2016_17_HOU_TEN,17,TEN,-4.335812888710235,80,-4.436509486322967,58,2016
2016_17_JAX_IND,17,IND,-3.5020145484935323,87,0.09276258559439698,64,2016
2016_17_JAX_IND,17,JAX,-4.498170173510989,92,3.527710208814136,71,2016
2016_17_KC_SD,17,KC,14.281663655771212,80,6.665648897302313,60,2016
2016_17_KC_SD,17,LAC,0.7695792503816468,83,5.529992875887472,64,2016
2016_17_NE_MIA,17,MIA,-10.248847632871573,75,-8.632272875285707,57,2016
2016_17_NE_MIA,17,NE,18.166276036064925,83,19.574156290694933,63,2016
2016_17_NO_ATL,17,ATL,15.494907786322873,86,20.586951986622594,58,2016
2016_17_NO_ATL,17,NO,11.99311318443925,94,12.444530489991587,76,2016
2016_17_NYG_WAS,17,NYG,-8.68070665220083,88,-5.066739356836346,69,2016
2016_17_NYG_WAS,17,WAS,-20.612910399693114,70,-16.353036389408963,54,2016
2016_17_OAK_DEN,17,DEN,-7.911620328361315,88,-2.7559853304101654,65,2016
2016_17_OAK_DEN,17,LV,-27.078297107087447,70,-26.00599068736471,51,2016
2016_17_SEA_SF,17,SEA,1.6087037884000641,81,5.839457656664547,63,2016
2016_17_SEA_SF,17,SF,-6.93288037412116,80,-7.572554990008939,57,2016
2017_01_ARI_DET,1,ARI,-25.45640286984737,92,-19.36984741101025,68,2017
2017_01_ARI_DET,1,DET,-15.528416654891103,88,-9.798659352924062,71,2017
2017_01_ATL_CHI,1,ATL,13.679704473471404,71,12.584143107384755,53,2017
2017_01_ATL_CHI,1,CHI,3.1397400841535026,83,0.8949469393682961,63,2017
2017_01_BAL_CIN,1,BAL,-6.584156486612144,84,-4.349016646722696,60,2017
2017_01_BAL_CIN,1,CIN,-32.87047699387767,72,-30.33355977202882,58,2017
2017_01_CAR_SF,1,CAR,0.713004843362044,80,-2.2263044006186195,59,2017
2017_01_CAR_SF,1,SF,-24.262342479953077,71,-22.317394488840364,54,2017
2017_01_IND_LA,1,IND,-27.769375563263942,69,-28.853504200424585,48,2017
2017_01_IND_LA,1,LA,10.839132456620911,88,4.403287669070284,61,2017
2017_01_JAX_HOU,1,HOU,-33.466198287170535,93,-38.83285230668844,69,2017
2017_01_JAX_HOU,1,JAX,-4.76721478615562,80,3.718341503313308,58,2017
2017_01_KC_NE,1,KC,18.592630575908988,92,22.240469372540247,62,2017
2017_01_KC_NE,1,NE,0.5217151047124928,100,-5.303220404044643,73,2017
2017_01_LAC_DEN,1,DEN,-2.607070099720877,81,-0.5219396061873383,67,2017
2017_01_LAC_DEN,1,LAC,-3.9722518009787025,75,-3.9019743281931785,56,2017
2017_01_NO_MIN,1,MIN,14.958751707518356,81,18.756776231390443,61,2017
2017_01_NO_MIN,1,NO,8.39738495525869,79,6.479020710391344,59,2017
2017_01_NYG_DAL,1,DAL,4.6026502989468465,87,5.669241081096175,70,2017
2017_01_NYG_DAL,1,NYG,-12.974587905890075,72,-7.418591533238359,52,2017
2017_01_NYJ_BUF,1,BUF,-2.3242389778445074,94,5.664512981639446,69,2017
2017_01_NYJ_BUF,1,NYJ,-8.826909452341962,70,-11.414468440016002,55,2017
2017_01_OAK_TEN,1,LV,19.3310027158888,83,9.462501466348401,62,2017
2017_01_OAK_TEN,1,TEN,5.109117066939312,80,3.1664163371967957,63,2017
2017_01_PHI_WAS,1,PHI,0.4903547823353618,85,-3.282749855203959,65,2017
2017_01_PHI_WAS,1,WAS,-16.85166141824341,77,-15.966314306115589,61,2017
2017_01_PIT_CLE,1,CLE,-8.378312739397447,79,-8.771571231297454,63,2017
2017_01_PIT_CLE,1,PIT,-3.388584014186782,76,-0.6617584508494474,51,2017
2017_01_SEA_GB,1,GB,-1.5387055310701063,96,0.5920909118126172,71,2017
2017_01_SEA_GB,1,SEA,-9.097904385533184,66,-12.495240152113226,48,2017
2017_02_ARI_IND,2,ARI,-6.101992992881842,82,-2.699865837402222,64,2017
2017_02_ARI_IND,2,IND,-11.835929368238121,94,-10.542728446324363,70,2017
2017_02_BUF_CAR,2,BUF,-13.701737616735045,66,-13.465192435706637,51,2017
2017_02_BUF_CAR,2,CAR,-7.348097597074229,83,-7.373097108433287,65,2017
2017_02_CHI_TB,2,CHI,-17.940407156259802,76,-15.177601240226068,62,2017
2017_02_CHI_TB,2,TB,6.608362640910636,84,-0.607566602590321,65,2017
2017_02_CLE_BAL,2,BAL,-1.4355241523428415,85,-2.303307415179958,67,2017
2017_02_CLE_BAL,2,CLE,-14.848730237499161,89,-14.231467355362948,66,2017
2017_02_DAL_DEN,2,DAL,-22.13283255739846,94,-22.752698321066994,66,2017
2017_02_DAL_DEN,2,DEN,3.964613701598426,93,5.457561340097126,72,2017
2017_02_DET_NYG,2,DET,-4.378032176074548,77,-4.305815080875191,56,2017
2017_02_DET_NYG,2,NYG,-22.364730957967744,71,-14.23401813066448,55,2017
2017_02_GB_ATL,2,ATL,12.462536540547225,76,11.331742115403005,58,2017
2017_02_GB_ATL,2,GB,3.1367525136716794,94,5.409903695208417,68,2017
2017_02_HOU_CIN,2,CIN,-16.306091185455443,82,-19.347967484282684,62,2017
2017_02_HOU_CIN,2,HOU,-10.039816010553672,85,-8.52090004123523,62,2017
2017_02_MIA_LAC,2,LAC,1.076024606970507,77,10.282735745133225,54,2017
2017_02_MIA_LAC,2,MIA,7.606669066634446,81,8.651031142205873,67,2017
2017_02_MIN_PIT,2,MIN,-14.585138626934544,83,-12.356226361448693,60,2017
2017_02_MIN_PIT,2,PIT,3.4106914412636464,96,0.7754693751478343,67,2017
2017_02_NE_NO,2,NE,22.043813775999936,93,23.476583624483823,72,2017
2017_02_NE_NO,2,NO,-0.13962828227854396,85,2.3883721871481125,62,2017
2017_02_NYJ_OAK,2,LV,29.987369366837374,75,22.89295423706062,55,2017
2017_02_NYJ_OAK,2,NYJ,6.1693369000287674,73,3.0692011111047073,52,2017
2017_02_PHI_KC,2,KC,9.582124324589822,69,8.103354292826044,51,2017
2017_02_PHI_KC,2,PHI,3.983164958656901,90,7.090568572806065,69,2017
2017_02_SF_SEA,2,SEA,-6.250424619661693,98,-4.408460454863617,75,2017
2017_02_SF_SEA,2,SF,-8.303198458685074,67,-11.30247561818222,48,2017
2017_02_TEN_JAX,2,JAX,-14.673060503874954,81,-8.244174515715091,62,2017
2017_02_TEN_JAX,2,TEN,13.317305444101608,87,11.734338517665854,62,2017
2017_02_WAS_LA,2,LA,-2.1718437358784533,67,-0.47533112403532485,48,2017
2017_02_WAS_LA,2,WAS,7.319844297324161,89,8.683775155450999,68,2017
2017_03_ATL_DET,3,ATL,0.5972829241714201,90,-0.5168796127483475,64,2017
2017_03_ATL_DET,3,DET,-7.162388449821854,89,-8.82251513539211,66,2017
2017_03_BAL_JAX,3,BAL,-20.53716317164018,77,-24.89275049569551,54,2017
2017_03_BAL_JAX,3,JAX,21.73599911794275,92,17.9163238141643,65,2017
2017_03_CIN_GB,3,CIN,-0.0881356972224614,79,3.115641885942593,59,2017
2017_03_CIN_GB,3,GB,0.000489857704232044,88,-5.816690929795188,65,2017
2017_03_CLE_IND,3,CLE,-0.05270589661544445,97,-1.0669630939664785,69,2017
2017_03_CLE_IND,3,IND,3.453847973893934,88,-1.196171359749691,62,2017
2017_03_DAL_ARI,3,ARI,-6.6318512317252685,101,-4.8076082799020625,75,2017
2017_03_DAL_ARI,3,DAL,7.011845908734321,65,4.206186074297875,44,2017
2017_03_DEN_BUF,3,BUF,0.2893333573894532,86,-1.8351628216103153,60,2017
2017_03_DEN_BUF,3,DEN,-10.039852162866204,91,-5.523954865343876,66,2017
2017_03_HOU_NE,3,HOU,9.174859232867457,91,5.936823566666105,67,2017
2017_03_HOU_NE,3,NE,5.633896455272837,85,5.3403034628573804,61,2017
2017_03_KC_LAC,3,KC,5.664422409101244,71,4.725752031374511,51,2017
2017_03_KC_LAC,3,LAC,-13.32593492582911,89,-11.43136381191419,68,2017
2017_03_LA_SF,3,LA,14.77177948276488,85,20.269558531862447,59,2017
2017_03_LA_SF,3,SF,8.860588721161978,100,2.3330886077211757,75,2017
2017_03_MIA_NYJ,3,MIA,-21.316171245663476,82,-19.93494358228054,63,2017
2017_03_MIA_NYJ,3,NYJ,-4.081960966256545,78,-1.5604051990624868,58,2017
2017_03_NO_CAR,3,CAR,-12.107146557900172,73,-11.107111412488457,59,2017
2017_03_NO_CAR,3,NO,13.884964328785232,73,16.009176493088155,57,2017
2017_03_NYG_PHI,3,NYG,2.9947725594554497,85,1.1963093666779088,64,2017
2017_03_NYG_PHI,3,PHI,3.2830456896497338,96,-1.167041500564375,72,2017
2017_03_OAK_WAS,3,LV,-17.171597259831664,69,-24.279264751592017,47,2017
2017_03_OAK_WAS,3,WAS,0.5701428404588658,86,7.828131176691407,65,2017
2017_03_PIT_CHI,3,CHI,-6.469005028861672,86,-8.12488711228437,62,2017
2017_03_PIT_CHI,3,PIT,-8.854344977268582,77,-1.3104849858611232,59,2017
2017_03_SEA_TEN,3,SEA,4.5233607878925675,93,6.117534011296928,73,2017
2017_03_SEA_TEN,3,TEN,10.341043828595284,94,1.6872007625570888,65,2017
2017_03_TB_MIN,3,MIN,14.260402606458868,90,18.024052113678614,67,2017
2017_03_TB_MIN,3,TB,-2.579212862703251,70,-2.476185904204856,51,2017
2017_04_BUF_ATL,4,ATL,-5.669902432581257,89,-9.17920380157025,72,2017
2017_04_BUF_ATL,4,BUF,5.305100445822499,77,2.413908098456522,57,2017
2017_04_CAR_NE,4,CAR,19.97440346022117,77,17.871620666184526,60,2017
2017_04_CAR_NE,4,NE,14.433449410267494,86,12.604251370441274,67,2017
2017_04_CHI_GB,4,CHI,-11.46401361204228,87,-7.410508782558052,64,2017
2017_04_CHI_GB,4,GB,11.836305323103199,70,11.158103136520367,52,2017
2017_04_CIN_CLE,4,CIN,11.29403885774295,77,8.258974526648661,63,2017
2017_04_CIN_CLE,4,CLE,-18.30834634102886,81,-18.295851973461566,61,2017
2017_04_DET_MIN,4,DET,-9.020073073290288,86,-6.184761256368816,66,2017
2017_04_DET_MIN,4,MIN,-21.223056837623357,69,-19.661269858878118,54,2017
2017_04_IND_SEA,4,IND,-16.352190258766573,79,-15.616690202453483,58,2017
2017_04_IND_SEA,4,SEA,14.776472213418911,83,18.46698441301425,63,2017
2017_04_JAX_NYJ,4,JAX,-13.236032407933479,99,-11.545862267082974,74,2017
2017_04_JAX_NYJ,4,NYJ,-11.3940760433605,95,-7.530665082685838,68,2017
2017_04_LA_DAL,4,DAL,11.910797989436421,88,10.648284426618368,65,2017
2017_04_LA_DAL,4,LA,23.631892733113528,91,10.313654494521021,67,2017
2017_04_NO_MIA,4,MIA,-15.843710042478051,64,-12.918901900120545,47,2017
2017_04_NO_MIA,4,NO,7.110011332698535,88,9.179860626163654,69,2017
2017_04_NYG_TB,4,NYG,-1.1771882819874255,97,2.7944589476036508,77,2017
2017_04_NYG_TB,4,TB,-1.802354205733263,80,5.363180022402245,61,2017
2017_04_OAK_DEN,4,DEN,-6.149653079875328,84,-2.5902728826540216,59,2017
2017_04_OAK_DEN,4,LV,-12.519627840213992,71,-13.40287451553319,53,2017
2017_04_PHI_LAC,4,LAC,12.554898975688094,79,10.43416188101201,53,2017
2017_04_PHI_LAC,4,PHI,20.185086165410368,92,16.710011820841487,72,2017
2017_04_PIT_BAL,4,BAL,-20.148161357981618,85,-18.74219159879299,67,2017
2017_04_PIT_BAL,4,PIT,1.354527360950034,92,5.8587678364811815,73,2017
2017_04_SF_ARI,4,ARI,-4.579491622163914,105,-7.693372484376596,78,2017
2017_04_SF_ARI,4,SF,-5.8314904001308605,106,-9.97529620938975,79,2017
2017_04_TEN_HOU,4,HOU,26.67709415541247,103,17.482392177012876,78,2017
2017_04_TEN_HOU,4,TEN,-23.07011655268663,60,-22.326771485735662,40,2017
2017_04_WAS_KC,4,KC,10.231857287363983,94,12.296464454251353,72,2017
2017_04_WAS_KC,4,WAS,3.490660341835948,66,3.4240790252032767,49,2017
2017_05_ARI_PHI,5,ARI,-15.463885862452493,80,-6.830015124506588,60,2017
2017_05_ARI_PHI,5,PHI,14.148107853953066,80,11.232456953801028,62,2017
2017_05_BAL_OAK,5,BAL,8.767779137722536,82,12.378048181473272,62,2017
2017_05_BAL_OAK,5,LV,-10.254677092277078,70,-9.16717508435378,54,2017
2017_05_BUF_CIN,5,BUF,-8.910764680083425,86,-9.547929343779833,67,2017
2017_05_BUF_CIN,5,CIN,-6.920817925098916,82,-2.8662232175707008,60,2017
2017_05_CAR_DET,5,CAR,-2.918369298969513,86,6.986294540590263,61,2017
2017_05_CAR_DET,5,DET,-10.217250515293447,77,-10.315539776592077,56,2017
2017_05_GB_DAL,5,DAL,13.208291983663875,88,10.137725023283837,72,2017
2017_05_GB_DAL,5,GB,19.772874701952865,76,19.763247848529776,59,2017
2017_05_JAX_PIT,5,JAX,4.214377408092647,70,4.882145409827215,53,2017
2017_05_JAX_PIT,5,PIT,-22.871856330137234,94,-22.349750896630674,76,2017
2017_05_KC_HOU,5,HOU,5.241449342252839,81,11.606577371203805,58,2017
2017_05_KC_HOU,5,KC,21.21424827757105,94,20.178088208138092,74,2017
2017_05_LAC_NYG,5,LAC,0.10227086844839395,98,4.414458201768639,71,2017
2017_05_LAC_NYG,5,NYG,-9.73999838721529,91,-5.712775560459588,67,2017
2017_05_MIN_CHI,5,CHI,-9.968247394164141,81,-6.245523047589697,57,2017
2017_05_MIN_CHI,5,MIN,-2.898842315741447,83,-1.8932213246025924,67,2017
2017_05_NE_TB,5,NE,2.0275655231531218,88,1.8493147229349727,66,2017
2017_05_NE_TB,5,TB,-6.4199265693594745,92,-0.8751285267360043,67,2017
2017_05_NYJ_CLE,5,CLE,-9.251094650796247,87,-4.686351580703656,70,2017
2017_05_NYJ_CLE,5,NYJ,-4.2939925001399635,68,-5.689683242615812,48,2017
2017_05_SEA_LA,5,LA,-16.86377576641045,88,-15.224791812986307,70,2017
2017_05_SEA_LA,5,SEA,-8.955039779960693,84,-16.011257710694753,64,2017
2017_05_SF_IND,5,IND,6.2480922583613205,99,1.3250617179679607,71,2017
2017_05_SF_IND,5,SF,5.963384982268945,92,6.435531306384359,70,2017
2017_05_TEN_MIA,5,MIA,-19.84605318435827,77,-21.883828606833106,58,2017
2017_05_TEN_MIA,5,TEN,-25.219039214992712,83,-23.369417026036643,58,2017
2017_06_CHI_BAL,6,BAL,-19.609326588658664,92,-29.28253856782265,71,2017
2017_06_CHI_BAL,6,CHI,-14.92888033807525,102,-9.43222446006958,74,2017
2017_06_CLE_HOU,6,CLE,-20.455821850062893,85,-20.9385279971936,63,2017
2017_06_CLE_HOU,6,HOU,-5.7950573982049285,86,-6.8047051358077795,62,2017
2017_06_DET_NO,6,DET,-28.449584560051445,104,-30.594253315568675,76,2017
2017_06_DET_NO,6,NO,-17.004570247770648,97,-10.269194513347895,67,2017
2017_06_GB_MIN,6,GB,-25.146621797930333,82,-24.31352626454708,65,2017
2017_06_GB_MIN,6,MIN,-10.570419389575953,95,-14.57369859772986,69,2017
2017_06_IND_TEN,6,IND,-0.19758043650547474,76,-5.64410312650201,57,2017
2017_06_IND_TEN,6,TEN,12.980394803702218,86,7.449501423472165,66,2017
2017_06_LAC_OAK,6,LAC,-1.2054057601188353,76,1.835792299631959,63,2017
2017_06_LAC_OAK,6,LV,-3.6345051655360545,72,-6.437415036005264,53,2017
2017_06_LA_JAX,6,JAX,-16.71359558080333,92,-3.9228787864096972,66,2017
2017_06_LA_JAX,6,LA,-1.5063477083297045,77,-9.012151144732762,54,2017
2017_06_MIA_ATL,6,ATL,-2.4772495405509476,72,0.5871585594307112,55,2017
2017_06_MIA_ATL,6,MIA,4.156621014071315,80,0.17103929912731397,63,2017
2017_06_NE_NYJ,6,NE,6.382611018272437,83,10.492358151344563,62,2017
2017_06_NE_NYJ,6,NYJ,-2.6405334144063337,89,1.3084403828539037,73,2017
2017_06_NYG_DEN,6,DEN,-20.498229126227137,96,-19.832473606310455,73,2017
2017_06_NYG_DEN,6,NYG,-3.564945432269112,72,-2.8725797226221945,54,2017
2017_06_PHI_CAR,6,CAR,-6.987608055961416,98,-16.287087687854317,79,2017
2017_06_PHI_CAR,6,PHI,1.177097296474404,82,-0.28983993339868075,59,2017
2017_06_PIT_KC,6,KC,-5.070667907143992,69,-7.246124009872574,52,2017
2017_06_PIT_KC,6,PIT,2.0128067882916842,80,11.034041457876414,61,2017
2017_06_SF_WAS,6,SF,0.490817613799444,92,3.5528978044320825,70,2017
2017_06_SF_WAS,6,WAS,2.097150832081533,91,-0.1723912144045059,70,2017
2017_06_TB_ARI,6,ARI,5.037373206841675,81,1.7009271073901964,55,2017
2017_06_TB_ARI,6,TB,1.4303248380958862,86,5.103166642162717,68,2017
2017_07_ARI_LA,7,ARI,-23.3147048848914,67,-18.02723199664591,47,2017
2017_07_ARI_LA,7,LA,15.030371137095935,97,14.574451870384054,77,2017
2017_07_ATL_NE,7,ATL,-6.370975143843147,69,3.3009173730181467,56,2017
2017_07_ATL_NE,7,NE,11.446889677464398,89,14.937150292673666,64,2017
2017_07_BAL_MIN,7,BAL,-9.256505098773982,86,-10.49592623016928,64,2017
2017_07_BAL_MIN,7,MIN,-0.7423159371226795,81,-3.0989116878922984,64,2017
2017_07_CAR_CHI,7,CAR,-29.97077406826429,84,-29.83065955924041,69,2017
2017_07_CAR_CHI,7,CHI,-15.382605926627392,53,-11.421713035706638,34,2017
2017_07_CIN_PIT,7,CIN,-10.12090819163025,65,-9.921675004705321,50,2017
2017_07_CIN_PIT,7,PIT,6.337096202915903,87,2.820129518892536,65,2017
2017_07_DAL_SF,7,DAL,26.059560206692424,88,24.12020057153143,70,2017
2017_07_DAL_SF,7,SF,-11.962982623968323,79,-14.20515484648786,65,2017
2017_07_DEN_LAC,7,DEN,-29.923151674622204,80,-21.78586568951141,59,2017
2017_07_DEN_LAC,7,LAC,-6.744440043678187,74,-7.153705219738185,55,2017
2017_07_JAX_IND,7,IND,-19.3357101881993,82,-20.14571948820958,67,2017
2017_07_JAX_IND,7,JAX,15.571870807780414,78,15.375166435034583,64,2017
2017_07_KC_OAK,7,KC,21.767955047967696,77,20.455187448711744,60,2017
2017_07_KC_OAK,7,LV,17.727063168446545,102,18.01587330804153,73,2017
2017_07_NO_GB,7,GB,1.2799529489722525,73,2.552590979212816,50,2017
2017_07_NO_GB,7,NO,14.604740147756965,90,17.907617397523097,72,2017
2017_07_NYJ_MIA,7,MIA,-0.2788297786879905,93,-3.3063803124369926,65,2017
2017_07_NYJ_MIA,7,NYJ,-1.26562633734798,75,2.182850457407767,51,2017
2017_07_SEA_NYG,7,NYG,-20.15033847374381,80,-18.799304650484224,57,2017
2017_07_SEA_NYG,7,SEA,1.2921586582831508,91,2.148502275980327,70,2017
2017_07_TB_BUF,7,BUF,8.319238000623736,89,10.574784574786785,67,2017
2017_07_TB_BUF,7,TB,6.521223937090108,88,9.956526538461583,70,2017
2017_07_TEN_CLE,7,CLE,-17.61708931287285,87,-18.27216226002203,66,2017
2017_07_TEN_CLE,7,TEN,-11.048805071099196,87,-13.66961124383979,68,2017
2017_07_WAS_PHI,7,PHI,10.725937148267208,84,12.173416838021899,60,2017
2017_07_WAS_PHI,7,WAS,2.050962103663332,81,1.9427792710189546,61,2017
2017_08_ATL_NYJ,8,ATL,2.6985629734415078,81,-2.5279963271249333,63,2017
2017_08_ATL_NYJ,8,NYJ,-5.966752765728258,82,-2.810815704968781,57,2017
2017_08_CAR_TB,8,CAR,-3.142115661029336,78,-5.039586772776222,61,2017
2017_08_CAR_TB,8,TB,-20.27555028174538,81,-16.827527776865097,63,2017
2017_08_CHI_NO,8,CHI,-9.175871336497831,83,-8.816334539761531,66,2017
2017_08_CHI_NO,8,NO,-2.601890601737658,76,-4.395462406006523,57,2017
2017_08_DAL_WAS,8,DAL,-2.598179006030697,86,2.4896156578399644,63,2017
2017_08_DAL_WAS,8,WAS,-22.526985520845145,78,-9.796786872916144,58,2017
2017_08_DEN_KC,8,DEN,-14.555575781821322,90,-15.572369177206639,71,2017
2017_08_DEN_KC,8,KC,-4.629771888633356,85,-17.066520002049497,58,2017
2017_08_HOU_SEA,8,HOU,12.572835863264965,91,12.097927947998205,69,2017
2017_08_HOU_SEA,8,SEA,10.573940663761215,91,7.901583548070125,62,2017
2017_08_IND_CIN,8,CIN,-7.622817312176485,72,-0.4582557728594985,51,2017
2017_08_IND_CIN,8,IND,-5.610395827009441,93,-3.6118306092481736,71,2017
2017_08_LAC_NE,8,LAC,0.33819916064450295,71,7.611754551203566,52,2017
2017_08_LAC_NE,8,NE,6.3145213718385875,104,5.493432481224139,82,2017
2017_08_MIA_BAL,8,BAL,5.230172728001411,83,3.1818059850063807,60,2017
2017_08_MIA_BAL,8,MIA,-40.829749919997994,86,-35.73823161978552,66,2017
2017_08_MIN_CLE,8,CLE,-9.37927343390659,78,-9.746171921963041,59,2017
2017_08_MIN_CLE,8,MIN,10.506070877673938,101,0.2539863044879078,79,2017
2017_08_OAK_BUF,8,BUF,10.608534471774279,87,9.089971835740242,62,2017
2017_08_OAK_BUF,8,LV,-12.106762274836754,83,-7.878846202977002,63,2017
2017_08_PIT_DET,8,DET,-5.789347082260065,87,-5.494451511019148,69,2017
2017_08_PIT_DET,8,PIT,2.230432469954714,80,1.173108518205793,57,2017
2017_08_SF_PHI,8,PHI,-2.3877772813412887,86,-3.7470410157037177,65,2017
2017_08_SF_PHI,8,SF,-27.03426802078267,86,-23.0235722227201,64,2017
2017_09_ARI_SF,9,ARI,-11.228080841449652,92,-6.387953263722006,70,2017
2017_09_ARI_SF,9,SF,-25.311645923953087,92,-22.788185213338316,73,2017
2017_09_ATL_CAR,9,ATL,-4.910025272721057,76,-7.298055017819547,57,2017
2017_09_ATL_CAR,9,CAR,-3.841202016169097,80,-6.372215717472823,63,2017
2017_09_BAL_TEN,9,BAL,-1.803771780773629,95,-1.8669941665929137,77,2017
2017_09_BAL_TEN,9,TEN,-0.9355403680658498,66,-2.1663243965101113,50,2017
2017_09_BUF_NYJ,9,BUF,-10.628827021732143,95,-15.620294096996076,69,2017
2017_09_BUF_NYJ,9,NYJ,4.081739078801862,86,10.238953725452454,59,2017
2017_09_CIN_JAX,9,CIN,-13.294530147642412,56,-5.230196494900156,35,2017
2017_09_CIN_JAX,9,JAX,7.588916245470657,91,8.273429228650228,77,2017
2017_09_DEN_PHI,9,DEN,-12.333311697903653,90,-14.103779740301963,60,2017
2017_09_DEN_PHI,9,PHI,14.640564970282963,89,11.545054820345882,66,2017
2017_09_DET_GB,9,DET,15.765528681180294,78,17.125574353479937,67,2017
2017_09_DET_GB,9,GB,-4.9082903240622064,74,-3.1346277194071552,58,2017
2017_09_IND_HOU,9,HOU,-10.83750945951262,90,-9.550247812455876,67,2017
2017_09_IND_HOU,9,IND,-0.35107199980349835,80,-0.8892114476617543,60,2017
2017_09_KC_DAL,9,DAL,13.245751153178352,80,13.373885995824821,65,2017
2017_09_KC_DAL,9,KC,2.7235147132136985,77,2.222492634749442,55,2017
2017_09_LA_NYG,9,LA,26.829987881038974,82,24.585669587072832,60,2017
2017_09_LA_NYG,9,NYG,-16.044480453389795,88,-6.001698799465718,65,2017
2017_09_OAK_MIA,9,LV,7.840289553468901,78,11.575768484694656,55,2017
2017_09_OAK_MIA,9,MIA,1.6562554520945016,83,5.9490011821026565,62,2017
2017_09_TB_NO,9,NO,1.5303493666076085,72,9.868179630700535,57,2017
2017_09_TB_NO,9,TB,-19.626978239391814,82,-14.264614212506775,57,2017
2017_09_WAS_SEA,9,SEA,-18.789319744595325,101,-2.3832409782159782,76,2017
2017_09_WAS_SEA,9,WAS,-12.220538946980502,82,-11.02004720278195,60,2017
2017_10_CIN_TEN,10,CIN,-6.771717766749353,67,-9.346266960550565,50,2017
2017_10_CIN_TEN,10,TEN,-5.142663507938996,107,-7.74770563357227,84,2017
2017_10_CLE_DET,10,CLE,-8.955370292701875,100,-7.506741507727456,77,2017
2017_10_CLE_DET,10,DET,3.42731609772716,68,4.479292136038277,47,2017
2017_10_DAL_ATL,10,ATL,6.042170885473951,75,3.744270699439131,64,2017
2017_10_DAL_ATL,10,DAL,-16.74854032295958,78,-10.741979431198743,59,2017
2017_10_GB_CHI,10,CHI,-4.814249873618904,80,-7.887445440174446,57,2017
2017_10_GB_CHI,10,GB,7.77082501215152,82,8.151361673198766,64,2017
2017_10_HOU_LA,10,HOU,-24.22400788120232,90,-22.03528716075124,63,2017
2017_10_HOU_LA,10,LA,5.124416255000833,85,6.071603668160844,63,2017
2017_10_LAC_JAX,10,JAX,-11.032228205730721,105,-9.783127609404454,82,2017
2017_10_LAC_JAX,10,LAC,-10.17718196153767,91,-9.036373769973286,66,2017
2017_10_MIA_CAR,10,CAR,29.162865058493043,91,33.017200262069686,69,2017
2017_10_MIA_CAR,10,MIA,4.1216363897126564,73,3.9985751466010697,53,2017
2017_10_MIN_WAS,10,MIN,16.111365680134377,78,15.130871312947988,58,2017
2017_10_MIN_WAS,10,WAS,5.021995785691397,90,1.9149781336944365,72,2017
2017_10_NE_DEN,10,DEN,-3.350683788782966,78,-0.785050708042391,60,2017
2017_10_NE_DEN,10,NE,28.429574027238168,86,10.832954478809874,67,2017
2017_10_NO_BUF,10,BUF,-15.454437729858377,69,-13.120628736554458,45,2017
2017_10_NO_BUF,10,NO,31.906686362900945,91,29.855626141417357,69,2017
2017_10_NYG_SF,10,NYG,4.339357082237907,81,9.268467052819627,64,2017
2017_10_NYG_SF,10,SF,13.240040214443383,76,16.388753764753577,55,2017
2017_10_NYJ_TB,10,NYJ,-16.469870102489416,85,-12.673302502201473,64,2017
2017_10_NYJ_TB,10,TB,-8.977405584955587,84,-9.939167732004696,66,2017
2017_10_PIT_IND,10,IND,-5.874552367999531,78,-7.351402816476802,55,2017
2017_10_PIT_IND,10,PIT,-1.5984879974649924,84,1.6465922784630007,63,2017
2017_10_SEA_ARI,10,ARI,-11.638065360183209,96,-16.3226946349272,73,2017
2017_10_SEA_ARI,10,SEA,-3.956253696744643,83,-1.2273014643145972,58,2017
2017_11_ARI_HOU,11,ARI,-8.547452019974827,75,-9.685550852882443,54,2017
2017_11_ARI_HOU,11,HOU,0.9185580167058647,88,0.13023314121869056,67,2017
2017_11_ATL_SEA,11,ATL,8.726882942743611,84,8.9105349750763,56,2017
2017_11_ATL_SEA,11,SEA,3.685872639777972,89,2.7104462005456122,69,2017
2017_11_BAL_GB,11,BAL,-10.69350772898072,74,-10.20212301317251,56,2017
2017_11_BAL_GB,11,GB,-39.44865769482567,79,-37.83541504587629,67,2017
2017_11_BUF_LAC,11,BUF,-17.43758598387489,84,-12.84487939259823,62,2017
2017_11_BUF_LAC,11,LAC,14.159456467928539,93,15.840470262038213,69,2017
2017_11_CIN_DEN,11,CIN,-8.368403105340112,71,-3.5550025229458697,51,2017
2017_11_CIN_DEN,11,DEN,-14.189274158007564,96,-14.507893588264892,79,2017
2017_11_DET_CHI,11,CHI,1.7302807505054796,79,6.1349182774228534,61,2017
2017_11_DET_CHI,11,DET,6.818979774676118,79,6.49841445488274,57,2017
2017_11_JAX_CLE,11,CLE,-31.47029090359812,70,-33.94798108073883,54,2017
2017_11_JAX_CLE,11,JAX,-15.202356012973983,98,-15.379227207648906,76,2017
2017_11_KC_NYG,11,KC,-11.623416056216229,88,-10.72533002552308,71,2017
2017_11_KC_NYG,11,NYG,-8.735401192286567,86,-5.713997279372965,67,2017
2017_11_LA_MIN,11,LA,-10.887696543881088,72,-8.455054139834829,54,2017
2017_11_LA_MIN,11,MIN,7.992391430254909,93,13.389970935658932,72,2017
2017_11_NE_OAK,11,LV,-1.600806434274884,88,-0.621900077021448,72,2017
2017_11_NE_OAK,11,NE,27.323550662303894,73,18.886200728331232,58,2017
2017_11_PHI_DAL,11,DAL,-22.25376727367984,78,-29.741781898164387,62,2017
2017_11_PHI_DAL,11,PHI,12.005147013150465,78,16.61955442795957,59,2017
2017_11_TB_MIA,11,MIA,-15.299482333094446,83,-3.8030014594320782,60,2017
2017_11_TB_MIA,11,TB,-3.4123216451100604,86,0.627836071528705,62,2017
2017_11_TEN_PIT,11,PIT,10.093814052585317,93,10.253297587523795,66,2017
2017_11_TEN_PIT,11,TEN,-13.710459447406564,85,-9.405823540933156,57,2017
2017_11_WAS_NO,11,NO,13.434550431837561,89,14.897612707300175,66,2017
2017_11_WAS_NO,11,WAS,13.47716115759313,91,18.895714909824996,67,2017
2017_12_BUF_KC,12,BUF,-9.130673168182888,86,-6.038670895875586,66,2017
2017_12_BUF_KC,12,KC,-18.42509348686091,78,-17.399099317313457,56,2017
2017_12_CAR_NYJ,12,CAR,2.4135998915889743,90,-0.4393860552107711,67,2017
2017_12_CAR_NYJ,12,NYJ,-10.611459666788726,94,-6.396577514946735,63,2017
2017_12_CHI_PHI,12,CHI,-26.694848794664722,72,-21.464863435475262,48,2017
2017_12_CHI_PHI,12,PHI,2.772753320054422,93,7.257301838218641,70,2017
2017_12_CLE_CIN,12,CIN,12.472401824097469,78,9.000453549369006,57,2017
2017_12_CLE_CIN,12,CLE,-1.9018496996281224,85,9.398114611751723,66,2017
2017_12_DEN_OAK,12,DEN,-9.385184488054463,75,-8.453855406609364,57,2017
2017_12_DEN_OAK,12,LV,-2.4542878392805876,84,1.2286849424055757,60,2017
2017_12_GB_PIT,12,GB,7.882272754972605,72,10.244277090056665,54,2017
2017_12_GB_PIT,12,PIT,8.26342803216711,88,10.532869866090008,71,2017
2017_12_HOU_BAL,12,BAL,1.6572852437104055,86,-2.868502857649352,63,2017
2017_12_HOU_BAL,12,HOU,-3.5759139342257313,86,-8.7308682483951,64,2017
2017_12_JAX_ARI,12,ARI,-6.260893551553756,93,-9.717102496842971,70,2017
2017_12_JAX_ARI,12,JAX,-8.91085661768355,86,-13.863609544762083,57,2017
2017_12_LAC_DAL,12,DAL,-13.492446770847774,67,-13.615797643098514,50,2017
2017_12_LAC_DAL,12,LAC,15.39366797371891,81,24.81676619576549,62,2017
2017_12_MIA_NE,12,MIA,-13.649088623379455,76,-15.33023236801817,59,2017
2017_12_MIA_NE,12,NE,4.192677509515508,90,5.827084576361813,63,2017
2017_12_MIN_DET,12,DET,-7.225813064312796,76,-9.683631771610527,53,2017
2017_12_MIN_DET,12,MIN,3.727229186399839,93,13.080535837050931,70,2017
2017_12_NO_LA,12,LA,13.026903747320077,94,4.492644836148449,70,2017
2017_12_NO_LA,12,NO,6.8578742135734245,76,3.37040723725472,52,2017
2017_12_NYG_WAS,12,NYG,-24.737110939734897,75,-19.740327272866566,55,2017
2017_12_NYG_WAS,12,WAS,-15.24126873563985,91,-12.85169268249698,66,2017
2017_12_SEA_SF,12,SEA,0.2129984858781966,85,1.4766226740660802,63,2017
2017_12_SEA_SF,12,SF,-16.21918740800121,90,-15.437336663271982,66,2017
2017_12_TB_ATL,12,ATL,18.0897975015932,77,17.462115503498882,63,2017
2017_12_TB_ATL,12,TB,5.452092356351822,87,3.8204890041079835,68,2017
2017_12_TEN_IND,12,IND,-10.168238936247926,81,-11.836693638454136,61,2017
2017_12_TEN_IND,12,TEN,-3.0913682400009934,70,-2.2609341498608035,51,2017
2017_13_CAR_NO,13,CAR,-3.862370416108636,74,-4.031526211067103,53,2017
2017_13_CAR_NO,13,NO,6.705015878899488,79,7.280331268725399,61,2017
2017_13_CLE_LAC,13,CLE,-2.0005916677322726,75,-7.060417512477228,57,2017
2017_13_CLE_LAC,13,LAC,7.41967932028691,82,11.288525110784242,67,2017
2017_13_DEN_MIA,13,DEN,-39.9211189108463,91,-29.91447448189452,68,2017
2017_13_DEN_MIA,13,MIA,-15.820508349859352,88,-17.31311399170798,64,2017
2017_13_DET_BAL,13,BAL,14.029143019276427,85,7.308207449482003,62,2017
2017_13_DET_BAL,13,DET,-11.956053189276863,82,-5.38076279929672,61,2017
2017_13_HOU_TEN,13,HOU,3.0776666599418485,98,5.303201275584426,73,2017
2017_13_HOU_TEN,13,TEN,11.868795674310386,69,11.41515022653614,50,2017
2017_13_IND_JAX,13,IND,-5.200351792809137,84,-4.763363430664137,64,2017
2017_13_IND_JAX,13,JAX,16.00559719269299,81,18.28035491515196,66,2017
2017_13_KC_NYJ,13,KC,17.424780342962865,65,21.519692641850508,46,2017
2017_13_KC_NYJ,13,NYJ,22.01440042746425,109,18.79799910041695,84,2017
2017_13_LA_ARI,13,ARI,-23.328763127372913,83,-14.890852541667428,62,2017
2017_13_LA_ARI,13,LA,-1.6613883284842634,77,-1.6712903948929405,56,2017
2017_13_MIN_ATL,13,ATL,-6.112723113154061,66,-4.42287658160398,51,2017
2017_13_MIN_ATL,13,MIN,0.0470341122017115,81,4.417142843187321,60,2017
2017_13_NE_BUF,13,BUF,-15.789069976424798,83,-16.525880864207508,64,2017
2017_13_NE_BUF,13,NE,10.220008602337813,84,17.378272987134718,66,2017
2017_13_NYG_OAK,13,LV,-0.36588700562264487,82,-1.634305793745658,65,2017
2017_13_NYG_OAK,13,NYG,-6.538450128077628,81,-11.58960735189169,61,2017
2017_13_PHI_SEA,13,PHI,-4.478178559467246,87,-3.3991822710866835,74,2017
2017_13_PHI_SEA,13,SEA,9.828677025232317,75,7.1161354633334035,57,2017
2017_13_PIT_CIN,13,CIN,7.283830584930159,79,10.666437882134726,60,2017
2017_13_PIT_CIN,13,PIT,11.916493520054402,84,5.929075378944979,63,2017
2017_13_SF_CHI,13,CHI,-5.567949185874411,51,-5.396699776581954,36,2017
2017_13_SF_CHI,13,SF,-1.125037398072891,88,7.917032799318742,72,2017
2017_13_TB_GB,13,GB,3.047898629244785,70,2.744900333545995,52,2017
2017_13_TB_GB,13,TB,-1.6008005798492628,95,0.8827205445789863,74,2017
2017_13_WAS_DAL,13,DAL,9.631714003045726,86,1.4148194043253386,65,2017
2017_13_WAS_DAL,13,WAS,-17.178730661561094,76,-8.943385267280973,60,2017
2017_14_BAL_PIT,14,BAL,24.153461987024397,82,18.622568797894957,61,2017
2017_14_BAL_PIT,14,PIT,22.268675403904023,109,18.145015187091477,84,2017
2017_14_CHI_CIN,14,CHI,17.421832267488156,91,19.367288957990006,71,2017
2017_14_CHI_CIN,14,CIN,-17.10656722403602,68,-16.382808929425664,53,2017
2017_14_DAL_NYG,14,DAL,10.854682509847722,78,20.026802857435623,58,2017
2017_14_DAL_NYG,14,NYG,-14.400138056967457,100,-8.916123310569674,75,2017
2017_14_DET_TB,14,DET,1.9480283558530203,83,6.691932052724766,62,2017
2017_14_DET_TB,14,TB,-3.613173591306114,84,-3.5906818772491533,68,2017
2017_14_GB_CLE,14,CLE,4.679373831795383,71,7.798379783052951,56,2017
2017_14_GB_CLE,14,GB,14.117972725087164,92,13.828508075501304,73,2017
2017_14_IND_BUF,14,BUF,-11.733300398991027,80,-10.969661548617296,64,2017
2017_14_IND_BUF,14,IND,-16.723032507391537,86,-10.464158090700973,67,2017
2017_14_MIN_CAR,14,CAR,-4.252250885566685,84,5.370804695356112,60,2017
2017_14_MIN_CAR,14,MIN,-10.376801601115663,89,-8.968325560371772,72,2017
2017_14_NE_MIA,14,MIA,1.7683135259592375,93,1.5258418378257979,67,2017
2017_14_NE_MIA,14,NE,-5.479902106132456,81,-8.841962791088392,55,2017
2017_14_NO_ATL,14,ATL,0.6385535253334451,86,-2.9814561197330223,63,2017
2017_14_NO_ATL,14,NO,-1.7131772287998688,67,1.3135713159512887,52,2017
2017_14_NYJ_DEN,14,DEN,-3.6322578518000475,87,-4.525928016589868,67,2017
2017_14_NYJ_DEN,14,NYJ,-29.4171260499279,64,-25.874193825991824,47,2017
2017_14_OAK_KC,14,KC,1.2303012060885274,89,6.265945191371091,70,2017
2017_14_OAK_KC,14,LV,-11.867316332848791,79,-8.854109389081597,56,2017
2017_14_PHI_LA,14,LA,1.5238180229379683,68,-0.6072635982709471,44,2017
2017_14_PHI_LA,14,PHI,14.123189724707549,113,14.261997438933292,86,2017
2017_14_SEA_JAX,14,JAX,1.6134315957185743,86,11.113721171801203,61,2017
2017_14_SEA_JAX,14,SEA,-6.685163651489567,79,1.965287809075166,57,2017
2017_14_SF_HOU,14,HOU,-9.88642199347898,85,-9.05601237611857,64,2017
2017_14_SF_HOU,14,SF,4.4771646771819,90,2.829329752518897,62,2017
2017_14_TEN_ARI,14,ARI,-16.100011851405725,79,-11.378597371328219,61,2017
2017_14_TEN_ARI,14,TEN,-22.24141194510708,75,-23.00850684105753,56,2017
2017_14_WAS_LAC,14,LAC,0.32176871832212584,88,-0.6735244928713939,71,2017
2017_14_WAS_LAC,14,WAS,-18.277389885478286,69,-15.59177672577789,50,2017
2017_15_ARI_WAS,15,ARI,-15.885039788729046,101,-22.376980447816386,79,2017
2017_15_ARI_WAS,15,WAS,-14.137969731439469,70,-8.344660677982606,46,2017
2017_15_ATL_TB,15,ATL,12.96644824797273,85,17.3945683500153,67,2017
2017_15_ATL_TB,15,TB,7.001657332600879,75,9.758723380393349,53,2017
2017_15_BAL_CLE,15,BAL,1.5606528804216935,91,2.798275853653891,72,2017
2017_15_BAL_CLE,15,CLE,-21.11208684930117,79,-22.371802647905792,58,2017
2017_15_CHI_DET,15,CHI,-11.473132639772142,86,-3.3785097301787737,63,2017
2017_15_CHI_DET,15,DET,0.1591990146592721,75,-1.3649923624283637,56,2017
2017_15_CIN_MIN,15,CIN,-32.52972611645039,71,-29.727012777351774,51,2017
2017_15_CIN_MIN,15,MIN,-1.7042420650171133,82,-1.1957692595869434,58,2017
2017_15_DAL_OAK,15,DAL,5.136751143350168,77,4.505996738202625,59,2017
2017_15_DAL_OAK,15,LV,-1.416038626134493,84,0.6234426695806121,61,2017
2017_15_DEN_IND,15,DEN,10.42092859570185,93,16.09702404772395,74,2017
2017_15_DEN_IND,15,IND,-4.451167441345442,69,-4.335405296191925,52,2017
2017_15_GB_CAR,15,CAR,10.598076394004552,91,10.635538785236793,67,2017
2017_15_GB_CAR,15,GB,3.6576861517548958,83,3.8166049621052407,66,2017
2017_15_HOU_JAX,15,HOU,-21.319541172429503,84,-14.192409502109513,56,2017
2017_15_HOU_JAX,15,JAX,20.04763310192703,90,15.69257333785265,66,2017
2017_15_LAC_KC,15,KC,11.601871864071436,83,11.003007357350537,63,2017
2017_15_LAC_KC,15,LAC,-7.407066088605304,79,-6.751085358089767,60,2017
2017_15_LA_SEA,15,LA,4.4031664810490225,89,4.208106257444086,68,2017
2017_15_LA_SEA,15,SEA,-38.60381995474692,76,-27.881870239740238,54,2017
2017_15_MIA_BUF,15,BUF,-1.8720784452000232,77,4.574972622503992,60,2017
2017_15_MIA_BUF,15,MIA,-7.178031628325165,93,-4.765332041501117,73,2017
2017_15_NE_PIT,15,NE,16.20327769201076,71,12.482394106876008,55,2017
2017_15_NE_PIT,15,PIT,9.10727149756145,83,12.493329484882693,63,2017
2017_15_NYJ_NO,15,NO,-0.136846470289399,83,0.8612139267701338,63,2017
2017_15_NYJ_NO,15,NYJ,-12.114112125896732,92,-8.410969186367609,69,2017
2017_15_PHI_NYG,15,NYG,2.139984272305708,105,6.870691695295,82,2017
2017_15_PHI_NYG,15,PHI,11.960850928388341,85,9.180548206573466,65,2017
2017_15_TEN_SF,15,SF,13.234407568627454,84,8.59190317857382,67,2017
2017_15_TEN_SF,15,TEN,11.86524983766246,80,6.592412366161534,62,2017
2017_16_ATL_NO,16,ATL,-17.527848949275562,82,-10.736024796878944,60,2017
2017_16_ATL_NO,16,NO,-8.611908812537557,80,-7.148987431912867,57,2017
2017_16_BUF_NE,16,BUF,-8.17051788071641,87,-6.6359248980619086,68,2017
2017_16_BUF_NE,16,NE,13.74359238968677,84,11.788373209362808,66,2017
2017_16_CLE_CHI,16,CHI,-2.2460923561432,80,-0.43774069694336504,59,2017
2017_16_CLE_CHI,16,CLE,-20.936717513541225,72,-18.949785606219155,57,2017
2017_16_DEN_WAS,16,DEN,-19.340568234809208,88,-16.311437098121125,71,2017
2017_16_DEN_WAS,16,WAS,-1.478751508735733,83,-1.7988334312225924,64,2017
2017_16_DET_CIN,16,CIN,1.3742405805107163,102,0.6629917982790885,76,2017
2017_16_DET_CIN,16,DET,-7.820644725316768,80,-3.0048120323000758,59,2017
2017_16_IND_BAL,16,BAL,7.380561309896778,90,7.106492189587829,68,2017
2017_16_IND_BAL,16,IND,1.8361205429979113,76,3.2595443518284544,59,2017
2017_16_JAX_SF,16,JAX,-1.803654509303772,106,-0.1003098020288391,80,2017
2017_16_JAX_SF,16,SF,9.873377865736545,87,16.371875642063642,65,2017
2017_16_LAC_NYJ,16,LAC,-3.0406774276915054,88,2.16379861343445,70,2017
2017_16_LAC_NYJ,16,NYJ,-12.934386087129873,80,-16.525884708564263,61,2017
2017_16_LA_TEN,16,LA,-0.3006469249936843,87,5.956178320124234,65,2017
2017_16_LA_TEN,16,TEN,-7.438355732504376,85,-4.70234786761743,66,2017
2017_16_MIA_KC,16,KC,5.449859004556104,98,8.34122363307947,72,2017
2017_16_MIA_KC,16,MIA,-12.149056671870689,71,-6.821028601206801,53,2017
2017_16_MIN_GB,16,GB,-27.272082975832745,80,-26.075905821402557,65,2017
2017_16_MIN_GB,16,MIN,-5.22054347292525,78,-6.499066360858199,58,2017
2017_16_NYG_ARI,16,ARI,-12.493568277579271,82,-11.409370186331614,63,2017
2017_16_NYG_ARI,16,NYG,-38.212784490315244,86,-31.277456861441255,67,2017
2017_16_OAK_PHI,16,LV,-35.32014435106195,82,-31.25674260898855,62,2017
2017_16_OAK_PHI,16,PHI,-27.93925192745454,84,-23.54661022306602,62,2017
2017_16_PIT_HOU,16,HOU,-19.363177175226156,72,-14.875200789538212,52,2017
2017_16_PIT_HOU,16,PIT,16.383684271563617,73,11.533593813878554,55,2017
2017_16_SEA_DAL,16,DAL,-15.90231453627348,90,-16.745096682695216,68,2017
2017_16_SEA_DAL,16,SEA,-4.700693500937433,74,-6.467780934821349,51,2017
2017_16_TB_CAR,16,CAR,-1.392536199097619,81,-9.149469932205072,58,2017
2017_16_TB_CAR,16,TB,-2.3964594251150753,82,-2.139733249718417,57,2017
2017_17_ARI_SEA,17,ARI,4.507390328887753,91,-6.133198075185744,67,2017
2017_17_ARI_SEA,17,SEA,-1.57982400576133,80,-2.9510510221599824,54,2017
2017_17_BUF_MIA,17,BUF,9.169512619556112,84,6.134568399245902,62,2017
2017_17_BUF_MIA,17,MIA,-2.1249086418531857,85,-2.2726200905703804,68,2017
2017_17_CAR_ATL,17,ATL,-0.8207033854789736,90,-1.447889167168697,70,2017
2017_17_CAR_ATL,17,CAR,-15.956078024254802,81,-17.88983411838752,59,2017
2017_17_CHI_MIN,17,CHI,-19.272307681965525,73,-23.614970178675225,53,2017
2017_17_CHI_MIN,17,MIN,-8.24550570546987,94,-2.8616000960306724,65,2017
2017_17_CIN_BAL,17,BAL,-9.843587458757831,98,-16.736804465673735,74,2017
2017_17_CIN_BAL,17,CIN,-3.5878513891053943,98,-0.45790868167617305,72,2017
2017_17_CLE_PIT,17,CLE,0.6134747396734017,82,0.27898914704220434,63,2017
2017_17_CLE_PIT,17,PIT,2.378838548031441,76,-4.972579331020825,57,2017
2017_17_DAL_PHI,17,DAL,-14.216890067836552,82,-6.483746808421499,63,2017
2017_17_DAL_PHI,17,PHI,-22.333051241148496,71,-21.37092673307052,55,2017
2017_17_GB_DET,17,DET,2.954645854063215,73,5.3665618505937625,54,2017
2017_17_GB_DET,17,GB,-22.873796734100207,84,-21.48371870004378,64,2017
2017_17_HOU_IND,17,HOU,-0.7500020497475455,67,-4.8442248594707085,53,2017
2017_17_HOU_IND,17,IND,5.360666547739565,84,1.7896092180772936,60,2017
2017_17_JAX_TEN,17,JAX,-22.051383620142055,78,-17.536888078400416,60,2017
2017_17_JAX_TEN,17,TEN,-18.247767446111006,83,-22.65195744624845,62,2017
2017_17_KC_DEN,17,DEN,-6.404192267144246,78,-6.995452467725057,65,2017
2017_17_KC_DEN,17,KC,-1.2792641719990936,86,0.17483704504357878,64,2017
2017_17_NO_TB,17,NO,13.901227721960604,75,7.370930413530981,58,2017
2017_17_NO_TB,17,TB,17.911329289317916,98,11.379945942093759,82,2017
2017_17_NYJ_NE,17,NE,5.495250030727911,104,-6.727507042830046,80,2017
2017_17_NYJ_NE,17,NYJ,-12.797154674015474,76,-7.979638740378534,58,2017
2017_17_OAK_LAC,17,LAC,12.693977351710005,84,18.599792475437688,66,2017
2017_17_OAK_LAC,17,LV,-7.0357857206685495,66,-7.58647077151663,53,2017
2017_17_SF_LA,17,LA,-11.649388117205866,87,-13.884312407247663,63,2017
2017_17_SF_LA,17,SF,15.80993550003254,78,10.186356264753538,61,2017
2017_17_WAS_NYG,17,NYG,-19.304279643019697,94,-6.003142400594787,72,2017
2017_17_WAS_NYG,17,WAS,-28.038244629813395,76,-21.48230344921916,56,2017
2018_01_ATL_PHI,1,ATL,-8.999985807007228,87,-14.360798338426852,65,2018
2018_01_ATL_PHI,1,PHI,-4.827209662965548,88,-5.225557980435062,64,2018
2018_01_BUF_BAL,1,BAL,8.003807387492143,98,3.4199190244012367,75,2018
2018_01_BUF_BAL,1,BUF,-40.83177628021804,88,-39.74700972701783,61,2018
2018_01_CHI_GB,1,CHI,-1.3681083128311249,86,-2.501018461760938,66,2018
2018_01_CHI_GB,1,GB,-4.1349844850612865,78,-1.3831910365405644,59,2018
2018_01_CIN_IND,1,CIN,6.097660109658099,72,0.8775318586193066,50,2018
2018_01_CIN_IND,1,IND,-8.694836298107948,98,-7.096741345471652,77,2018
2018_01_DAL_CAR,1,CAR,-7.75617491840902,84,-2.0039192080001813,58,2018
2018_01_DAL_CAR,1,DAL,-16.044277941793435,77,-7.703186446883484,57,2018
2018_01_HOU_NE,1,HOU,-7.017012856433965,93,-11.89772903438854,70,2018
2018_01_HOU_NE,1,NE,-0.9756348367502512,94,-0.8318363121765797,72,2018
2018_01_JAX_NYG,1,JAX,-7.184497403161492,84,-2.733171773261874,60,2018
2018_01_JAX_NYG,1,NYG,-14.446782084370962,86,-14.917507461197859,63,2018
2018_01_KC_LAC,1,KC,21.490328817034364,76,11.501698064089108,55,2018
2018_01_KC_LAC,1,LAC,7.906677843028214,97,18.831868077118777,77,2018
2018_01_LA_OAK,1,LA,10.08223208708092,79,8.091009748790112,59,2018
2018_01_LA_OAK,1,LV,-12.640558429425631,92,-12.616399696695469,64,2018
2018_01_NYJ_DET,1,DET,-43.418598652987974,90,-27.182147960159973,66,2018
2018_01_NYJ_DET,1,NYJ,-1.646485890686514,78,6.519738442599888,54,2018
2018_01_PIT_CLE,1,CLE,-22.017987746554574,114,-13.581551570969168,84,2018
2018_01_PIT_CLE,1,PIT,-18.75938231094755,102,-11.828832509677763,79,2018
2018_01_SEA_DEN,1,DEN,-2.604238307029156,93,-7.867292310351123,72,2018
2018_01_SEA_DEN,1,SEA,-3.7115614823253433,79,-3.809938395259369,55,2018
2018_01_SF_MIN,1,MIN,-13.767433945491096,92,-13.786474710952389,71,2018
2018_01_SF_MIN,1,SF,-18.398793516969658,80,-22.140070512226764,61,2018
2018_01_TB_NO,1,NO,11.285464419902185,83,11.825002324516579,61,2018
2018_01_TB_NO,1,TB,25.256327494525117,85,25.84059906620563,58,2018
2018_01_TEN_MIA,1,MIA,-2.503204909719208,82,-0.6692881574127192,56,2018
2018_01_TEN_MIA,1,TEN,-9.592476673685113,88,-19.45817687539177,67,2018
2018_01_WAS_ARI,1,ARI,-10.982109659249428,64,-12.141787083368282,51,2018
2018_01_WAS_ARI,1,WAS,10.749669505214314,95,12.512707076828171,74,2018
2018_02_ARI_LA,2,ARI,-25.00505599664757,61,-16.746893243282102,43,2018
2018_02_ARI_LA,2,LA,11.833733594104134,82,13.658527333147596,70,2018
2018_02_BAL_CIN,2,BAL,-4.438633618918811,101,-11.1596560142725,80,2018
2018_02_BAL_CIN,2,CIN,8.299840665271983,98,5.188725164433135,70,2018
2018_02_CAR_ATL,2,ATL,14.528501149873554,77,12.98554787996552,60,2018
2018_02_CAR_ATL,2,CAR,9.126325706649567,87,8.326087504797046,65,2018
2018_02_CLE_NO,2,CLE,-10.801356701642042,78,-5.80151303246258,60,2018
2018_02_CLE_NO,2,NO,-10.0438580178431,79,-9.961514769289897,61,2018
2018_02_DET_SF,2,DET,8.4538441553757,95,5.931915371153915,73,2018
2018_02_DET_SF,2,SF,13.039522009568609,83,8.889387846695179,59,2018
2018_02_HOU_TEN,2,HOU,1.8379174349549179,84,6.598966217710595,61,2018
2018_02_HOU_TEN,2,TEN,3.810101342243045,75,1.9547751507919116,57,2018
2018_02_IND_WAS,2,IND,2.4692798789635697,76,1.5959654457401484,58,2018
2018_02_IND_WAS,2,WAS,-11.276345686172135,91,-9.801247391418393,69,2018
2018_02_KC_PIT,2,KC,25.788552635672673,78,26.551656348630786,52,2018
2018_02_KC_PIT,2,PIT,12.007723535864418,104,16.17542397828391,75,2018
2018_02_LAC_BUF,2,BUF,-5.993129292531037,83,-4.765887545116815,59,2018
2018_02_LAC_BUF,2,LAC,7.300556297299723,75,14.135262953290598,54,2018
2018_02_MIA_NYJ,2,MIA,-6.69893238802455,73,-7.332556840905454,55,2018
2018_02_MIA_NYJ,2,NYJ,-15.127024136323065,82,-17.88896272375647,63,2018
2018_02_MIN_GB,2,GB,1.9367071452444842,99,0.6188920823316328,69,2018
2018_02_MIN_GB,2,MIN,-0.7624485654215407,93,13.43398464353187,69,2018
2018_02_NE_JAX,2,JAX,7.378868801579616,85,14.030715534563608,68,2018
2018_02_NE_JAX,2,NE,-2.8134828054742935,79,0.8061114561152465,60,2018
2018_02_NYG_DAL,2,DAL,-0.6287675986991603,66,5.397215227952158,48,2018
2018_02_NYG_DAL,2,NYG,-8.3601311613104,86,-6.89345008108389,67,2018
2018_02_OAK_DEN,2,DEN,4.097944765905752,79,5.9363516896123425,64,2018
2018_02_OAK_DEN,2,LV,5.020843611216308,81,5.581818383176206,60,2018
2018_02_PHI_TB,2,PHI,-1.951424819284731,95,-0.177891296143736,74,2018
2018_02_PHI_TB,2,TB,3.891346433667737,75,5.927365147159435,57,2018
2018_02_SEA_CHI,2,CHI,-6.645253319371432,82,-5.304917568962878,62,2018
2018_02_SEA_CHI,2,SEA,-14.601528847443504,82,-12.457539656519657,61,2018
2018_03_BUF_MIN,3,BUF,-0.2846214582036488,84,0.43452106297684345,63,2018
2018_03_BUF_MIN,3,MIN,-29.26521251194924,79,-24.64090345091233,66,2018
2018_03_CHI_ARI,3,ARI,-13.159262881369177,65,-10.98062351992121,48,2018
2018_03_CHI_ARI,3,CHI,-7.503192172234103,88,-3.9706810261447947,69,2018
2018_03_CIN_CAR,3,CAR,9.257896852623476,82,8.12866362100933,65,2018
2018_03_CIN_CAR,3,CIN,0.5075522790009557,78,4.785646114356055,60,2018
2018_03_DAL_SEA,3,DAL,-6.998646356936128,77,-13.619865035618982,58,2018
2018_03_DAL_SEA,3,SEA,2.8146040749431984,88,1.0105618113837451,66,2018
2018_03_DEN_BAL,3,BAL,2.1066516750886506,91,4.203637525929836,66,2018
2018_03_DEN_BAL,3,DEN,-10.268495263501634,83,-5.242879529017955,61,2018
2018_03_GB_WAS,3,GB,-6.449223210248262,86,-6.361789902613076,66,2018
2018_03_GB_WAS,3,WAS,7.291033774209014,78,7.034603319716174,53,2018
2018_03_IND_PHI,3,IND,-7.672317129457419,77,-10.42159325246147,56,2018
2018_03_IND_PHI,3,PHI,-5.988650126410747,100,-6.802762716332964,77,2018
2018_03_LAC_LA,3,LA,15.466179404919725,90,19.625353537572,70,2018
2018_03_LAC_LA,3,LAC,3.159331149728822,67,6.741547043640914,52,2018
2018_03_NE_DET,3,DET,4.064090736679965,87,4.153608918492972,69,2018
2018_03_NE_DET,3,NE,-14.975190088441945,62,-12.563423794474744,47,2018
2018_03_NO_ATL,3,ATL,12.082292604860847,87,14.617548377980945,61,2018
2018_03_NO_ATL,3,NO,21.010907993501824,101,23.660008572483658,76,2018
2018_03_NYG_HOU,3,HOU,1.6627443860260134,86,4.803986930856676,61,2018
2018_03_NYG_HOU,3,NYG,9.950094720803662,78,12.299218829585492,59,2018
2018_03_NYJ_CLE,3,CLE,-6.781173382215716,92,-4.067754638532833,73,2018
2018_03_NYJ_CLE,3,NYJ,-8.905441732668649,83,-8.902846017042055,63,2018
2018_03_OAK_MIA,3,LV,4.2907820101547,93,5.253298980871312,72,2018
2018_03_OAK_MIA,3,MIA,11.270082123637936,62,12.882185681606643,38,2018
2018_03_PIT_TB,3,PIT,-0.15362335653995096,86,9.086285693780134,60,2018
2018_03_PIT_TB,3,TB,-4.882173059113703,91,-0.403992576989638,68,2018
2018_03_SF_KC,3,KC,26.471491806371823,92,20.67508347701019,66,2018
2018_03_SF_KC,3,SF,14.248578874351825,85,15.698466346492353,64,2018
2018_03_TEN_JAX,3,JAX,-12.77592203358654,73,-9.011360797503968,56,2018
2018_03_TEN_JAX,3,TEN,-9.824917952646501,80,-7.816374374178217,59,2018
2018_04_BAL_PIT,4,BAL,4.7623938530170316,94,7.232962848095271,72,2018
2018_04_BAL_PIT,4,PIT,-11.894186201810836,78,-12.900947030984355,59,2018
2018_04_BUF_GB,4,BUF,-27.98534926737193,73,-23.985499687260017,56,2018
2018_04_BUF_GB,4,GB,-2.2773920877651355,88,-1.8355051786690637,74,2018
2018_04_CIN_ATL,4,ATL,14.46121903023263,89,15.655547890468952,67,2018
2018_04_CIN_ATL,4,CIN,16.217359875688167,89,17.647699932130088,68,2018
2018_04_CLE_OAK,4,CLE,-5.958389353347369,102,0.6061526829885029,76,2018
2018_04_CLE_OAK,4,LV,-7.536462241097548,121,-0.18412320319412423,89,2018
2018_04_DET_DAL,4,DAL,13.906942072394923,83,13.44856415253729,64,2018
2018_04_DET_DAL,4,DET,12.716916142777535,71,16.07936024228029,53,2018
2018_04_HOU_IND,4,HOU,4.129452465097492,108,6.729018685060232,82,2018
2018_04_HOU_IND,4,IND,-3.0430886233391576,115,-1.9224770814218521,85,2018
2018_04_KC_DEN,4,DEN,4.616453792755395,75,2.3609896433700417,59,2018
2018_04_KC_DEN,4,KC,12.411722220321971,95,17.811729193610244,71,2018
2018_04_MIA_NE,4,MIA,-20.600292284783258,66,-18.47309989799396,45,2018
2018_04_MIA_NE,4,NE,14.009180458541715,93,10.645683499962898,72,2018
2018_04_MIN_LA,4,LA,19.689334305951824,72,25.97449153968275,54,2018
2018_04_MIN_LA,4,MIN,13.990500616274677,92,13.902729463077574,72,2018
2018_04_NO_NYG,4,NO,15.165105949987046,86,14.97386595731028,64,2018
2018_04_NO_NYG,4,NYG,-4.806752125004356,77,-0.8033842422301944,59,2018
2018_04_NYJ_JAX,4,JAX,0.8810281308990852,93,2.5822846402595925,75,2018
2018_04_NYJ_JAX,4,NYJ,-15.207205923346802,74,-12.106040317530947,52,2018
2018_04_PHI_TEN,4,PHI,3.6544532950803594,97,2.4766568901335946,76,2018
2018_04_PHI_TEN,4,TEN,8.521261411923817,88,5.578922539929354,67,2018
2018_04_SEA_ARI,4,ARI,-12.377496889023423,77,-6.540290865441755,56,2018
2018_04_SEA_ARI,4,SEA,-7.429781658853718,83,1.7712600897858115,61,2018
2018_04_SF_LAC,4,LAC,-10.138121891168975,84,-0.22457977158416398,65,2018
2018_04_SF_LAC,4,SF,-8.076361992205639,79,-4.108151169287153,59,2018
2018_04_TB_CHI,4,CHI,34.19322331334435,78,25.836577355502744,56,2018
2018_04_TB_CHI,4,TB,-7.58210067231213,81,-7.381931254820242,60,2018
2018_05_ARI_SF,5,ARI,-7.166930553966862,68,-6.187947798578534,45,2018
2018_05_ARI_SF,5,SF,-20.19625791690452,115,-16.357235136291294,95,2018
2018_05_ATL_PIT,5,ATL,-9.70443631979181,90,-5.221356000731286,70,2018
2018_05_ATL_PIT,5,PIT,15.973658891194209,75,15.514005592558533,57,2018
2018_05_BAL_CLE,5,BAL,-14.514459802419879,102,-14.768237001447455,84,2018
2018_05_BAL_CLE,5,CLE,-14.688749713895426,102,-6.739325202444736,75,2018
2018_05_DAL_HOU,5,DAL,-12.383260659954667,79,-8.790871400770776,59,2018
2018_05_DAL_HOU,5,HOU,-9.84654826585871,97,-10.173749711849792,76,2018
2018_05_DEN_NYJ,5,DEN,-10.362413276189987,95,-3.0939109786085606,73,2018
2018_05_DEN_NYJ,5,NYJ,8.837657099882875,78,9.731056012944261,60,2018
2018_05_GB_DET,5,DET,5.07610168413585,84,3.814235324893823,56,2018
2018_05_GB_DET,5,GB,-1.9159282327723925,93,14.801308779476894,77,2018
2018_05_IND_NE,5,IND,-3.4848720474531016,101,-0.7612038782675814,81,2018
2018_05_IND_NE,5,NE,10.42416538884839,87,13.547495404473128,65,2018
2018_05_JAX_KC,5,JAX,-13.371091033767541,96,-12.795294546347577,83,2018
2018_05_JAX_KC,5,KC,4.692606403392128,88,5.426422992301889,67,2018
2018_05_LA_SEA,5,LA,19.115015986435854,83,13.093216868157274,61,2018
2018_05_LA_SEA,5,SEA,13.134722872813969,79,13.437995530099933,55,2018
2018_05_MIA_CIN,5,CIN,-7.880122084038012,79,-3.879320041681621,57,2018
2018_05_MIA_CIN,5,MIA,-18.868319668602297,79,-12.575426048083902,59,2018
2018_05_MIN_PHI,5,MIN,-1.6673989249673715,78,4.079726117489241,59,2018
2018_05_MIN_PHI,5,PHI,-6.774891618085608,78,-4.487203536348417,55,2018
2018_05_NYG_CAR,5,CAR,10.196579924684336,95,-7.489180248789075,65,2018
2018_05_NYG_CAR,5,NYG,6.9953633838606954,72,4.509365112942514,55,2018
2018_05_OAK_LAC,5,LAC,12.263520594062138,79,17.29763577750006,56,2018
2018_05_OAK_LAC,5,LV,-5.456000020392288,70,-4.394941838264453,47,2018
2018_05_TEN_BUF,5,BUF,-11.813944951761563,82,-10.82601031685637,64,2018
2018_05_TEN_BUF,5,TEN,-10.240101295989007,66,-14.269344333400072,53,2018
2018_05_WAS_NO,5,NO,17.695286505036172,79,21.909562840964718,60,2018
2018_05_WAS_NO,5,WAS,-8.865682587796705,76,-9.290127434840405,61,2018
2018_06_ARI_MIN,6,ARI,-23.87041896147607,76,-22.435627150170397,55,2018
2018_06_ARI_MIN,6,MIN,-14.882740005786648,90,-9.455271913643855,68,2018
2018_06_BAL_TEN,6,BAL,7.511843410744186,88,12.355323956813663,71,2018
2018_06_BAL_TEN,6,TEN,-18.433796157478355,60,-14.540897529688664,40,2018
2018_06_BUF_HOU,6,BUF,-22.52514133005139,81,-15.13574626869259,58,2018
2018_06_BUF_HOU,6,HOU,-16.25648042977493,77,-22.625747307114352,56,2018
2018_06_CAR_WAS,6,CAR,-0.5250513576604914,74,3.7675693885998864,59,2018
2018_06_CAR_WAS,6,WAS,7.2322973530692005,86,-2.424002909313311,66,2018
2018_06_CHI_MIA,6,CHI,5.592321600243254,85,6.697657883434349,63,2018
2018_06_CHI_MIA,6,MIA,6.1593781353597485,96,5.929512549358488,75,2018
2018_06_IND_NYJ,6,IND,-6.935850633888235,92,-5.746984263351273,66,2018
2018_06_IND_NYJ,6,NYJ,1.9309554168883176,90,1.3735368429093269,64,2018
2018_06_JAX_DAL,6,DAL,13.418445142592608,90,7.087422711085002,72,2018
2018_06_JAX_DAL,6,JAX,-25.825620233104253,65,-21.464592228876427,47,2018
2018_06_KC_NE,6,KC,19.59109413280598,73,11.725385211216512,53,2018
2018_06_KC_NE,6,NE,19.142638704567023,99,10.072933233979356,74,2018
2018_06_LAC_CLE,6,CLE,-22.637280588692985,91,-24.257126491739772,73,2018
2018_06_LAC_CLE,6,LAC,8.169081759045122,78,14.070267817535017,56,2018
2018_06_LA_DEN,6,DEN,0.25919975983667687,82,-0.421699915929139,59,2018
2018_06_LA_DEN,6,LA,7.547668368818607,92,12.385972302886483,70,2018
2018_06_PHI_NYG,6,NYG,-13.155108953025241,83,-9.713832412371264,64,2018
2018_06_PHI_NYG,6,PHI,13.614898156202203,90,15.780930762749328,68,2018
2018_06_PIT_CIN,6,CIN,8.681743664304813,77,4.5511543143366,58,2018
2018_06_PIT_CIN,6,PIT,18.945384086270952,88,21.646341051955968,67,2018
2018_06_SEA_OAK,6,LV,-18.609632218489423,71,-15.400038959927784,56,2018
2018_06_SEA_OAK,6,SEA,8.579518345724646,77,14.478739234645019,59,2018
2018_06_SF_GB,6,GB,9.16487857735934,92,8.41707304105865,69,2018
2018_06_SF_GB,6,SF,8.914814617850205,74,11.64901735736801,55,2018
2018_06_TB_ATL,6,ATL,16.327537324944352,86,14.78608553447993,64,2018
2018_06_TB_ATL,6,TB,12.488338572762903,81,14.889581755321668,63,2018
2018_07_BUF_IND,7,BUF,-26.979869720555143,70,-27.184346119895867,55,2018
2018_07_BUF_IND,7,IND,9.899338008176606,80,15.550382390587966,57,2018
2018_07_CAR_PHI,7,CAR,10.345970379553638,73,14.64373132579215,58,2018
2018_07_CAR_PHI,7,PHI,5.438746220637015,81,6.60490216953999,65,2018
2018_07_CIN_KC,7,CIN,-14.161602125313415,78,-16.248922353950476,54,2018
2018_07_CIN_KC,7,KC,23.35855539216165,84,26.695273866226252,70,2018
2018_07_CLE_TB,7,CLE,-8.577766856162489,89,-8.128363715775777,62,2018
2018_07_CLE_TB,7,TB,-5.622038682208077,114,-9.55035777360448,87,2018
2018_07_DAL_WAS,7,DAL,-9.703508264063956,82,-3.4388765241067674,61,2018
2018_07_DAL_WAS,7,WAS,-6.681399221734707,80,-3.4013919057404816,58,2018
2018_07_DEN_ARI,7,ARI,-47.031664674717156,85,-42.524969865873956,66,2018
2018_07_DEN_ARI,7,DEN,-4.774222256229734,76,2.5777346822141505,52,2018
2018_07_DET_MIA,7,DET,24.62130624977117,76,20.890604492761177,57,2018
2018_07_DET_MIA,7,MIA,7.532208424601557,74,8.360502904284374,54,2018
2018_07_HOU_JAX,7,HOU,-5.852737853739042,82,-0.22794816012410823,60,2018
2018_07_HOU_JAX,7,JAX,-20.183754185320687,82,-17.80131245852681,68,2018
2018_07_LA_SF,7,LA,8.584155577295265,81,8.326979033223711,58,2018
2018_07_LA_SF,7,SF,-28.513225464455367,74,-28.16430968078288,58,2018
2018_07_MIN_NYJ,7,MIN,-3.0708981266340323,92,-0.4168455030111726,64,2018
2018_07_MIN_NYJ,7,NYJ,-29.600237961304472,91,-32.1812906879444,69,2018
2018_07_NE_CHI,7,CHI,-3.688294059245576,103,-0.16094553223993113,76,2018
2018_07_NE_CHI,7,NE,8.267493845184555,81,8.614437299888296,64,2018
2018_07_NO_BAL,7,BAL,12.104193135471869,80,8.473714564959636,64,2018
2018_07_NO_BAL,7,NO,15.294250057793542,88,11.2908693895022,69,2018
2018_07_NYG_ATL,7,ATL,11.23504780193387,83,8.938263925114073,61,2018
2018_07_NYG_ATL,7,NYG,7.33470302782394,78,8.823567912353354,64,2018
2018_07_TEN_LAC,7,LAC,12.441929398309341,58,13.546283381357169,43,2018
2018_07_TEN_LAC,7,TEN,10.377531667793587,84,10.68722642295592,68,2018
2018_08_BAL_CAR,8,BAL,-1.0383794609644985,86,2.1850852341158316,64,2018
2018_08_BAL_CAR,8,CAR,14.82558308227625,81,13.813037159357497,62,2018
2018_08_CLE_PIT,8,CLE,-12.895094097591286,80,-8.442382853526528,60,2018
2018_08_CLE_PIT,8,PIT,0.433662901663725,89,8.259041346981162,67,2018
2018_08_DEN_KC,8,DEN,-1.276987854259187,90,3.5230896082163228,70,2018
2018_08_DEN_KC,8,KC,6.400165424451503,77,8.118272747495212,54,2018
2018_08_GB_LA,8,GB,3.99285181715255,69,7.603204336747984,52,2018
2018_08_GB_LA,8,LA,2.4261432250649175,99,8.00049369470938,76,2018
2018_08_IND_OAK,8,IND,27.233701051957244,92,31.08472713991143,70,2018
2018_08_IND_OAK,8,LV,9.801098689148008,68,9.929295408190228,46,2018
2018_08_MIA_HOU,8,HOU,17.003093164509153,80,17.25133359618485,54,2018
2018_08_MIA_HOU,8,MIA,-1.1303084205597047,86,-5.89068726999347,65,2018
2018_08_NE_BUF,8,BUF,-24.050139887374826,84,-22.819016662119175,62,2018
2018_08_NE_BUF,8,NE,-1.135286740928937,92,5.310016305688568,70,2018
2018_08_NO_MIN,8,MIN,-10.441053169307882,86,-9.413495362736285,66,2018
2018_08_NO_MIN,8,NO,5.104556412590835,68,0.2954406089216879,53,2018
2018_08_NYJ_CHI,8,CHI,6.9119999443808045,82,10.90992804497176,65,2018
2018_08_NYJ_CHI,8,NYJ,-8.173427368702882,75,-4.138451043156571,54,2018
2018_08_PHI_JAX,8,JAX,1.942384139853064,78,-4.3468975284905635,63,2018
2018_08_PHI_JAX,8,PHI,7.304619711665291,76,11.129732289710848,59,2018
2018_08_SEA_DET,8,DET,-4.9521972483450085,70,-1.2192105604335666,56,2018
2018_08_SEA_DET,8,SEA,13.30723850744171,77,14.522336675436236,61,2018
2018_08_SF_ARI,8,ARI,-8.001056736256153,82,-6.516095413258765,65,2018
2018_08_SF_ARI,8,SF,-10.518120287300244,84,-9.448613353345136,63,2018
2018_08_TB_CIN,8,CIN,6.5732453755508065,89,5.377956893964438,61,2018
2018_08_TB_CIN,8,TB,5.612408540911827,104,8.501433197138496,84,2018
2018_08_WAS_NYG,8,NYG,-8.556285342099194,89,-12.042778271997015,67,2018
2018_08_WAS_NYG,8,WAS,2.709383881586712,88,0.8291995924299211,64,2018
2018_09_ATL_WAS,9,ATL,28.36621764004206,82,24.556194596433034,64,2018
2018_09_ATL_WAS,9,WAS,-0.5964081980335569,86,-0.44013523147441447,64,2018
2018_09_CHI_BUF,9,BUF,-39.044320478351324,109,-29.464758488628046,82,2018
2018_09_CHI_BUF,9,CHI,-1.857114923605939,72,-6.082137662389313,43,2018
2018_09_DET_MIN,9,DET,-17.24783487521927,86,-15.653142434811295,69,2018
2018_09_DET_MIN,9,MIN,-3.1006085401690804,64,-4.997234954075337,46,2018
2018_09_GB_NE,9,GB,4.003573848837888,91,2.059250187818563,69,2018
2018_09_GB_NE,9,NE,18.307411624528275,85,11.304852035972356,65,2018
2018_09_HOU_DEN,9,DEN,-3.729442961774864,84,-1.0498061924950566,64,2018
2018_09_HOU_DEN,9,HOU,0.012724314788258972,79,1.4853745768492579,61,2018
2018_09_KC_CLE,9,CLE,4.255384432632476,88,3.795532473913278,73,2018
2018_09_KC_CLE,9,KC,25.36683733934745,79,29.392190718849434,57,2018
2018_09_LAC_SEA,9,LAC,4.1077433379849815,68,10.044564477911063,51,2018
2018_09_LAC_SEA,9,SEA,-7.502741411239938,101,-5.605618436515259,73,2018
2018_09_LA_NO,9,LA,11.869168048890657,77,11.687604222870839,60,2018
2018_09_LA_NO,9,NO,20.075675211102002,88,20.083622130262484,68,2018
2018_09_NYJ_MIA,9,MIA,-16.502424221616288,74,-16.30465053248146,53,2018
2018_09_NYJ_MIA,9,NYJ,-23.752878665167373,82,-22.068806178618285,64,2018
2018_09_OAK_SF,9,LV,-15.260855858941795,74,-7.4290950203145485,54,2018
2018_09_OAK_SF,9,SF,18.540168948415474,69,15.932081884281287,51,2018
2018_09_PIT_BAL,9,BAL,3.337242458641946,79,-3.233461128124632,56,2018
2018_09_PIT_BAL,9,PIT,13.253706924749858,93,16.894543306041975,76,2018
2018_09_TB_CAR,9,CAR,14.463247154813434,80,15.31073445462971,55,2018
2018_09_TB_CAR,9,TB,0.3710181682857594,89,-1.7742954469285905,65,2018
2018_09_TEN_DAL,9,DAL,-13.952365718304026,72,-6.585087948097044,56,2018
2018_09_TEN_DAL,9,TEN,4.510010678171019,82,7.686342218895025,67,2018
2018_10_ARI_KC,10,ARI,-5.6973680590734395,87,-9.836040080612293,68,2018
2018_10_ARI_KC,10,KC,6.693449555591815,74,6.767394861302319,56,2018
2018_10_ATL_CLE,10,ATL,1.0488734862016953,88,0.10348034817625607,73,2018
2018_10_ATL_CLE,10,CLE,13.537180458372264,68,17.317192520480603,48,2018
2018_10_BUF_NYJ,10,BUF,17.275236234813686,88,20.51510459498789,71,2018
2018_10_BUF_NYJ,10,NYJ,-21.924679529925392,75,-21.651522617487288,55,2018
2018_10_CAR_PIT,10,CAR,-6.94463095975356,77,-1.6011785268201493,56,2018
2018_10_CAR_PIT,10,PIT,27.139086400817273,74,26.021826695072626,57,2018
2018_10_DAL_PHI,10,DAL,8.449169872519414,88,15.947173019328865,68,2018
2018_10_DAL_PHI,10,PHI,0.1141650523942852,74,-3.381562052504,61,2018
2018_10_DET_CHI,10,CHI,3.062069246707754,73,15.893216132572888,54,2018
2018_10_DET_CHI,10,DET,-9.03316815743088,92,-11.032770384568074,74,2018
2018_10_JAX_IND,10,IND,11.052577090919247,73,14.359335168780275,50,2018
2018_10_JAX_IND,10,JAX,9.453256483004424,93,10.372928493681442,73,2018
2018_10_LAC_OAK,10,LAC,7.25351399366734,69,5.778407459414033,53,2018
2018_10_LAC_OAK,10,LV,-9.301641866157297,77,-10.004511018872073,62,2018
2018_10_MIA_GB,10,GB,7.1543022603167135,73,13.736437496655908,52,2018
2018_10_MIA_GB,10,MIA,-10.637279459275305,83,-14.623797940407421,66,2018
2018_10_NE_TEN,10,NE,-14.25963911648379,85,-9.692052994311254,64,2018
2018_10_NE_TEN,10,TEN,12.556012370567574,81,11.565237899334548,63,2018
2018_10_NO_CIN,10,CIN,-8.951560472224472,61,-6.924630514229648,42,2018
2018_10_NO_CIN,10,NO,36.0208829017097,91,36.82222162306829,71,2018
2018_10_NYG_SF,10,NYG,4.841538848080527,76,1.3659984755252248,55,2018
2018_10_NYG_SF,10,SF,-0.6322227637563875,91,-0.9238505992387842,66,2018
2018_10_SEA_LA,10,LA,21.001046681545528,85,21.000449648675293,63,2018
2018_10_SEA_LA,10,SEA,15.263378717065594,86,15.07241540017461,63,2018
2018_10_WAS_TB,10,TB,-14.045900843513664,81,-7.737791548155473,67,2018
2018_10_WAS_TB,10,WAS,3.739519007082514,72,4.488623903580095,55,2018
2018_11_CAR_DET,11,CAR,1.547239893978694,72,10.156727514880679,58,2018
2018_11_CAR_DET,11,DET,1.47769970616023,82,1.2938734320622243,62,2018
2018_11_CIN_BAL,11,BAL,-5.504959332959776,93,2.9968550525617585,73,2018
2018_11_CIN_BAL,11,CIN,-6.713439555647929,73,0.3407966428504583,54,2018
2018_11_DAL_ATL,11,ATL,1.4808389753804838,69,0.4903633412795134,55,2018
2018_11_DAL_ATL,11,DAL,6.298303640925478,80,6.30499397180952,63,2018
2018_11_DEN_LAC,11,DEN,5.159565261348053,75,5.138545977577567,52,2018
2018_11_DEN_LAC,11,LAC,4.133022809722363,92,8.831055622670359,72,2018
2018_11_GB_SEA,11,GB,4.282452533678006,66,8.766864287472385,48,2018
2018_11_GB_SEA,11,SEA,5.1216968367387015,91,1.580459841303183,66,2018
2018_11_HOU_WAS,11,HOU,-9.427504065685332,76,-7.823697062595093,57,2018
2018_11_HOU_WAS,11,WAS,-15.337381520525234,95,-14.502355662796175,71,2018
2018_11_KC_LA,11,KC,7.864000405727079,94,6.733927361455596,69,2018
2018_11_KC_LA,11,LA,10.956530269311864,107,7.9188035308423395,73,2018
2018_11_MIN_CHI,11,CHI,-0.895862258068286,86,-0.307862574508847,70,2018
2018_11_MIN_CHI,11,MIN,-6.410497680917382,79,-11.485328614964184,64,2018
2018_11_OAK_ARI,11,ARI,-13.73814753123932,74,-11.50153087201761,52,2018
2018_11_OAK_ARI,11,LV,-8.149718069517366,89,-0.8666059651929303,66,2018
2018_11_PHI_NO,11,NO,28.929877076654684,87,27.920214680742937,68,2018
2018_11_PHI_NO,11,PHI,-19.244638267844334,66,-18.91296048631193,48,2018
2018_11_PIT_JAX,11,JAX,-12.520970740427778,89,-8.794493049462734,67,2018
2018_11_PIT_JAX,11,PIT,-11.888426384581816,80,-5.998582115556811,59,2018
2018_11_TB_NYG,11,NYG,17.804334597941246,73,15.085350952916667,52,2018
2018_11_TB_NYG,11,TB,13.817062488337735,87,13.98910936730681,68,2018
2018_11_TEN_IND,11,IND,20.521660737694855,75,19.712855506771994,57,2018
2018_11_TEN_IND,11,TEN,-12.953166848420787,80,-11.040446598403669,59,2018
2018_12_ARI_LAC,12,ARI,-18.372168257671923,64,-14.140527491931833,44,2018
2018_12_ARI_LAC,12,LAC,18.563321838653355,82,22.6489809871809,64,2018
2018_12_ATL_NO,12,ATL,-10.14135039969883,81,-11.51265920411123,69,2018
2018_12_ATL_NO,12,NO,5.953435656506102,72,7.405079976594347,51,2018
2018_12_CHI_DET,12,CHI,-7.403844147290803,73,-4.7815940597752284,57,2018
2018_12_CHI_DET,12,DET,-16.052375237586325,80,-10.609464176204641,65,2018
2018_12_CLE_CIN,12,CIN,-5.676806081303076,92,-1.8140421855883222,67,2018
2018_12_CLE_CIN,12,CLE,14.25403046123659,79,16.981080557394307,59,2018
2018_12_GB_MIN,12,GB,-9.123237059680513,71,-7.496967662544234,51,2018
2018_12_GB_MIN,12,MIN,-2.139361211965909,87,2.7716095128883222,66,2018
2018_12_JAX_BUF,12,BUF,1.650747781948712,78,5.246064292064741,52,2018
2018_12_JAX_BUF,12,JAX,-0.9969723572560185,93,-0.6662240442625951,65,2018
2018_12_MIA_IND,12,IND,1.2307032742197799,86,7.38248835083591,65,2018
2018_12_MIA_IND,12,MIA,0.3223172766049349,74,2.972179249240912,50,2018
2018_12_NE_NYJ,12,NE,18.50019431837587,87,24.487042174506815,66,2018
2018_12_NE_NYJ,12,NYJ,-0.7430785860773663,82,-2.2469706599381807,61,2018
2018_12_NYG_PHI,12,NYG,10.786104818457456,81,10.332955998457704,58,2018
2018_12_NYG_PHI,12,PHI,10.011592229450121,80,8.801290901549633,61,2018
2018_12_OAK_BAL,12,BAL,6.045520299000005,87,9.764002284673905,67,2018
2018_12_OAK_BAL,12,LV,-11.744404920812329,76,-5.441331921440218,54,2018
2018_12_PIT_DEN,12,DEN,4.679346598177071,73,5.110465503187708,50,2018
2018_12_PIT_DEN,12,PIT,-1.900789225851284,93,3.4911337051379547,76,2018
2018_12_SEA_CAR,12,CAR,11.613985266843663,72,11.510084793057077,57,2018
2018_12_SEA_CAR,12,SEA,17.41023396742981,80,16.655498314948808,58,2018
2018_12_SF_TB,12,SF,-4.811879325788517,81,-5.36486350663472,59,2018
2018_12_SF_TB,12,TB,12.341276531240291,90,10.063970027869479,68,2018
2018_12_TEN_HOU,12,HOU,15.232276300691373,82,15.259716971263764,60,2018
2018_12_TEN_HOU,12,TEN,-2.2953777156531214,74,1.3598907576180999,52,2018
2018_12_WAS_DAL,12,DAL,2.9957395385381087,89,6.496812439379214,67,2018
2018_12_WAS_DAL,12,WAS,-4.8872766946549575,81,-4.63048340651156,60,2018
2018_13_ARI_GB,13,ARI,3.647260285071,80,4.119919808405243,56,2018
2018_13_ARI_GB,13,GB,-2.7187695338205478,96,0.37277787613692315,74,2018
2018_13_BAL_ATL,13,ATL,-16.677135566112277,70,-22.356630742211998,45,2018
2018_13_BAL_ATL,13,BAL,-2.491879513067506,96,-7.54249847015485,75,2018
2018_13_BUF_MIA,13,BUF,-0.23162385876574731,89,4.0185496474514455,67,2018
2018_13_BUF_MIA,13,MIA,0.8334403768692566,71,-5.5226915151579306,48,2018
2018_13_CAR_TB,13,CAR,-3.9534583992779773,82,-2.790518563098537,64,2018
2018_13_CAR_TB,13,TB,0.883284278288337,81,-0.8914766710955409,59,2018
2018_13_CHI_NYG,13,CHI,-9.454800131285038,105,-9.46004263917109,77,2018
2018_13_CHI_NYG,13,NYG,-8.37610858793618,92,-6.202637259961341,68,2018
2018_13_CLE_HOU,13,CLE,-9.725790413599618,69,-10.380414875646121,51,2018
2018_13_CLE_HOU,13,HOU,9.44708160329672,92,5.629383938444032,73,2018
2018_13_DEN_CIN,13,CIN,-12.17154025637084,88,-11.562229229038955,64,2018
2018_13_DEN_CIN,13,DEN,6.421430677798135,77,3.2216810483972322,56,2018
2018_13_IND_JAX,13,IND,-23.205393004289363,87,-21.529932038800325,71,2018
2018_13_IND_JAX,13,JAX,-15.843689144181553,70,-15.404439099203222,54,2018
2018_13_KC_OAK,13,KC,17.825026377907246,90,18.65543580806635,65,2018
2018_13_KC_OAK,13,LV,5.874501493295509,95,3.197408604261745,70,2018
2018_13_LAC_PIT,13,LAC,10.690951907775734,79,17.154673675441007,62,2018
2018_13_LAC_PIT,13,PIT,5.618276405907041,84,6.9483355693388305,63,2018
2018_13_LA_DET,13,DET,-12.108692105217255,91,-14.438731853326573,64,2018
2018_13_LA_DET,13,LA,6.441327483457396,85,0.2350266939365664,62,2018
2018_13_MIN_NE,13,MIN,-12.341700194417548,76,-8.555930646450548,59,2018
2018_13_MIN_NE,13,NE,4.06584682087283,88,9.017537844983993,70,2018
2018_13_NO_DAL,13,DAL,-8.512732292490236,81,-5.653303300606427,63,2018
2018_13_NO_DAL,13,NO,-10.419066672294557,65,-17.00698533300242,49,2018
2018_13_NYJ_TEN,13,NYJ,-6.419470021107749,88,-8.33906376811779,65,2018
2018_13_NYJ_TEN,13,TEN,-8.157448896598217,90,-5.2830870076170555,59,2018
2018_13_SF_SEA,13,SEA,25.50351105839564,75,17.276277107762255,48,2018
2018_13_SF_SEA,13,SF,-5.628425621048597,97,-6.9667625084838365,73,2018
2018_13_WAS_PHI,13,PHI,9.795003127526162,88,7.985323392616653,69,2018
2018_13_WAS_PHI,13,WAS,-6.223985224859838,66,-6.0662199885392685,42,2018
2018_14_ATL_GB,14,ATL,-5.588062608249167,88,0.5521570241115423,68,2018
2018_14_ATL_GB,14,GB,10.65092809783741,85,7.493580471420486,60,2018
2018_14_BAL_KC,14,BAL,3.470248503626644,86,5.396965165165469,68,2018
2018_14_BAL_KC,14,KC,3.426240766495319,107,10.104144143206975,83,2018
2018_14_CAR_CLE,14,CAR,-2.880673340025921,92,0.2906769108257672,69,2018
2018_14_CAR_CLE,14,CLE,0.9677446655519544,67,1.5104953657989526,43,2018
2018_14_CIN_LAC,14,CIN,3.0275380695532075,84,1.696595072755493,64,2018
2018_14_CIN_LAC,14,LAC,6.881553125830735,75,3.718175525882694,56,2018
2018_14_DEN_SF,14,DEN,-5.6505714638322635,89,-7.231503266986692,70,2018
2018_14_DEN_SF,14,SF,0.6904593668015631,91,3.311725689946705,62,2018
2018_14_DET_ARI,14,ARI,-25.80975770484656,83,-21.42227547799658,65,2018
2018_14_DET_ARI,14,DET,-8.403222984214626,74,-11.27719938286036,55,2018
2018_14_IND_HOU,14,HOU,-0.80978684681375,93,1.4715794909279794,68,2018
2018_14_IND_HOU,14,IND,3.2946422265851827,84,7.961272787437972,63,2018
2018_14_JAX_TEN,14,JAX,-13.036179871952676,86,-13.617121197050437,66,2018
2018_14_JAX_TEN,14,TEN,10.741062784162155,71,13.240756463952707,55,2018
2018_14_LA_CHI,14,CHI,-20.915828370997964,88,-12.823386116468292,64,2018
2018_14_LA_CHI,14,LA,-28.064889428584138,78,-20.266596958119994,61,2018
2018_14_MIN_SEA,14,MIN,-18.745302681592342,71,-16.66495823172506,55,2018
2018_14_MIN_SEA,14,SEA,-1.1490381983742606,78,-4.899625608879707,63,2018
2018_14_NE_MIA,14,MIA,11.606014418010405,66,20.439242488297168,45,2018
2018_14_NE_MIA,14,NE,12.332075992310225,100,13.168241286922482,75,2018
2018_14_NO_TB,14,NO,1.6324500992644069,77,1.7003288884040706,61,2018
2018_14_NO_TB,14,TB,-17.89842239543107,90,-3.794539398823492,65,2018
2018_14_NYG_WAS,14,NYG,7.0344210243665035,84,5.536385900643642,62,2018
2018_14_NYG_WAS,14,WAS,-22.518527553969527,83,-18.333186090719884,59,2018
2018_14_NYJ_BUF,14,BUF,-3.0236254350446212,92,1.2184083461160227,71,2018
2018_14_NYJ_BUF,14,NYJ,2.6611225307149278,72,3.0767138545111212,50,2018
2018_14_PHI_DAL,14,DAL,0.5491502617492006,115,5.961206461901746,93,2018
2018_14_PHI_DAL,14,PHI,-3.079945734188896,68,-3.0297244741720633,48,2018
2018_14_PIT_OAK,14,LV,3.9853463613124034,84,9.64629965746974,62,2018
2018_14_PIT_OAK,14,PIT,0.8798669279656308,74,8.238168202265951,58,2018
2018_15_ARI_ATL,15,ARI,-22.119713089649412,90,-22.885083987901453,64,2018
2018_15_ARI_ATL,15,ATL,7.026435947928882,85,11.049341425781888,66,2018
2018_15_CLE_DEN,15,CLE,-2.397046101249386,80,-5.187188764534795,60,2018
2018_15_CLE_DEN,15,DEN,-3.555934103510857,86,-5.865686937100907,68,2018
2018_15_DAL_IND,15,DAL,-18.445308293041307,79,-10.086590158498911,64,2018
2018_15_DAL_IND,15,IND,8.159631680360217,79,4.9102521508399235,62,2018
2018_15_DET_BUF,15,BUF,-1.9230378999189517,80,-0.8461345033720136,62,2018
2018_15_DET_BUF,15,DET,-1.8147176300110779,74,2.828503103323502,56,2018
2018_15_GB_CHI,15,CHI,-0.1806948420546548,79,1.547429526871503,57,2018
2018_15_GB_CHI,15,GB,-6.017098388066981,83,-2.9760055540289203,67,2018
2018_15_HOU_NYJ,15,HOU,6.1709392080385195,70,2.4122724196476426,50,2018
2018_15_HOU_NYJ,15,NYJ,-5.7459114272917216,96,-2.686385764792611,72,2018
2018_15_LAC_KC,15,KC,15.453820696248245,78,13.1625244213501,53,2018
2018_15_LAC_KC,15,LAC,16.77949171417448,85,11.497534622482025,68,2018
2018_15_MIA_MIN,15,MIA,-28.588999482391635,73,-21.58987907799564,53,2018
2018_15_MIA_MIN,15,MIN,-0.20280162971641502,86,6.663464440903129,61,2018
2018_15_NE_PIT,15,NE,0.34777417482917095,79,3.3358266287250444,56,2018
2018_15_NE_PIT,15,PIT,7.312997724250793,75,7.349997438805852,59,2018
2018_15_NO_CAR,15,CAR,-11.702704851413195,70,-8.607603161188308,56,2018
2018_15_NO_CAR,15,NO,-4.628631517130882,87,-8.064360815378144,68,2018
2018_15_OAK_CIN,15,CIN,3.009261287386616,99,-2.5634242884948613,72,2018
2018_15_OAK_CIN,15,LV,-10.931099713182824,80,-10.758485702894674,57,2018
2018_15_PHI_LA,15,LA,-6.13497562243613,93,-4.5342070717267715,73,2018
2018_15_PHI_LA,15,PHI,5.91461960641187,83,6.235609801861527,61,2018
2018_15_SEA_SF,15,SEA,5.783236664736031,97,10.622075087816786,69,2018
2018_15_SEA_SF,15,SF,8.002871156642115,80,0.11977375371592469,56,2018
2018_15_TB_BAL,15,BAL,1.28253043859256,91,3.8089894813415093,71,2018
2018_15_TB_BAL,15,TB,-4.908423704749905,63,-8.752087066275248,47,2018
2018_15_TEN_NYG,15,NYG,-19.94376308657229,80,-16.205603981623426,63,2018
2018_15_TEN_NYG,15,TEN,1.6206286123207727,85,4.234325412887097,64,2018
2018_15_WAS_JAX,15,JAX,-13.484490216723692,66,-14.830119084699543,49,2018
2018_15_WAS_JAX,15,WAS,-10.687421227906647,85,-1.0823085226947242,60,2018
2018_16_ATL_CAR,16,ATL,3.8466878453198277,62,7.010549141289168,47,2018
2018_16_ATL_CAR,16,CAR,-13.661291929499761,104,-13.672533547339368,83,2018
2018_16_BAL_LAC,16,BAL,-10.18599866059893,77,-6.343097439517236,59,2018
2018_16_BAL_LAC,16,LAC,-27.90507554025627,80,-22.81736425349731,57,2018
2018_16_BUF_NE,16,BUF,-28.323334917673375,76,-20.736531056687085,60,2018
2018_16_BUF_NE,16,NE,-17.03594970422113,92,-13.431434991373825,71,2018
2018_16_CHI_SF,16,CHI,-0.9210473260307728,75,4.501674206423779,58,2018
2018_16_CHI_SF,16,SF,-7.625514023879077,69,-5.295682792497757,54,2018
2018_16_CIN_CLE,16,CIN,3.1105716637109384,64,0.6218050325932891,46,2018
2018_16_CIN_CLE,16,CLE,11.75290325000402,82,24.380223132306387,63,2018
2018_16_DEN_OAK,16,DEN,-12.81350912136152,86,0.3223072333281616,62,2018
2018_16_DEN_OAK,16,LV,0.02829605878083319,78,2.798222701020096,54,2018
2018_16_GB_NYJ,16,GB,25.735125899694946,111,27.114064418061194,79,2018
2018_16_GB_NYJ,16,NYJ,18.44824266932412,84,16.48882499865958,57,2018
2018_16_HOU_PHI,16,HOU,5.833776760033603,86,8.78324166438643,63,2018
2018_16_HOU_PHI,16,PHI,7.387151785138383,97,9.817963455862232,73,2018
2018_16_JAX_MIA,16,JAX,-11.926475716245717,81,-1.9303203699985447,60,2018
2018_16_JAX_MIA,16,MIA,-25.698971243168536,62,-16.291070631577398,43,2018
2018_16_KC_SEA,16,KC,14.441142072160165,80,11.592992678399607,61,2018
2018_16_KC_SEA,16,SEA,19.983184521889537,101,18.854144786084298,71,2018
2018_16_LA_ARI,16,ARI,-7.991379265114356,71,-6.260600143742439,53,2018
2018_16_LA_ARI,16,LA,19.61294461242047,82,18.901480183397787,65,2018
2018_16_MIN_DET,16,DET,-24.670407663215883,91,-28.18481133458821,69,2018
2018_16_MIN_DET,16,MIN,-3.5775434037727547,80,1.512862878674432,58,2018
2018_16_NYG_IND,16,IND,14.0276222836355,84,13.091288079274818,62,2018
2018_16_NYG_IND,16,NYG,17.138828377112276,83,15.750863778196894,61,2018
2018_16_PIT_NO,16,NO,7.83445068362262,84,4.671594142664276,60,2018
2018_16_PIT_NO,16,PIT,7.496375498438719,90,5.628394242621268,70,2018
2018_16_TB_DAL,16,DAL,-2.626223107635979,68,-1.2823214128483258,48,2018
2018_16_TB_DAL,16,TB,-10.357535812118403,99,-7.361879132038105,75,2018
2018_16_WAS_TEN,16,TEN,7.790013257327858,73,4.008153663427731,55,2018
2018_16_WAS_TEN,16,WAS,0.8310408059483834,75,-1.1405730644948697,59,2018
2018_17_ARI_SEA,17,ARI,-19.088143796106383,82,-22.414847690417943,65,2018
2018_17_ARI_SEA,17,SEA,-17.79721484494643,83,-7.580037400562066,60,2018
2018_17_ATL_TB,17,ATL,13.809102549627228,97,15.040708591833948,73,2018
2018_17_ATL_TB,17,TB,10.850452484797124,77,8.826176967182239,58,2018
2018_17_CAR_NO,17,CAR,15.118760142948943,85,5.538737290958304,68,2018
2018_17_CAR_NO,17,NO,-9.85431786567974,69,-6.640149100741837,51,2018
2018_17_CHI_MIN,17,CHI,4.111267785473028,82,4.665122849071652,63,2018
2018_17_CHI_MIN,17,MIN,-14.345927259649965,70,-22.89864873089771,52,2018
2018_17_CIN_PIT,17,CIN,-11.036100626122256,65,-10.44918786517225,46,2018
2018_17_CIN_PIT,17,PIT,-8.644238069551115,85,-5.727492001096126,64,2018
2018_17_CLE_BAL,17,BAL,4.930255739048492,97,6.587951453219308,71,2018
2018_17_CLE_BAL,17,CLE,2.810777836728229,77,5.626066112393088,56,2018
2018_17_DAL_NYG,17,DAL,12.995215961406277,96,16.473058030880637,67,2018
2018_17_DAL_NYG,17,NYG,11.393725466974399,88,11.776209052125473,68,2018
2018_17_DET_GB,17,DET,15.435042384024515,87,20.950637796536295,70,2018
2018_17_DET_GB,17,GB,-22.195331567549147,71,-19.98339531518286,55,2018
2018_17_IND_TEN,17,IND,4.515266480479427,97,5.857761588642945,69,2018
2018_17_IND_TEN,17,TEN,-16.407061536562495,67,-15.311132310477323,45,2018
2018_17_JAX_HOU,17,HOU,-0.059161169849649475,93,-4.029090419004499,73,2018
2018_17_JAX_HOU,17,JAX,-19.361345390672795,66,-21.552742029825684,47,2018
2018_17_LAC_DEN,17,DEN,-27.3520925198826,94,-18.25917217873796,75,2018
2018_17_LAC_DEN,17,LAC,-10.493825982803392,72,-10.247519820550224,53,2018
2018_17_MIA_BUF,17,BUF,1.6512756931802128,82,14.79436098511366,58,2018
2018_17_MIA_BUF,17,MIA,-25.424309243999986,77,-22.921261927687617,61,2018
2018_17_NYJ_NE,17,NE,11.034998911624763,82,13.903734797180098,61,2018
2018_17_NYJ_NE,17,NYJ,-27.797584240179276,71,-25.67743557576991,55,2018
2018_17_OAK_KC,17,KC,14.207433558755778,64,14.775505354220513,53,2018
2018_17_OAK_KC,17,LV,-20.61006969056325,80,-21.706127056413383,65,2018
2018_17_PHI_WAS,17,PHI,7.258158969301585,83,12.304951660552184,69,2018
2018_17_PHI_WAS,17,WAS,-21.777079845778644,59,-22.03433229791699,44,2018
2018_17_SF_LA,17,LA,15.435573112077254,93,9.547250625523496,68,2018
2018_17_SF_LA,17,SF,0.24745423015145906,76,-2.9744464109081106,58,2018
2019_01_ATL_MIN,1,ATL,-12.738475670251995,87,-15.67471242122678,69,2019
2019_01_ATL_MIN,1,MIN,4.7569663345427236,69,9.506419556215405,47,2019
2019_01_BAL_MIA,1,BAL,47.66109035897961,92,46.87834054311651,71,2019
2019_01_BAL_MIA,1,MIA,-11.267474964042243,69,-11.644309066324952,47,2019
2019_01_BUF_NYJ,1,BUF,-6.343675741895666,79,-7.800930047238946,62,2019
2019_01_BUF_NYJ,1,NYJ,-10.264253956876278,87,-6.687835848809056,67,2019
2019_01_CIN_SEA,1,CIN,-1.3717664630374458,91,0.07600285477486146,70,2019
2019_01_CIN_SEA,1,SEA,-2.5620685766464164,72,-8.013308970927028,47,2019
2019_01_DEN_OAK,1,DEN,8.08639659964009,79,7.297671092734587,57,2019
2019_01_DEN_OAK,1,LV,14.3815331186213,71,16.38408263658995,53,2019
2019_01_DET_ARI,1,ARI,-2.4622719750997315,109,-7.605879565437014,83,2019
2019_01_DET_ARI,1,DET,0.156621041522357,110,2.961731948108608,78,2019
2019_01_GB_CHI,1,CHI,-21.646811706887092,86,-19.206470681804092,65,2019
2019_01_GB_CHI,1,GB,-12.615845835141421,78,-10.268465269959089,55,2019
2019_01_HOU_NO,1,HOU,12.750512904800127,84,16.72316546703223,59,2019
2019_01_HOU_NO,1,NO,14.163598798745195,81,15.958437639199092,63,2019
2019_01_IND_LAC,1,IND,14.309775632647234,78,16.90247134449866,63,2019
2019_01_IND_LAC,1,LAC,17.73057243724339,77,12.741056003181695,59,2019
2019_01_KC_JAX,1,JAX,6.841900987799182,74,10.225255614032141,51,2019
2019_01_KC_JAX,1,KC,25.479158821168625,84,23.977952571445616,59,2019
2019_01_LA_CAR,1,CAR,-9.86459160245271,85,-8.318010072539627,63,2019
2019_01_LA_CAR,1,LA,-2.461442173675315,96,1.8071483756956046,70,2019
2019_01_NYG_DAL,1,DAL,20.846696204274576,82,24.508868372242432,60,2019
2019_01_NYG_DAL,1,NYG,2.6854151023558006,83,8.386048924121942,66,2019
2019_01_PIT_NE,1,NE,16.032341774743834,83,15.83484679717688,67,2019
2019_01_PIT_NE,1,PIT,-14.781305642100051,83,-13.576286977649222,60,2019
2019_01_SF_TB,1,SF,-6.368268395641916,80,-9.201399142131635,59,2019
2019_01_SF_TB,1,TB,-25.430319877718674,85,-24.17294706916648,64,2019
2019_01_TEN_CLE,1,CLE,-26.676310374080302,90,-22.168340540432837,63,2019
2019_01_TEN_CLE,1,TEN,11.192335433605816,79,7.293529542807079,54,2019
2019_01_WAS_PHI,1,PHI,16.033867323336278,89,16.327965822282348,71,2019
2019_01_WAS_PHI,1,WAS,11.55826283940565,84,15.661161165979475,57,2019
2019_02_ARI_BAL,2,ARI,1.4268956371089443,75,5.966802627897971,54,2019
2019_02_ARI_BAL,2,BAL,5.374800019054576,94,11.792579416438771,70,2019
2019_02_BUF_NYG,2,BUF,9.375080420463151,92,10.88827585868421,65,2019
2019_02_BUF_NYG,2,NYG,-8.320228636176422,84,-4.350660931350593,66,2019
2019_02_CHI_DEN,2,CHI,7.544946881346355,75,1.218897107894446,56,2019
2019_02_CHI_DEN,2,DEN,3.2117833430028226,95,3.4251857618350767,77,2019
2019_02_CLE_NYJ,2,CLE,1.4645841091998335,82,-2.508930110984364,58,2019
2019_02_CLE_NYJ,2,NYJ,-23.921211895911256,83,-21.491990532353807,59,2019
2019_02_DAL_WAS,2,DAL,17.5986278082149,82,19.569270530715634,64,2019
2019_02_DAL_WAS,2,WAS,5.794229904264066,76,5.239753592206398,54,2019
2019_02_IND_TEN,2,IND,-2.702665190836561,84,-1.3293896712129936,63,2019
2019_02_IND_TEN,2,TEN,-6.811005667811357,76,-4.110211746069706,54,2019
2019_02_JAX_HOU,2,HOU,-8.891360603645134,81,-5.473550301224829,62,2019
2019_02_JAX_HOU,2,JAX,-9.070864743043668,79,-5.386366576690109,59,2019
2019_02_KC_OAK,2,KC,11.187049323345803,90,15.736961035174318,67,2019
2019_02_KC_OAK,2,LV,-9.822326959706892,79,-8.919011728265309,60,2019
2019_02_LAC_DET,2,DET,-6.108505030857167,72,0.30686265103521215,57,2019
2019_02_LAC_DET,2,LAC,-8.570835659453063,80,-1.8948997101118845,62,2019
2019_02_MIN_GB,2,GB,-9.95133026210373,92,-8.419872422411572,69,2019
2019_02_MIN_GB,2,MIN,-13.803548755178944,79,-4.153403696234787,60,2019
2019_02_NE_MIA,2,MIA,-45.483434453839436,77,-44.652282504946925,61,2019
2019_02_NE_MIA,2,NE,6.662836538892877,86,12.260495290329292,64,2019
2019_02_NO_LA,2,LA,4.555770012857247,84,8.797223682937968,58,2019
2019_02_NO_LA,2,NO,-13.254962908686139,80,-11.895801755749213,57,2019
2019_02_PHI_ATL,2,ATL,-7.290747606264431,79,-0.8518123378063915,60,2019
2019_02_PHI_ATL,2,PHI,-10.920909646578133,94,-7.508625685900576,74,2019
2019_02_SEA_PIT,2,PIT,-1.7564231997082054,73,-3.889776457105947,52,2019
2019_02_SEA_PIT,2,SEA,0.7526082546704362,95,3.9905894741319816,69,2019
2019_02_SF_CIN,2,CIN,-9.172956977562379,88,-1.8274227105535665,65,2019
2019_02_SF_CIN,2,SF,21.968395185528546,87,29.83332068466336,66,2019
2019_02_TB_CAR,2,CAR,-13.686481598997489,98,-17.181377656794865,73,2019
2019_02_TB_CAR,2,TB,-4.884033145643868,80,2.390296793469364,57,2019
2019_03_ATL_IND,3,ATL,17.729296476162034,74,21.562064846486393,53,2019
2019_03_ATL_IND,3,IND,19.402269433532837,82,15.550625695527879,60,2019
2019_03_BAL_KC,3,BAL,15.249030080915846,97,16.700099258039405,81,2019
2019_03_BAL_KC,3,KC,18.752371815908504,83,17.52860474378231,61,2019
2019_03_CAR_ARI,3,ARI,-7.476771348260191,91,-6.433740345877229,73,2019
2019_03_CAR_ARI,3,CAR,14.818791748433522,79,15.670541469058923,57,2019
2019_03_CHI_WAS,3,CHI,1.5675876630142245,78,5.446235106092253,58,2019
2019_03_CHI_WAS,3,WAS,-18.616306115494574,90,-18.791675402781202,69,2019
2019_03_CIN_BUF,3,BUF,-8.291563269128606,95,-1.4956479505003326,72,2019
2019_03_CIN_BUF,3,CIN,-11.099832847218593,77,-10.87419542538149,56,2019
2019_03_DEN_GB,3,DEN,-7.270205564068263,87,-7.927306105684327,72,2019
2019_03_DEN_GB,3,GB,4.006724992783129,71,8.363286094566002,51,2019
2019_03_DET_PHI,3,DET,0.8425438873398523,82,3.4493122668024068,58,2019
2019_03_DET_PHI,3,PHI,-5.392896646501177,90,-10.616843365725174,69,2019
2019_03_HOU_LAC,3,HOU,10.112605054515685,74,12.364961121450904,54,2019
2019_03_HOU_LAC,3,LAC,1.3773124202572697,90,1.4075472647252854,69,2019
2019_03_LA_CLE,3,CLE,-12.647483384483543,87,-10.533280048362556,63,2019
2019_03_LA_CLE,3,LA,-0.01577437357521161,77,2.7974472419357124,63,2019
2019_03_MIA_DAL,3,DAL,8.481492158923137,87,14.808756943650248,66,2019
2019_03_MIA_DAL,3,MIA,-18.67015478707617,87,-19.943608871330472,68,2019
2019_03_NO_SEA,3,NO,5.133851897308408,74,5.187460403525736,51,2019
2019_03_NO_SEA,3,SEA,-2.7437305810001282,99,-2.147421028203098,75,2019
2019_03_NYG_TB,3,NYG,8.41995646548629,83,7.026377124891116,61,2019
2019_03_NYG_TB,3,TB,5.823740223962668,95,8.28376058559732,72,2019
2019_03_NYJ_NE,3,NE,-2.341691321109151,95,-4.44196826928569,71,2019
2019_03_NYJ_NE,3,NYJ,-24.44875848429986,69,-29.25216571544297,47,2019
2019_03_OAK_MIN,3,LV,-7.437924917550525,73,-2.773332177724999,58,2019
2019_03_OAK_MIN,3,MIN,16.661423141726758,76,12.493467694800628,57,2019
2019_03_PIT_SF,3,PIT,-12.934180272829352,69,-13.974792180911482,51,2019
2019_03_PIT_SF,3,SF,-12.050389138732717,92,-8.776846372797335,72,2019
2019_03_TEN_JAX,3,JAX,2.4244005939410025,68,-4.55534506886111,49,2019
2019_03_TEN_JAX,3,TEN,-12.500806423616645,95,-8.041303287260234,75,2019
2019_04_CAR_HOU,4,CAR,-8.35099906854999,81,-13.475560027629927,65,2019
2019_04_CAR_HOU,4,HOU,-17.052293492213046,83,-18.07334047776361,61,2019
2019_04_CIN_PIT,4,CIN,-23.68221433146391,84,-25.0605708316926,64,2019
2019_04_CIN_PIT,4,PIT,2.7091113107906124,69,5.001200774435872,53,2019
2019_04_CLE_BAL,4,BAL,0.11305952257071228,86,0.6282442935448787,67,2019
2019_04_CLE_BAL,4,CLE,20.80060347849437,83,23.661540999310795,61,2019
2019_04_DAL_NO,4,DAL,-11.527732967571705,68,-9.141361357265012,53,2019
2019_04_DAL_NO,4,NO,-10.070642454433255,84,-8.54866398910001,62,2019
2019_04_JAX_DEN,4,DEN,3.5408129158765944,73,2.2989813964399133,53,2019
2019_04_JAX_DEN,4,JAX,7.9480914750321725,104,12.649158906017336,76,2019
2019_04_KC_DET,4,DET,-5.905597331403872,94,-7.07472736992332,73,2019
2019_04_KC_DET,4,KC,-0.5865738089117241,88,7.501333233572179,67,2019
2019_04_LAC_MIA,4,LAC,15.85586065305848,77,17.948670104642815,62,2019
2019_04_LAC_MIA,4,MIA,-10.326883679735523,67,-5.953151874074884,47,2019
2019_04_MIN_CHI,4,CHI,-1.2365964079939782,84,-4.322236797711486,67,2019
2019_04_MIN_CHI,4,MIN,-12.755010277367429,72,-15.077793035641545,59,2019
2019_04_NE_BUF,4,BUF,-25.795900293057834,99,-18.662852078650488,70,2019
2019_04_NE_BUF,4,NE,-18.12456221171199,82,-16.33011957717537,59,2019
2019_04_OAK_IND,4,IND,-6.065304321771491,93,-3.1825842136638993,68,2019
2019_04_OAK_IND,4,LV,4.813821294020236,84,8.174956883051733,63,2019
2019_04_PHI_GB,4,GB,13.676487963371763,95,12.53255404475616,73,2019
2019_04_PHI_GB,4,PHI,21.64516623939787,77,17.18815654031653,59,2019
2019_04_SEA_ARI,4,ARI,-14.992718344402656,77,-6.5182205885449145,58,2019
2019_04_SEA_ARI,4,SEA,6.521447702009227,77,9.228598217736224,59,2019
2019_04_TB_LA,4,LA,1.9172301785897385,117,-4.441111056998439,82,2019
2019_04_TB_LA,4,TB,22.221535669725345,95,20.591843271713117,72,2019
2019_04_TEN_ATL,4,ATL,-13.192636274406377,91,-9.933563008477003,75,2019
2019_04_TEN_ATL,4,TEN,5.541505413410249,78,3.5079566061147434,61,2019
2019_04_WAS_NYG,4,NYG,-5.373119905574859,88,-1.0669946225534659,66,2019
2019_04_WAS_NYG,4,WAS,-27.534424188372213,63,-26.3530523391007,48,2019
2019_05_ARI_CIN,5,ARI,11.812778094522557,96,19.78400286333161,70,2019
2019_05_ARI_CIN,5,CIN,7.5497595416101575,80,6.078504912000662,62,2019
2019_05_ATL_HOU,5,ATL,8.752141295907084,95,5.713847038429559,68,2019
2019_05_ATL_HOU,5,HOU,32.413244842041586,89,33.56743181215107,67,2019
2019_05_BAL_PIT,5,BAL,-2.2067031766335523,98,-6.36563733934195,73,2019
2019_05_BAL_PIT,5,PIT,-7.563279215128958,75,-6.236930440042254,50,2019
2019_05_BUF_TEN,5,BUF,-8.57100918856925,76,-5.511950650252402,61,2019
2019_05_BUF_TEN,5,TEN,-17.046616975733855,79,-4.4135288945555065,54,2019
2019_05_CHI_OAK,5,CHI,0.4963754626094299,72,-0.624709560564952,51,2019
2019_05_CHI_OAK,5,LV,3.51104089441811,89,3.9447755382348184,70,2019
2019_05_CLE_SF,5,CLE,-23.897227209905395,64,-23.66825003162687,46,2019
2019_05_CLE_SF,5,SF,6.842028268144675,92,15.261385014968853,68,2019
2019_05_DEN_LAC,5,DEN,-10.144542303837468,76,0.6052303348783143,54,2019
2019_05_DEN_LAC,5,LAC,-20.987824958704927,84,-23.704721743544944,63,2019
2019_05_GB_DAL,5,DAL,-5.313540798156993,91,3.9562807496787205,68,2019
2019_05_GB_DAL,5,GB,8.914002015105288,91,7.270426085631975,62,2019
2019_05_IND_KC,5,IND,3.3591828803624466,94,0.7288474396047557,72,2019
2019_05_IND_KC,5,KC,-5.791134812184659,77,-4.790540187465195,56,2019
2019_05_JAX_CAR,5,CAR,4.870494454214107,84,11.266176824257991,61,2019
2019_05_JAX_CAR,5,JAX,-0.6420945473203039,101,-2.628175462101275,76,2019
2019_05_LA_SEA,5,LA,10.622248895598478,87,10.895704808987988,68,2019
2019_05_LA_SEA,5,SEA,8.922544498958711,92,10.480618707157111,66,2019
2019_05_MIN_NYG,5,MIN,16.275419317856333,84,21.298805941743428,63,2019
2019_05_MIN_NYG,5,NYG,-6.281326471085244,82,-12.587573707975917,62,2019
2019_05_NE_WAS,5,NE,9.162513845485906,93,9.861014586831192,74,2019
2019_05_NE_WAS,5,WAS,-24.410557269714822,79,-26.566388840554282,53,2019
2019_05_NYJ_PHI,5,NYJ,-33.42251377338823,77,-37.85197074611284,56,2019
2019_05_NYJ_PHI,5,PHI,-5.858392160209091,80,-7.422578400590982,57,2019
2019_05_TB_NO,5,NO,6.051282990906387,86,9.17634883759179,66,2019
2019_05_TB_NO,5,TB,-0.25880372843809973,75,1.200402203895278,55,2019
2019_06_ATL_ARI,6,ARI,18.286216188363106,88,16.29013568329558,62,2019
2019_06_ATL_ARI,6,ATL,20.162519718253826,85,20.090319673039726,63,2019
2019_06_CAR_TB,6,CAR,7.096642198392843,89,-1.0086712543503271,62,2019
2019_06_CAR_TB,6,TB,-5.028839714540507,100,-13.750976093431607,77,2019
2019_06_CIN_BAL,6,BAL,10.678317212064186,93,11.852972547127159,73,2019
2019_06_CIN_BAL,6,CIN,3.4083114799879444,77,-5.75731581341288,55,2019
2019_06_DAL_NYJ,6,DAL,8.389392726735164,97,7.683025427392244,76,2019
2019_06_DAL_NYJ,6,NYJ,8.504728218032831,75,9.663094859063158,51,2019
2019_06_DET_GB,6,DET,9.714166154226938,75,-0.1724657424942473,54,2019
2019_06_DET_GB,6,GB,4.807893595012013,92,-1.5139037221637617,67,2019
2019_06_HOU_KC,6,HOU,10.473235536106483,103,19.264349480712504,82,2019
2019_06_HOU_KC,6,KC,-0.06901483367095418,72,1.9888742209014625,46,2019
2019_06_NO_JAX,6,JAX,-13.657427560538054,70,-14.303215693916156,54,2019
2019_06_NO_JAX,6,NO,-3.979445308577318,80,2.190346962538028,63,2019
2019_06_NYG_NE,6,NE,-11.326379487855837,95,-5.545344077217662,76,2019
2019_06_NYG_NE,6,NYG,-33.478879981964226,65,-25.8616476940515,47,2019
2019_06_PHI_MIN,6,MIN,10.450819022588366,86,7.608037324984252,64,2019
2019_06_PHI_MIN,6,PHI,-7.967352012692253,82,-7.428199544740825,65,2019
2019_06_PIT_LAC,6,LAC,-9.380809982742747,76,-5.588642275444545,59,2019
2019_06_PIT_LAC,6,PIT,0.6567794898453574,74,-3.379103088923552,56,2019
2019_06_SEA_CLE,6,CLE,-1.6453455617575976,83,-2.999087880976731,61,2019
2019_06_SEA_CLE,6,SEA,5.771028707911579,97,14.084491375784761,73,2019
2019_06_SF_LA,6,LA,-30.05445819268008,65,-29.288471626583487,50,2019
2019_06_SF_LA,6,SF,-10.646774553489038,94,-6.142965508013505,74,2019
2019_06_TEN_DEN,6,DEN,-8.008097128607382,76,-8.934378554624162,57,2019
2019_06_TEN_DEN,6,TEN,-26.753441599430516,85,-24.663395722862333,61,2019
2019_06_WAS_MIA,6,MIA,-10.417041274922017,90,-12.988647327901884,69,2019
2019_06_WAS_MIA,6,WAS,-6.418480433260654,77,-0.8813318488855582,57,2019
2019_07_ARI_NYG,7,ARI,-6.91693307000809,82,4.765119846343383,58,2019
2019_07_ARI_NYG,7,NYG,-16.175265958953098,85,-12.616933778686597,65,2019
2019_07_BAL_SEA,7,BAL,4.310647424995986,73,8.757069175449372,53,2019
2019_07_BAL_SEA,7,SEA,-13.94689181995583,89,-14.340517565748433,68,2019
2019_07_HOU_IND,7,HOU,-1.8993443593958728,79,1.4632849344982182,61,2019
2019_07_HOU_IND,7,IND,2.215742517229009,93,5.239541379531147,65,2019
2019_07_JAX_CIN,7,CIN,-13.46584859641628,88,-21.05038167330055,65,2019
2019_07_JAX_CIN,7,JAX,0.6306280711730454,99,1.9089200558170911,77,2019
2019_07_KC_DEN,7,DEN,-31.38018829173222,86,-25.76070306055421,65,2019
2019_07_KC_DEN,7,KC,-0.09306151784971073,75,-0.4929662984621217,57,2019
2019_07_LAC_TEN,7,LAC,6.3082180222565265,76,2.476337972656559,60,2019
2019_07_LAC_TEN,7,TEN,8.120025930767731,78,10.55156916360983,60,2019
2019_07_LA_ATL,7,ATL,-18.664394982356736,72,-13.485030377558559,52,2019
2019_07_LA_ATL,7,LA,14.918484643393988,95,10.344130867647912,74,2019
2019_07_MIA_BUF,7,BUF,13.533804468942709,71,10.804923169569363,52,2019
2019_07_MIA_BUF,7,MIA,1.1934789396634726,90,2.933270901470678,65,2019
2019_07_MIN_DET,7,DET,12.959909819058026,91,11.022097391201964,68,2019
2019_07_MIN_DET,7,MIN,29.478960590099682,90,30.03125673965617,67,2019
2019_07_NE_NYJ,7,NE,4.900585680911123,99,2.358739852579804,77,2019
2019_07_NE_NYJ,7,NYJ,-34.887898777844384,73,-33.056862111901864,52,2019
2019_07_NO_CHI,7,CHI,-11.792782916322448,83,-13.961184893432883,64,2019
2019_07_NO_CHI,7,NO,2.917144790759581,97,16.13492555682229,72,2019
2019_07_OAK_GB,7,GB,30.21756336055434,74,30.159195743501186,52,2019
2019_07_OAK_GB,7,LV,12.287922067874895,81,13.165081699878478,61,2019
2019_07_PHI_DAL,7,DAL,9.809910795384857,84,9.196937509678314,66,2019
2019_07_PHI_DAL,7,PHI,-20.882724750053292,74,-20.36439603096914,57,2019
2019_07_SF_WAS,7,SF,-6.54387792525813,73,-4.327522880369945,62,2019
2019_07_SF_WAS,7,WAS,-18.882088268350344,57,-11.662444026399317,41,2019
2019_08_ARI_NO,8,ARI,-16.474138812336605,64,-16.047072387524324,49,2019
2019_08_ARI_NO,8,NO,5.892808042299933,91,15.934045232427247,70,2019
2019_08_CAR_SF,8,CAR,-34.26663486521272,88,-31.61824781536158,64,2019
2019_08_CAR_SF,8,SF,9.645367450680757,82,11.286212657958735,61,2019
2019_08_CIN_LA,8,CIN,2.208089930398806,97,2.91030152526273,76,2019
2019_08_CIN_LA,8,LA,18.228339789335003,74,21.687949957862386,57,2019
2019_08_CLE_NE,8,CLE,-18.420114726482474,85,-15.552678144541225,58,2019
2019_08_CLE_NE,8,NE,-5.019157059474528,86,-2.005582491218128,66,2019
2019_08_DEN_IND,8,DEN,-5.466423315106349,91,-8.40157844205839,63,2019
2019_08_DEN_IND,8,IND,-5.899150827922549,78,-6.2433601885642425,59,2019
2019_08_GB_KC,8,GB,14.855234833028904,83,17.884994504107254,61,2019
2019_08_GB_KC,8,KC,4.109574134885188,74,5.136769385293867,58,2019
2019_08_LAC_CHI,8,CHI,-13.406226434060422,97,-8.27117091511732,75,2019
2019_08_LAC_CHI,8,LAC,-10.977440624642284,58,-3.287500146035091,42,2019
2019_08_MIA_PIT,8,MIA,-12.895603286305075,70,-13.415468207967933,56,2019
2019_08_MIA_PIT,8,PIT,-0.8559263706977078,91,3.6412772278208267,67,2019
2019_08_NYG_DET,8,DET,0.2681256186994716,77,4.837847534360485,59,2019
2019_08_NYG_DET,8,NYG,-3.763293245117297,88,-1.553630210473667,68,2019
2019_08_NYJ_JAX,8,JAX,0.8944543189588865,89,7.927257501827057,66,2019
2019_08_NYJ_JAX,8,NYJ,-14.75921901516202,76,-10.739932321812258,52,2019
2019_08_OAK_HOU,8,HOU,11.18063439072668,99,12.994857421864962,71,2019
2019_08_OAK_HOU,8,LV,10.032040763577442,72,12.087048351647937,53,2019
2019_08_PHI_BUF,8,BUF,-12.382593659421062,80,-10.114060818463917,58,2019
2019_08_PHI_BUF,8,PHI,10.914108253726123,86,9.942720885195087,65,2019
2019_08_SEA_ATL,8,ATL,0.9816826312746851,93,7.842721879964956,71,2019
2019_08_SEA_ATL,8,SEA,10.041545715230512,76,10.812499387817864,53,2019
2019_08_TB_TEN,8,TB,-3.868783239478711,97,-6.0526234764914255,77,2019
2019_08_TB_TEN,8,TEN,-2.1900445287885675,80,-10.129923043284602,55,2019
2019_08_WAS_MIN,8,MIN,0.33903683343867286,82,2.2561645431657515,67,2019
2019_08_WAS_MIN,8,WAS,-9.251519790355815,55,-10.817398760049338,41,2019
2019_09_CHI_PHI,9,CHI,-8.162016741901269,62,-4.713023503951263,42,2019
2019_09_CHI_PHI,9,PHI,0.32284805420310736,103,4.934112780905993,77,2019
2019_09_CLE_DEN,9,CLE,-0.3511230391590412,90,-2.2562864873939708,73,2019
2019_09_CLE_DEN,9,DEN,2.428835054584632,64,1.2718599374318456,40,2019
2019_09_DAL_NYG,9,DAL,4.10332417773529,88,6.945040436965918,65,2019
2019_09_DAL_NYG,9,NYG,-16.549524835266688,90,-16.464171939435364,68,2019
2019_09_DET_OAK,9,DET,8.416576281322484,83,8.244460882890918,62,2019
2019_09_DET_OAK,9,LV,12.555118264981816,89,15.538996973587302,68,2019
2019_09_GB_LAC,9,GB,-4.927323663447052,68,-3.160560499438237,50,2019
2019_09_GB_LAC,9,LAC,10.962761950883916,85,16.750949023234902,66,2019
2019_09_HOU_JAX,9,HOU,9.271202187157323,81,13.299054969918597,63,2019
2019_09_HOU_JAX,9,JAX,-18.7279383133573,80,-18.40037264003878,66,2019
2019_09_IND_PIT,9,IND,-10.601855748317302,86,-4.010632283479976,66,2019
2019_09_IND_PIT,9,PIT,-8.372848422119958,76,-10.176127480634207,59,2019
2019_09_MIN_KC,9,KC,3.2940231912663624,76,7.974975858635857,57,2019
2019_09_MIN_KC,9,MIN,-0.24994949249798148,91,3.739007190976805,66,2019
2019_09_NE_BAL,9,BAL,15.628158603491949,86,11.734334793727866,62,2019
2019_09_NE_BAL,9,NE,-2.815855916966782,83,-7.045094138161245,65,2019
2019_09_NYJ_MIA,9,MIA,4.008418610684894,86,6.5340857373610355,62,2019
2019_09_NYJ_MIA,9,NYJ,-3.7888375424803726,85,-0.3408950277477083,62,2019
2019_09_SF_ARI,9,ARI,8.347465366937838,71,10.720859492536725,51,2019
2019_09_SF_ARI,9,SF,12.035614376097291,88,14.827997749001952,67,2019
2019_09_TB_SEA,9,SEA,12.869682220161746,95,14.429441496749261,69,2019
2019_09_TB_SEA,9,TB,10.77800172043712,97,12.58451980520822,72,2019
2019_09_TEN_CAR,9,CAR,4.048946774217571,87,5.749413315478744,66,2019
2019_09_TEN_CAR,9,TEN,-6.318261866849479,90,3.515027710393869,63,2019
2019_09_WAS_BUF,9,BUF,6.465290119596611,76,5.128718330894823,58,2019
2019_09_WAS_BUF,9,WAS,-10.055896334117278,66,-5.5781045698000415,49,2019
2019_10_ARI_TB,10,ARI,5.978207167079525,87,3.4479305560921656,64,2019
2019_10_ARI_TB,10,TB,6.776216263957176,102,1.0133402257189945,78,2019
2019_10_ATL_NO,10,ATL,4.708154275202425,94,0.273541685571165,70,2019
2019_10_ATL_NO,10,NO,-19.92066676612012,83,-15.991794058803219,61,2019
2019_10_BAL_CIN,10,BAL,22.337983889901903,59,23.735649442882277,44,2019
2019_10_BAL_CIN,10,CIN,-21.3388352065953,89,-25.78101990049766,72,2019
2019_10_BUF_CLE,10,BUF,-1.167055866971011,83,1.9631818297818031,62,2019
2019_10_BUF_CLE,10,CLE,3.6401118787796993,82,3.006873305516482,65,2019
2019_10_CAR_GB,10,CAR,0.7913572200638681,85,-1.3543622038019905,70,2019
2019_10_CAR_GB,10,GB,8.59740974167813,81,10.759273328760173,58,2019
2019_10_DET_CHI,10,CHI,-7.383242507216201,75,-3.6509090941399336,52,2019
2019_10_DET_CHI,10,DET,-12.215664498667515,97,-11.417578003886337,73,2019
2019_10_KC_TEN,10,KC,9.040821501331955,99,11.155504750401732,78,2019
2019_10_KC_TEN,10,TEN,7.039837110804432,69,8.272075417611749,50,2019
2019_10_LAC_OAK,10,LAC,-4.852916997928551,91,-8.921042029543008,66,2019
2019_10_LAC_OAK,10,LV,-4.689201023704518,76,2.768759592264483,55,2019
2019_10_LA_PIT,10,LA,-30.705620966749315,96,-28.795171159162013,69,2019
2019_10_LA_PIT,10,PIT,-25.212690467392193,93,-24.18842924729688,67,2019
2019_10_MIA_IND,10,IND,-26.238292517570933,82,-23.469890511965115,68,2019
2019_10_MIA_IND,10,MIA,-20.026315666816352,83,-17.811705370338654,61,2019
2019_10_MIN_DAL,10,DAL,9.947476407385892,85,11.943733524109081,70,2019
2019_10_MIN_DAL,10,MIN,16.27098316751436,89,16.572882387111303,70,2019
2019_10_NYG_NYJ,10,NYG,-2.7251727656404823,88,-4.174945838370826,65,2019
2019_10_NYG_NYJ,10,NYJ,4.040335037514838,84,0.303682628509482,60,2019
2019_10_SEA_SF,10,SEA,-21.807750931866615,94,-21.450748508645603,72,2019
2019_10_SEA_SF,10,SF,-25.632655106746174,105,-27.39732257559818,77,2019
2019_11_ARI_SF,11,ARI,-0.7003871608887859,84,-5.385083162670325,62,2019
2019_11_ARI_SF,11,SF,6.579277300539513,91,3.8499649808247565,67,2019
2019_11_ATL_CAR,11,ATL,2.408387914199284,76,9.88538728335022,60,2019
2019_11_ATL_CAR,11,CAR,-31.28566834900994,89,-20.450340246213734,70,2019
2019_11_BUF_MIA,11,BUF,17.08140151098118,89,18.142823372218064,66,2019
2019_11_BUF_MIA,11,MIA,-8.482869935184144,87,-14.060144588365684,66,2019
2019_11_CHI_LA,11,CHI,-22.983339427402292,90,-17.215607452020535,74,2019
2019_11_CHI_LA,11,LA,-12.292595614707196,68,-5.781104022942342,50,2019
2019_11_CIN_OAK,11,CIN,-11.533753752023962,76,-12.931444136232297,58,2019
2019_11_CIN_OAK,11,LV,-4.709676501951278,83,2.1503457419277368,63,2019
2019_11_DAL_DET,11,DAL,15.62608135583892,88,18.74924779891814,69,2019
2019_11_DAL_DET,11,DET,3.276602457909261,84,4.0260631443089805,57,2019
2019_11_DEN_MIN,11,DEN,-2.996271473118803,97,-4.313200005688714,75,2019
2019_11_DEN_MIN,11,MIN,-2.868439026767505,78,3.4486674239598223,59,2019
2019_11_HOU_BAL,11,BAL,17.495790708332542,84,25.65077735832471,62,2019
2019_11_HOU_BAL,11,HOU,-21.892017063756988,75,-23.255768943162924,57,2019
2019_11_JAX_IND,11,IND,12.656362033066179,79,13.199554261749286,61,2019
2019_11_JAX_IND,11,JAX,-10.59525232451518,79,-7.835247752816579,59,2019
2019_11_KC_LAC,11,KC,5.040979279919847,83,3.0924447339889234,59,2019
2019_11_KC_LAC,11,LAC,-3.731642772458028,94,-2.6107976603157885,72,2019
2019_11_NE_PHI,11,NE,-2.899149111602921,88,-5.620549121255575,71,2019
2019_11_NE_PHI,11,PHI,-12.548164366234609,92,-15.899083682073854,65,2019
2019_11_NO_TB,11,NO,11.072683226377508,84,11.994148245780519,62,2019
2019_11_NO_TB,11,TB,-11.381080832709657,82,-11.663645669240793,61,2019
2019_11_NYJ_WAS,11,NYJ,1.3025250057265234,89,11.506359221481766,64,2019
2019_11_NYJ_WAS,11,WAS,-19.53684538454376,83,-17.903574439526643,63,2019
2019_11_PIT_CLE,11,CLE,-16.330665878848087,86,-7.213023837678659,67,2019
2019_11_PIT_CLE,11,PIT,-31.0914135327179,87,-33.41764740416868,64,2019
2019_12_BAL_LA,12,BAL,34.87295632032648,91,35.24749756157061,71,2019
2019_12_BAL_LA,12,LA,-10.294849838595837,70,-10.250451110820235,47,2019
2019_12_CAR_NO,12,CAR,8.548662163774367,91,8.855150824137535,70,2019
2019_12_CAR_NO,12,NO,9.247812155171985,84,6.902539933737769,58,2019
2019_12_DAL_NE,12,DAL,-20.863081602743478,80,-7.791040229603581,59,2019
2019_12_DAL_NE,12,NE,-17.75750153782375,87,-8.974130908555743,64,2019
2019_12_DEN_BUF,12,BUF,1.8437122671468136,93,6.21139376908065,71,2019
2019_12_DEN_BUF,12,DEN,-18.352495386090595,66,-15.375351285591318,46,2019
2019_12_DET_WAS,12,DET,-10.489329070885482,92,-6.364949050321326,71,2019
2019_12_DET_WAS,12,WAS,-8.707161173878752,76,-13.781495656651614,55,2019
2019_12_GB_SF,12,GB,-21.171344648828264,94,-22.427240920209325,71,2019
2019_12_GB_SF,12,SF,10.019360152191751,62,7.617794060322507,44,2019
2019_12_IND_HOU,12,HOU,2.196041337052047,71,3.7278987785585347,55,2019
2019_12_IND_HOU,12,IND,-1.7309959018974652,81,1.7760680625929055,64,2019
2019_12_JAX_TEN,12,JAX,-2.1575015127016233,101,2.5848122091514334,80,2019
2019_12_JAX_TEN,12,TEN,20.735885922247252,69,17.291245142085245,48,2019
2019_12_MIA_CLE,12,CLE,19.368904888443407,90,16.150583851581757,66,2019
2019_12_MIA_CLE,12,MIA,-0.8662412402174966,81,-3.387400356470607,62,2019
2019_12_NYG_CHI,12,CHI,-12.633141211114143,92,-9.498833549851199,66,2019
2019_12_NYG_CHI,12,NYG,-18.2694110394212,75,-14.855142133135756,58,2019
2019_12_OAK_NYJ,12,LV,-27.014839218812995,76,-17.676110546085244,56,2019
2019_12_OAK_NYJ,12,NYJ,6.641300191464639,78,11.610187503620178,59,2019
2019_12_PIT_CIN,12,CIN,-18.284828810792,76,-19.277493712671046,51,2019
2019_12_PIT_CIN,12,PIT,-8.286829423231588,88,-4.508253172401925,65,2019
2019_12_SEA_PHI,12,PHI,-21.60943924142327,86,-22.24542184619404,72,2019
2019_12_SEA_PHI,12,SEA,-9.989896480080304,79,-5.387942243393521,56,2019
2019_12_TB_ATL,12,ATL,-11.678667695648192,104,-12.505540495528086,81,2019
2019_12_TB_ATL,12,TB,5.3305186507074716,85,11.320506392774968,58,2019
2019_13_BUF_DAL,13,BUF,9.238579088054593,80,10.495588076616972,62,2019
2019_13_BUF_DAL,13,DAL,-7.8563803959197065,90,-2.940835268069276,73,2019
2019_13_CHI_DET,13,CHI,1.8098375989258457,80,6.869267303610144,61,2019
2019_13_CHI_DET,13,DET,-3.7440122507938653,91,-1.1890373730389512,67,2019
2019_13_CLE_PIT,13,CLE,-6.091635674543262,81,-4.006834808553222,63,2019
2019_13_CLE_PIT,13,PIT,-0.6472765952047004,76,1.5198165739324674,52,2019
2019_13_GB_NYG,13,GB,19.027901162861184,80,14.823036065656384,57,2019
2019_13_GB_NYG,13,NYG,-4.498030357833535,78,-6.871682468227677,64,2019
2019_13_LAC_DEN,13,DEN,1.6166593229001345,74,-10.697749570068948,53,2019
2019_13_LAC_DEN,13,LAC,-1.53409445981272,82,0.5856821078276675,61,2019
2019_13_LA_ARI,13,ARI,-25.508574050001027,78,-29.511654220346827,61,2019
2019_13_LA_ARI,13,LA,7.85809635239544,95,16.550800607050846,75,2019
2019_13_MIN_SEA,13,MIN,-2.77866825306924,74,-0.8732167798490948,52,2019
2019_13_MIN_SEA,13,SEA,5.048597263174401,91,7.437384664007245,75,2019
2019_13_NE_HOU,13,HOU,8.478335804679736,71,7.670431262347847,49,2019
2019_13_NE_HOU,13,NE,2.7276789956704586,100,4.293246642566152,80,2019
2019_13_NO_ATL,13,ATL,-19.14941524683048,109,-22.038269763300207,85,2019
2019_13_NO_ATL,13,NO,-5.7117574120807335,66,-0.3905813562579885,48,2019
2019_13_NYJ_CIN,13,CIN,0.15133722074203693,81,-1.4807321308364483,59,2019
2019_13_NYJ_CIN,13,NYJ,-16.497530603664927,88,-10.764301632206537,69,2019
2019_13_OAK_KC,13,KC,14.041486076358463,79,2.112583894152439,58,2019
2019_13_OAK_KC,13,LV,-20.770804910003257,73,-4.9079538759724475,57,2019
2019_13_PHI_MIA,13,MIA,17.93413252879874,88,12.278451751365747,64,2019
2019_13_PHI_MIA,13,PHI,13.300712124867733,89,8.79809973455302,67,2019
2019_13_SF_BAL,13,BAL,3.7371252762106204,76,-0.39678590415530923,62,2019
2019_13_SF_BAL,13,SF,3.036203185184761,68,4.95019575099365,52,2019
2019_13_TB_JAX,13,JAX,-29.842665145333623,87,-30.443455736923962,64,2019
2019_13_TB_JAX,13,TB,-8.274884510856918,89,-3.260308467026486,66,2019
2019_13_TEN_IND,13,IND,-23.671594314148496,88,-5.105845539063422,66,2019
2019_13_TEN_IND,13,TEN,-5.536078654845405,75,-4.893133554039149,55,2019
2019_13_WAS_CAR,13,CAR,-10.799320216390916,95,-7.590610707120504,73,2019
2019_13_WAS_CAR,13,WAS,2.5656571689335586,79,5.179945556338124,60,2019
2019_14_BAL_BUF,14,BAL,-2.7697452779814205,79,-0.45523081661024234,57,2019
2019_14_BAL_BUF,14,BUF,-13.862913196338805,92,-21.915211150799895,69,2019
2019_14_CAR_ATL,14,ATL,12.941764183425185,91,10.63336646658141,66,2019
2019_14_CAR_ATL,14,CAR,-9.234046613436039,88,-3.203644548709674,68,2019
2019_14_CIN_CLE,14,CIN,-1.1877403943939622,90,-0.7920764190355367,70,2019
2019_14_CIN_CLE,14,CLE,4.300537881021009,69,2.7408397941414875,51,2019
2019_14_DAL_CHI,14,CHI,8.160141070113555,88,3.0142403859405373,66,2019
2019_14_DAL_CHI,14,DAL,0.4413424012470921,90,5.775063591053003,72,2019
2019_14_DEN_HOU,14,DEN,14.316922575236912,74,13.715765524650156,54,2019
2019_14_DEN_HOU,14,HOU,-4.53731274303189,94,-4.392145493307494,74,2019
2019_14_DET_MIN,14,DET,-19.211713148162584,85,-15.151287758757494,67,2019
2019_14_DET_MIN,14,MIN,-4.549011334889336,88,-3.573697176561282,69,2019
2019_14_IND_TB,14,IND,0.5135566848929445,81,-0.030217981504506053,60,2019
2019_14_IND_TB,14,TB,1.2029070195739506,93,2.400922649565498,75,2019
2019_14_KC_NE,14,KC,-3.423361410007444,92,0.5986617224175577,67,2019
2019_14_KC_NE,14,NE,-15.314689485384665,81,-17.296386729201963,63,2019
2019_14_LAC_JAX,14,JAX,-7.685551374204273,83,-10.085128176892,63,2019
2019_14_LAC_JAX,14,LAC,34.20876943847135,76,36.487045326609376,56,2019
2019_14_MIA_NYJ,14,MIA,3.8791861473582685,86,-2.3141088688895404,65,2019
2019_14_MIA_NYJ,14,NYJ,0.32191594399152734,89,-1.3900077256095056,67,2019
2019_14_NYG_PHI,14,NYG,-6.0076268705586955,71,-5.276776687777754,51,2019
2019_14_NYG_PHI,14,PHI,-0.46729123589359656,108,-0.4418449369745594,85,2019
2019_14_PIT_ARI,14,ARI,-13.716519144409649,74,-8.915491024392894,57,2019
2019_14_PIT_ARI,14,PIT,-4.580006658611201,72,-3.69266351239055,56,2019
2019_14_SEA_LA,14,LA,5.453842764198585,83,7.3461406623289065,66,2019
2019_14_SEA_LA,14,SEA,-9.43306667411472,81,-7.535613620380712,62,2019
2019_14_SF_NO,14,NO,14.464034911107737,89,8.46010057780127,70,2019
2019_14_SF_NO,14,SF,17.768998849508584,89,21.849240989148377,62,2019
2019_14_TEN_OAK,14,LV,-5.192528277211969,80,-4.084424489556113,60,2019
2019_14_TEN_OAK,14,TEN,22.82599724442436,76,26.42082158962142,58,2019
2019_14_WAS_GB,14,GB,1.358852537204414,75,3.859722891365788,57,2019
2019_14_WAS_GB,14,WAS,-5.240935400215026,79,-3.3362321481625035,59,2019
2019_15_ATL_SF,15,ATL,8.832427299946449,86,4.621659869643853,61,2019
2019_15_ATL_SF,15,SF,0.6012347370280366,82,-3.5766101893292093,62,2019
2019_15_BUF_PIT,15,BUF,-11.623099458315508,81,-9.694516126183995,63,2019
2019_15_BUF_PIT,15,PIT,-21.338440316044775,74,-22.453674537790167,56,2019
2019_15_CHI_GB,15,CHI,-14.063501395328252,97,-9.71295111892179,82,2019
2019_15_CHI_GB,15,GB,-7.8521986834950805,76,-5.79879139343393,58,2019
2019_15_CLE_ARI,15,ARI,15.10272652295107,76,16.865101467748072,59,2019
2019_15_CLE_ARI,15,CLE,0.9488925161315095,87,6.8698629994452265,66,2019
2019_15_DEN_KC,15,DEN,-12.106949335662648,72,-14.93180611881668,57,2019
2019_15_DEN_KC,15,KC,9.578263423143886,78,8.35354915719854,63,2019
2019_15_HOU_TEN,15,HOU,9.725188813916029,78,7.828092243929859,63,2019
2019_15_HOU_TEN,15,TEN,3.9472558425493474,84,6.318913829671992,65,2019
2019_15_IND_NO,15,IND,-14.876039764550864,72,-11.061424019600963,52,2019
2019_15_IND_NO,15,NO,15.06619616063172,79,15.392432062033613,60,2019
2019_15_JAX_OAK,15,JAX,7.488457459811955,71,0.5815761863783719,53,2019
2019_15_JAX_OAK,15,LV,2.1063619635975432,94,2.968855848708145,72,2019
2019_15_LA_DAL,15,DAL,27.49063335822002,85,20.892035484341584,67,2019
2019_15_LA_DAL,15,LA,-0.01459334356423303,94,-6.5015368962192435,69,2019
2019_15_MIA_NYG,15,MIA,-6.877045774220121,87,-4.799495027677864,69,2019
2019_15_MIA_NYG,15,NYG,7.929973805544188,86,4.009956794092432,63,2019
2019_15_MIN_LAC,15,LAC,-29.642650272536606,76,-27.710330368602108,61,2019
2019_15_MIN_LAC,15,MIN,7.511076384749999,81,5.5634909552932665,59,2019
2019_15_NE_CIN,15,CIN,-16.687241130842644,81,-14.645877098988127,62,2019
2019_15_NE_CIN,15,NE,7.836800292194626,83,2.517836925752784,61,2019
2019_15_NYJ_BAL,15,BAL,12.485852006330841,83,24.422825207744726,59,2019
2019_15_NYJ_BAL,15,NYJ,-11.148907787732877,76,-8.936370412452018,58,2019
2019_15_PHI_WAS,15,PHI,19.064440177406457,94,15.515148545223596,73,2019
2019_15_PHI_WAS,15,WAS,5.577254357356432,71,0.6904632414174028,51,2019
2019_15_SEA_CAR,15,CAR,3.7142057105536503,88,1.0118376171076147,71,2019
2019_15_SEA_CAR,15,SEA,13.918261373388619,83,16.773098407456686,61,2019
2019_15_TB_DET,15,DET,-20.534996719386662,81,-22.959587618008914,62,2019
2019_15_TB_DET,15,TB,7.821053496222593,93,17.62874628378283,69,2019
2019_16_ARI_SEA,16,ARI,-1.6764414507035696,86,10.204990175132082,67,2019
2019_16_ARI_SEA,16,SEA,-17.948928466197152,80,-13.831694846440248,56,2019
2019_16_BAL_CLE,16,BAL,16.285151044199978,85,19.03134240173263,69,2019
2019_16_BAL_CLE,16,CLE,-1.0615494334772717,76,-7.214351803036355,53,2019
2019_16_BUF_NE,16,BUF,-0.5132915515849414,72,0.7742192359839786,53,2019
2019_16_BUF_NE,16,NE,7.3955646707624645,85,6.7461570622464375,67,2019
2019_16_CAR_IND,16,CAR,-25.580298664455768,87,-13.44660105843275,71,2019
2019_16_CAR_IND,16,IND,9.564062235820256,76,6.288990433098887,59,2019
2019_16_CIN_MIA,16,CIN,9.281750389084637,115,4.855020472617385,87,2019
2019_16_CIN_MIA,16,MIA,12.026579813641485,112,15.076067269133024,84,2019
2019_16_DAL_PHI,16,DAL,-10.923314462124836,79,-9.839954757253448,62,2019
2019_16_DAL_PHI,16,PHI,-3.3016278483615102,87,3.4124496961497783,70,2019
2019_16_DET_DEN,16,DEN,4.45303797426619,85,10.159828705529971,65,2019
2019_16_DET_DEN,16,DET,-4.749733422648958,66,-4.472690388728264,49,2019
2019_16_GB_MIN,16,GB,-17.900147523044957,90,-11.722997686862143,73,2019
2019_16_GB_MIN,16,MIN,-34.72190467471758,71,-29.025780988752302,53,2019
2019_16_HOU_TB,16,HOU,-13.937672356200736,87,-15.163814750852804,62,2019
2019_16_HOU_TB,16,TB,-20.892430548817018,86,-14.736161040494526,72,2019
2019_16_JAX_ATL,16,ATL,2.4985138080557765,94,12.897518932798699,70,2019
2019_16_JAX_ATL,16,JAX,-7.883231078667333,76,-2.2028594966371506,59,2019
2019_16_KC_CHI,16,CHI,-10.344583194120787,79,-14.404487028174797,58,2019
2019_16_KC_CHI,16,KC,17.47140357173499,79,12.007376982995833,62,2019
2019_16_LA_SF,16,LA,0.10621444002240077,93,3.3510298854909384,70,2019
2019_16_LA_SF,16,SF,-0.16971338464432284,76,-3.6980644121161603,54,2019
2019_16_NO_TEN,16,NO,13.9416262865879,92,10.402018059894003,63,2019
2019_16_NO_TEN,16,TEN,0.0446444699794899,82,2.811018601176329,58,2019
2019_16_NYG_WAS,16,NYG,24.77559154106978,90,31.64956184337721,69,2019
2019_16_NYG_WAS,16,WAS,15.938392876751942,88,10.011610390036367,67,2019
2019_16_OAK_LAC,16,LAC,2.7450391068424986,77,1.4036419539279499,55,2019
2019_16_OAK_LAC,16,LV,12.532217815010663,77,9.704449395048806,62,2019
2019_16_PIT_NYJ,16,NYJ,-5.174895772578942,77,-12.155204430527958,59,2019
2019_16_PIT_NYJ,16,PIT,-13.262751712943476,82,-11.630529957928566,66,2019
2019_17_ARI_LA,17,ARI,-0.1049919173658429,83,-1.4061807735590026,60,2019
2019_17_ARI_LA,17,LA,6.805164087711406,102,7.455037820119715,78,2019
2019_17_ATL_TB,17,ATL,-8.80043682864872,104,-14.93666149621689,86,2019
2019_17_ATL_TB,17,TB,-20.800723831306104,69,-9.449583178493059,47,2019
2019_17_CHI_MIN,17,CHI,-1.643690801863908,89,-2.2451490462497485,75,2019
2019_17_CHI_MIN,17,MIN,-4.770279658083222,63,-6.435963208080674,47,2019
2019_17_CLE_CIN,17,CIN,11.514570569679877,86,9.321855542378724,65,2019
2019_17_CLE_CIN,17,CLE,2.3134509820536175,70,1.2458844421684034,53,2019
2019_17_GB_DET,17,DET,-7.426178250632482,77,-8.112701202601565,56,2019
2019_17_GB_DET,17,GB,-2.496417236161186,107,5.791708940901889,85,2019
2019_17_IND_JAX,17,IND,-5.630435357596823,72,-7.704407800844327,55,2019
2019_17_IND_JAX,17,JAX,12.29672629141886,83,9.186439620458522,64,2019
2019_17_LAC_KC,17,KC,15.88020397181603,64,9.415490568771904,46,2019
2019_17_LAC_KC,17,LAC,5.333783544441539,94,9.563413455849513,74,2019
2019_17_MIA_NE,17,MIA,8.845779343116883,85,9.50083759681971,68,2019
2019_17_MIA_NE,17,NE,2.9455937773616454,78,2.08613092139338,57,2019
2019_17_NO_CAR,17,CAR,-18.913983655176175,88,-23.499983115110258,69,2019
2019_17_NO_CAR,17,NO,20.702165574507962,85,16.640598706697347,63,2019
2019_17_NYJ_BUF,17,BUF,-22.069918853405397,78,-15.257162248776027,60,2019
2019_17_NYJ_BUF,17,NYJ,-13.508484381963548,84,-6.86042264600519,63,2019
2019_17_OAK_DEN,17,DEN,-5.877191078251975,80,-6.758658863149391,56,2019
2019_17_OAK_DEN,17,LV,-6.211815779926721,88,-1.753179269866929,70,2019
2019_17_PHI_NYG,17,NYG,-16.541413534460688,94,-17.905626494395115,72,2019
2019_17_PHI_NYG,17,PHI,3.9470051901319914,93,4.859638643174151,72,2019
2019_17_PIT_BAL,17,BAL,-1.4740614999598871,89,-7.366131630265912,68,2019
2019_17_PIT_BAL,17,PIT,-19.25358952594926,67,-20.686028639971703,49,2019
2019_17_SF_SEA,17,SEA,9.437329625319544,93,7.457131780945929,70,2019
2019_17_SF_SEA,17,SF,18.371874257123,62,18.374283241291224,49,2019
2019_17_TEN_HOU,17,HOU,-2.9812907570035536,80,-2.249656018218957,65,2019
2019_17_TEN_HOU,17,TEN,24.019328511205185,81,28.584932742640376,57,2019
2019_17_WAS_DAL,17,DAL,11.95473405681707,93,14.307803426600271,71,2019
2019_17_WAS_DAL,17,WAS,-23.433792349672565,83,-26.604606838284294,59,2019
2020_01_ARI_SF,1,ARI,2.1388162771052146,100,5.506042761045042,75,2020
2020_01_ARI_SF,1,SF,-3.4257501474047127,77,-2.8326563443139143,61,2020
2020_01_CHI_DET,1,CHI,3.796117615804657,84,7.238187745730958,65,2020
2020_01_CHI_DET,1,DET,-3.3903959171690516,97,-0.9085383098571738,71,2020
2020_01_CLE_BAL,1,BAL,13.372304111881869,73,11.63427010983616,57,2020
2020_01_CLE_BAL,1,CLE,-21.755844654995066,89,-16.429341571433554,67,2020
2020_01_DAL_LA,1,DAL,-7.20074078923394,88,-1.3687403093390396,69,2020
2020_01_DAL_LA,1,LA,-2.819109229890863,89,4.1317065466937954,71,2020
2020_01_GB_MIN,1,GB,26.547122616971027,95,23.510087809418586,74,2020
2020_01_GB_MIN,1,MIN,15.29944130372547,67,16.119012062283854,52,2020
2020_01_HOU_KC,1,HOU,5.301301279470227,73,8.836992332067616,58,2020
2020_01_HOU_KC,1,KC,19.472848004547217,85,14.322607746364643,67,2020
2020_01_IND_JAX,1,IND,3.20057599470708,87,1.778616828555453,69,2020
2020_01_IND_JAX,1,JAX,10.549459891264414,64,6.154067561038286,46,2020
2020_01_LAC_CIN,1,CIN,-14.646462018091746,87,-14.299864180958167,66,2020
2020_01_LAC_CIN,1,LAC,-9.734789647117772,92,-6.218828544690126,70,2020
2020_01_LV_CAR,1,CAR,11.048586247242657,82,8.014986533674982,66,2020
2020_01_LV_CAR,1,LV,19.345329834179523,80,15.075677939526436,61,2020
2020_01_MIA_NE,1,MIA,-1.696289179337211,71,-9.998566728415083,58,2020
2020_01_MIA_NE,1,NE,8.349763609194051,76,10.162893512178044,62,2020
2020_01_NYJ_BUF,1,BUF,3.006581730982143,100,2.6628540928788986,79,2020
2020_01_NYJ_BUF,1,NYJ,-9.215408405200677,74,-8.842730137665058,51,2020
2020_01_PHI_WAS,1,PHI,-19.145585168879578,86,-20.490868219298036,67,2020
2020_01_PHI_WAS,1,WAS,-10.400876965474017,91,-10.505847935190417,67,2020
2020_01_PIT_NYG,1,NYG,-2.6812837419268236,85,-9.182586243206483,64,2020
2020_01_PIT_NYG,1,PIT,9.902674471684586,79,11.63009123981939,63,2020
2020_01_SEA_ATL,1,ATL,-1.1007635477253364,96,-0.9112277273743139,78,2020
2020_01_SEA_ATL,1,SEA,18.028977381299864,81,18.401720700882525,57,2020
2020_01_TB_NO,1,NO,-4.726204685335048,88,-14.216115924262105,65,2020
2020_01_TB_NO,1,TB,-16.064543067837366,89,-10.354347183497671,66,2020
2020_01_TEN_DEN,1,DEN,-2.7419956035144675,70,-5.0068833224941045,59,2020
2020_01_TEN_DEN,1,TEN,0.5831715425894552,100,8.172154655943777,78,2020
2020_02_ATL_DAL,2,ATL,7.333263076933097,97,8.206810810293161,73,2020
2020_02_ATL_DAL,2,DAL,3.7195915594448588,102,5.463240324797001,81,2020
2020_02_BAL_HOU,2,BAL,11.98318665642384,81,13.05297090517002,62,2020
2020_02_BAL_HOU,2,HOU,-11.361161296162445,76,-11.47847450597154,56,2020
2020_02_BUF_MIA,2,BUF,21.54504777200268,77,22.448655046380402,57,2020
2020_02_BUF_MIA,2,MIA,14.540134638447217,95,11.28002621103904,72,2020
2020_02_CAR_TB,2,CAR,-9.003179837977612,90,-10.292118310464456,71,2020
2020_02_CAR_TB,2,TB,5.15429073601476,75,-1.1244080583399283,57,2020
2020_02_CIN_CLE,2,CIN,13.380786286013752,108,6.1855576228282985,87,2020
2020_02_CIN_CLE,2,CLE,18.424994703544993,73,19.256197840877576,56,2020
2020_02_DEN_PIT,2,DEN,-10.69230235562944,93,-13.642460144393278,73,2020
2020_02_DEN_PIT,2,PIT,-9.446799204435811,83,-6.6035993876705525,62,2020
2020_02_DET_GB,2,DET,0.32002778192851045,78,-2.062540820770664,58,2020
2020_02_DET_GB,2,GB,24.01842357444045,89,26.363219766869612,65,2020
2020_02_JAX_TEN,2,JAX,17.574279156828776,91,18.827286235631455,74,2020
2020_02_JAX_TEN,2,TEN,18.816118485994906,83,15.311909297687826,57,2020
2020_02_KC_LAC,2,KC,6.5233466112235226,96,8.390530826441772,71,2020
2020_02_KC_LAC,2,LAC,0.851752286955481,97,3.133392801343801,78,2020
2020_02_LA_PHI,2,LA,24.50507671408098,84,28.01693323563694,64,2020
2020_02_LA_PHI,2,PHI,-0.26772855510288096,86,-6.483222755096833,70,2020
2020_02_MIN_IND,2,IND,3.738740597339965,88,4.2329024926246195,64,2020
2020_02_MIN_IND,2,MIN,-14.60807540775556,67,-13.363298895461721,47,2020
2020_02_NE_SEA,2,NE,9.939159045579697,87,13.412836268277147,70,2020
2020_02_NE_SEA,2,SEA,13.340563999186026,81,13.027996435761452,60,2020
2020_02_NO_LV,2,LV,16.55684100587014,96,8.813664992213111,76,2020
2020_02_NO_LV,2,NO,7.290077934571425,74,10.20658613671175,57,2020
2020_02_NYG_CHI,2,CHI,-5.3163379472378685,77,-0.9804028288605942,64,2020
2020_02_NYG_CHI,2,NYG,-7.154205304933761,78,-6.1938864080939044,60,2020
2020_02_SF_NYJ,2,NYJ,-9.705784211414915,80,-12.12143047912381,61,2020
2020_02_SF_NYJ,2,SF,12.489591740132115,76,10.36335359420696,57,2020
2020_02_WAS_ARI,2,ARI,9.897459969728715,96,8.269163341630296,73,2020
2020_02_WAS_ARI,2,WAS,-6.266523248835933,82,-4.44818708038306,62,2020
2020_03_CAR_LAC,3,CAR,-3.11726875655388,70,-5.1547516321651,51,2020
2020_03_CAR_LAC,3,LAC,-12.314484918735339,91,-8.946927943735488,74,2020
2020_03_CHI_ATL,3,ATL,-10.237274675873579,88,-1.9226116870620142,64,2020
2020_03_CHI_ATL,3,CHI,-5.3370603589243295,102,2.023878800672069,76,2020
2020_03_CIN_PHI,3,CIN,0.5403117058169054,97,-0.09518303084271551,69,2020
2020_03_CIN_PHI,3,PHI,-1.8333557105787142,112,-3.3454398834204637,86,2020
2020_03_DAL_SEA,3,DAL,7.9215914388786475,102,10.74047198201212,80,2020
2020_03_DAL_SEA,3,SEA,10.511970470588924,97,5.0943369715970475,70,2020
2020_03_DET_ARI,3,ARI,-0.2583733939789279,78,-0.21229408017825335,63,2020
2020_03_DET_ARI,3,DET,4.82286188281203,87,1.982516043937856,62,2020
2020_03_GB_NO,3,GB,17.284664921965216,80,11.503415289980662,58,2020
2020_03_GB_NO,3,NO,4.039390229567768,79,7.1539051668042,57,2020
2020_03_HOU_PIT,3,HOU,1.0043470343387155,66,2.0612726132385433,47,2020
2020_03_HOU_PIT,3,PIT,9.757350702611166,92,11.343361878202044,73,2020
2020_03_KC_BAL,3,BAL,1.8281891559319527,73,-6.152197703873545,52,2020
2020_03_KC_BAL,3,KC,18.99429928999137,90,23.505819338995696,73,2020
2020_03_LA_BUF,3,BUF,15.107847191905359,76,11.31217766381451,58,2020
2020_03_LA_BUF,3,LA,17.33335404723938,82,22.240336491602037,67,2020
2020_03_LV_NE,3,LV,-7.578335709956107,77,-4.1918876671356795,56,2020
2020_03_LV_NE,3,NE,11.747496042257213,85,9.068466152571034,65,2020
2020_03_MIA_JAX,3,JAX,-11.564038975774409,81,-10.029493561392883,63,2020
2020_03_MIA_JAX,3,MIA,11.28368879266995,75,9.968133236078298,56,2020
2020_03_NYJ_IND,3,IND,3.1081091320038094,75,7.0170753448309355,54,2020
2020_03_NYJ_IND,3,NYJ,-29.109656230860544,78,-25.469277332536876,60,2020
2020_03_SF_NYG,3,NYG,-11.843018328363542,66,-15.766245853389295,49,2020
2020_03_SF_NYG,3,SF,20.556747159320317,93,22.3516767593655,71,2020
2020_03_TB_DEN,3,DEN,-19.065567345430658,81,-16.252187008178012,59,2020
2020_03_TB_DEN,3,TB,3.364459549733291,84,11.755372269966802,62,2020
2020_03_TEN_MIN,3,MIN,-1.4690900261715294,86,2.7341918198708273,63,2020
2020_03_TEN_MIN,3,TEN,4.512643258947995,92,0.5027805869817996,72,2020
2020_03_WAS_CLE,3,CLE,5.649078842254626,83,4.5741159322855385,62,2020
2020_03_WAS_CLE,3,WAS,-8.74125337174177,78,-7.1554557556519285,62,2020
2020_04_ARI_CAR,4,ARI,4.538459959630709,75,4.376523849598016,55,2020
2020_04_ARI_CAR,4,CAR,15.210771059328495,92,20.164593776718988,69,2020
2020_04_ATL_GB,4,ATL,3.2954341980231883,85,2.6123245619301123,68,2020
2020_04_ATL_GB,4,GB,17.52591580443763,74,16.965794060477496,59,2020
2020_04_BAL_WAS,4,BAL,14.185708393286717,72,14.843422941068674,54,2020
2020_04_BAL_WAS,4,WAS,-4.808080757996165,88,-2.1560857798861734,70,2020
2020_04_BUF_LV,4,BUF,10.760848828482906,79,15.454961424452865,57,2020
2020_04_BUF_LV,4,LV,0.07827494165790205,86,-1.4104423797934125,68,2020
2020_04_CLE_DAL,4,CLE,26.507506578973178,95,28.05090323710026,71,2020
2020_04_CLE_DAL,4,DAL,10.43176003891664,98,12.388921261023263,82,2020
2020_04_DEN_NYJ,4,DEN,5.870490422794633,90,2.305115502254853,58,2020
2020_04_DEN_NYJ,4,NYJ,-7.519311272916898,97,-13.192898270998219,75,2020
2020_04_IND_CHI,4,CHI,-8.812370307699776,79,-8.88488058316699,59,2020
2020_04_IND_CHI,4,IND,2.461072365273673,88,-0.08337895182788824,65,2020
2020_04_JAX_CIN,4,CIN,16.38806199589613,91,17.0975487255762,69,2020
2020_04_JAX_CIN,4,JAX,6.43400073578297,85,10.365566385955672,63,2020
2020_04_LAC_TB,4,LAC,3.616541373254537,71,5.870632877135117,49,2020
2020_04_LAC_TB,4,TB,8.858013812091423,95,12.18258799558589,70,2020
2020_04_MIN_HOU,4,HOU,3.2564746726543308,82,1.518034198938878,62,2020
2020_04_MIN_HOU,4,MIN,14.373540041701707,83,16.05668775608453,63,2020
2020_04_NE_KC,4,KC,3.8357127371289237,71,2.8553433692842685,52,2020
2020_04_NE_KC,4,NE,-14.021524210940164,89,-15.606473790925993,74,2020
2020_04_NO_DET,4,DET,6.250360117634641,75,3.7014539174707606,57,2020
2020_04_NO_DET,4,NO,16.035923008642275,84,19.17511258670129,66,2020
2020_04_NYG_LA,4,LA,-6.654785830523586,68,-5.417062675961963,54,2020
2020_04_NYG_LA,4,NYG,-14.36318871367257,85,-11.607072660265974,66,2020
2020_04_PHI_SF,4,PHI,1.3631980014190965,78,-4.540927103899917,60,2020
2020_04_PHI_SF,4,SF,-6.077461499006585,86,-6.009200762156863,70,2020
2020_04_SEA_MIA,4,MIA,6.9843083420856855,85,4.5603298531316065,69,2020
2020_04_SEA_MIA,4,SEA,16.510783208478045,77,13.90091621676352,59,2020
2020_05_ARI_NYJ,5,ARI,13.471120564094132,88,16.748303975079352,65,2020
2020_05_ARI_NYJ,5,NYJ,-10.051001041355825,87,-8.609546179602825,64,2020
2020_05_BUF_TEN,5,BUF,-7.9910747780516305,88,1.4386296377710144,69,2020
2020_05_BUF_TEN,5,TEN,18.411111442608235,84,17.80710337977507,62,2020
2020_05_CAR_ATL,5,ATL,4.262414131407004,82,3.1941533007092815,61,2020
2020_05_CAR_ATL,5,CAR,13.670394501079027,80,15.558367019167223,62,2020
2020_05_CIN_BAL,5,BAL,-3.366163914599602,78,-4.229344874400048,61,2020
2020_05_CIN_BAL,5,CIN,-31.028211378667038,84,-32.28821122705779,65,2020
2020_05_IND_CLE,5,CLE,6.53141103075337,91,2.6544683210792606,72,2020
2020_05_IND_CLE,5,IND,3.4033900413207197,69,-2.2733081121095173,51,2020
2020_05_JAX_HOU,5,HOU,11.084458144254514,73,11.645492338177856,58,2020
2020_05_JAX_HOU,5,JAX,-8.325530083954181,92,-3.8116010013601547,73,2020
2020_05_LAC_NO,5,LAC,-3.355648778865813,92,1.0322255583679674,68,2020
2020_05_LAC_NO,5,NO,-2.3702582902855944,95,-2.9806920561731403,75,2020
2020_05_LA_WAS,5,LA,7.544205463609929,83,6.752002974290637,64,2020
2020_05_LA_WAS,5,WAS,-18.739728138505065,72,-22.892573392536818,52,2020
2020_05_LV_KC,5,KC,8.973983391306216,91,11.0689531583186,67,2020
2020_05_LV_KC,5,LV,21.326153165648915,88,20.559210642180368,65,2020
2020_05_MIA_SF,5,MIA,20.05635170458331,86,20.48989883752929,61,2020
2020_05_MIA_SF,5,SF,-12.977327671744959,80,-17.931551408692386,59,2020
2020_05_MIN_SEA,5,MIN,6.779663920360054,101,7.829925829529401,84,2020
2020_05_MIN_SEA,5,SEA,4.738462241746572,69,3.59690618254547,53,2020
2020_05_NYG_DAL,5,DAL,3.104122530169624,83,1.869480769759699,64,2020
2020_05_NYG_DAL,5,NYG,5.560617772278063,87,0.15307798925193383,62,2020
2020_05_PHI_PIT,5,PHI,6.0938962660747045,74,8.313934462496968,58,2020
2020_05_PHI_PIT,5,PIT,16.652658896181695,93,14.028533762840178,65,2020
2020_05_TB_CHI,5,CHI,-3.5336605173350355,82,-7.074063101182539,58,2020
2020_05_TB_CHI,5,TB,-0.6299490404339063,86,-0.8311280575259317,63,2020
2020_06_ARI_DAL,6,ARI,17.818327569084158,78,19.136880076211582,59,2020
2020_06_ARI_DAL,6,DAL,-17.944290809472715,105,-14.838160773842297,84,2020
2020_06_ATL_MIN,6,ATL,17.32355460787285,97,14.26560103077769,78,2020
2020_06_ATL_MIN,6,MIN,-7.770859208188602,71,-5.702339612238341,52,2020
2020_06_BAL_PHI,6,BAL,3.3778590698073088,94,5.276518177057454,65,2020
2020_06_BAL_PHI,6,PHI,-4.253175781515427,90,-6.676848231697922,68,2020
2020_06_CHI_CAR,6,CAR,-10.024729510055671,86,-17.468654627524174,62,2020
2020_06_CHI_CAR,6,CHI,-1.2215610161354808,83,0.11247403251475419,60,2020
2020_06_CIN_IND,6,CIN,8.620017269673752,94,14.556661751738872,72,2020
2020_06_CIN_IND,6,IND,9.345708384435929,78,12.837047692164973,59,2020
2020_06_CLE_PIT,6,CLE,-32.46702812386449,76,-27.805560354725458,54,2020
2020_06_CLE_PIT,6,PIT,3.209352425753361,78,7.422411662622759,58,2020
2020_06_DEN_NE,6,DEN,-3.3945960897835903,79,-8.081806932867703,60,2020
2020_06_DEN_NE,6,NE,-13.954984759111422,69,-15.566898140430453,56,2020
2020_06_DET_JAX,6,DET,11.630305792580799,94,11.634411564981447,67,2020
2020_06_DET_JAX,6,JAX,-11.542011766082656,76,-7.760946282410023,61,2020
2020_06_GB_TB,6,GB,-20.218806913980565,80,-18.24878604363147,61,2020
2020_06_GB_TB,6,TB,8.298636207025021,81,7.413741026898899,61,2020
2020_06_HOU_TEN,6,HOU,19.124909278575135,88,18.655447442593985,67,2020
2020_06_HOU_TEN,6,TEN,22.048060189338205,92,29.25491766632463,71,2020
2020_06_KC_BUF,6,BUF,4.889877167036659,71,-1.368804855984938,50,2020
2020_06_KC_BUF,6,KC,17.850659606121333,85,23.590065364878605,71,2020
2020_06_LA_SF,6,LA,1.0095658395159015,79,1.0643264006254487,57,2020
2020_06_LA_SF,6,SF,8.851818568380402,87,7.7675874476624145,68,2020
2020_06_NYJ_MIA,6,MIA,-6.205456259353232,73,-4.147650522450411,56,2020
2020_06_NYJ_MIA,6,NYJ,-33.16270732623525,88,-22.51383120310561,69,2020
2020_06_WAS_NYG,6,NYG,-0.9844673589967239,61,-0.10934148798517818,44,2020
2020_06_WAS_NYG,6,WAS,-2.3454208840551347,87,-0.39004618324738594,70,2020
2020_07_BUF_NYJ,7,BUF,1.7138065561302938,87,9.232944012021548,70,2020
2020_07_BUF_NYJ,7,NYJ,-10.896884794419215,73,-13.19289105510423,51,2020
2020_07_CAR_NO,7,CAR,12.694374321005423,58,12.785525168707057,43,2020
2020_07_CAR_NO,7,NO,13.57141996757721,82,16.292021243025637,65,2020
2020_07_CHI_LA,7,CHI,-25.982129631911288,77,-23.49289095751294,61,2020
2020_07_CHI_LA,7,LA,-10.355336171336123,87,-6.613301218270898,66,2020
2020_07_CLE_CIN,7,CIN,17.849619263435983,94,18.731182344494588,73,2020
2020_07_CLE_CIN,7,CLE,22.75573290621372,69,21.779460025763463,49,2020
2020_07_DAL_WAS,7,DAL,-13.161194485030137,70,-16.12045880810838,54,2020
2020_07_DAL_WAS,7,WAS,9.369860646563485,82,7.307738928793629,65,2020
2020_07_DET_ATL,7,ATL,3.0585632823036644,88,5.6012869204715825,71,2020
2020_07_DET_ATL,7,DET,6.984719859852349,76,6.504927392888484,55,2020
2020_07_GB_HOU,7,GB,11.323724328367188,80,17.31383923185058,59,2020
2020_07_GB_HOU,7,HOU,-6.303934119280275,85,-1.442406091164031,64,2020
2020_07_JAX_LAC,7,JAX,-14.617667455442135,80,-4.685200191146229,62,2020
2020_07_JAX_LAC,7,LAC,-2.4472568659177063,97,13.989651737650968,74,2020
2020_07_KC_DEN,7,DEN,-20.419050933588395,95,-19.188788512627966,76,2020
2020_07_KC_DEN,7,KC,13.217378704389313,67,3.0626057704767997,48,2020
2020_07_NYG_PHI,7,NYG,-1.8657516765363118,74,-2.916316511866171,54,2020
2020_07_NYG_PHI,7,PHI,-2.482027408651591,96,2.5818546911470115,73,2020
2020_07_PIT_TEN,7,PIT,5.812917328281182,93,8.856327193417004,73,2020
2020_07_PIT_TEN,7,TEN,0.2719703794734949,76,2.2160630444749936,56,2020
2020_07_SEA_ARI,7,ARI,7.620343708108484,104,5.543189968788592,77,2020
2020_07_SEA_ARI,7,SEA,7.288335764223085,103,9.32294774641612,82,2020
2020_07_SF_NE,7,NE,-12.089322142186575,64,-16.270636953468887,49,2020
2020_07_SF_NE,7,SF,20.988735788329308,79,24.660744239132512,63,2020
2020_07_TB_LV,7,LV,-4.432334580396535,84,-6.764206727134115,63,2020
2020_07_TB_LV,7,TB,25.166588547826045,88,24.166810995050447,68,2020
2020_08_ATL_CAR,8,ATL,14.862720145815885,84,13.438304265752821,66,2020
2020_08_ATL_CAR,8,CAR,1.2644625038093844,68,-2.6123960614156934,52,2020
2020_08_DAL_PHI,8,DAL,-26.593463640892878,95,-26.861564408090576,78,2020
2020_08_DAL_PHI,8,PHI,-14.136354406290737,74,-18.179281995835247,59,2020
2020_08_IND_DET,8,DET,-15.64612020097545,79,-12.772757099242881,59,2020
2020_08_IND_DET,8,IND,10.096447172279118,93,14.045969444894698,74,2020
2020_08_LAC_DEN,8,DEN,3.5454586901199447,85,4.619424618694906,57,2020
2020_08_LAC_DEN,8,LAC,5.221378059142589,102,3.056364337628658,84,2020
2020_08_LA_MIA,8,LA,-33.484943824819155,113,-23.20080636086731,91,2020
2020_08_LA_MIA,8,MIA,-22.095290998314937,68,-23.185549668065505,47,2020
2020_08_LV_CLE,8,CLE,-4.451366631081328,63,-1.365647795029758,47,2020
2020_08_LV_CLE,8,LV,7.2307129736151055,85,10.431952771243566,69,2020
2020_08_MIN_GB,8,GB,10.225332481569513,85,12.632756213817746,66,2020
2020_08_MIN_GB,8,MIN,18.39444942202167,67,18.87874469027156,49,2020
2020_08_NE_BUF,8,BUF,8.084235003321519,74,9.09390370224121,53,2020
2020_08_NE_BUF,8,NE,6.192321250244927,81,6.060433759360743,62,2020
2020_08_NO_CHI,8,CHI,-6.242892300330666,90,-5.557541802856209,69,2020
2020_08_NO_CHI,8,NO,-1.8257522407792086,95,4.629220000577642,71,2020
2020_08_NYJ_KC,8,KC,15.828358200075792,84,19.868979508290067,67,2020
2020_08_NYJ_KC,8,NYJ,-10.132857219083235,74,-13.855394277569797,55,2020
2020_08_PIT_BAL,8,BAL,-6.195129097772444,96,-6.130945435084868,78,2020
2020_08_PIT_BAL,8,PIT,1.5205093396383247,69,-0.7733561065397225,50,2020
2020_08_SF_SEA,8,SEA,18.604200340271685,86,17.353771888906927,64,2020
2020_08_SF_SEA,8,SF,6.947068004055733,87,12.922513134646696,66,2020
2020_08_TB_NYG,8,NYG,0.8783699371427255,91,2.379798426814861,69,2020
2020_08_TB_NYG,8,TB,7.300155320001718,84,1.8009724050467648,66,2020
2020_08_TEN_CIN,8,CIN,22.1955115173499,92,18.43123533143691,69,2020
2020_08_TEN_CIN,8,TEN,10.178168978208578,75,14.380063324916517,61,2020
2020_09_BAL_IND,9,BAL,-3.6734948053015435,78,-0.01946187889229334,63,2020
2020_09_BAL_IND,9,IND,-22.904547629959104,82,-23.462969490862925,63,2020
2020_09_CAR_KC,9,CAR,17.81162787397838,102,24.14620969225151,75,2020
2020_09_CAR_KC,9,KC,18.504009499857005,77,14.542358910103555,57,2020
2020_09_CHI_TEN,9,CHI,-14.748288768371665,96,-12.159173954471612,75,2020
2020_09_CHI_TEN,9,TEN,-7.410971378134709,74,-5.068862736821135,53,2020
2020_09_DEN_ATL,9,ATL,7.332584938466388,90,4.261300105427945,67,2020
2020_09_DEN_ATL,9,DEN,1.036329193612091,92,-2.3626698272049955,71,2020
2020_09_DET_MIN,9,DET,-11.367433790171752,90,-6.987287473670611,73,2020
2020_09_DET_MIN,9,MIN,1.533607392931006,77,15.221871504094452,55,2020
2020_09_GB_SF,9,GB,21.49554933246904,80,17.673942271156967,62,2020
2020_09_GB_SF,9,SF,-1.8524053611607334,73,-3.8674306158731753,53,2020
2020_09_HOU_JAX,9,HOU,9.909193151355575,83,5.843324233412989,59,2020
2020_09_HOU_JAX,9,JAX,4.903300981693338,84,0.5824036341647308,68,2020
2020_09_LV_LAC,9,LAC,4.133054112979236,96,9.202481072878758,75,2020
2020_09_LV_LAC,9,LV,13.651464230537673,67,8.999979576648219,50,2020
2020_09_MIA_ARI,9,ARI,7.6910037907318465,85,9.691116031688537,64,2020
2020_09_MIA_ARI,9,MIA,13.161488462613269,80,7.710932804137901,53,2020
2020_09_NE_NYJ,9,NE,21.647697376510912,97,16.7544005123432,74,2020
2020_09_NE_NYJ,9,NYJ,17.34437833454445,59,13.336805285304742,44,2020
2020_09_NO_TB,9,NO,16.798278838908058,86,15.392016579443535,68,2020
2020_09_NO_TB,9,TB,-25.572605566470884,63,-24.56915541652136,45,2020
2020_09_NYG_WAS,9,NYG,7.3249781956848645,92,3.1597462318409075,71,2020
2020_09_NYG_WAS,9,WAS,1.1509110399940004,70,-0.49587151373027005,50,2020
2020_09_PIT_DAL,9,DAL,-5.098982187127385,85,-9.013803318598807,70,2020
2020_09_PIT_DAL,9,PIT,0.22238563792562438,85,1.5582671944468438,64,2020
2020_09_SEA_BUF,9,BUF,16.57880083051253,91,15.50019927708832,61,2020
2020_09_SEA_BUF,9,SEA,6.1790721254677425,81,1.5257148786038872,63,2020
2020_10_BAL_NE,10,BAL,2.50283973079165,80,3.0297573912253903,64,2020
2020_10_BAL_NE,10,NE,8.474966716444905,72,10.857538505913485,56,2020
2020_10_BUF_ARI,10,ARI,3.360896934287309,92,3.9063118683573617,71,2020
2020_10_BUF_ARI,10,BUF,1.311774851277932,97,-0.6380962343485477,68,2020
2020_10_CIN_PIT,10,CIN,-18.592921811344617,88,-13.49993890363209,64,2020
2020_10_CIN_PIT,10,PIT,10.275402154367736,92,3.3800608989913403,67,2020
2020_10_DEN_LV,10,DEN,-21.72875503812963,88,-21.871243634708346,69,2020
2020_10_DEN_LV,10,LV,6.818157723239621,89,6.360340015968609,64,2020
2020_10_HOU_CLE,10,CLE,-3.0900308309495936,77,3.029699719824288,60,2020
2020_10_HOU_CLE,10,HOU,-5.985230234116365,68,0.6925950070078564,53,2020
2020_10_IND_TEN,10,IND,15.795067860106743,82,14.026963320362098,68,2020
2020_10_IND_TEN,10,TEN,-6.638952998006814,82,-3.9088398777547937,60,2020
2020_10_JAX_GB,10,GB,-11.476809054596963,81,-2.569604354029373,58,2020
2020_10_JAX_GB,10,JAX,-12.077461767154844,81,-11.896236436854034,61,2020
2020_10_LAC_MIA,10,LAC,-12.916897470762661,82,-2.351258010021411,62,2020
2020_10_LAC_MIA,10,MIA,-3.418485677639819,74,-2.272447049012155,55,2020
2020_10_MIN_CHI,10,CHI,-13.624424030319837,64,-21.37994440639006,49,2020
2020_10_MIN_CHI,10,MIN,-3.567415229422555,89,-2.348452289963128,70,2020
2020_10_PHI_NYG,10,NYG,11.268202353081287,90,13.293220541992056,65,2020
2020_10_PHI_NYG,10,PHI,1.5411127792324404,83,4.462751397476079,65,2020
2020_10_SEA_LA,10,LA,1.9556120065449496,83,5.761821381617246,67,2020
2020_10_SEA_LA,10,SEA,-6.098650730387657,83,-11.967824519986236,65,2020
2020_10_SF_NO,10,NO,4.803060552169452,74,-5.993985878460883,52,2020
2020_10_SF_NO,10,SF,-10.13866479106748,87,-12.715852734151905,66,2020
2020_10_TB_CAR,10,CAR,-4.913510144730662,66,-11.383222157658452,48,2020
2020_10_TB_CAR,10,TB,26.38420750094786,97,27.43239024772555,74,2020
2020_10_WAS_DET,10,DET,13.123473556921933,76,10.4403082988854,55,2020
2020_10_WAS_DET,10,WAS,12.258061206207028,107,13.088968615611043,82,2020
2020_11_ARI_SEA,11,ARI,6.807534069595713,85,8.403169519966468,63,2020
2020_11_ARI_SEA,11,SEA,11.32847666957401,82,12.530607652563898,61,2020
2020_11_ATL_NO,11,ATL,-16.821972436271608,79,-18.414937769841742,59,2020
2020_11_ATL_NO,11,NO,-2.1127706298661666,82,2.3399436215268565,62,2020
2020_11_CIN_WAS,11,CIN,-14.926416277200964,85,-12.199156522024012,66,2020
2020_11_CIN_WAS,11,WAS,-3.0342111112830272,79,-2.15259085975009,58,2020
2020_11_DAL_MIN,11,DAL,4.833673729669186,80,10.218318340579629,63,2020
2020_11_DAL_MIN,11,MIN,-0.20824885745905508,81,5.415058779180981,61,2020
2020_11_DET_CAR,11,CAR,-2.347137897361634,87,-3.458525852428357,67,2020
2020_11_DET_CAR,11,DET,-25.70587280887412,69,-20.47186512593892,54,2020
2020_11_GB_IND,11,GB,-9.559454467239485,78,-2.455363083117537,55,2020
2020_11_GB_IND,11,IND,-4.215389359249814,102,1.7642166920096543,74,2020
2020_11_KC_LV,11,KC,21.16733775614819,95,25.191682948439848,71,2020
2020_11_KC_LV,11,LV,16.89795923647098,74,13.497077265449601,56,2020
2020_11_LA_TB,11,LA,-2.1038752907609166,93,0.7586804996443721,70,2020
2020_11_LA_TB,11,TB,-6.927664419794601,84,-13.503491236929221,67,2020
2020_11_MIA_DEN,11,DEN,1.4176563588854814,80,-2.633957767696174,63,2020
2020_11_MIA_DEN,11,MIA,-5.08875322762416,80,-9.97493521502235,61,2020
2020_11_NE_HOU,11,HOU,12.627573569672876,77,15.934905665909566,56,2020
2020_11_NE_HOU,11,NE,7.8814473365905355,83,10.644243284231862,65,2020
2020_11_NYJ_LAC,11,LAC,3.8210592422480687,99,3.2922847857031208,78,2020
2020_11_NYJ_LAC,11,NYJ,-1.566903260295746,79,-2.297540820611175,55,2020
2020_11_PHI_CLE,11,CLE,-10.476759245880046,86,-11.442451935035358,63,2020
2020_11_PHI_CLE,11,PHI,-14.444310854508174,83,-15.519725968803183,65,2020
2020_11_PIT_JAX,11,JAX,-24.24563542829128,76,-24.679505117768326,56,2020
2020_11_PIT_JAX,11,PIT,4.388716450326465,92,6.496591134128684,70,2020
2020_11_TEN_BAL,11,BAL,5.880198894622222,82,7.325658909605245,64,2020
2020_11_TEN_BAL,11,TEN,15.270735743019682,85,12.190996208531859,68,2020
2020_12_ARI_NE,12,ARI,-6.156970665621463,88,-4.416699063821774,70,2020
2020_12_ARI_NE,12,NE,-6.469439035891653,66,-11.431475351375404,50,2020
2020_12_BAL_PIT,12,BAL,-11.956737974453816,71,-18.63492224307265,49,2020
2020_12_BAL_PIT,12,PIT,-7.012426071362667,85,-7.1230753207552695,70,2020
2020_12_CAR_MIN,12,CAR,-0.5618360790481112,81,1.8801326474502567,63,2020
2020_12_CAR_MIN,12,MIN,-3.475577135945863,94,-0.41256690464708967,70,2020
2020_12_CHI_GB,12,CHI,3.462244201350859,83,2.5330311436223703,66,2020
2020_12_CHI_GB,12,GB,21.44567840572883,85,22.563107319234405,66,2020
2020_12_CLE_JAX,12,CLE,15.013788338708546,81,12.777097768993293,61,2020
2020_12_CLE_JAX,12,JAX,11.341564071671057,82,8.826620751539664,61,2020
2020_12_HOU_DET,12,DET,-14.482474540661787,97,-13.74207111936612,77,2020
2020_12_HOU_DET,12,HOU,8.142258583244685,76,13.539376774875613,47,2020
2020_12_KC_TB,12,KC,15.703868720754834,99,19.019009178786487,71,2020
2020_12_KC_TB,12,TB,8.611315303556474,75,8.002762799632025,54,2020
2020_12_LAC_BUF,12,BUF,4.997611616812501,75,-2.095537700953612,57,2020
2020_12_LAC_BUF,12,LAC,-5.075194164265927,101,-5.284597609385891,80,2020
2020_12_LV_ATL,12,ATL,0.5648870069080285,95,-5.828225603840619,69,2020
2020_12_LV_ATL,12,LV,-42.74067882838426,82,-41.93453783559154,58,2020
2020_12_MIA_NYJ,12,MIA,-3.0069227431948344,83,-2.792206296374397,66,2020
2020_12_MIA_NYJ,12,NYJ,-24.547482479014434,70,-18.154450616993046,53,2020
2020_12_NO_DEN,12,DEN,-28.250396717048716,58,-30.979102138718805,43,2020
2020_12_NO_DEN,12,NO,4.410571329791061,83,3.032833366100008,63,2020
2020_12_NYG_CIN,12,CIN,-8.026420810637163,64,-17.36388155135394,45,2020
2020_12_NYG_CIN,12,NYG,-2.599576934138362,99,2.4121617934685093,78,2020
2020_12_SEA_PHI,12,PHI,-10.519128910410732,89,-10.787849038052816,66,2020
2020_12_SEA_PHI,12,SEA,0.1462668215692,80,-3.6571337431702178,61,2020
2020_12_SF_LA,12,LA,-29.59917118638591,79,-28.509799027509928,60,2020
2020_12_SF_LA,12,SF,-23.961323159801076,95,-22.087764715795494,70,2020
2020_12_TEN_IND,12,IND,2.0354550890458407,91,-0.9119155750956844,68,2020
2020_12_TEN_IND,12,TEN,25.669974171418687,93,22.345867521624314,65,2020
2020_12_WAS_DAL,12,DAL,-26.4176198156431,76,-28.163872653190566,57,2020
2020_12_WAS_DAL,12,WAS,4.781615177462025,85,5.637905614975539,64,2020
2020_13_BUF_SF,13,BUF,15.993362768344886,88,13.949011833452268,67,2020
2020_13_BUF_SF,13,SF,4.578002173151817,76,5.178814966516605,60,2020
2020_13_CIN_MIA,13,CIN,-12.59756435920955,68,-12.161796630667613,50,2020
2020_13_CIN_MIA,13,MIA,1.1807485946779583,86,-0.9099184861667102,65,2020
2020_13_CLE_TEN,13,CLE,18.59305795114344,94,18.399122071153847,69,2020
2020_13_CLE_TEN,13,TEN,8.388637788697464,88,2.727186399250291,68,2020
2020_13_DAL_BAL,13,BAL,13.133749316273994,69,14.671659132966939,54,2020
2020_13_DAL_BAL,13,DAL,-6.013455681530857,98,2.4445012879033907,77,2020
2020_13_DEN_KC,13,DEN,6.6081283708051295,81,5.651832804580652,62,2020
2020_13_DEN_KC,13,KC,11.25638872412727,78,10.333637809858843,62,2020
2020_13_DET_CHI,13,CHI,7.588434234933034,90,6.191320599331089,67,2020
2020_13_DET_CHI,13,DET,13.67068853359063,85,14.645112466649152,65,2020
2020_13_IND_HOU,13,HOU,-3.596716946502529,78,-1.5154478676837506,62,2020
2020_13_IND_HOU,13,IND,4.2055502745681395,87,5.772108258502496,64,2020
2020_13_JAX_MIN,13,JAX,-12.33942214895389,88,-6.254976723304037,69,2020
2020_13_JAX_MIN,13,MIN,-15.610552680730937,116,-9.892285240816989,85,2020
2020_13_LA_ARI,13,ARI,-2.8758494411932047,82,-11.207755039251623,61,2020
2020_13_LA_ARI,13,LA,11.744963400474898,99,15.001777593659247,77,2020
2020_13_LV_NYJ,13,LV,8.196858801648292,91,2.83763145232534,73,2020
2020_13_LV_NYJ,13,NYJ,3.308051673435227,80,6.083743727053051,61,2020
2020_13_NE_LAC,13,LAC,-49.87545501231216,89,-26.94684384671266,70,2020
2020_13_NE_LAC,13,NE,4.838501415227305,81,6.397211672163649,64,2020
2020_13_NO_ATL,13,ATL,-8.638587025249999,80,-12.720073789201304,63,2020
2020_13_NO_ATL,13,NO,-2.214871718267914,95,5.659369841450825,75,2020
2020_13_NYG_SEA,13,NYG,-7.364304403337233,72,-2.511468292650844,55,2020
2020_13_NYG_SEA,13,SEA,-15.344886835969568,88,-17.02184904989385,70,2020
2020_13_PHI_GB,13,GB,13.507349587920858,77,18.29484221578373,58,2020
2020_13_PHI_GB,13,PHI,-1.387801418458209,77,-6.169851677646399,59,2020
2020_13_WAS_PIT,13,PIT,-8.399421571927476,89,-10.41796809735581,67,2020
2020_13_WAS_PIT,13,WAS,-0.6477202280937737,92,-5.7643966100483714,70,2020
2020_14_ARI_NYG,14,ARI,-0.9738055092737588,95,3.5534770800992086,76,2020
2020_14_ARI_NYG,14,NYG,-28.306543267549763,68,-18.217250880145002,49,2020
2020_14_ATL_LAC,14,ATL,1.488140375648392,67,0.3441352450304729,55,2020
2020_14_ATL_LAC,14,LAC,3.066764599007321,87,3.6353755685187283,71,2020
2020_14_BAL_CLE,14,BAL,25.260632296357524,79,22.126688710923307,57,2020
2020_14_BAL_CLE,14,CLE,17.24059087855435,104,19.02804778236871,77,2020
2020_14_DAL_CIN,14,CIN,-19.630370736543604,83,-18.133895299222786,70,2020
2020_14_DAL_CIN,14,DAL,11.350353051400598,65,8.056619981526303,49,2020
2020_14_DEN_CAR,14,CAR,-1.757693415346003,85,3.808960059950186,65,2020
2020_14_DEN_CAR,14,DEN,5.712780929711219,76,8.239925117246575,56,2020
2020_14_GB_DET,14,DET,10.94282824354607,82,8.756908986691917,58,2020
2020_14_GB_DET,14,GB,21.525665097761433,83,21.971331930719316,62,2020
2020_14_HOU_CHI,14,CHI,15.474817818673133,82,15.407381046878129,59,2020
2020_14_HOU_CHI,14,HOU,-15.4942190529977,80,-10.400781481526792,63,2020
2020_14_IND_LV,14,IND,23.225131939000565,83,22.45891234685124,57,2020
2020_14_IND_LV,14,LV,0.5595741666097884,83,0.19432366561643022,68,2020
2020_14_KC_MIA,14,KC,2.973420695869523,81,1.6134894944756444,60,2020
2020_14_KC_MIA,14,MIA,-5.008668345150219,101,-0.5473992645407328,76,2020
2020_14_MIN_TB,14,MIN,0.11377371379122891,94,12.273488303281646,77,2020
2020_14_MIN_TB,14,TB,11.75074443432255,63,9.791145673139516,45,2020
2020_14_NE_LA,14,LA,-6.561060794681428,80,-1.7615183736673625,61,2020
2020_14_NE_LA,14,NE,-30.65908041666262,73,-31.872178436365324,58,2020
2020_14_NO_PHI,14,NO,-3.7196723560757534,80,3.5317670460506467,63,2020
2020_14_NO_PHI,14,PHI,-1.318799624261593,88,4.130839908815339,62,2020
2020_14_NYJ_SEA,14,NYJ,-24.537721778382547,72,-17.434745159490934,52,2020
2020_14_NYJ_SEA,14,SEA,16.921731022116486,86,14.122451684649038,68,2020
2020_14_PIT_BUF,14,BUF,-4.501415368910093,90,-5.98493539808776,69,2020
2020_14_PIT_BUF,14,PIT,-16.602769433665603,75,-16.059123455386608,56,2020
2020_14_TEN_JAX,14,JAX,-8.641908120261554,84,-8.918196946781254,69,2020
2020_14_TEN_JAX,14,TEN,16.277623159696617,83,13.15966333936492,65,2020
2020_14_WAS_SF,14,SF,-29.97607058785173,101,-27.311014079852495,77,2020
2020_14_WAS_SF,14,WAS,-19.55154607531087,83,-17.829321306840352,58,2020
2020_15_BUF_DEN,15,BUF,33.53556991648249,88,32.396922940307064,65,2020
2020_15_BUF_DEN,15,DEN,-5.204260183423903,85,-8.334755126920905,63,2020
2020_15_CAR_GB,15,CAR,-1.0494094243180494,83,-1.282287627224688,65,2020
2020_15_CAR_GB,15,GB,5.745218954938318,78,4.654338778196157,60,2020
2020_15_CHI_MIN,15,CHI,13.168477907200693,81,8.70837453150022,64,2020
2020_15_CHI_MIN,15,MIN,3.315222814394044,84,1.6579844162375998,65,2020
2020_15_CLE_NYG,15,CLE,12.091660884722302,77,16.47077596298186,63,2020
2020_15_CLE_NYG,15,NYG,-3.6868574109394103,63,-3.2963930282851646,53,2020
2020_15_DET_TEN,15,DET,11.355249354922996,82,8.642560707314026,65,2020
2020_15_DET_TEN,15,TEN,34.29596207590936,83,31.652085854866073,64,2020
2020_15_HOU_IND,15,HOU,7.663452686463169,86,10.172142643532286,67,2020
2020_15_HOU_IND,15,IND,15.19196548934653,67,14.778407152109958,52,2020
2020_15_JAX_BAL,15,BAL,22.102011401660032,80,18.234221700762866,62,2020
2020_15_JAX_BAL,15,JAX,-5.396671615976472,72,-1.783434082462918,56,2020
2020_15_KC_NO,15,KC,2.059351300346547,116,4.900129667204236,90,2020
2020_15_KC_NO,15,NO,-4.075256358607789,74,-7.0646975913112975,53,2020
2020_15_LAC_LV,15,LAC,11.835748128133243,83,15.38224130906381,62,2020
2020_15_LAC_LV,15,LV,7.290403736120904,91,8.951296161110358,74,2020
2020_15_NE_MIA,15,MIA,9.055613111487492,87,13.58220027628186,71,2020
2020_15_NE_MIA,15,NE,1.8453772723441944,67,-5.1561859774831085,52,2020
2020_15_NYJ_LA,15,LA,-15.201497204364976,79,-14.786544826498977,56,2020
2020_15_NYJ_LA,15,NYJ,-6.257685678308597,79,0.7386898927970109,61,2020
2020_15_PHI_ARI,15,ARI,0.18348025771679988,91,1.1443782424071642,68,2020
2020_15_PHI_ARI,15,PHI,-4.5059762800976975,103,1.485985743697035,81,2020
2020_15_PIT_CIN,15,CIN,-8.462185454538703,77,-6.371006743502781,55,2020
2020_15_PIT_CIN,15,PIT,-17.384788964844873,81,-20.422635030368795,61,2020
2020_15_SEA_WAS,15,SEA,7.721556424513594,71,3.769554742220941,50,2020
2020_15_SEA_WAS,15,WAS,-1.4353889987972122,94,0.2620955593879746,80,2020
2020_15_SF_DAL,15,DAL,11.762410669065229,80,0.26291193894836784,58,2020
2020_15_SF_DAL,15,SF,4.27359293644642,103,6.8543219827026896,81,2020
2020_15_TB_ATL,15,ATL,4.168980646227482,84,1.8245055550643716,65,2020
2020_15_TB_ATL,15,TB,10.95902881797061,84,14.446987357394326,64,2020
2020_16_ATL_KC,16,ATL,1.069924513490307,83,3.4478051122049505,61,2020
2020_16_ATL_KC,16,KC,3.4168639030259986,81,0.8314701342882023,65,2020
2020_16_BUF_NE,16,BUF,31.342971176188197,87,26.726463426095705,67,2020
2020_16_BUF_NE,16,NE,-3.436389335095931,66,-7.401058254689794,48,2020
2020_16_CAR_WAS,16,CAR,2.2490948253123495,82,-7.045838636578992,63,2020
2020_16_CAR_WAS,16,WAS,-7.244191350196537,82,-9.487642158556046,69,2020
2020_16_CHI_JAX,16,CHI,21.167890566156466,91,17.515188927340866,68,2020
2020_16_CHI_JAX,16,JAX,-10.443482171364693,73,-6.9432062601110704,54,2020
2020_16_CIN_HOU,16,CIN,19.85669820956078,94,24.522731266264316,70,2020
2020_16_CIN_HOU,16,HOU,10.046784469358462,70,12.434617999498961,51,2020
2020_16_CLE_NYJ,16,CLE,-11.667828067408507,100,-10.074642155415159,73,2020
2020_16_CLE_NYJ,16,NYJ,-5.467616769119778,89,-1.1067459875770718,66,2020
2020_16_DEN_LAC,16,DEN,-4.256125801939401,94,1.5187672758573552,76,2020
2020_16_DEN_LAC,16,LAC,-3.022480677403859,75,-1.1847063250693934,55,2020
2020_16_IND_PIT,16,IND,-0.595043768217002,85,0.2103090917225927,67,2020
2020_16_IND_PIT,16,PIT,0.9724793555818412,87,-0.523962571809534,62,2020
2020_16_LA_SEA,16,LA,-8.773325976508204,92,-10.079012668448888,75,2020
2020_16_LA_SEA,16,SEA,0.9098361688967751,78,2.0193948249671596,59,2020
2020_16_MIA_LV,16,LV,0.16323857469647152,84,0.6893132792481693,59,2020
2020_16_MIA_LV,16,MIA,4.320963725917274,82,6.973141734147236,62,2020
2020_16_MIN_NO,16,MIN,9.487753396614453,82,9.848015417388641,61,2020
2020_16_MIN_NO,16,NO,29.031848073310567,91,28.374460443459846,70,2020
2020_16_NYG_BAL,16,BAL,10.911332075151003,82,16.91174746490627,64,2020
2020_16_NYG_BAL,16,NYG,-3.4889583375328708,80,-3.173833645245082,59,2020
2020_16_PHI_DAL,16,DAL,14.807880458679355,87,10.243969595457017,65,2020
2020_16_PHI_DAL,16,PHI,-6.667248199856221,98,-4.7352435382025355,71,2020
2020_16_SF_ARI,16,ARI,-15.46444720636634,98,-14.339013886002231,80,2020
2020_16_SF_ARI,16,SF,-5.124817598680039,71,9.5615844703374,54,2020
2020_16_TB_DET,16,DET,-33.30577971745318,74,-29.54704784101341,50,2020
2020_16_TB_DET,16,TB,16.96308895778132,93,26.656669059318553,69,2020
2020_16_TEN_GB,16,GB,23.384479319825058,76,20.35682586855558,61,2020
2020_16_TEN_GB,16,TEN,-6.148102363832392,69,-5.925932873389684,55,2020
2020_17_ARI_LA,17,ARI,-23.93236848190811,66,-15.296655804882317,48,2020
2020_17_ARI_LA,17,LA,-12.52698330450023,91,-9.621315257326456,70,2020
2020_17_ATL_TB,17,ATL,7.308327879889255,88,4.749100332849496,71,2020
2020_17_ATL_TB,17,TB,25.195092699711434,82,24.794319707428542,60,2020
2020_17_BAL_CIN,17,BAL,22.14562275946349,87,25.4826739748015,73,2020
2020_17_BAL_CIN,17,CIN,-21.40836791950278,60,-23.37393620677294,40,2020
2020_17_DAL_NYG,17,DAL,-4.477286892025781,100,-8.077038395816528,80,2020
2020_17_DAL_NYG,17,NYG,-2.5631808587770513,74,-1.4452457255017062,52,2020
2020_17_GB_CHI,17,CHI,-1.893847031358213,87,-8.620648642523518,74,2020
2020_17_GB_CHI,17,GB,22.116491665557014,60,21.20690413028933,44,2020
2020_17_JAX_IND,17,IND,-1.4623217713691634,80,8.338855914536165,63,2020
2020_17_JAX_IND,17,JAX,-18.099326804675474,82,-16.85715012392029,65,2020
2020_17_LAC_KC,17,KC,8.76516164864166,66,8.31347042019479,50,2020
2020_17_LAC_KC,17,LAC,27.803747781190825,83,22.330687040012098,67,2020
2020_17_LV_DEN,17,DEN,-0.3230510635609778,103,-0.26323758272381237,76,2020
2020_17_LV_DEN,17,LV,0.9764125747623313,87,4.261521498017945,64,2020
2020_17_MIA_BUF,17,BUF,15.005951304691454,85,15.148022008419503,60,2020
2020_17_MIA_BUF,17,MIA,-16.59555716263885,102,-13.572091184360474,81,2020
2020_17_MIN_DET,17,DET,14.488879572460776,73,15.537505919274974,56,2020
2020_17_MIN_DET,17,MIN,18.2683528412116,99,23.83101122765664,71,2020
2020_17_NO_CAR,17,CAR,-23.54934131762949,74,-24.12383125303313,60,2020
2020_17_NO_CAR,17,NO,9.242899119332238,79,10.327802888871187,63,2020
2020_17_NYJ_NE,17,NE,11.20093752985335,81,15.72395025222795,63,2020
2020_17_NYJ_NE,17,NYJ,-3.4591125237337357,77,2.209350250195712,62,2020
2020_17_PIT_CLE,17,CLE,8.196533068274002,79,10.624215488339466,61,2020
2020_17_PIT_CLE,17,PIT,8.136207762320478,82,7.353873410577218,66,2020
2020_17_SEA_SF,17,SEA,5.706829657942052,84,5.4609944848107155,64,2020
2020_17_SEA_SF,17,SF,0.7874401536077859,83,1.445785812288591,64,2020
2020_17_TEN_HOU,17,HOU,16.49332750376593,81,15.41484818143299,62,2020
2020_17_TEN_HOU,17,TEN,21.223452759733572,92,19.810465636969266,69,2020
2020_17_WAS_PHI,17,PHI,-18.018357318970473,82,-19.61819894373184,65,2020
2020_17_WAS_PHI,17,WAS,-9.400525242176471,80,-13.144076152405159,62,2020
2021_01_ARI_TEN,1,ARI,7.06123356808069,88,12.401723540064307,67,2021
2021_01_ARI_TEN,1,TEN,-25.417616588295303,80,-20.842223403662107,64,2021
2021_01_BAL_LV,1,BAL,-1.5203068555506185,85,-3.165240358113202,66,2021
2021_01_BAL_LV,1,LV,-0.10571342193859223,109,1.32891986925363,78,2021
2021_01_CHI_LA,1,CHI,-8.635144955067197,81,-6.605971435143147,69,2021
2021_01_CHI_LA,1,LA,14.208463214753195,64,20.446136102167017,46,2021
2021_01_CLE_KC,1,CLE,13.507049104084114,74,15.684701171630994,57,2021
2021_01_CLE_KC,1,KC,18.965512503638717,79,20.343723640936084,60,2021
2021_01_DAL_TB,1,DAL,6.880651156317763,104,9.47267001579399,77,2021
2021_01_DAL_TB,1,TB,5.235671851611501,87,3.173686940634113,64,2021
2021_01_DEN_NYG,1,DEN,18.404836385468805,77,18.574991922823493,66,2021
2021_01_DEN_NYG,1,NYG,1.5641935508907285,72,-1.6447122276294976,57,2021
2021_01_GB_NO,1,GB,-19.106072718568612,69,-20.248310186410496,52,2021
2021_01_GB_NO,1,NO,21.344859253137596,77,18.632786200667923,58,2021
2021_01_JAX_HOU,1,HOU,8.585040012981116,97,11.59386116723139,74,2021
2021_01_JAX_HOU,1,JAX,-9.612853633861759,95,-2.8438097346028686,67,2021
2021_01_LAC_WAS,1,LAC,1.570777476038686,93,8.36314642218257,75,2021
2021_01_LAC_WAS,1,WAS,-4.733269854986624,72,-4.838962486698064,49,2021
2021_01_MIA_NE,1,MIA,0.41519405038086266,68,1.5988556892901196,49,2021
2021_01_MIA_NE,1,NE,-0.2740554487240061,86,1.8459314926450663,70,2021
2021_01_MIN_CIN,1,CIN,2.0536319628170157,87,-2.00076962263557,67,2021
2021_01_MIN_CIN,1,MIN,1.8412480164131546,106,3.5083440539892763,74,2021
2021_01_NYJ_CAR,1,CAR,-6.364368008826957,82,-0.9148420466371272,60,2021
2021_01_NYJ_CAR,1,NYJ,-11.316729450801853,81,-11.482246201106811,62,2021
2021_01_PHI_ATL,1,ATL,-21.600928535859566,92,-17.880916501641014,64,2021
2021_01_PHI_ATL,1,PHI,8.277223866465963,88,14.770700250936141,67,2021
2021_01_PIT_BUF,1,BUF,-12.53760664189705,101,-7.767850342640216,79,2021
2021_01_PIT_BUF,1,PIT,-0.47004362832997426,76,-3.1661213195438305,52,2021
2021_01_SEA_IND,1,IND,-6.517559351378742,90,-6.928671023797437,72,2021
2021_01_SEA_IND,1,SEA,7.592882532767325,68,10.480323019903153,53,2021
2021_01_SF_DET,1,DET,-4.812373027055758,110,-6.580165401351477,86,2021
2021_01_SF_DET,1,SF,7.632047460016909,72,13.26952595436181,53,2021
2021_02_ATL_TB,2,ATL,-22.727310267028496,90,-19.031573792158607,70,2021
2021_02_ATL_TB,2,TB,1.9732554394468975,82,3.6469048025028314,57,2021
2021_02_BUF_MIA,2,BUF,10.224854807881394,79,9.987646374129847,62,2021
2021_02_BUF_MIA,2,MIA,-32.73346261354163,88,-31.397298336785752,69,2021
2021_02_CIN_CHI,2,CHI,-16.335576650394458,83,-13.710697356370275,58,2021
2021_02_CIN_CHI,2,CIN,-19.22015596990134,66,-18.93742013561275,55,2021
2021_02_DAL_LAC,2,DAL,6.615356722967,75,6.174227134053872,60,2021
2021_02_DAL_LAC,2,LAC,1.9295517165884375,84,5.943008415467766,63,2021
2021_02_DEN_JAX,2,DEN,9.797637377080875,86,9.266888678462719,65,2021
2021_02_DEN_JAX,2,JAX,-5.092463162174031,75,-12.874272367792383,51,2021
2021_02_DET_GB,2,DET,0.20843573517156333,72,-0.4678573951265701,56,2021
2021_02_DET_GB,2,GB,18.736261215631142,79,16.920320160657866,57,2021
2021_02_HOU_CLE,2,CLE,12.548671137194418,72,8.053608125141125,54,2021
2021_02_HOU_CLE,2,HOU,3.2671040588918543,78,5.580928880866573,58,2021
2021_02_KC_BAL,2,BAL,10.957351350038167,91,12.014063662083991,68,2021
2021_02_KC_BAL,2,KC,12.158552929543413,67,14.273766197497025,49,2021
2021_02_LA_IND,2,IND,-1.860438780780107,82,-5.287887631627389,66,2021
2021_02_LA_IND,2,LA,4.503443189885928,74,4.563283584636537,60,2021
2021_02_LV_PIT,2,LV,13.16909438531836,84,13.92595639243148,64,2021
2021_02_LV_PIT,2,PIT,1.5311727730160534,72,0.09136009083791574,56,2021
2021_02_MIN_ARI,2,ARI,6.824206269894566,81,6.988897583267752,60,2021
2021_02_MIN_ARI,2,MIN,8.512028617226823,83,11.55648227835424,60,2021
2021_02_NE_NYJ,2,NE,0.92738561207186,74,-3.0869139716613776,57,2021
2021_02_NE_NYJ,2,NYJ,-23.663249849021668,86,-21.473042713644688,67,2021
2021_02_NO_CAR,2,CAR,0.70375698521253,92,4.770354046330381,73,2021
2021_02_NO_CAR,2,NO,-20.22942417791584,61,-22.415468504070304,42,2021
2021_02_NYG_WAS,2,NYG,15.017994864728436,91,5.048679673496143,63,2021
2021_02_NYG_WAS,2,WAS,10.895789766176458,93,6.739530258010007,68,2021
2021_02_SF_PHI,2,PHI,0.800823130863253,70,-0.7669041163044286,55,2021
2021_02_SF_PHI,2,SF,8.76644346476057,83,6.3167494964813775,65,2021
2021_02_TEN_SEA,2,SEA,6.659761841178211,77,8.038895093845458,52,2021
2021_02_TEN_SEA,2,TEN,10.394264435149815,107,13.361718668007976,82,2021
2021_03_ARI_JAX,3,ARI,3.1840762020459317,83,13.830576820801456,64,2021
2021_03_ARI_JAX,3,JAX,-15.125165105606575,86,-10.224227997707203,65,2021
2021_03_ATL_NYG,3,ATL,1.246423779551308,75,1.9499746038909374,59,2021
2021_03_ATL_NYG,3,NYG,-1.2231432611732744,83,2.7121978651409897,64,2021
2021_03_BAL_DET,3,BAL,0.92691769695573,72,3.3806036493329064,56,2021
2021_03_BAL_DET,3,DET,-4.364079393500695,82,-2.5051338767245657,60,2021
2021_03_CAR_HOU,3,CAR,9.63441612931294,86,12.97662994128234,67,2021
2021_03_CAR_HOU,3,HOU,-10.615064814127672,70,-13.976442956236218,48,2021
2021_03_CHI_CLE,3,CHI,-19.675663640751736,62,-25.467947157067936,42,2021
2021_03_CHI_CLE,3,CLE,1.780626902270499,95,3.194275631688919,75,2021
2021_03_CIN_PIT,3,CIN,1.473786948264896,61,5.523004046249172,39,2021
2021_03_CIN_PIT,3,PIT,-17.420747206385762,101,-12.861208136930262,77,2021
2021_03_GB_SF,3,GB,16.884491623570064,79,6.911933237912523,57,2021
2021_03_GB_SF,3,SF,11.040285420082315,85,2.7718784655153286,65,2021
2021_03_IND_TEN,3,IND,-1.17135756272129,76,-2.5817842017844663,57,2021
2021_03_IND_TEN,3,TEN,7.577601346959728,78,0.8176062342391863,64,2021
2021_03_LAC_KC,3,KC,5.23817626440883,91,5.266931227044486,76,2021
2021_03_LAC_KC,3,LAC,13.647293645075376,83,14.262913268442116,61,2021
2021_03_MIA_LV,3,LV,-2.2219214387527906,105,1.2040995691639642,79,2021
2021_03_MIA_LV,3,MIA,-2.2562430931243593,99,-5.566949619519086,78,2021
2021_03_NO_NE,3,NE,-20.9610994232493,90,-18.689231347827352,70,2021
2021_03_NO_NE,3,NO,-2.767480086271148,78,3.941522923565671,60,2021
2021_03_NYJ_DEN,3,DEN,0.36803448470998124,80,-0.8771995691599064,63,2021
2021_03_NYJ_DEN,3,NYJ,-29.127103928651195,69,-27.092055261251517,53,2021
2021_03_PHI_DAL,3,DAL,4.414929988481562,94,6.686354544654023,68,2021
2021_03_PHI_DAL,3,PHI,-18.25872543792846,75,-10.821222850412596,53,2021
2021_03_SEA_MIN,3,MIN,17.443275692704017,90,16.873257015785846,73,2021
2021_03_SEA_MIN,3,SEA,4.373471949107945,66,5.005226446084334,52,2021
2021_03_TB_LA,3,LA,14.385913266924675,81,13.775720120811844,61,2021
2021_03_TB_LA,3,TB,3.6945503416414125,92,13.003831928547386,71,2021
2021_03_WAS_BUF,3,BUF,10.69832518864357,96,17.638322726055065,75,2021
2021_03_WAS_BUF,3,WAS,-12.994577249030263,70,-9.603640000103042,50,2021
2021_04_ARI_LA,4,ARI,20.739380131599958,95,22.3349387777249,73,2021
2021_04_ARI_LA,4,LA,-2.66688297147234,85,0.5934798495545932,63,2021
2021_04_BAL_DEN,4,BAL,3.289290747839161,90,7.130709423358731,70,2021
2021_04_BAL_DEN,4,DEN,-16.975414804633523,80,-13.011073040397605,59,2021
2021_04_CAR_DAL,4,CAR,1.6640526426153506,87,5.4502388596283735,68,2021
2021_04_CAR_DAL,4,DAL,10.578639678035392,80,14.503178837041137,56,2021
2021_04_CLE_MIN,4,CLE,-7.435778040918987,93,-5.239920775663968,75,2021
2021_04_CLE_MIN,4,MIN,-16.371769088318455,80,-16.231206365919206,62,2021
2021_04_DET_CHI,4,CHI,9.962983405233679,71,10.628277004345495,55,2021
2021_04_DET_CHI,4,DET,-0.027529963145595637,83,-3.375859501597006,67,2021
2021_04_HOU_BUF,4,BUF,6.691145042076046,85,8.166044069159167,70,2021
2021_04_HOU_BUF,4,HOU,-39.21957141824532,61,-34.931720289052464,42,2021
2021_04_IND_MIA,4,IND,16.075627922533165,87,11.89453491210041,64,2021
2021_04_IND_MIA,4,MIA,2.489956470673108,69,-4.768975798379508,49,2021
2021_04_JAX_CIN,4,CIN,13.307006362899992,72,17.994859622491013,55,2021
2021_04_JAX_CIN,4,JAX,11.690365979987982,70,10.083198162377812,55,2021
2021_04_KC_PHI,4,KC,31.911662557543895,84,32.95349325903226,62,2021
2021_04_KC_PHI,4,PHI,17.77217334213652,91,17.878057002068914,70,2021
2021_04_LV_LAC,4,LAC,-3.282954084213358,96,3.4281559457303956,73,2021
2021_04_LV_LAC,4,LV,-17.073505518430146,74,-13.051545560521763,56,2021
2021_04_NYG_NO,4,NO,-2.665142738137977,83,8.192607831113913,65,2021
2021_04_NYG_NO,4,NYG,5.368729719850584,78,14.438244282708867,61,2021
2021_04_PIT_GB,4,GB,2.7171138253340903,87,2.742680926793051,70,2021
2021_04_PIT_GB,4,PIT,-7.012360731226024,74,-8.253774251577486,58,2021
2021_04_SEA_SF,4,SEA,-0.22360404819269597,76,-3.59642475732835,52,2021
2021_04_SEA_SF,4,SF,-10.14299683693972,92,5.959676684662528,73,2021
2021_04_TB_NE,4,NE,-3.2808321125620092,77,-4.4427692572352875,53,2021
2021_04_TB_NE,4,TB,2.4995061335945015,94,7.139530892783773,71,2021
2021_04_TEN_NYJ,4,NYJ,1.8262698156920654,79,1.735684340384993,59,2021
2021_04_TEN_NYJ,4,TEN,0.12671868174285406,121,2.049994149012903,94,2021
2021_04_WAS_ATL,4,ATL,11.191873188687484,94,7.512159267334649,71,2021
2021_04_WAS_ATL,4,WAS,19.355398241623767,83,15.339060900509477,63,2021
2021_05_BUF_KC,5,BUF,14.80650634433817,73,17.948069775475574,51,2021
2021_05_BUF_KC,5,KC,-8.74158005046668,107,-12.459191927368309,79,2021
2021_05_CHI_LV,5,CHI,0.0485962876740369,80,0.2241931748616901,59,2021
2021_05_CHI_LV,5,LV,-13.535469226902816,81,-10.88310523910805,61,2021
2021_05_CLE_LAC,5,CLE,16.931369353835937,91,20.617960147018124,68,2021
2021_05_CLE_LAC,5,LAC,21.24169162245665,92,21.069707669521684,69,2021
2021_05_DEN_PIT,5,DEN,4.7811438530049735,78,7.89224779175138,59,2021
2021_05_DEN_PIT,5,PIT,12.720923143513353,81,8.253487219923473,60,2021
2021_05_DET_MIN,5,DET,-10.318452642430085,82,-13.014703020034451,64,2021
2021_05_DET_MIN,5,MIN,-8.631688314313418,82,-3.8972134965414806,63,2021
2021_05_GB_CIN,5,CIN,-6.920492484858823,84,0.8056480694688422,66,2021
2021_05_GB_CIN,5,GB,2.057075362158842,83,8.528798639624203,62,2021
2021_05_IND_BAL,5,BAL,18.664904413759707,85,21.216048887110233,73,2021
2021_05_IND_BAL,5,IND,15.966599225547998,86,19.93024974071959,64,2021
2021_05_LA_SEA,5,LA,12.819376796732977,84,14.190827299355002,66,2021
2021_05_LA_SEA,5,SEA,1.1831237502348566,81,-5.020711497099136,60,2021
2021_05_MIA_TB,5,MIA,1.0323837462648706,70,-1.3881709419141708,51,2021
2021_05_MIA_TB,5,TB,31.58622061551752,92,35.093463652858496,67,2021
2021_05_NE_HOU,5,HOU,0.24547616880247025,77,10.759941608123421,56,2021
2021_05_NE_HOU,5,NE,5.114278083271966,77,0.9426603394185609,60,2021
2021_05_NO_WAS,5,NO,6.0687313990082945,75,7.273977877513971,54,2021
2021_05_NO_WAS,5,WAS,-6.156847937526696,98,-11.171937150756206,77,2021
2021_05_NYG_DAL,5,DAL,17.429167269381377,93,13.07802150646036,74,2021
2021_05_NYG_DAL,5,NYG,-9.098467817867022,87,-8.300150863675084,64,2021
2021_05_NYJ_ATL,5,ATL,16.931541390674973,93,14.528827208493627,74,2021
2021_05_NYJ_ATL,5,NYJ,8.3864582953108,68,-1.6630723562463992,53,2021
2021_05_PHI_CAR,5,CAR,-24.833617870593493,91,-20.917250484085695,70,2021
2021_05_PHI_CAR,5,PHI,-21.23213407464144,83,-15.349425592087975,60,2021
2021_05_SF_ARI,5,ARI,-4.54201560355661,74,-0.6885782594206233,57,2021
2021_05_SF_ARI,5,SF,-11.566249297838349,76,-10.251962803518062,59,2021
2021_05_TEN_JAX,5,JAX,-7.490132252553575,86,-4.255728430566855,67,2021
2021_05_TEN_JAX,5,TEN,14.352216596586851,80,15.931298889833625,61,2021
2021_06_ARI_CLE,6,ARI,15.61639945849524,89,14.768879008594945,66,2021
2021_06_ARI_CLE,6,CLE,-16.155725841438496,72,-14.863723416579887,55,2021
2021_06_BUF_TEN,6,BUF,13.077354164285953,94,8.966388232726947,74,2021
2021_06_BUF_TEN,6,TEN,14.146363060865356,71,12.606000209038891,50,2021
2021_06_CIN_DET,6,CIN,15.558129723191726,88,13.00138654007423,65,2021
2021_06_CIN_DET,6,DET,-13.74701006356906,80,-10.035303359300283,61,2021
2021_06_DAL_NE,6,DAL,6.056768019466563,105,13.40127282600022,83,2021
2021_06_DAL_NE,6,NE,-6.267810548595764,72,-0.6278688529999927,49,2021
2021_06_GB_CHI,6,CHI,1.3892115172067614,74,1.1347622059111018,57,2021
2021_06_GB_CHI,6,GB,14.592408202022634,71,12.869738597886052,53,2021
2021_06_HOU_IND,6,HOU,-18.735171138774604,90,-16.55313795247149,74,2021
2021_06_HOU_IND,6,IND,12.922624673136815,63,13.292689186338576,47,2021
2021_06_KC_WAS,6,KC,9.179732920836928,96,9.846328272984948,78,2021
2021_06_KC_WAS,6,WAS,-13.23556862324714,74,-9.761239381152691,58,2021
2021_06_LAC_BAL,6,BAL,7.930331458514361,81,3.8324818132417366,66,2021
2021_06_LAC_BAL,6,LAC,-22.848138773711447,69,-17.377118896925822,53,2021
2021_06_LA_NYG,6,LA,11.643874911725044,84,10.76908211368629,65,2021
2021_06_LA_NYG,6,NYG,-21.31012483952497,90,-19.520286793494638,74,2021
2021_06_LV_DEN,6,DEN,-2.4699457146764336,98,-0.12304856938532005,77,2021
2021_06_LV_DEN,6,LV,10.747483463785416,74,16.527420801761682,51,2021
2021_06_MIA_JAX,6,JAX,2.770129139856338,85,5.492072212848882,62,2021
2021_06_MIA_JAX,6,MIA,1.4541053151780696,89,8.999283292365883,67,2021
2021_06_MIN_CAR,6,CAR,-13.04379851305448,95,-18.62995335347443,68,2021
2021_06_MIN_CAR,6,MIN,-2.9150814493615673,110,6.560064743464636,85,2021
2021_06_SEA_PIT,6,PIT,-2.9921689613536975,92,0.04584749813732447,70,2021
2021_06_SEA_PIT,6,SEA,-5.406934512981777,87,-3.1802579932599455,62,2021
2021_06_TB_PHI,6,PHI,3.0159132224082903,69,1.0060325441642832,48,2021
2021_06_TB_PHI,6,TB,12.99904419994195,87,18.53694384530536,70,2021
2021_07_ATL_MIA,7,ATL,5.246956174161604,80,7.090632504115746,61,2021
2021_07_ATL_MIA,7,MIA,1.3865673329877106,88,7.384280801869472,70,2021
2021_07_CAR_NYG,7,CAR,-27.00681438698666,81,-22.00277660986169,62,2021
2021_07_CAR_NYG,7,NYG,-3.073299981274274,86,-6.934567017535761,64,2021
2021_07_CHI_TB,7,CHI,-33.66328236783738,80,-28.369584285687026,65,2021
2021_07_CHI_TB,7,TB,4.4529035984768885,86,9.817030182074607,70,2021
2021_07_CIN_BAL,7,BAL,-11.29619385779263,93,-9.97220403604026,71,2021
2021_07_CIN_BAL,7,CIN,19.079584815061875,80,18.736012441581693,62,2021
2021_07_DEN_CLE,7,CLE,6.8317761423833625,83,15.382745402575978,66,2021
2021_07_DEN_CLE,7,DEN,3.8981043170507954,64,5.405379435047507,49,2021
2021_07_DET_LA,7,DET,2.0484123766092814,85,4.814911910283782,65,2021
2021_07_DET_LA,7,LA,8.362066400517943,79,10.648597838735727,60,2021
2021_07_HOU_ARI,7,ARI,2.092675308197576,85,9.175182900024128,67,2021
2021_07_HOU_ARI,7,HOU,-27.342404499300756,73,-22.53357797267573,49,2021
2021_07_IND_SF,7,IND,-0.09040862024822971,88,-5.9033922997374475,61,2021
2021_07_IND_SF,7,SF,-14.24215400943584,71,-14.646580434548941,53,2021
2021_07_KC_TEN,7,KC,-11.394558891333872,85,-6.758748035311829,67,2021
2021_07_KC_TEN,7,TEN,14.76163723199148,80,11.718778231189685,62,2021
2021_07_NO_SEA,7,NO,-9.324995840971873,88,-9.818322720604279,66,2021
2021_07_NO_SEA,7,SEA,-12.89412090189527,70,-6.59367373302538,54,2021
2021_07_NYJ_NE,7,NE,36.303770326212636,93,33.80046197113981,71,2021
2021_07_NYJ_NE,7,NYJ,-9.969432854791453,80,-7.215760195478705,62,2021
2021_07_PHI_LV,7,LV,13.504928550574462,80,15.826005031192807,62,2021
2021_07_PHI_LV,7,PHI,0.45503954413696146,84,1.9398903266265997,68,2021
2021_07_WAS_GB,7,GB,3.9882845429981533,69,4.951255819493989,53,2021
2021_07_WAS_GB,7,WAS,-9.648330567680581,81,-7.100820504940093,68,2021
2021_08_CAR_ATL,8,ATL,-9.703783049969624,69,-11.28435103458745,50,2021
2021_08_CAR_ATL,8,CAR,0.7690448421988002,90,4.287409272476775,71,2021
2021_08_CIN_NYJ,8,CIN,0.9359454647077161,76,1.2023633644203429,53,2021
2021_08_CIN_NYJ,8,NYJ,2.3582509588463183,100,3.92843326361945,77,2021
2021_08_DAL_MIN,8,DAL,-3.4541843258736193,90,1.7262795654939005,68,2021
2021_08_DAL_MIN,8,MIN,-9.655159646235756,84,-13.82292286040083,60,2021
2021_08_GB_ARI,8,ARI,4.536824508966873,71,2.7657786190975457,55,2021
2021_08_GB_ARI,8,GB,10.920850978396828,88,6.017431694579454,71,2021
2021_08_JAX_SEA,8,JAX,-16.108178035224604,92,-10.926852898905054,73,2021
2021_08_JAX_SEA,8,SEA,9.632029997361629,71,1.668149948222153,52,2021
2021_08_LA_HOU,8,HOU,-6.126812460310605,83,-6.918162075119343,59,2021
2021_08_LA_HOU,8,LA,14.589220012888926,83,14.334408774914579,66,2021
2021_08_MIA_BUF,8,BUF,3.95477285330826,87,2.955841563349371,66,2021
2021_08_MIA_BUF,8,MIA,-12.221093409418128,85,-7.71549227373345,65,2021
2021_08_NE_LAC,8,LAC,-9.009535238490091,77,-1.6494384225564467,57,2021
2021_08_NE_LAC,8,NE,-1.9944499951795445,94,-2.192661233340644,75,2021
2021_08_NYG_KC,8,KC,-1.3282623082330494,93,1.1097985318192785,76,2021
2021_08_NYG_KC,8,NYG,-3.6370116621536246,77,-3.1086080383537844,55,2021
2021_08_PHI_DET,8,DET,-28.568981062577105,77,-23.902779966654556,59,2021
2021_08_PHI_DET,8,PHI,20.90561371513002,79,14.240992172111824,61,2021
2021_08_PIT_CLE,8,CLE,-5.617100654533182,73,-5.918330528948081,58,2021
2021_08_PIT_CLE,8,PIT,2.414595116017386,86,4.049681265591356,70,2021
2021_08_SF_CHI,8,CHI,5.873363158288314,86,6.065014941283515,67,2021
2021_08_SF_CHI,8,SF,20.52739157494334,71,23.951472611900506,51,2021
2021_08_TB_NO,8,NO,3.128535524309611,94,3.2823367226813236,71,2021
2021_08_TB_NO,8,TB,-6.3872629218470545,78,-1.8064192551099696,59,2021
2021_08_TEN_IND,8,IND,-5.068610401042898,97,-10.124271128776313,72,2021
2021_08_TEN_IND,8,TEN,3.1188821913919664,93,6.618205940934287,67,2021
2021_08_WAS_DEN,8,DEN,1.1072308510494375,66,4.022141903694287,51,2021
2021_08_WAS_DEN,8,WAS,-5.858385056154852,81,-1.144027896636739,68,2021
2021_09_ARI_SF,9,ARI,15.599507877016219,86,16.40984786578417,67,2021
2021_09_ARI_SF,9,SF,-4.010917929669474,74,-6.405573534391028,56,2021
2021_09_ATL_NO,9,ATL,-1.32970655007178,76,5.2779937756826785,55,2021
2021_09_ATL_NO,9,NO,-3.542249113813858,93,-5.188200349255308,71,2021
2021_09_BUF_JAX,9,BUF,-13.127109414665028,79,-10.801198421549762,65,2021
2021_09_BUF_JAX,9,JAX,-11.145318547496572,79,-11.691193557799394,56,2021
2021_09_CHI_PIT,9,CHI,4.118807382694066,85,6.936629995452566,58,2021
2021_09_CHI_PIT,9,PIT,6.991032342151593,91,1.1273546060253397,64,2021
2021_09_CLE_CIN,9,CIN,-22.795579196484137,90,-22.577379637303483,71,2021
2021_09_CLE_CIN,9,CLE,8.461502172128286,67,14.343428954729085,46,2021
2021_09_DEN_DAL,9,DAL,-10.850002188730054,74,-9.492960074945351,59,2021
2021_09_DEN_DAL,9,DEN,10.351187368678083,93,11.735601655796701,72,2021
2021_09_GB_KC,9,GB,-7.238744870395216,76,-0.33574218641476783,60,2021
2021_09_GB_KC,9,KC,-1.3958446708997267,80,-9.44666542675425,61,2021
2021_09_HOU_MIA,9,HOU,-16.751723354769638,84,-20.19197924110887,66,2021
2021_09_HOU_MIA,9,MIA,-11.04753723420329,89,-13.81991908326952,72,2021
2021_09_LAC_PHI,9,LAC,19.094654742964213,81,19.016202971669525,65,2021
2021_09_LAC_PHI,9,PHI,12.293150828730868,72,12.716842228781701,57,2021
2021_09_LV_NYG,9,LV,-8.134668873986278,84,-3.177699168752975,67,2021
2021_09_LV_NYG,9,NYG,-1.0598052193516443,71,-2.554543110554012,53,2021
2021_09_MIN_BAL,9,BAL,14.2836103747853,116,9.369696044279946,89,2021
2021_09_MIN_BAL,9,MIN,15.505622080762208,73,9.027867423899952,52,2021
2021_09_NE_CAR,9,CAR,-30.766625746327918,74,-28.105232546359805,57,2021
2021_09_NE_CAR,9,NE,-9.516281397938876,79,-2.5124359188988272,56,2021
2021_09_NYJ_IND,9,IND,27.668452196733085,78,26.431809045625837,60,2021
2021_09_NYJ_IND,9,NYJ,12.935713438262926,96,15.291573485956938,75,2021
2021_09_TEN_LA,9,LA,-20.191245471765637,94,-17.943264506846045,74,2021
2021_09_TEN_LA,9,TEN,-5.470615949648434,76,-4.25776488072006,55,2021
2021_10_ATL_DAL,10,ATL,-32.90029786573723,69,-24.41689181660957,53,2021
2021_10_ATL_DAL,10,DAL,11.35726224181583,92,12.99280933626881,70,2021
2021_10_BAL_MIA,10,BAL,-20.793351885236383,93,-18.35976369561117,67,2021
2021_10_BAL_MIA,10,MIA,-6.623301202634398,89,-3.4131160760322174,61,2021
2021_10_BUF_NYJ,10,BUF,22.183797662120487,73,23.51765540745749,51,2021
2021_10_BUF_NYJ,10,NYJ,-13.404104399290034,95,-11.730424930296099,70,2021
2021_10_CAR_ARI,10,ARI,-27.67174785336216,71,-30.683044170567072,53,2021
2021_10_CAR_ARI,10,CAR,3.547331179548207,89,0.26158624807450526,70,2021
2021_10_CLE_NE,10,CLE,-9.300509760956096,75,-10.415523582953028,58,2021
2021_10_CLE_NE,10,NE,32.534816213100854,79,29.713880863149065,60,2021
2021_10_DET_PIT,10,DET,-14.885437493153248,96,-7.178325420115601,68,2021
2021_10_DET_PIT,10,PIT,-13.701135195834844,102,-10.71580733075719,80,2021
2021_10_JAX_IND,10,IND,-6.961767836403415,83,-2.7710771527242284,59,2021
2021_10_JAX_IND,10,JAX,-14.615654388654669,86,-0.86737020795041,63,2021
2021_10_KC_LV,10,KC,26.998494015259784,95,28.862625345155898,74,2021
2021_10_KC_LV,10,LV,-9.173572679861216,72,-8.356192430248484,51,2021
2021_10_LA_SF,10,LA,-11.673238719682026,70,-11.653562077060695,54,2021
2021_10_LA_SF,10,SF,11.667240088080094,83,9.918188526377433,63,2021
2021_10_MIN_LAC,10,LAC,-5.427502293077531,75,-6.839769518049199,55,2021
2021_10_MIN_LAC,10,MIN,4.83221639146225,95,9.300672983629164,69,2021
2021_10_NO_TEN,10,NO,-3.324662509591417,85,6.93566547757339,62,2021
2021_10_NO_TEN,10,TEN,-1.2325323511893904,81,-3.720027352524152,56,2021
2021_10_PHI_DEN,10,DEN,-13.062581284189413,78,-14.352549902496715,55,2021
2021_10_PHI_DEN,10,PHI,8.878451831793472,78,8.1937005854965,61,2021
2021_10_SEA_GB,10,GB,2.6353182444883467,85,4.497155139821476,70,2021
2021_10_SEA_GB,10,SEA,-16.62113422487164,71,-17.893323162279557,59,2021
2021_10_TB_WAS,10,TB,-3.9619732109993744,65,-0.8749094249037563,47,2021
2021_10_TB_WAS,10,WAS,6.303498246024265,88,3.0223148651373766,72,2021
2021_11_ARI_SEA,11,ARI,8.815820715027948,99,13.870238644001864,77,2021
2021_11_ARI_SEA,11,SEA,-4.068194832986968,63,-5.684530778341001,49,2021
2021_11_BAL_CHI,11,BAL,-3.420420176363599,97,-6.656297472640901,76,2021
2021_11_BAL_CHI,11,CHI,-7.535682858520237,75,-2.1677935510580655,58,2021
2021_11_CIN_LV,11,CIN,10.321774909045896,89,1.3019627277889756,70,2021
2021_11_CIN_LV,11,LV,-15.53912547346938,63,-12.937273794878418,47,2021
2021_11_DAL_KC,11,DAL,-15.530659227108117,84,-16.684208142857095,64,2021
2021_11_DAL_KC,11,KC,-6.385707572564733,83,-4.605894128248581,64,2021
2021_11_DET_CLE,11,CLE,-9.779604085632698,87,-3.961480164141138,64,2021
2021_11_DET_CLE,11,DET,-11.286773914834534,63,-11.160468537550527,46,2021
2021_11_GB_MIN,11,GB,19.056882023819256,76,23.927319118105935,53,2021
2021_11_GB_MIN,11,MIN,21.255459148486494,85,18.513721104784207,65,2021
2021_11_HOU_TEN,11,HOU,-1.96994540584167,82,-5.016947832041482,62,2021
2021_11_HOU_TEN,11,TEN,-17.203321720472402,94,-14.750071844406193,79,2021
2021_11_IND_BUF,11,BUF,-13.51952290601847,72,0.6840838099998505,55,2021
2021_11_IND_BUF,11,IND,20.543528568744417,81,17.628325448555024,66,2021
2021_11_MIA_NYJ,11,MIA,4.845220798060618,89,11.99594439793372,66,2021
2021_11_MIA_NYJ,11,NYJ,-5.172160230430407,77,4.111825384374988,59,2021
2021_11_NE_ATL,11,ATL,-35.28278260078514,69,-31.766635957115795,52,2021
2021_11_NE_ATL,11,NE,-3.0600520203465926,77,-3.3444624215422993,57,2021
2021_11_NO_PHI,11,NO,-13.878585054129974,87,-10.774839036429933,62,2021
2021_11_NO_PHI,11,PHI,-2.0310143542571075,100,0.46072861741462035,75,2021
2021_11_NYG_TB,11,NYG,-18.749788846310743,73,-20.696555782821118,54,2021
2021_11_NYG_TB,11,TB,4.280982932557671,93,7.911433186972463,74,2021
2021_11_PIT_LAC,11,LAC,8.320725093896616,96,22.3683254061325,66,2021
2021_11_PIT_LAC,11,PIT,6.980822698686737,89,-1.3447790800727684,65,2021
2021_11_SF_JAX,11,JAX,-4.066095339381185,62,-4.294444217694295,44,2021
2021_11_SF_JAX,11,SF,22.549279468441235,81,12.882425226438814,64,2021
2021_11_WAS_CAR,11,CAR,4.515425557199487,66,7.208991619816516,48,2021
2021_11_WAS_CAR,11,WAS,12.572455655566737,86,12.523819132668063,63,2021
2021_12_ATL_JAX,12,ATL,5.2695343924149345,80,6.182190101360902,57,2021
2021_12_ATL_JAX,12,JAX,-3.7982645649607294,85,-0.972773241983707,72,2021
2021_12_BUF_NO,12,BUF,6.342198574865236,78,9.185909343198048,62,2021
2021_12_BUF_NO,12,NO,-26.416285954546648,72,-19.416331415428314,57,2021
2021_12_CAR_MIA,12,CAR,-25.026564368110137,75,-16.935651731328107,54,2021
2021_12_CAR_MIA,12,MIA,2.3503418503206746,90,4.807308556596742,70,2021
2021_12_CHI_DET,12,CHI,-6.182030265159323,85,3.2083843439069835,66,2021
2021_12_CHI_DET,12,DET,-9.205498390503642,66,-1.4947929027257487,45,2021
2021_12_CLE_BAL,12,BAL,-7.665450073559818,93,-9.684362202231348,74,2021
2021_12_CLE_BAL,12,CLE,-12.983184407595594,75,-11.361359848837786,57,2021
2021_12_LAC_DEN,12,DEN,5.489583915159843,74,7.02564886311302,57,2021
2021_12_LAC_DEN,12,LAC,-11.56744810854369,83,-0.3905784064191108,65,2021
2021_12_LA_GB,12,GB,5.228148666037566,102,5.8028146540886425,78,2021
2021_12_LA_GB,12,LA,-4.334875488230591,82,-7.175073437563615,61,2021
2021_12_LV_DAL,12,DAL,6.767159750843107,98,5.889451250671039,70,2021
2021_12_LV_DAL,12,LV,16.7803141165534,114,5.407252014982859,76,2021
2021_12_MIN_SF,12,MIN,-0.8184210819873554,70,-7.229016134617152,53,2021
2021_12_MIN_SF,12,SF,6.4123455862885255,88,7.920097317125207,65,2021
2021_12_NYJ_HOU,12,HOU,-17.448782951791618,72,-15.237672450087533,55,2021
2021_12_NYJ_HOU,12,NYJ,-6.981541372756631,81,-3.0353038524025937,62,2021
2021_12_PHI_NYG,12,NYG,-7.516258575094447,73,-3.1153904802136605,57,2021
2021_12_PHI_NYG,12,PHI,-14.265629680433825,76,-12.134696829249151,64,2021
2021_12_PIT_CIN,12,CIN,13.223708693100827,83,12.490877965559624,65,2021
2021_12_PIT_CIN,12,PIT,-21.33801728377822,77,-18.29767316947623,59,2021
2021_12_SEA_WAS,12,SEA,-2.0089296325161614,61,-4.2797639138442465,46,2021
2021_12_SEA_WAS,12,WAS,-0.2899834564007375,99,1.9511409845537466,78,2021
2021_12_TB_IND,12,IND,2.0677308271651405,87,-1.1575840394734058,67,2021
2021_12_TB_IND,12,TB,12.458240853100232,85,5.883463285593892,62,2021
2021_12_TEN_NE,12,NE,17.012308151651958,73,13.371151851660377,57,2021
2021_12_TEN_NE,12,TEN,-11.441206787566287,81,-5.448302195752563,61,2021
2021_13_ARI_CHI,13,ARI,8.918922584214567,69,6.3025064027846724,52,2021
2021_13_ARI_CHI,13,CHI,-7.3441875818377405,92,-12.18173357973853,72,2021
2021_13_BAL_PIT,13,BAL,6.185342147219412,93,3.840360214349192,70,2021
2021_13_BAL_PIT,13,PIT,5.692103000009151,74,6.442733788696453,57,2021
2021_13_DAL_NO,13,DAL,-9.91973399271362,87,-6.644129526819565,62,2021
2021_13_DAL_NO,13,NO,-23.924680792024127,89,-18.591129707372477,69,2021
2021_13_DEN_KC,13,DEN,-9.72113264219649,89,-9.868788272359986,73,2021
2021_13_DEN_KC,13,KC,5.246413818066841,71,-2.084959437493589,52,2021
2021_13_IND_HOU,13,HOU,-34.65844111650949,66,-31.165992079360876,50,2021
2021_13_IND_HOU,13,IND,3.6060789585707957,87,11.571501682238999,69,2021
2021_13_JAX_LA,13,JAX,-17.169704336059862,74,-21.001146107999375,55,2021
2021_13_JAX_LA,13,LA,18.64179643512098,82,15.841418467762821,66,2021
2021_13_LAC_CIN,13,CIN,-25.017176603685954,95,-20.656191751355383,72,2021
2021_13_LAC_CIN,13,LAC,-0.6591065640579798,81,1.0157759604811298,62,2021
2021_13_MIN_DET,13,DET,-0.9129484549590856,91,-5.043939099814864,69,2021
2021_13_MIN_DET,13,MIN,0.8087890957107301,91,3.4479763067566287,73,2021
2021_13_NE_BUF,13,BUF,-10.215267133680221,73,-10.926065877000454,57,2021
2021_13_NE_BUF,13,NE,-3.6531057697283105,66,0.27880495728559085,48,2021
2021_13_NYG_MIA,13,MIA,-2.824509940836676,86,-2.1991816685981833,67,2021
2021_13_NYG_MIA,13,NYG,-11.863344631216023,83,-10.166180064727008,62,2021
2021_13_PHI_NYJ,13,NYJ,2.073905225218642,72,0.38743578286096536,56,2021
2021_13_PHI_NYJ,13,PHI,22.341123631996886,87,15.552273981814615,68,2021
2021_13_SF_SEA,13,SEA,-4.495494600674332,92,-4.03645087380578,67,2021
2021_13_SF_SEA,13,SF,-7.325365144423124,73,0.044997022824556865,55,2021
2021_13_TB_ATL,13,ATL,-5.464382143155054,90,-3.617030714074022,69,2021
2021_13_TB_ATL,13,TB,12.019150795381355,82,13.877206714368295,67,2021
2021_13_WAS_LV,13,LV,1.7935227329581975,70,-1.1824146116510788,57,2021
2021_13_WAS_LV,13,WAS,4.9875698203144125,83,1.2509709800530209,60,2021
2021_14_ATL_CAR,14,ATL,2.8406119583099105,84,2.313382333420174,63,2021
2021_14_ATL_CAR,14,CAR,-10.77801595903834,78,-10.857610995997675,62,2021
2021_14_BAL_CLE,14,BAL,-8.344524027691737,89,-7.230157732961953,69,2021
2021_14_BAL_CLE,14,CLE,-7.830231837330066,83,-4.073160152749501,59,2021
2021_14_BUF_TB,14,BUF,6.578999797422293,98,5.746209949762192,76,2021
2021_14_BUF_TB,14,TB,14.537736551386624,101,12.764212279954105,75,2021
2021_14_CHI_GB,14,CHI,-8.584054235294609,84,-7.449992028671421,58,2021
2021_14_CHI_GB,14,GB,7.2102435519077686,83,19.91160442908554,62,2021
2021_14_DAL_WAS,14,DAL,-15.654044473164763,101,-10.955093335879486,76,2021
2021_14_DAL_WAS,14,WAS,-28.148423187041004,87,-28.82662875115033,63,2021
2021_14_DET_DEN,14,DEN,20.368667556834165,81,16.557002361514606,65,2021
2021_14_DET_DEN,14,DET,-9.409745289528585,77,-8.155167284337587,62,2021
2021_14_JAX_TEN,14,JAX,-26.903331824578345,67,-21.995855670364108,51,2021
2021_14_JAX_TEN,14,TEN,-3.6174518433679865,84,2.4604578986211814,66,2021
2021_14_LA_ARI,14,ARI,-1.9737088267452423,96,-4.528498807558605,75,2021
2021_14_LA_ARI,14,LA,10.661045962875704,74,11.784118601052166,54,2021
2021_14_LV_KC,14,KC,26.74827474859514,80,18.89178333051578,54,2021
2021_14_LV_KC,14,LV,-18.218444168348846,78,-18.18383152592281,61,2021
2021_14_NO_NYJ,14,NO,9.930144701634854,87,10.111548106269147,68,2021
2021_14_NO_NYJ,14,NYJ,-17.131768778839614,82,-20.64684403146441,62,2021
2021_14_NYG_LAC,14,LAC,11.278426622397731,90,15.081985722214299,68,2021
2021_14_NYG_LAC,14,NYG,-7.7245068816678835,85,-4.7182536263132935,66,2021
2021_14_PIT_MIN,14,MIN,-4.744221148655285,88,0.16892170183752686,67,2021
2021_14_PIT_MIN,14,PIT,-14.110495479220292,96,-5.658237541834733,70,2021
2021_14_SEA_HOU,14,HOU,-10.166905802173696,100,-10.535659513105262,75,2021
2021_14_SEA_HOU,14,SEA,16.10590349536901,75,19.936189414249398,58,2021
2021_14_SF_CIN,14,CIN,3.6711897891665766,84,7.340404097190589,64,2021
2021_14_SF_CIN,14,SF,9.05439889610849,93,8.073399502279367,69,2021
2021_15_ARI_DET,15,ARI,-13.199346180204767,89,-15.19336863195587,73,2021
2021_15_ARI_DET,15,DET,6.3670950040164165,83,3.0714369350147703,62,2021
2021_15_ATL_SF,15,ATL,-8.564783931723845,78,-13.491628901360343,58,2021
2021_15_ATL_SF,15,SF,8.384803375173165,71,16.134770602551708,56,2021
2021_15_CAR_BUF,15,BUF,5.106932766970518,86,7.177730735144538,63,2021
2021_15_CAR_BUF,15,CAR,-13.06325716836704,86,-14.168877536634449,73,2021
2021_15_CIN_DEN,15,CIN,0.11278988760034547,69,-1.748987287725007,51,2021
2021_15_CIN_DEN,15,DEN,-7.950421129280052,90,-11.281752785453751,71,2021
2021_15_DAL_NYG,15,DAL,0.3606279141105668,85,2.0120650996348974,68,2021
2021_15_DAL_NYG,15,NYG,-18.69583192031132,79,-19.13974160583226,61,2021
2021_15_GB_BAL,15,BAL,13.45800247660544,84,13.969501009778586,67,2021
2021_15_GB_BAL,15,GB,17.354770735781443,81,20.390521297062918,57,2021
2021_15_HOU_JAX,15,HOU,8.04431760854073,79,-1.0251119699653533,57,2021
2021_15_HOU_JAX,15,JAX,-8.52764638107275,86,-4.941413223595581,65,2021
2021_15_KC_LAC,15,KC,11.753441994475434,84,11.202695123558005,67,2021
2021_15_KC_LAC,15,LAC,3.255353501772973,93,-1.279788097483106,78,2021
2021_15_LV_CLE,15,CLE,-5.930602461011247,71,-1.0613825744705494,53,2021
2021_15_LV_CLE,15,LV,-1.1161079071602344,85,-0.5746344214264276,64,2021
2021_15_MIN_CHI,15,CHI,-13.51138257261482,83,-11.212363835112171,69,2021
2021_15_MIN_CHI,15,MIN,-2.456165508307847,80,-5.713128969388089,60,2021
2021_15_NE_IND,15,IND,-3.905624054033779,65,0.1370047349427317,50,2021
2021_15_NE_IND,15,NE,-15.1428109708818,87,-5.306186104187832,65,2021
2021_15_NO_TB,15,NO,-14.675493417540565,80,-17.279327292600215,60,2021
2021_15_NO_TB,15,TB,-28.805702903540805,88,-21.99676462491674,73,2021
2021_15_NYJ_MIA,15,MIA,-3.3120243479476392,88,-1.7351258589682228,67,2021
2021_15_NYJ_MIA,15,NYJ,-8.40642088673325,73,-9.320605515196638,54,2021
2021_15_SEA_LA,15,LA,-0.7688692869811791,79,-4.897399297275214,59,2021
2021_15_SEA_LA,15,SEA,-12.771728968478623,72,-12.009494152335652,53,2021
2021_15_TEN_PIT,15,PIT,-13.01840439486788,69,-10.654947991937938,44,2021
2021_15_TEN_PIT,15,TEN,-19.91051687231758,94,-15.874894406557015,78,2021
2021_15_WAS_PHI,15,PHI,6.480257573408162,84,8.591952378811227,70,2021
2021_15_WAS_PHI,15,WAS,-4.30950530804587,70,-7.008618235691118,54,2021
2021_16_BAL_CIN,16,BAL,3.096097321411216,77,5.620244994672248,57,2021
2021_16_BAL_CIN,16,CIN,25.1282633477121,89,34.440355031731926,69,2021
2021_16_BUF_NE,16,BUF,22.57217237592148,90,22.928816681396874,74,2021
2021_16_BUF_NE,16,NE,3.9450216092097974,78,5.560526070708875,60,2021
2021_16_CHI_SEA,16,CHI,5.2621310442494185,87,5.086088740338323,69,2021
2021_16_CHI_SEA,16,SEA,1.2651559332314348,74,8.183275212526176,53,2021
2021_16_CLE_GB,16,CLE,6.118782416904015,80,10.063620160501532,66,2021
2021_16_CLE_GB,16,GB,6.827074747606966,76,9.271425251167004,57,2021
2021_16_DEN_LV,16,DEN,-10.207984745384078,56,-10.148034621349524,40,2021
2021_16_DEN_LV,16,LV,-5.520512226266554,80,-5.802085539517703,63,2021
2021_16_DET_ATL,16,ATL,4.935002271680315,59,3.6776926864063704,44,2021
2021_16_DET_ATL,16,DET,2.4367434309449347,86,5.797717896460391,68,2021
2021_16_IND_ARI,16,ARI,-9.342005264933068,80,3.799844999646794,64,2021
2021_16_IND_ARI,16,IND,-2.2731334397838587,87,4.443099418041202,62,2021
2021_16_JAX_NYJ,16,JAX,10.924050902045797,89,6.493765226688666,71,2021
2021_16_JAX_NYJ,16,NYJ,13.031844266473634,73,8.559096523473908,59,2021
2021_16_LAC_HOU,16,HOU,18.926486776386536,88,19.801379664463017,63,2021
2021_16_LAC_HOU,16,LAC,7.272497080164961,74,2.985187628192447,60,2021
2021_16_LA_MIN,16,LA,-2.713086018856732,86,-2.9104114577538414,69,2021
2021_16_LA_MIN,16,MIN,-13.408185732605169,81,-3.79235467323865,62,2021
2021_16_MIA_NO,16,MIA,-11.527493458935758,81,-6.357528400304541,59,2021
2021_16_MIA_NO,16,NO,-35.09189906541724,67,-34.58817061659647,51,2021
2021_16_NYG_PHI,16,NYG,-30.446692488926978,98,-26.257210984092268,73,2021
2021_16_NYG_PHI,16,PHI,-3.6007341190685604,80,1.3464935993872658,60,2021
2021_16_PIT_KC,16,KC,10.993135344850403,85,15.163629184904952,67,2021
2021_16_PIT_KC,16,PIT,-18.788742086543984,87,-19.303482367086254,69,2021
2021_16_SF_TEN,16,SF,0.37411537199038536,72,4.46846497487655,58,2021
2021_16_SF_TEN,16,TEN,1.7211335771436755,78,3.3268120679491604,58,2021
2021_16_TB_CAR,16,CAR,-21.00594482908491,87,-22.245394975018673,67,2021
2021_16_TB_CAR,16,TB,12.137680766304857,82,11.533840580327322,63,2021
2021_16_WAS_DAL,16,DAL,26.17544536064626,89,24.689462224254385,72,2021
2021_16_WAS_DAL,16,WAS,-20.733329356606664,79,-18.966907276655547,56,2021
2021_17_ARI_DAL,17,ARI,7.003971478224109,92,11.377533256613432,70,2021
2021_17_ARI_DAL,17,DAL,-0.507185231570447,81,5.00853450881639,58,2021
2021_17_ATL_BUF,17,ATL,-6.942377090584536,69,-10.731955807203722,50,2021
2021_17_ATL_BUF,17,BUF,8.375558943140174,83,5.998315799326636,69,2021
2021_17_CAR_NO,17,CAR,-20.47314885922044,77,-17.873968495742176,59,2021
2021_17_CAR_NO,17,NO,-10.9548523941756,72,-7.222161707452854,54,2021
2021_17_CLE_PIT,17,CLE,-18.992093171661352,94,-16.319525341445114,67,2021
2021_17_CLE_PIT,17,PIT,-4.251884160358557,96,-7.15173113933438,78,2021
2021_17_DEN_LAC,17,DEN,-6.1541545437338065,75,-7.625074836603947,56,2021
2021_17_DEN_LAC,17,LAC,16.72415130749205,80,9.263970477813544,64,2021
2021_17_DET_SEA,17,DET,2.392081199797655,82,1.9377550989682284,60,2021
2021_17_DET_SEA,17,SEA,24.31546238801413,89,28.34597541818642,69,2021
2021_17_HOU_SF,17,HOU,-18.13501774445414,83,-18.882577869944345,62,2021
2021_17_HOU_SF,17,SF,0.16472714385706455,76,1.9269877327177989,61,2021
2021_17_JAX_NE,17,JAX,-15.595379604680979,63,-11.492506023695022,46,2021
2021_17_JAX_NE,17,NE,28.81317677752272,87,29.434825396392508,70,2021
2021_17_KC_CIN,17,CIN,20.90562523872572,88,21.530638833386316,61,2021
2021_17_KC_CIN,17,KC,19.79158284951913,76,21.204499434037547,58,2021
2021_17_LA_BAL,17,BAL,-1.161440753741239,86,-2.3249962495503564,67,2021
2021_17_LA_BAL,17,LA,-0.3780896912928252,72,5.084319863976217,56,2021
2021_17_LV_IND,17,IND,-2.3484253585798074,74,-0.9692378784942828,54,2021
2021_17_LV_IND,17,LV,3.5391636492690663,78,4.626705925888577,61,2021
2021_17_MIA_TEN,17,MIA,-25.70113476162078,75,-21.095734898034422,59,2021
2021_17_MIA_TEN,17,TEN,9.068479972311566,79,3.6814835994840385,59,2021
2021_17_MIN_GB,17,GB,16.646849343846355,87,16.93833665715961,73,2021
2021_17_MIN_GB,17,MIN,-14.847395551987042,71,-14.57152438272982,52,2021
2021_17_NYG_CHI,17,CHI,-7.625349441934523,81,-10.710162257196615,64,2021
2021_17_NYG_CHI,17,NYG,-34.47787857946241,68,-37.40561219867773,55,2021
2021_17_PHI_WAS,17,PHI,8.392842615228048,76,9.664426688285001,60,2021
2021_17_PHI_WAS,17,WAS,1.5813358678575118,76,-1.5205984796662722,60,2021
2021_17_TB_NYJ,17,NYJ,8.796262026751501,78,7.995340233479144,60,2021
2021_17_TB_NYJ,17,TB,16.978499552425365,87,18.04505961712853,72,2021
2021_18_CAR_TB,18,CAR,-11.549966933641215,86,-13.739534701487129,70,2021
2021_18_CAR_TB,18,TB,13.482878647849185,77,17.48117106608595,59,2021
2021_18_CHI_MIN,18,CHI,-16.62105734991189,93,-22.324437176124206,81,2021
2021_18_CHI_MIN,18,MIN,-3.667784346608912,65,4.708689412531579,46,2021
2021_18_CIN_CLE,18,CIN,-8.785455978911418,71,-9.494127077651019,52,2021
2021_18_CIN_CLE,18,CLE,-4.800215967972909,78,-0.5183668667741586,65,2021
2021_18_DAL_PHI,18,DAL,34.75333656803205,79,37.42631496986071,58,2021
2021_18_DAL_PHI,18,PHI,4.551325500929398,91,6.91915045109546,70,2021
2021_18_GB_DET,18,DET,8.846672025749925,75,10.442630025673514,58,2021
2021_18_GB_DET,18,GB,3.695809669564012,83,1.3282682546894637,67,2021
2021_18_IND_JAX,18,IND,-14.238232450050301,69,-15.85835798003841,54,2021
2021_18_IND_JAX,18,JAX,3.967172519159406,81,5.729277717113602,61,2021
2021_18_KC_DEN,18,DEN,6.014129242119234,70,2.070411318520113,54,2021
2021_18_KC_DEN,18,KC,12.836052264102637,93,17.141322440890338,72,2021
2021_18_LAC_LV,18,LAC,9.627889871064923,111,10.847668526808686,89,2021
2021_18_LAC_LV,18,LV,13.786760304985801,99,-5.152692521385601,74,2021
2021_18_NE_MIA,18,MIA,9.088846207699826,89,0.8567988074527313,66,2021
2021_18_NE_MIA,18,NE,-0.6093451231847586,77,-3.650004475263602,59,2021
2021_18_NO_ATL,18,ATL,-8.101287208141034,64,-13.790586895592117,48,2021
2021_18_NO_ATL,18,NO,5.414273520571641,90,9.995508897196359,70,2021
2021_18_NYJ_BUF,18,BUF,-5.316172167584446,99,2.1562897694905123,76,2021
2021_18_NYJ_BUF,18,NYJ,-24.09817487154161,66,-23.863364451392535,46,2021
2021_18_PIT_BAL,18,BAL,-16.66680471670353,90,-17.07144581563385,71,2021
2021_18_PIT_BAL,18,PIT,-9.521145890073434,95,-4.537516950226332,72,2021
2021_18_SEA_ARI,18,ARI,-2.283910932553936,97,-1.6458539493717632,72,2021
2021_18_SEA_ARI,18,SEA,8.35283612250505,74,10.178703757305767,56,2021
2021_18_SF_LA,18,LA,2.232635603175847,80,2.6137973428099173,64,2021
2021_18_SF_LA,18,SF,3.9238505539310857,87,7.331879316389987,66,2021
2021_18_TEN_HOU,18,HOU,7.8720092786221425,73,10.176477477189291,56,2021
2021_18_TEN_HOU,18,TEN,11.450150331332187,84,16.445631692186836,63,2021
2021_18_WAS_NYG,18,NYG,-24.467832749548883,76,-26.752960786456242,59,2021
2021_18_WAS_NYG,18,WAS,-5.056094088969335,73,-1.6606854538308173,59,2021
2022_01_BAL_NYJ,1,BAL,1.1649927007545187,70,2.8077520545874464,51,2022
2022_01_BAL_NYJ,1,NYJ,-19.343633144118407,99,-15.901788920010144,79,2022
2022_01_BUF_LA,1,BUF,9.48832086695684,69,9.994808049062822,57,2022
2022_01_BUF_LA,1,LA,-19.053910707529052,82,-18.013557823736647,66,2022
2022_01_CLE_CAR,1,CAR,1.7258680135289608,73,0.7730152742231535,49,2022
2022_01_CLE_CAR,1,CLE,7.942299528717897,98,1.112665243346028,72,2022
2022_01_DEN_SEA,1,DEN,4.737263721749137,82,5.377863874890597,64,2022
2022_01_DEN_SEA,1,SEA,4.730558854266904,66,0.9277484480194236,46,2022
2022_01_GB_MIN,1,GB,-12.644881223617471,74,-11.300722266576486,59,2022
2022_01_GB_MIN,1,MIN,6.376747097649378,78,7.842899183519684,61,2022
2022_01_IND_HOU,1,HOU,-5.717248657298588,92,-11.767649549219312,67,2022
2022_01_IND_HOU,1,IND,-2.2310426936478693,110,-0.8104300699691844,90,2022
2022_01_JAX_WAS,1,JAX,3.4211220833537612,85,3.4740124922663114,63,2022
2022_01_JAX_WAS,1,WAS,6.503771830526083,92,3.283771230926737,69,2022
2022_01_KC_ARI,1,ARI,0.9593492115445734,82,0.4511251894002779,64,2022
2022_01_KC_ARI,1,KC,30.354001592590464,83,27.848635156514185,66,2022
2022_01_LV_LAC,1,LAC,-3.2635152451634646,84,5.3477316563908035,63,2022
2022_01_LV_LAC,1,LV,-5.828383266996476,71,-7.954499304605545,57,2022
2022_01_NE_MIA,1,MIA,2.1051469276145984,73,2.246308092002945,57,2022
2022_01_NE_MIA,1,NE,-11.236023845019567,69,-13.070453593856655,53,2022
2022_01_NO_ATL,1,ATL,1.166716633842479,98,-1.7334226075939725,70,2022
2022_01_NO_ATL,1,NO,3.1580229563236744,77,6.584393281135331,57,2022
2022_01_NYG_TEN,1,NYG,3.093582817077588,75,1.1329801104441284,60,2022
2022_01_NYG_TEN,1,TEN,1.5896379829802507,85,1.6712168196609536,59,2022
2022_01_PHI_DET,1,DET,7.390912198238656,89,8.098803140164819,65,2022
2022_01_PHI_DET,1,PHI,12.839184028979506,97,19.95276642402019,71,2022
2022_01_PIT_CIN,1,CIN,-18.94226012894004,116,-20.677908796762882,95,2022
2022_01_PIT_CIN,1,PIT,-11.294627276422787,83,-7.828480203342554,59,2022
2022_01_SF_CHI,1,CHI,-7.950880296832329,75,-2.6410523462109268,53,2022
2022_01_SF_CHI,1,SF,-16.23562469477421,83,-11.02134224663886,67,2022
2022_01_TB_DAL,1,DAL,-25.497268162784167,87,-21.594106253091987,63,2022
2022_01_TB_DAL,1,TB,-4.150813143723335,77,0.820716690950201,60,2022
2022_02_ARI_LV,2,ARI,3.7377066732464588,100,2.521590210148367,80,2022
2022_02_ARI_LV,2,LV,-1.8796666085214824,82,-4.88169969544383,61,2022
2022_02_ATL_LA,2,ATL,-10.250180805316194,75,-8.618555647328778,57,2022
2022_02_ATL_LA,2,LA,-6.611280768577942,76,0.7171673693579343,63,2022
2022_02_CAR_NYG,2,CAR,-7.607574745910291,75,-2.5854193746735388,54,2022
2022_02_CAR_NYG,2,NYG,-5.631056705038112,91,-9.38195862774044,68,2022
2022_02_CHI_GB,2,CHI,-4.913311417170384,55,-3.137890888258546,41,2022
2022_02_CHI_GB,2,GB,12.900021384195279,81,13.586863818718445,65,2022
2022_02_CIN_DAL,2,CIN,2.8623643962347414,89,2.95788357834862,67,2022
2022_02_CIN_DAL,2,DAL,1.888795147021919,76,-0.16827066087319587,58,2022
2022_02_HOU_DEN,2,DEN,-3.297540908984423,93,-1.3010052284349145,64,2022
2022_02_HOU_DEN,2,HOU,-8.411115420167334,77,-10.543402021644983,58,2022
2022_02_IND_JAX,2,IND,-21.31978857537615,63,-20.98051461033174,48,2022
2022_02_IND_JAX,2,JAX,6.740617736113345,83,7.320907752436508,66,2022
2022_02_LAC_KC,2,KC,4.460298411738912,75,4.372293353218245,52,2022
2022_02_LAC_KC,2,LAC,2.20838688170057,94,0.6639762778709546,73,2022
2022_02_MIA_BAL,2,BAL,22.52693251885915,76,14.43736275055187,54,2022
2022_02_MIA_BAL,2,MIA,29.726197080486163,87,30.932888543466106,69,2022
2022_02_MIN_PHI,2,MIN,-13.623870530645412,72,-12.604919211240485,59,2022
2022_02_MIN_PHI,2,PHI,4.173781971405114,88,16.783500753176316,68,2022
2022_02_NE_PIT,2,NE,0.2832997324596116,83,8.926089501071719,63,2022
2022_02_NE_PIT,2,PIT,-3.6393249023384415,73,-3.693348020952854,59,2022
2022_02_NYJ_CLE,2,CLE,15.936230305759041,82,18.806706317096626,64,2022
2022_02_NYJ_CLE,2,NYJ,16.86056820303415,91,18.13223583366473,66,2022
2022_02_SEA_SF,2,SEA,-15.508717160802384,64,-16.579949629784096,47,2022
2022_02_SEA_SF,2,SF,7.027163171283753,87,1.972902785986376,70,2022
2022_02_TB_NO,2,NO,-27.474957771306276,84,-26.722879379343556,66,2022
2022_02_TB_NO,2,TB,-13.503172758497065,86,-16.547791666428026,63,2022
2022_02_TEN_BUF,2,BUF,16.944688482256364,85,14.249122576501009,63,2022
2022_02_TEN_BUF,2,TEN,-20.622768957880375,75,-20.153079531737603,53,2022
2022_02_WAS_DET,2,DET,7.092458628358783,80,3.5053670215643287,59,2022
2022_02_WAS_DET,2,WAS,-1.2120786453846384,91,3.744846774003469,74,2022
2022_03_ATL_SEA,3,ATL,19.898185078274544,70,16.61748062198388,52,2022
2022_03_ATL_SEA,3,SEA,12.663655277313566,87,13.275777957754709,69,2022
2022_03_BAL_NE,3,BAL,13.121381660736853,76,12.444915047054666,56,2022
2022_03_BAL_NE,3,NE,-3.3059818075113974,81,0.27562302728445687,64,2022
2022_03_BUF_MIA,3,BUF,4.4128330707618915,105,9.655211640069139,89,2022
2022_03_BUF_MIA,3,MIA,5.460977649332344,56,5.226488997315755,39,2022
2022_03_CIN_NYJ,3,CIN,-0.07304647801924258,84,3.7416345487507194,64,2022
2022_03_CIN_NYJ,3,NYJ,-21.27970052708406,92,-24.407784071292525,76,2022
2022_03_DAL_NYG,3,DAL,7.506107399153891,82,10.794167431160979,59,2022
2022_03_DAL_NYG,3,NYG,-2.054873159343891,90,-4.576005187730139,67,2022
2022_03_DET_MIN,3,DET,-6.411194243520615,95,3.2939393345856445,75,2022
2022_03_DET_MIN,3,MIN,-5.3424429622748875,86,-1.0947314005918383,65,2022
2022_03_GB_TB,3,GB,-5.8175263639994474,78,-6.00242983881617,60,2022
2022_03_GB_TB,3,TB,-9.276203469213097,80,-12.032066032368132,59,2022
2022_03_HOU_CHI,3,CHI,-1.6169983576099431,83,-1.7101851558765384,60,2022
2022_03_HOU_CHI,3,HOU,-1.7743039271143313,74,-5.410770323020816,57,2022
2022_03_JAX_LAC,3,JAX,16.105841563598602,90,16.076758514708757,74,2022
2022_03_JAX_LAC,3,LAC,-20.74240851250745,77,-14.832399129325523,58,2022
2022_03_KC_IND,3,IND,-0.3011816815583369,83,-10.933255379615765,68,2022
2022_03_KC_IND,3,KC,-2.401250335599918,78,2.1596582301390934,61,2022
2022_03_LA_ARI,3,ARI,-7.666377264074981,99,-2.975403646998493,81,2022
2022_03_LA_ARI,3,LA,4.211947867659073,64,9.83729971342929,44,2022
2022_03_LV_TEN,3,LV,8.150626877701793,85,6.620267489307706,66,2022
2022_03_LV_TEN,3,TEN,6.56273117075194,73,9.908643276319978,53,2022
2022_03_NO_CAR,3,CAR,-4.96601327659963,76,-7.571231932941121,59,2022
2022_03_NO_CAR,3,NO,-16.42855428735386,88,-3.9337918110916927,64,2022
2022_03_PHI_WAS,3,PHI,5.530449483501579,83,1.9501573572313093,66,2022
2022_03_PHI_WAS,3,WAS,-15.048074677077121,94,-23.26992449485976,75,2022
2022_03_PIT_CLE,3,CLE,5.547666666972654,87,7.922467721238441,71,2022
2022_03_PIT_CLE,3,PIT,-7.356902342914352,77,-2.0228250374447594,55,2022
2022_03_SF_DEN,3,DEN,-19.50827184635261,93,-16.67796886612345,68,2022
2022_03_SF_DEN,3,SF,-17.74090881385147,70,-15.744236772877764,52,2022
2022_04_ARI_CAR,4,ARI,-6.306189612586149,89,-4.166681729136379,68,2022
2022_04_ARI_CAR,4,CAR,-21.537761672603015,66,-24.456644969495052,52,2022
2022_04_BUF_BAL,4,BAL,-3.052953263947372,87,-2.5807740545819566,63,2022
2022_04_BUF_BAL,4,BUF,1.2443574764485428,78,1.5094172857124875,60,2022
2022_04_CHI_NYG,4,CHI,1.8789972258964553,77,-5.362023851650046,60,2022
2022_04_CHI_NYG,4,NYG,8.017416664604,84,4.329622740441833,61,2022
2022_04_CLE_ATL,4,ATL,3.7389612870879136,69,1.907941241349333,52,2022
2022_04_CLE_ATL,4,CLE,-0.35593492169802676,89,3.7189926332702843,71,2022
2022_04_DEN_LV,4,DEN,-12.73914957744407,70,-9.174804752779867,48,2022
2022_04_DEN_LV,4,LV,-2.3870698898040006,95,2.7564452660130314,72,2022
2022_04_JAX_PHI,4,JAX,-12.66996254287209,60,-15.216497659683228,46,2022
2022_04_JAX_PHI,4,PHI,-5.246364066724812,97,-2.595171651893174,75,2022
2022_04_KC_TB,4,KC,20.46843914453614,96,19.24072715943947,77,2022
2022_04_KC_TB,4,TB,3.13573638518787,80,8.281870728457061,59,2022
2022_04_LAC_HOU,4,HOU,-8.300159716523723,73,-3.594958555857999,53,2022
2022_04_LAC_HOU,4,LAC,4.17063684990986,90,15.743696687688798,63,2022
2022_04_LA_SF,4,LA,-13.208441346418113,88,-16.03203940583193,73,2022
2022_04_LA_SF,4,SF,1.8037823902720982,66,9.601508316099423,49,2022
2022_04_MIA_CIN,4,CIN,7.385272901521383,82,6.831907539900629,60,2022
2022_04_MIA_CIN,4,MIA,-5.910718703132638,80,-2.2851262697229004,60,2022
2022_04_MIN_NO,4,MIN,13.14110473336875,92,-1.0406084955624397,67,2022
2022_04_MIN_NO,4,NO,9.573913844085201,78,10.216227008188477,58,2022
2022_04_NE_GB,4,GB,-1.2224137378927855,91,0.848021078565425,71,2022
2022_04_NE_GB,4,NE,-1.9126730953414524,77,1.3067265934394872,58,2022
2022_04_NYJ_PIT,4,NYJ,1.6724883766889969,86,2.511011628886788,67,2022
2022_04_NYJ_PIT,4,PIT,-3.9988442957681647,79,-4.823465376639174,60,2022
2022_04_SEA_DET,4,DET,18.838095491148994,95,18.046931887899895,68,2022
2022_04_SEA_DET,4,SEA,29.05308572681411,88,36.546298375441516,61,2022
2022_04_TEN_IND,4,IND,-8.877372017176203,81,-5.066843865737162,63,2022
2022_04_TEN_IND,4,TEN,1.7602265904899643,68,2.0756820269507514,49,2022
2022_04_WAS_DAL,4,DAL,-2.686520966863573,80,-10.443114821858693,57,2022
2022_04_WAS_DAL,4,WAS,-20.288498404342374,93,-18.848059814136526,71,2022
2022_05_ATL_TB,5,ATL,0.09285630311998316,82,5.14924417936404,62,2022
2022_05_ATL_TB,5,TB,6.7109325401549675,90,10.710044386773022,73,2022
2022_05_CHI_MIN,5,CHI,4.226864238431793,63,0.5134775286690392,48,2022
2022_05_CHI_MIN,5,MIN,7.89486406829988,95,16.841759531100006,72,2022
2022_05_CIN_BAL,5,BAL,2.060992801198687,79,-2.663953508973584,60,2022
2022_05_CIN_BAL,5,CIN,-1.3072897510417785,75,-3.864135526886055,59,2022
2022_05_DAL_LA,5,DAL,-10.057764928916818,69,-6.069245736463669,51,2022
2022_05_DAL_LA,5,LA,-29.08458908024279,85,-17.426984342284875,64,2022
2022_05_DET_NE,5,DET,-25.212402836652473,77,-27.493259080743883,63,2022
2022_05_DET_NE,5,NE,8.404528307816847,73,4.2410268564933125,54,2022
2022_05_HOU_JAX,5,HOU,0.3668049202102215,74,-3.457009976483908,55,2022
2022_05_HOU_JAX,5,JAX,-9.355162849707995,86,-7.955583228891133,72,2022
2022_05_IND_DEN,5,DEN,-17.55649106920464,93,-14.54736573999737,69,2022
2022_05_IND_DEN,5,IND,-15.38210284768138,97,-14.676281216629263,72,2022
2022_05_LAC_CLE,5,CLE,10.24551976641155,82,11.403883750723345,65,2022
2022_05_LAC_CLE,5,LAC,17.0349894901317,87,19.59989098465679,67,2022
2022_05_LV_KC,5,KC,13.971758278612366,89,14.080684940729352,69,2022
2022_05_LV_KC,5,LV,15.625080660641562,79,9.542013815100848,57,2022
2022_05_MIA_NYJ,5,MIA,-10.359865249337261,84,-13.438446665544847,62,2022
2022_05_MIA_NYJ,5,NYJ,12.234793966973422,77,7.230033207424119,53,2022
2022_05_NYG_GB,5,GB,9.756374828314776,80,3.9720013815151987,61,2022
2022_05_NYG_GB,5,NYG,15.918779138433601,76,15.870982071262073,56,2022
2022_05_PHI_ARI,5,ARI,1.288718039706036,85,6.774846510538874,67,2022
2022_05_PHI_ARI,5,PHI,8.49111177465009,85,9.98137063051394,70,2022
2022_05_PIT_BUF,5,BUF,14.214022950839473,71,20.558498114960287,51,2022
2022_05_PIT_BUF,5,PIT,-24.610424812708516,91,-8.787327115914477,72,2022
2022_05_SEA_NO,5,NO,3.7626716399034477,99,6.517598800556145,70,2022
2022_05_SEA_NO,5,SEA,-2.7836542909584248,76,-0.12528985143657767,50,2022
2022_05_SF_CAR,5,CAR,-13.16422373770899,85,-11.533198843202836,66,2022
2022_05_SF_CAR,5,SF,13.263032688920532,85,15.799656807398954,59,2022
2022_05_TEN_WAS,5,TEN,0.709794717216718,84,-1.057013991754502,62,2022
2022_05_TEN_WAS,5,WAS,-4.141654247329668,80,-2.614478779980474,57,2022
2022_06_ARI_SEA,6,ARI,-18.37495487266225,85,-14.433516566743585,71,2022
2022_06_ARI_SEA,6,SEA,-8.97179102724423,87,-12.578454882405618,66,2022
2022_06_BAL_NYG,6,BAL,0.5469085460655814,76,7.141502040976823,58,2022
2022_06_BAL_NYG,6,NYG,3.201786182633222,81,7.501490915654155,59,2022
2022_06_BUF_KC,6,BUF,7.408925108627736,86,8.396915778434236,70,2022
2022_06_BUF_KC,6,KC,3.0243877873592044,82,2.8791997976672405,61,2022
2022_06_CAR_LA,6,CAR,-16.88228401966428,60,-15.122472109287134,43,2022
2022_06_CAR_LA,6,LA,-1.574497800605489,82,0.4920302961107055,61,2022
2022_06_CIN_NO,6,CIN,15.226466226150166,71,15.283538439817843,54,2022
2022_06_CIN_NO,6,NO,9.734387577515328,91,7.70712040202096,71,2022
2022_06_DAL_PHI,6,DAL,-6.20621218052004,80,-4.123705621121506,64,2022
2022_06_DAL_PHI,6,PHI,4.063376017454448,86,1.0542666901931539,67,2022
2022_06_DEN_LAC,6,DEN,-7.380151334158494,76,-8.425821814501505,55,2022
2022_06_DEN_LAC,6,LAC,-4.591786213508225,111,-13.321416778185673,83,2022
2022_06_JAX_IND,6,IND,17.074193675112596,95,15.70520154410443,76,2022
2022_06_JAX_IND,6,JAX,11.825188036429925,77,11.67316503425548,59,2022
2022_06_MIN_MIA,6,MIA,-14.107217563170057,93,-9.508278147147422,74,2022
2022_06_MIN_MIA,6,MIN,-4.662062974165291,72,-5.329598343554272,49,2022
2022_06_NE_CLE,6,CLE,-16.15049036710104,87,-19.20358461480474,68,2022
2022_06_NE_CLE,6,NE,12.267666720715107,92,10.310837810997098,62,2022
2022_06_NYJ_GB,6,GB,-28.102604160390378,91,-23.595782260684224,69,2022
2022_06_NYJ_GB,6,NYJ,-4.884105586779915,71,1.4777408905288847,50,2022
2022_06_SF_ATL,6,ATL,4.295049678675204,72,6.850730101752561,56,2022
2022_06_SF_ATL,6,SF,-10.305411061550803,74,-6.878998004365712,57,2022
2022_06_TB_PIT,6,PIT,1.9758855027914004,79,1.7717644239668862,59,2022
2022_06_TB_PIT,6,TB,1.861528560155537,93,4.858669873454607,68,2022
2022_06_WAS_CHI,6,CHI,-8.39953050263231,82,-7.7075118873035535,69,2022
2022_06_WAS_CHI,6,WAS,-0.684535728840157,72,-5.852982433635652,54,2022
2022_07_ATL_CIN,7,ATL,-0.3891168312856501,62,0.6638942788995337,45,2022
2022_07_ATL_CIN,7,CIN,19.96656040623187,83,27.38497919283691,65,2022
2022_07_CHI_NE,7,CHI,7.081637252662185,86,9.493426507575917,69,2022
2022_07_CHI_NE,7,NE,-18.144003530410217,67,-11.648035670630634,47,2022
2022_07_CLE_BAL,7,BAL,2.3277042671990538,79,-4.476190856272237,62,2022
2022_07_CLE_BAL,7,CLE,1.1139589599053328,76,4.272444516781212,56,2022
2022_07_DET_DAL,7,DAL,-1.7679536653556904,79,1.543741638324362,57,2022
2022_07_DET_DAL,7,DET,-20.94100210320903,72,-16.13396984582061,56,2022
2022_07_GB_WAS,7,GB,-4.046325844550884,70,-4.448925313132349,46,2022
2022_07_GB_WAS,7,WAS,-1.59894452831834,91,-4.189201390719111,72,2022
2022_07_HOU_LV,7,HOU,-0.3536338430091277,80,3.73957703750229,65,2022
2022_07_HOU_LV,7,LV,17.540451159652438,73,17.184478774641764,53,2022
2022_07_IND_TEN,7,IND,-17.292332800002818,78,-13.823358551958002,64,2022
2022_07_IND_TEN,7,TEN,-6.817744696876083,73,-6.479689294889955,55,2022
2022_07_KC_SF,7,KC,29.765157174875203,79,33.21260760730365,55,2022
2022_07_KC_SF,7,SF,4.950660908275651,97,3.86114186092213,71,2022
2022_07_NO_ARI,7,ARI,8.321725036618295,85,8.738467174320293,61,2022
2022_07_NO_ARI,7,NO,2.1520056486724206,92,2.1912709895247393,70,2022
2022_07_NYG_JAX,7,JAX,5.751656376110081,87,9.212907231820306,66,2022
2022_07_NYG_JAX,7,NYG,13.981451104599884,89,11.870614664376347,70,2022
2022_07_NYJ_DEN,7,DEN,-15.137823584969205,93,-12.299876696031872,75,2022
2022_07_NYJ_DEN,7,NYJ,-5.744595933952418,79,-7.269851742160341,52,2022
2022_07_PIT_MIA,7,MIA,-4.068496285311461,78,-1.98136589927406,61,2022
2022_07_PIT_MIA,7,PIT,-11.419537103079541,90,-6.584500237471599,68,2022
2022_07_SEA_LAC,7,LAC,-15.24735216731776,91,-16.818328175286297,69,2022
2022_07_SEA_LAC,7,SEA,10.043739058667327,84,7.80970334403359,61,2022
2022_07_TB_CAR,7,CAR,7.6289880440615505,66,6.784178900939878,50,2022
2022_07_TB_CAR,7,TB,-11.619094745081384,82,-10.21750050636015,66,2022
2022_08_ARI_MIN,8,ARI,-2.982350530928234,95,-4.983334591666706,70,2022
2022_08_ARI_MIN,8,MIN,2.3564794069487824,90,0.703051100763064,68,2022
2022_08_BAL_TB,8,BAL,14.839520523981045,93,10.129929531138593,71,2022
2022_08_BAL_TB,8,TB,6.91080894586113,86,4.2173573282880055,62,2022
2022_08_CAR_ATL,8,ATL,0.13051484315197603,90,2.312891114422416,66,2022
2022_08_CAR_ATL,8,CAR,0.3815123239187219,99,6.8155731833454904,74,2022
2022_08_CHI_DAL,8,CHI,1.9096742267554285,98,0.5806499825982869,73,2022
2022_08_CHI_DAL,8,DAL,24.34137491708605,73,24.568942265410442,55,2022
2022_08_CIN_CLE,8,CIN,-12.409964093733677,67,-8.742954279420875,50,2022
2022_08_CIN_CLE,8,CLE,7.561322242023277,85,14.088450948064835,67,2022
2022_08_DEN_JAX,8,DEN,1.325943759542278,77,1.1912962705246173,60,2022
2022_08_DEN_JAX,8,JAX,-2.409512214681697,90,-6.364125233122785,65,2022
2022_08_GB_BUF,8,BUF,8.606732505215186,71,6.577771767102915,53,2022
2022_08_GB_BUF,8,GB,-1.260216365130716,79,3.858128482183229,63,2022
2022_08_LV_NO,8,LV,-22.58878818154335,72,-20.782428712234832,55,2022
2022_08_LV_NO,8,NO,5.967606153868953,74,9.232394347678504,63,2022
2022_08_MIA_DET,8,DET,11.51294413459848,79,10.921195117764828,57,2022
2022_08_MIA_DET,8,MIA,18.693158788498025,79,21.15201497026977,61,2022
2022_08_NE_NYJ,8,NE,-4.701811428603299,92,-8.67502228427288,72,2022
2022_08_NE_NYJ,8,NYJ,-14.793751995514711,77,-6.779978875585423,58,2022
2022_08_NYG_SEA,8,NYG,-6.857224355203847,84,-6.518322892507143,64,2022
2022_08_NYG_SEA,8,SEA,7.219909000197511,80,-5.759628596268564,61,2022
2022_08_PIT_PHI,8,PHI,18.763522846204918,71,20.925250137283,52,2022
2022_08_PIT_PHI,8,PIT,-4.1024516221508875,94,-3.8759133408209436,70,2022
2022_08_SF_LA,8,LA,-4.3897913914367095,71,-4.543031932902522,55,2022
2022_08_SF_LA,8,SF,17.643610741951036,67,17.752417815157724,52,2022
2022_08_TEN_HOU,8,HOU,-15.621775281638529,69,-17.30111709307754,50,2022
2022_08_TEN_HOU,8,TEN,-5.137534855212398,77,2.526875964725165,57,2022
2022_08_WAS_IND,8,IND,-4.6075469785948915,73,-7.743474474655775,53,2022
2022_08_WAS_IND,8,WAS,-4.608725539338156,75,-4.025363665552527,61,2022
2022_09_BAL_NO,9,BAL,9.938457763061276,82,10.271964625673895,65,2022
2022_09_BAL_NO,9,NO,-10.493590441530454,69,-7.804047198607222,49,2022
2022_09_BUF_NYJ,9,BUF,0.2513248944607511,75,-1.455034801088912,61,2022
2022_09_BUF_NYJ,9,NYJ,1.952878873650818,74,3.931209664252899,60,2022
2022_09_CAR_CIN,9,CAR,-0.9989232965001436,66,-1.3000235633226112,48,2022
2022_09_CAR_CIN,9,CIN,20.787406268911145,92,27.03171637680771,70,2022
2022_09_GB_DET,9,DET,-6.1040013734143,73,-7.125148657083511,57,2022
2022_09_GB_DET,9,GB,-9.721250005342764,80,-8.342613640224526,69,2022
2022_09_IND_NE,9,IND,-44.34677496991935,82,-37.91078501304084,60,2022
2022_09_IND_NE,9,NE,-17.72243606753075,81,-19.647318634577516,61,2022
2022_09_LAC_ATL,9,ATL,-4.24340151109438,75,0.008211436782494808,60,2022
2022_09_LAC_ATL,9,LAC,-1.2850858634797264,83,2.070223945006556,67,2022
2022_09_LA_TB,9,LA,-10.309832992831993,76,-10.186078519156267,54,2022
2022_09_LA_TB,9,TB,-10.165730542575524,102,-12.48863703464,78,2022
2022_09_LV_JAX,9,JAX,6.2131605307965945,84,12.36431619486531,66,2022
2022_09_LV_JAX,9,LV,2.1647363684907512,74,3.394337023985342,57,2022
2022_09_MIA_CHI,9,CHI,7.787944603131006,89,12.673341314105215,70,2022
2022_09_MIA_CHI,9,MIA,14.482731642713526,70,15.122693565367602,50,2022
2022_09_MIN_WAS,9,MIN,0.573019140604786,83,-6.012580937868734,65,2022
2022_09_MIN_WAS,9,WAS,-4.157250155169847,78,-9.794754336641436,60,2022
2022_09_PHI_HOU,9,HOU,-5.901456857728154,74,-6.60942264185759,57,2022
2022_09_PHI_HOU,9,PHI,9.654980434487104,78,11.925563721805542,61,2022
2022_09_SEA_ARI,9,ARI,-11.664188093574722,84,-9.324677399679786,61,2022
2022_09_SEA_ARI,9,SEA,3.9107465051592585,89,6.041329453382119,68,2022
2022_09_TEN_KC,9,KC,-3.1695303931185532,117,6.1460336376286975,92,2022
2022_09_TEN_KC,9,TEN,-3.9641097697593315,69,-3.66009566986059,47,2022
2022_10_ARI_LA,10,ARI,-1.3353830818867503,85,3.0660305903310823,64,2022
2022_10_ARI_LA,10,LA,-15.248428231275874,81,-11.57260957310824,59,2022
2022_10_ATL_CAR,10,ATL,-11.151333177315635,79,-6.576800263399491,59,2022
2022_10_ATL_CAR,10,CAR,0.6222253993338862,85,5.253799809452971,64,2022
2022_10_CLE_MIA,10,CLE,-1.6100304153213325,81,-5.554689021687247,61,2022
2022_10_CLE_MIA,10,MIA,21.953827765234504,82,25.469887331087854,64,2022
2022_10_DAL_GB,10,DAL,5.925985030249962,99,0.5929058649926446,79,2022
2022_10_DAL_GB,10,GB,8.837436631906117,82,13.923376400434677,60,2022
2022_10_DEN_TEN,10,DEN,-9.878505475425676,100,-9.008437536598318,72,2022
2022_10_DEN_TEN,10,TEN,-3.7219283532165974,79,-5.074886386221406,60,2022
2022_10_DET_CHI,10,CHI,2.933977784183613,77,4.3125709762988755,58,2022
2022_10_DET_CHI,10,DET,7.74804097254159,77,10.613657232379701,58,2022
2022_10_HOU_NYG,10,HOU,0.3555653790104647,81,0.5725467564319096,60,2022
2022_10_HOU_NYG,10,NYG,7.48043542089159,88,9.517985412504448,66,2022
2022_10_IND_LV,10,IND,3.9679385439107424,78,9.004866940326371,59,2022
2022_10_IND_LV,10,LV,-3.8361978206771896,83,-4.313002282593399,65,2022
2022_10_JAX_KC,10,JAX,-3.45072093829988,81,5.366762850851133,61,2022
2022_10_JAX_KC,10,KC,6.954536892184793,74,16.715817082149442,61,2022
2022_10_LAC_SF,10,LAC,-8.296361339583576,76,-8.459835188231866,56,2022
2022_10_LAC_SF,10,SF,-2.3943115471909797,85,4.125040446074594,69,2022
2022_10_MIN_BUF,10,BUF,-2.1555925117411245,96,-4.124127694417952,72,2022
2022_10_MIN_BUF,10,MIN,3.1948974717255125,101,5.413692087826465,78,2022
2022_10_NO_PIT,10,NO,-11.27346584376884,61,-13.077865914846432,45,2022
2022_10_NO_PIT,10,PIT,0.26325649619791225,98,1.304847992820374,78,2022
2022_10_SEA_TB,10,SEA,3.254668997630428,66,0.523315721559114,51,2022
2022_10_SEA_TB,10,TB,7.8788917342478815,87,11.291122762519583,68,2022
2022_10_WAS_PHI,10,PHI,-7.261598834344332,64,-5.839264365611598,47,2022
2022_10_WAS_PHI,10,WAS,9.759476109146973,99,5.886361626371736,77,2022
2022_11_CAR_BAL,11,BAL,-11.316594571529471,86,-7.678309500846439,65,2022
2022_11_CAR_BAL,11,CAR,-21.475396973837633,72,-22.263986617486047,54,2022
2022_11_CHI_ATL,11,ATL,3.2657413449380504,69,-0.6203725386147472,48,2022
2022_11_CHI_ATL,11,CHI,2.355032985961061,87,1.7380733798760781,66,2022
2022_11_CIN_PIT,11,CIN,15.765916581675215,84,9.812335909754383,63,2022
2022_11_CIN_PIT,11,PIT,1.7949261804842984,98,-2.626474308486963,68,2022
2022_11_CLE_BUF,11,BUF,15.47757112687605,80,7.14154499030581,62,2022
2022_11_CLE_BUF,11,CLE,1.6006933436915272,95,5.486824020601766,67,2022
2022_11_DAL_MIN,11,DAL,23.050397208375855,85,20.23293958573197,70,2022
2022_11_DAL_MIN,11,MIN,-24.351001581933815,79,-19.959616871771335,54,2022
2022_11_DET_NYG,11,DET,8.606106727036918,83,6.751179092543645,60,2022
2022_11_DET_NYG,11,NYG,-7.252770742734993,91,-1.602358304065885,73,2022
2022_11_KC_LAC,11,KC,13.731262157735296,81,15.382618992333445,61,2022
2022_11_KC_LAC,11,LAC,5.132284865429508,81,5.546117554138886,65,2022
2022_11_LA_NO,11,LA,-3.004699486827711,82,-0.08425432788343734,61,2022
2022_11_LA_NO,11,NO,5.481115025124861,74,4.82216286961221,54,2022
2022_11_LV_DEN,11,DEN,0.16139776432881825,80,-0.49716475545814687,62,2022
2022_11_LV_DEN,11,LV,6.478022936601143,83,6.4542030397897605,62,2022
2022_11_NYJ_NE,11,NE,-18.931437536156785,77,-7.724480569975261,59,2022
2022_11_NYJ_NE,11,NYJ,-25.513088308565784,71,-20.579513103759382,49,2022
2022_11_PHI_IND,11,IND,-14.99007364731484,81,-9.04322927594031,62,2022
2022_11_PHI_IND,11,PHI,-13.304511799755819,82,-7.915379966336207,59,2022
2022_11_SF_ARI,11,ARI,-10.496692422500395,86,-11.735135075104264,71,2022
2022_11_SF_ARI,11,SF,21.761302297631964,73,20.450144635534905,55,2022
2022_11_TEN_GB,11,GB,-3.73847380335727,72,-1.55134654215626,60,2022
2022_11_TEN_GB,11,TEN,8.704300282059508,79,14.691258841223316,61,2022
2022_11_WAS_HOU,11,HOU,-21.08449048190347,70,-21.26235248572405,53,2022
2022_11_WAS_HOU,11,WAS,-3.863441617413716,85,-4.2779491010670725,67,2022
2022_12_ATL_WAS,12,ATL,0.29697524195997715,69,0.9971808943922946,55,2022
2022_12_ATL_WAS,12,WAS,5.930646977475747,76,7.284093679571748,59,2022
2022_12_BAL_JAX,12,BAL,7.875717090967295,88,7.607083060395484,68,2022
2022_12_BAL_JAX,12,JAX,4.245218811921678,80,2.993459691877745,62,2022
2022_12_BUF_DET,12,BUF,8.31190444710094,92,7.3949133626333845,74,2022
2022_12_BUF_DET,12,DET,4.851146873774705,86,2.383367232880772,68,2022
2022_12_CHI_NYJ,12,CHI,-5.621892361391851,72,-3.478192333435228,55,2022
2022_12_CHI_NYJ,12,NYJ,14.495788058908461,75,14.730842453100442,60,2022
2022_12_CIN_TEN,12,CIN,4.935336317606173,86,8.469430515634578,62,2022
2022_12_CIN_TEN,12,TEN,-0.2853787887283157,76,3.3622474942574403,56,2022
2022_12_DEN_CAR,12,CAR,2.327697321802746,81,5.312143078483922,64,2022
2022_12_DEN_CAR,12,DEN,-13.365553439084955,78,-15.234709797627415,57,2022
2022_12_GB_PHI,12,GB,11.069495764563131,66,9.087901202858871,48,2022
2022_12_GB_PHI,12,PHI,16.56256166762881,98,15.61222194643334,78,2022
2022_12_HOU_MIA,12,HOU,-24.003296193288172,77,-23.280010043810567,60,2022
2022_12_HOU_MIA,12,MIA,-8.610681533215248,94,-7.226524501035144,68,2022
2022_12_LAC_ARI,12,ARI,-1.7090736065981953,82,3.715855922117756,64,2022
2022_12_LAC_ARI,12,LAC,0.702201749661624,81,4.422175681335948,64,2022
2022_12_LA_KC,12,KC,10.975047009969032,86,9.219206258016879,72,2022
2022_12_LA_KC,12,LA,-6.1299514001142725,71,-12.280268546052984,54,2022
2022_12_LV_SEA,12,LV,11.552047128325599,98,16.00800214059604,77,2022
2022_12_LV_SEA,12,SEA,4.536572980056322,84,2.0934531522603113,62,2022
2022_12_NE_MIN,12,MIN,8.853082806636579,90,4.159256716819177,65,2022
2022_12_NE_MIN,12,NE,3.5454258952562228,71,3.838193426647262,54,2022
2022_12_NO_SF,12,NO,-17.65278205985669,71,-14.237748793821083,53,2022
2022_12_NO_SF,12,SF,-3.5177434873907383,78,-1.3398338653247501,65,2022
2022_12_NYG_DAL,12,DAL,6.557438139886434,90,9.680933271689543,68,2022
2022_12_NYG_DAL,12,NYG,-2.0447719688986767,80,-3.869103862703434,56,2022
2022_12_PIT_IND,12,IND,-2.857542620784916,78,-10.035991661012954,62,2022
2022_12_PIT_IND,12,PIT,8.177993484095047,83,7.897189192544815,67,2022
2022_12_TB_CLE,12,CLE,-0.08731399444407328,95,1.8738512948170687,75,2022
2022_12_TB_CLE,12,TB,-7.387883728805561,91,-2.199954198457638,66,2022
2022_13_BUF_NE,13,BUF,11.414921707518952,88,11.54561308242,68,2022
2022_13_BUF_NE,13,NE,-6.524837046322695,69,-1.322205310217646,51,2022
2022_13_CLE_HOU,13,CLE,-11.372271954965782,81,-13.46090178839151,58,2022
2022_13_CLE_HOU,13,HOU,-30.123869622431695,83,-27.501596632436485,62,2022
2022_13_DEN_BAL,13,BAL,-9.07513600932672,87,-9.578226475916622,68,2022
2022_13_DEN_BAL,13,DEN,-6.992461551446468,68,-7.026866913619381,52,2022
2022_13_GB_CHI,13,CHI,0.248324595247297,65,6.059480047533311,49,2022
2022_13_GB_CHI,13,GB,9.941001985470667,81,11.393611669679046,62,2022
2022_13_IND_DAL,13,DAL,14.058117498352027,86,14.096170276388992,66,2022
2022_13_IND_DAL,13,IND,-23.288662383777712,89,-20.579887634538775,69,2022
2022_13_JAX_DET,13,DET,22.170192566475365,90,20.626783946117175,72,2022
2022_13_JAX_DET,13,JAX,-7.872447029643692,73,-4.96720606861085,56,2022
2022_13_KC_CIN,13,CIN,13.78345378973041,85,16.697173571356537,64,2022
2022_13_KC_CIN,13,KC,11.918874932527395,67,12.906476700338445,54,2022
2022_13_LAC_LV,13,LAC,-13.083947354280106,92,-7.673389217154207,73,2022
2022_13_LAC_LV,13,LV,-6.461505957054971,78,-5.2467352615593015,59,2022
2022_13_MIA_SF,13,MIA,-16.97277896004273,65,-14.767857709533963,45,2022
2022_13_MIA_SF,13,SF,1.2763018948769598,99,-0.16988210139830273,76,2022
2022_13_NO_TB,13,NO,-2.1984464885457906,75,-1.6763508532534894,56,2022
2022_13_NO_TB,13,TB,-3.492238306643073,94,-1.9613186988477587,74,2022
2022_13_NYJ_MIN,13,MIN,0.5425694137871024,89,0.81067612587821,64,2022
2022_13_NYJ_MIN,13,NYJ,-1.190810576603166,100,-4.247975112598472,83,2022
2022_13_PIT_ATL,13,ATL,0.6537103470243348,70,-0.4652449291562464,53,2022
2022_13_PIT_ATL,13,PIT,6.854903353035061,84,11.525622155802562,64,2022
2022_13_SEA_LA,13,LA,2.3565763522677585,81,-2.858653352033942,63,2022
2022_13_SEA_LA,13,SEA,9.51691648184217,84,9.325646254229728,64,2022
2022_13_TEN_PHI,13,PHI,14.58601775502296,96,21.464333540498046,67,2022
2022_13_TEN_PHI,13,TEN,-13.724851431397305,71,-12.290271958165516,53,2022
2022_13_WAS_NYG,13,NYG,-6.629505241667018,86,-6.215656429846857,62,2022
2022_13_WAS_NYG,13,WAS,-2.95878332992909,103,3.463833371605053,81,2022
2022_14_BAL_PIT,14,BAL,2.986959712682243,72,2.867711050274033,57,2022
2022_14_BAL_PIT,14,PIT,-2.9850146546076095,69,0.9641581033423936,53,2022
2022_14_CAR_SEA,14,CAR,11.132870115239493,90,11.885550429976565,71,2022
2022_14_CAR_SEA,14,SEA,-0.5502000455000973,71,-4.184498033989842,53,2022
2022_14_CLE_CIN,14,CIN,3.047243374823447,81,2.1216817030547843,58,2022
2022_14_CLE_CIN,14,CLE,-9.602749322176727,86,-9.620822894898977,69,2022
2022_14_HOU_DAL,14,DAL,-0.8088012414625879,87,-1.709563401434961,70,2022
2022_14_HOU_DAL,14,HOU,-2.868775286874116,84,-11.744186880768737,63,2022
2022_14_JAX_TEN,14,JAX,12.516188801988553,89,11.480518270294485,67,2022
2022_14_JAX_TEN,14,TEN,-7.476420765028434,82,-8.265693274923134,63,2022
2022_14_KC_DEN,14,DEN,-4.399929250762993,93,-6.6366618778556585,69,2022
2022_14_KC_DEN,14,KC,7.099708164869613,85,6.472416308903414,64,2022
2022_14_LV_LA,14,LA,-1.7305295728107455,79,-6.81545866007383,59,2022
2022_14_LV_LA,14,LV,2.5233085916863054,73,1.4062843817102184,58,2022
2022_14_MIA_LAC,14,LAC,3.1111792266641274,98,2.108801040451507,76,2022
2022_14_MIA_LAC,14,MIA,-2.820418598737568,69,-4.04801662668857,49,2022
2022_14_MIN_DET,14,DET,13.724901489222887,87,15.987202004274433,69,2022
2022_14_MIN_DET,14,MIN,3.8300103000842496,81,3.741500318221143,63,2022
2022_14_NE_ARI,14,ARI,-27.61352629548606,89,-26.358886322302567,69,2022
2022_14_NE_ARI,14,NE,-10.378526630472862,77,0.9852452540037362,54,2022
2022_14_NYJ_BUF,14,BUF,-7.013256550794565,79,-5.520036497663266,53,2022
2022_14_NYJ_BUF,14,NYJ,-16.551074194939623,91,-12.312346166523518,73,2022
2022_14_PHI_NYG,14,NYG,-5.301092183143464,82,-3.8064695582287387,64,2022
2022_14_PHI_NYG,14,PHI,28.45952803528373,84,25.90390744141783,65,2022
2022_14_TB_SF,14,SF,9.025007845472768,77,9.661570534692146,58,2022
2022_14_TB_SF,14,TB,-20.54809714913373,88,-13.06879224087251,73,2022
2022_15_ARI_DEN,15,ARI,-15.228793311529326,81,-18.273242225975647,60,2022
2022_15_ARI_DEN,15,DEN,-6.554845790362597,84,-3.2099411395375377,65,2022
2022_15_ATL_NO,15,ATL,0.6799182406851321,89,-0.3061351396653955,70,2022
2022_15_ATL_NO,15,NO,1.6482939944894746,68,2.825307752995286,54,2022
2022_15_BAL_CLE,15,BAL,-17.462044687650632,74,-13.549138052539814,61,2022
2022_15_BAL_CLE,15,CLE,-6.464768844030381,77,1.8467281893363658,61,2022
2022_15_CIN_TB,15,CIN,2.008866182122282,82,-1.0655488661623904,61,2022
2022_15_CIN_TB,15,TB,-14.033398936137653,88,-7.501140687995885,71,2022
2022_15_DAL_JAX,15,DAL,6.4051970629392105,94,3.3373150570259345,74,2022
2022_15_DAL_JAX,15,JAX,9.233612205544292,89,8.140554023920785,70,2022
2022_15_DET_NYJ,15,DET,-2.5537202049804697,82,2.3066499219123298,66,2022
2022_15_DET_NYJ,15,NYJ,-9.951190648104628,80,-4.06213667230195,61,2022
2022_15_IND_MIN,15,IND,-11.917319576948533,105,-14.052140244331806,78,2022
2022_15_IND_MIN,15,MIN,-17.676584230393175,116,-11.0390348271551,86,2022
2022_15_KC_HOU,15,HOU,-1.2380465536369054,79,-7.979817912965874,56,2022
2022_15_KC_HOU,15,KC,5.2340886806465345,93,10.450638367860456,77,2022
2022_15_LA_GB,15,GB,5.470833444751188,81,3.9901228534370237,65,2022
2022_15_LA_GB,15,LA,-6.014914701008287,60,-4.665410305967855,43,2022
2022_15_MIA_BUF,15,BUF,13.297139776406663,96,13.68634115993348,71,2022
2022_15_MIA_BUF,15,MIA,15.57833256236454,77,9.252691895534976,58,2022
2022_15_NE_LV,15,LV,-10.121709769294714,92,-4.187140708614617,64,2022
2022_15_NE_LV,15,NE,-11.385140932323061,85,-7.032268340634539,63,2022
2022_15_NYG_WAS,15,NYG,4.698089880607925,79,4.237316335006266,59,2022
2022_15_NYG_WAS,15,WAS,-6.151517529376208,79,-5.55734839057345,58,2022
2022_15_PHI_CHI,15,CHI,-10.208192620410264,78,-7.094420232635457,57,2022
2022_15_PHI_CHI,15,PHI,-3.5953355379594534,85,1.0194400926975655,70,2022
2022_15_PIT_CAR,15,CAR,3.2136959068453383,62,1.6434171903852381,42,2022
2022_15_PIT_CAR,15,PIT,14.350474674270808,83,15.377340624534185,67,2022
2022_15_SF_SEA,15,SEA,-8.28946578230481,80,-14.715125822898472,61,2022
2022_15_SF_SEA,15,SF,1.1018920149815674,81,11.933158729050517,58,2022
2022_15_TEN_LAC,15,LAC,-9.142115782127483,86,-4.3581490567023895,67,2022
2022_15_TEN_LAC,15,TEN,-11.890630273610121,78,-3.023172321346696,56,2022
2022_16_ATL_BAL,16,ATL,-11.503018087008968,82,-10.114015708930939,68,2022
2022_16_ATL_BAL,16,BAL,-2.944272615437396,64,0.6139656780029843,49,2022
2022_16_BUF_CHI,16,BUF,4.837571574326615,77,12.80806799305719,59,2022
2022_16_BUF_CHI,16,CHI,-21.07721839159732,77,-24.909209839663596,58,2022
2022_16_CIN_NE,16,CIN,-5.535205063277953,99,6.276461032594195,78,2022
2022_16_CIN_NE,16,NE,-10.883643237567139,72,-4.558334100656677,52,2022
2022_16_DEN_LA,16,DEN,-17.701733590758405,81,-17.162622942698608,62,2022
2022_16_DEN_LA,16,LA,25.414292443788376,81,17.973663775438954,63,2022
2022_16_DET_CAR,16,CAR,26.551587998228886,88,26.056078696763993,64,2022
2022_16_DET_CAR,16,DET,11.504232751104883,81,4.073683196492776,62,2022
2022_16_GB_MIA,16,GB,0.2573548733791293,83,-0.014314621599667454,62,2022
2022_16_GB_MIA,16,MIA,-8.442099601494945,63,-1.088795946315738,45,2022
2022_16_HOU_TEN,16,HOU,-7.28909026159025,80,-6.545187764149657,63,2022
2022_16_HOU_TEN,16,TEN,-16.065952887495612,76,-15.166884183185175,58,2022
2022_16_JAX_NYJ,16,JAX,2.9198191190231104,84,5.033902883231643,68,2022
2022_16_JAX_NYJ,16,NYJ,-19.118013636558317,77,-16.1430042486609,56,2022
2022_16_LAC_IND,16,IND,-29.649237389443442,62,-28.619407838882715,50,2022
2022_16_LAC_IND,16,LAC,-8.528110244823,81,-3.249412666350171,64,2022
2022_16_LV_PIT,16,LV,-11.16166492506401,66,-9.064259673832638,52,2022
2022_16_LV_PIT,16,PIT,-8.493338985499044,80,-1.3423219255047378,66,2022
2022_16_NO_CLE,16,CLE,-15.861016153895811,82,-17.03365537893702,67,2022
2022_16_NO_CLE,16,NO,-7.41659985596091,66,-6.081237297215612,53,2022
2022_16_NYG_MIN,16,MIN,0.9398501530581844,90,-1.2337211914144883,70,2022
2022_16_NYG_MIN,16,NYG,1.1564972876097306,84,1.6315579449744204,67,2022
2022_16_PHI_DAL,16,DAL,9.886378915539316,90,4.095423582630108,70,2022
2022_16_PHI_DAL,16,PHI,3.4464169589000075,89,2.8365387321107747,68,2022
2022_16_SEA_KC,16,KC,1.9513871646065666,67,0.7602597053405313,51,2022
2022_16_SEA_KC,16,SEA,-14.808491691378926,92,-16.35076816085666,73,2022
2022_16_TB_ARI,16,ARI,-18.38486313240106,96,-17.225295240093317,73,2022
2022_16_TB_ARI,16,TB,-10.711257983545929,100,-7.567045973155119,77,2022
2022_16_WAS_SF,16,SF,7.939837407555702,68,6.0566278266137825,51,2022
2022_16_WAS_SF,16,WAS,-13.037833844586839,90,-9.389264491168316,70,2022
2022_17_ARI_ATL,17,ARI,-2.8293586935553865,88,1.314606780928539,69,2022
2022_17_ARI_ATL,17,ATL,-4.5803635444194875,80,-4.666564087178035,60,2022
2022_17_CAR_TB,17,CAR,-0.4953211970698619,85,-0.6623208040837198,59,2022
2022_17_CAR_TB,17,TB,4.558980190894934,97,8.966684246085887,75,2022
2022_17_CHI_DET,17,CHI,-16.419219523491687,70,-16.859578896380274,50,2022
2022_17_CHI_DET,17,DET,17.321883515406515,87,12.499596194558784,67,2022
2022_17_CLE_WAS,17,CLE,7.599414720041532,69,8.86666548436201,50,2022
2022_17_CLE_WAS,17,WAS,-11.029810171588373,82,-12.017380198742986,68,2022
2022_17_DAL_TEN,17,DAL,8.433604180217806,93,0.16997132476998011,74,2022
2022_17_DAL_TEN,17,TEN,-10.615004795239123,81,-10.659162352961168,65,2022
2022_17_DEN_KC,17,DEN,1.548527239721588,86,-10.837729899314384,66,2022
2022_17_DEN_KC,17,KC,2.810813458696327,76,5.40061984592393,58,2022
2022_17_IND_NYG,17,IND,-13.55625472743069,71,-9.44554793461627,56,2022
2022_17_IND_NYG,17,NYG,14.934146227827053,76,12.690415992944054,61,2022
2022_17_JAX_HOU,17,HOU,-35.09818576113321,85,-33.93897816250228,67,2022
2022_17_JAX_HOU,17,JAX,-0.22455845549579045,77,-4.5625295132775685,60,2022
2022_17_LA_LAC,17,LA,-8.388848922446254,64,-4.814822567938188,47,2022
2022_17_LA_LAC,17,LAC,14.330151904382276,79,17.71425872807975,62,2022
2022_17_MIA_NE,17,MIA,-5.968610830123216,92,-2.5177678749385475,69,2022
2022_17_MIA_NE,17,NE,-5.760756762332894,75,-7.076949573106754,55,2022
2022_17_MIN_GB,17,GB,8.206788766593428,80,6.5756733594462276,59,2022
2022_17_MIN_GB,17,MIN,-19.11484194497355,76,-10.926062056730101,57,2022
2022_17_NO_PHI,17,NO,-5.9465844257782265,85,-4.119921180037423,64,2022
2022_17_NO_PHI,17,PHI,-19.988611057880384,72,-14.406806457841896,53,2022
2022_17_NYJ_SEA,17,NYJ,-23.82660836848663,83,-21.64007732472855,67,2022
2022_17_NYJ_SEA,17,SEA,-5.615847676380169,89,-2.14056225545935,71,2022
2022_17_PIT_BAL,17,BAL,2.662442164597984,67,0.06540526079068965,49,2022
2022_17_PIT_BAL,17,PIT,8.834040300877483,83,10.431457688043896,68,2022
2022_17_SF_LV,17,LV,5.99406700774189,88,4.094327334159971,66,2022
2022_17_SF_LV,17,SF,13.89395091773686,86,18.35479098973784,60,2022
2022_18_ARI_SF,18,ARI,-22.975222725332813,67,-17.722143846331164,49,2022
2022_18_ARI_SF,18,SF,3.847889492043516,79,3.1142444072139863,61,2022
2022_18_BAL_CIN,18,BAL,-21.0159723183746,93,-23.308752256926056,73,2022
2022_18_BAL_CIN,18,CIN,-12.175860519970447,83,-12.749982549528266,64,2022
2022_18_CAR_NO,18,CAR,-12.200094428435317,69,-12.537732855699755,58,2022
2022_18_CAR_NO,18,NO,-16.648531548735104,73,-10.609886211183577,58,2022
2022_18_CLE_PIT,18,CLE,-3.368842784867254,77,-0.8443398428498767,57,2022
2022_18_CLE_PIT,18,PIT,11.180845560929175,85,5.266300602588912,68,2022
2022_18_DAL_WAS,18,DAL,-37.02609193437039,85,-31.80166372290114,66,2022
2022_18_DAL_WAS,18,WAS,-13.043580767973474,85,-12.009631966166067,62,2022
2022_18_DET_GB,18,DET,-2.1836924660882024,78,9.110765944571398,59,2022
2022_18_DET_GB,18,GB,-7.114190216830515,74,-8.767567037160124,57,2022
2022_18_HOU_IND,18,HOU,-6.97622231879691,80,-4.363672379518678,65,2022
2022_18_HOU_IND,18,IND,-9.39974040925612,91,-5.856195089576762,70,2022
2022_18_KC_LV,18,KC,13.951575615684035,74,14.09752063815364,54,2022
2022_18_KC_LV,18,LV,-7.306543870885275,82,-10.606424832019222,67,2022
2022_18_LAC_DEN,18,DEN,10.934148027330908,82,9.105280224225226,62,2022
2022_18_LAC_DEN,18,LAC,10.332255573318708,86,3.520236024218115,67,2022
2022_18_LA_SEA,18,LA,-6.603211554945496,78,-6.946648095484845,58,2022
2022_18_LA_SEA,18,SEA,-6.612050442330123,91,-7.103907609290814,69,2022
2022_18_MIN_CHI,18,CHI,-9.311935173317838,65,-7.685709416706115,49,2022
2022_18_MIN_CHI,18,MIN,14.153048529247608,89,17.874028521657596,71,2022
2022_18_NE_BUF,18,BUF,11.709296195697727,73,5.482657969696447,55,2022
2022_18_NE_BUF,18,NE,0.5759229215485,82,-2.358753934171971,64,2022
2022_18_NYG_PHI,18,NYG,-2.877544875518002,86,-0.10999179493877786,64,2022
2022_18_NYG_PHI,18,PHI,4.216762103824827,87,-0.01989139317337063,68,2022
2022_18_NYJ_MIA,18,MIA,-5.2142289084149525,78,-5.700274184946421,64,2022
2022_18_NYJ_MIA,18,NYJ,-8.669345744361635,72,-7.676251757676841,53,2022
2022_18_TB_ATL,18,ATL,4.927771847160529,81,3.493163263370043,67,2022
2022_18_TB_ATL,18,TB,-9.290790925896108,72,-9.11519802450129,54,2022
2022_18_TEN_JAX,18,JAX,-2.717831701417551,65,-4.786146555690247,45,2022
2022_18_TEN_JAX,18,TEN,-6.002974842223388,89,-6.692904006294485,72,2022
2023_01_ARI_WAS,1,ARI,-19.00659793995093,76,-20.418963168879884,58,2023
2023_01_ARI_WAS,1,WAS,-17.759966927550366,89,-19.121929445696278,65,2023
2023_01_BUF_NYJ,1,BUF,-9.559578309897383,84,-4.54137186149834,67,2023
2023_01_BUF_NYJ,1,NYJ,-1.1004825862684113,71,-2.418052696005075,51,2023
2023_01_CAR_ATL,1,ATL,-4.449681029025469,69,-5.046221310338653,47,2023
2023_01_CAR_ATL,1,CAR,-19.410103050316373,91,-19.42600821223845,72,2023
2023_01_CIN_CLE,1,CIN,-31.63498475315282,77,-24.199020485519068,52,2023
2023_01_CIN_CLE,1,CLE,-8.657599756289788,89,-10.167320694659029,73,2023
2023_01_DAL_NYG,1,DAL,7.348392517817894,72,3.295037062418711,55,2023
2023_01_DAL_NYG,1,NYG,-42.08773007313721,84,-29.96907750086245,65,2023
2023_01_DET_KC,1,DET,-3.977059772978683,86,3.0899187595932744,66,2023
2023_01_DET_KC,1,KC,-6.439340184761775,81,-9.035538197780014,62,2023
2023_01_GB_CHI,1,CHI,-14.841821388952434,90,-12.730069131926648,72,2023
2023_01_GB_CHI,1,GB,8.719410128588544,79,9.342081415214285,60,2023
2023_01_HOU_BAL,1,BAL,-4.166263637000792,79,-3.207510463422711,59,2023
2023_01_HOU_BAL,1,HOU,-21.680966264451854,93,-19.518955686246535,71,2023
2023_01_JAX_IND,1,IND,-31.682128155207266,89,-27.5119915738469,69,2023
2023_01_JAX_IND,1,JAX,-18.307353012472085,84,-15.881592165323408,68,2023
2023_01_LA_SEA,1,LA,18.55185464672264,98,21.374298394601873,78,2023
2023_01_LA_SEA,1,SEA,-4.017658788317398,67,-4.945188491408666,46,2023
2023_01_LV_DEN,1,DEN,4.8078552179223815,77,-0.09798314009505305,57,2023
2023_01_LV_DEN,1,LV,8.6505638392711,70,8.652417632913082,51,2023
2023_01_MIA_LAC,1,LAC,13.119606460918206,100,11.599846000951818,76,2023
2023_01_MIA_LAC,1,MIA,18.38909675466921,83,19.377959810574303,63,2023
2023_01_PHI_NE,1,NE,-15.980056824728944,96,-16.10189371836884,79,2023
2023_01_PHI_NE,1,PHI,-4.6442051220208915,83,-8.945650889926558,60,2023
2023_01_SF_PIT,1,PIT,-21.776862654266928,79,-20.555152176937554,60,2023
2023_01_SF_PIT,1,SF,9.342491539990123,86,10.01599321296468,63,2023
2023_01_TB_MIN,1,MIN,-9.641712733424036,80,-8.318769558469123,63,2023
2023_01_TB_MIN,1,TB,-3.926286020777887,86,-6.790092917685765,65,2023
2023_01_TEN_NO,1,NO,-15.816209899492446,83,-5.822095607764696,62,2023
2023_01_TEN_NO,1,TEN,-13.138547243957873,81,-13.129960993742111,59,2023
2023_02_BAL_CIN,2,BAL,7.310467650955396,91,16.655071993300155,69,2023
2023_02_BAL_CIN,2,CIN,2.559555689412954,72,3.472265105376229,57,2023
2023_02_CHI_TB,2,CHI,-6.266071330842194,68,-8.402451551600914,51,2023
2023_02_CHI_TB,2,TB,3.597750384609534,89,15.387752217399434,66,2023
2023_02_CLE_PIT,2,CLE,-22.712809577671344,105,-17.283576586613712,83,2023
2023_02_CLE_PIT,2,PIT,-19.959013822472752,73,-19.990256423463336,51,2023
2023_02_GB_ATL,2,ATL,3.7848920179653573,97,8.86071603817559,77,2023
2023_02_GB_ATL,2,GB,4.03711226348625,69,2.3866068992844944,46,2023
2023_02_IND_HOU,2,HOU,-3.6080587396159176,102,-1.178322530898944,76,2023
2023_02_IND_HOU,2,IND,10.244152324007663,75,14.368740715113603,56,2023
2023_02_KC_JAX,2,JAX,-9.369258119666483,84,-21.452084666518815,64,2023
2023_02_KC_JAX,2,KC,0.48373126532639876,80,8.830993945520374,61,2023
2023_02_LAC_TEN,2,LAC,4.201473122259554,85,6.087229814983191,66,2023
2023_02_LAC_TEN,2,TEN,5.2918182311857525,83,0.670314738278746,63,2023
2023_02_LV_BUF,2,BUF,23.95149883958487,91,22.093527902029024,72,2023
2023_02_LV_BUF,2,LV,-6.424895881630995,53,-10.185242605619315,39,2023
2023_02_MIA_NE,2,MIA,5.323746834781339,79,11.900682276306393,60,2023
2023_02_MIA_NE,2,NE,-3.0358103650494987,87,-5.572345036148376,70,2023
2023_02_MIN_PHI,2,MIN,6.7376481603153895,72,4.457054619677365,55,2023
2023_02_MIN_PHI,2,PHI,11.341377952836725,98,10.696557104171555,75,2023
2023_02_NO_CAR,2,CAR,-3.886345714345109,76,-8.352059151144111,57,2023
2023_02_NO_CAR,2,NO,0.9589360048131974,93,2.814678922754818,71,2023
2023_02_NYG_ARI,2,ARI,7.6742698028079825,86,10.850102473197165,61,2023
2023_02_NYG_ARI,2,NYG,12.220055964893056,85,14.900090166951891,67,2023
2023_02_NYJ_DAL,2,DAL,5.488026521684212,103,4.561283321957126,80,2023
2023_02_NYJ_DAL,2,NYJ,-20.255952271539407,65,-26.21498948550726,45,2023
2023_02_SEA_DET,2,DET,-2.030159248205834,79,-2.712302298446456,64,2023
2023_02_SEA_DET,2,SEA,8.65619795287121,92,16.066502435083205,66,2023
2023_02_SF_LA,2,LA,-1.9933497970302128,94,-3.3933478643071124,77,2023
2023_02_SF_LA,2,SF,8.507377303793444,74,7.504805893849431,54,2023
2023_02_WAS_DEN,2,DEN,8.771714456672168,82,8.295418930990127,62,2023
2023_02_WAS_DEN,2,WAS,11.90772317309337,93,13.470277582926036,67,2023
2023_03_ATL_DET,3,ATL,-23.85916149104014,84,-21.86697146816166,65,2023
2023_03_ATL_DET,3,DET,-8.613035676996923,83,-0.9462876512218896,61,2023
2023_03_BUF_WAS,3,BUF,13.038783290250963,80,13.687169894755971,63,2023
2023_03_BUF_WAS,3,WAS,-28.680460962234065,67,-30.53725057489707,51,2023
2023_03_CAR_SEA,3,CAR,1.3718548720514803,108,3.436244259937655,75,2023
2023_03_CAR_SEA,3,SEA,15.198319992997586,92,14.22640466390689,68,2023
2023_03_CHI_KC,3,CHI,-17.866276306521662,68,-15.385450914709871,51,2023
2023_03_CHI_KC,3,KC,15.75670299287861,91,17.22588519703479,73,2023
2023_03_DAL_ARI,3,ARI,16.517787460302312,77,11.589199398642712,53,2023
2023_03_DAL_ARI,3,DAL,4.887658564583708,96,4.654986582326455,75,2023
2023_03_DEN_MIA,3,DEN,-11.481628200853109,83,-15.635155199266439,59,2023
2023_03_DEN_MIA,3,MIA,43.95564763824756,93,46.05321261586505,70,2023
2023_03_HOU_JAX,3,HOU,15.062359519363186,75,12.327212955922793,56,2023
2023_03_HOU_JAX,3,JAX,-11.015837244484672,92,-3.500260215764285,69,2023
2023_03_IND_BAL,3,BAL,-12.390392131083743,91,-10.425225342506423,72,2023
2023_03_IND_BAL,3,IND,-7.027302296264146,108,-12.957003933434343,84,2023
2023_03_LAC_MIN,3,LAC,4.042974979333579,80,12.294305999910328,63,2023
2023_03_LAC_MIN,3,MIN,-0.31458688934205625,100,-0.01000626679137362,78,2023
2023_03_LA_CIN,3,CIN,-6.834683199310724,99,-6.768131959495047,70,2023
2023_03_LA_CIN,3,LA,-8.496940290918623,71,-6.78330818937334,52,2023
2023_03_NE_NYJ,3,NE,-11.141841276359095,92,-0.48121654975269035,69,2023
2023_03_NE_NYJ,3,NYJ,-18.843014346362374,80,-22.391427107510463,60,2023
2023_03_NO_GB,3,GB,-7.3194691894744075,93,-0.545460923362608,68,2023
2023_03_NO_GB,3,NO,-7.214374038069606,79,-3.3098353881417095,60,2023
2023_03_NYG_SF,3,NYG,-6.6182003442808055,67,-10.897301871749773,47,2023
2023_03_NYG_SF,3,SF,14.018850822308886,97,13.945913615619958,75,2023
2023_03_PHI_TB,3,PHI,7.084312453197683,93,7.134139041648101,78,2023
2023_03_PHI_TB,3,TB,-8.503874568166676,57,-8.958666271306782,45,2023
2023_03_PIT_LV,3,LV,-7.339086197445519,92,-9.815852710023627,68,2023
2023_03_PIT_LV,3,PIT,2.3902447462354317,77,1.048587954034875,59,2023
2023_03_TEN_CLE,3,CLE,11.8708871750439,82,1.4582355797201778,67,2023
2023_03_TEN_CLE,3,TEN,-14.549557401798666,68,-19.70918427001012,45,2023
2023_04_ARI_SF,4,ARI,6.708320049249519,86,8.429846261100845,68,2023
2023_04_ARI_SF,4,SF,27.68452362560058,68,25.51993991160998,51,2023
2023_04_ATL_JAX,4,ATL,-13.025371019975331,73,-17.12323376198765,57,2023
2023_04_ATL_JAX,4,JAX,7.4240399743149945,78,0.4030744808657327,61,2023
2023_04_BAL_CLE,4,BAL,-0.41037795360685303,74,1.9245958927785978,55,2023
2023_04_BAL_CLE,4,CLE,-28.827828972047428,88,-32.90219744779205,64,2023
2023_04_CIN_TEN,4,CIN,-11.960661834833445,66,-11.494280395176277,50,2023
2023_04_CIN_TEN,4,TEN,12.991640790207166,78,12.329714340950233,61,2023
2023_04_DEN_CHI,4,CHI,5.423310790038473,90,6.856982014433015,70,2023
2023_04_DEN_CHI,4,DEN,11.563219758393048,67,16.410756083577528,47,2023
2023_04_DET_GB,4,DET,7.638969276568192,93,9.9250152060732,72,2023
2023_04_DET_GB,4,GB,-10.582379267521668,74,-12.163970773386868,55,2023
2023_04_KC_NYJ,4,KC,6.327827041766042,83,10.791673825079666,64,2023
2023_04_KC_NYJ,4,NYJ,-2.7990471929363467,76,1.173420514597268,58,2023
2023_04_LA_IND,4,IND,-1.0000602468435358,78,1.3538941431618294,59,2023
2023_04_LA_IND,4,LA,9.265992155252643,100,13.669459464944568,78,2023
2023_04_LV_LAC,4,LAC,-5.067789232643438,78,-2.023168159289149,59,2023
2023_04_LV_LAC,4,LV,-11.78418747125729,89,-11.516497134793966,69,2023
2023_04_MIA_BUF,4,BUF,27.111154489775362,73,22.722504004482786,52,2023
2023_04_MIA_BUF,4,MIA,-3.8463334340328394,82,-0.7007861441378473,59,2023
2023_04_MIN_CAR,4,CAR,-16.16545513087423,88,-17.431700964905048,68,2023
2023_04_MIN_CAR,4,MIN,-5.0861412077631405,58,-6.782811524171848,44,2023
2023_04_NE_DAL,4,DAL,5.023091664279807,85,7.52583432949804,66,2023
2023_04_NE_DAL,4,NE,-34.6241031261161,74,-26.2920093861908,55,2023
2023_04_PIT_HOU,4,HOU,8.679401184596118,87,9.382849496128312,67,2023
2023_04_PIT_HOU,4,PIT,-17.44471829966642,73,-15.793957932222646,56,2023
2023_04_SEA_NYG,4,NYG,-34.309645584609825,88,-33.54247483841495,74,2023
2023_04_SEA_NYG,4,SEA,-9.233741407382913,69,-5.859205148549454,51,2023
2023_04_TB_NO,4,NO,-20.559811670100316,81,-21.94239561753573,60,2023
2023_04_TB_NO,4,TB,-0.8221169838903011,88,3.221388508663745,65,2023
2023_04_WAS_PHI,4,PHI,16.654721515501752,88,12.067733159793415,68,2023
2023_04_WAS_PHI,4,WAS,14.309902412527977,98,15.069133996954925,74,2023
2023_05_BAL_PIT,5,BAL,-10.096448430136128,83,-15.272903619288153,67,2023
2023_05_BAL_PIT,5,PIT,-4.7642900834761095,80,-1.7234359046723826,61,2023
2023_05_CAR_DET,5,CAR,-5.445572180609336,90,-5.1812095686831885,65,2023
2023_05_CAR_DET,5,DET,15.430741138535318,76,14.412369766272604,57,2023
2023_05_CHI_WAS,5,CHI,20.12684873369503,83,19.77261652472224,64,2023
2023_05_CHI_WAS,5,WAS,-6.195366583618801,85,-7.029550686346936,68,2023
2023_05_CIN_ARI,5,ARI,-20.14298967342964,72,-16.804472558491398,57,2023
2023_05_CIN_ARI,5,CIN,-0.6953271137654529,97,0.6051094836247151,78,2023
2023_05_DAL_SF,5,DAL,-21.977200553650086,63,-21.440626894814045,48,2023
2023_05_DAL_SF,5,SF,12.358550613196275,90,13.304941447277088,66,2023
2023_05_GB_LV,5,GB,-12.932829465685995,70,-10.679585625621192,57,2023
2023_05_GB_LV,5,LV,-10.820838933835738,82,-4.878331287216064,61,2023
2023_05_HOU_ATL,5,ATL,-5.124166477567207,98,-0.738241861645264,73,2023
2023_05_HOU_ATL,5,HOU,-4.502102272025931,75,-3.854194021391308,58,2023
2023_05_JAX_BUF,5,BUF,8.658353569089105,74,10.188157512413571,54,2023
2023_05_JAX_BUF,5,JAX,14.870044880882507,104,11.000588702300789,82,2023
2023_05_KC_MIN,5,KC,10.94157607289392,82,10.832317345039343,63,2023
2023_05_KC_MIN,5,MIN,1.876515266838716,85,0.0208985285077814,67,2023
2023_05_NO_NE,5,NE,-44.906157210469246,72,-39.92663039209881,51,2023
2023_05_NO_NE,5,NO,-2.6767848800497216,94,1.5537516597160748,66,2023
2023_05_NYG_MIA,5,MIA,4.025444026398276,67,5.06862547196215,52,2023
2023_05_NYG_MIA,5,NYG,-9.308396270512652,92,-11.169302222720962,68,2023
2023_05_NYJ_DEN,5,DEN,-7.582887866795578,80,-12.515136646555526,57,2023
2023_05_NYJ_DEN,5,NYJ,6.672255214275695,84,0.16220998824048616,62,2023
2023_05_PHI_LA,5,LA,-1.0694672510104724,67,-0.14798151346622035,55,2023
2023_05_PHI_LA,5,PHI,12.207358110874658,91,11.595113734723157,78,2023
2023_05_TEN_IND,5,IND,12.530970695266188,80,12.390891826485525,60,2023
2023_05_TEN_IND,5,TEN,6.692429283901893,73,5.58342420199914,56,2023
2023_06_ARI_LA,6,ARI,-14.178665328625357,93,-18.847531737477613,72,2023
2023_06_ARI_LA,6,LA,4.027391872372711,72,7.419422235023356,53,2023
2023_06_BAL_TEN,6,BAL,6.36654725817695,87,1.5583555552301607,69,2023
2023_06_BAL_TEN,6,TEN,-4.3917931012250975,74,-9.063787607419833,46,2023
2023_06_CAR_MIA,6,CAR,-9.157894117421383,85,-9.707879387785308,68,2023
2023_06_CAR_MIA,6,MIA,13.78250365302985,83,11.094277631811565,62,2023
2023_06_DAL_LAC,6,DAL,0.012069127468159024,79,4.407260206239687,59,2023
2023_06_DAL_LAC,6,LAC,-5.11084428400104,86,-6.648160029986798,61,2023
2023_06_DEN_KC,6,DEN,-13.126366371041396,64,-16.022778033176902,50,2023
2023_06_DEN_KC,6,KC,-0.9656906545488919,84,-1.8909018359305054,67,2023
2023_06_DET_TB,6,DET,3.31743521840069,86,10.085737686974095,68,2023
2023_06_DET_TB,6,TB,-14.193877043144312,71,-13.13282578178545,54,2023
2023_06_IND_JAX,6,IND,-13.678072505600383,94,-15.565415991860302,75,2023
2023_06_IND_JAX,6,JAX,5.80806635518306,85,-4.3808368326600124,58,2023
2023_06_MIN_CHI,6,CHI,-20.211662485016326,81,-23.272561573468604,64,2023
2023_06_MIN_CHI,6,MIN,-12.405654555098252,75,-10.493259326172208,54,2023
2023_06_NE_LV,6,LV,0.9131907610591732,85,0.7255010004710325,62,2023
2023_06_NE_LV,6,NE,-2.1914610811469615,75,-0.30706028212420655,55,2023
2023_06_NO_HOU,6,HOU,1.9242549589375626,77,-2.0782847149130976,59,2023
2023_06_NO_HOU,6,NO,-5.681749022588756,97,2.770777600490529,78,2023
2023_06_NYG_BUF,6,BUF,-6.246666238205605,75,-1.0211756045355262,59,2023
2023_06_NYG_BUF,6,NYG,-8.925885551376268,90,-11.100187959829073,71,2023
2023_06_PHI_NYJ,6,NYJ,-6.421590009340318,80,-7.977971522163547,58,2023
2023_06_PHI_NYJ,6,PHI,-12.572707273821678,83,-8.410722389145963,69,2023
2023_06_SEA_CIN,6,CIN,-1.8250360266236632,70,-5.239469631312881,52,2023
2023_06_SEA_CIN,6,SEA,-4.761836813660388,86,-4.732607172984933,70,2023
2023_06_SF_CLE,6,CLE,-14.147113095109866,92,-13.473498999813419,69,2023
2023_06_SF_CLE,6,SF,-16.00158497897685,83,-10.288414377469616,53,2023
2023_06_WAS_ATL,6,ATL,-13.15331638474266,99,-13.59027324874771,79,2023
2023_06_WAS_ATL,6,WAS,-2.4140005994811697,65,-1.5539425813368037,48,2023
2023_07_ARI_SEA,7,ARI,-12.237036966499922,83,-13.547590284313804,63,2023
2023_07_ARI_SEA,7,SEA,-0.33552006891007036,71,1.1982355955875033,56,2023
2023_07_ATL_TB,7,ATL,-0.8605317725008845,78,-3.0310086202276656,64,2023
2023_07_ATL_TB,7,TB,-6.245333695332569,89,-8.483747345952725,64,2023
2023_07_BUF_NE,7,BUF,6.012907393117803,88,10.491453255005116,66,2023
2023_07_BUF_NE,7,NE,5.843631172641084,75,8.788264430579616,56,2023
2023_07_CLE_IND,7,CLE,-6.399346696645491,96,-11.611975148342403,71,2023
2023_07_CLE_IND,7,IND,-9.816910517019775,95,-3.41799532607585,67,2023
2023_07_DET_BAL,7,BAL,25.488667336106058,71,25.554420086196963,54,2023
2023_07_DET_BAL,7,DET,-11.106502069000154,87,-11.491958442507777,73,2023
2023_07_GB_DEN,7,DEN,6.693746809309765,75,5.04626476617964,55,2023
2023_07_GB_DEN,7,GB,5.8314623803318435,81,8.176458845755505,61,2023
2023_07_JAX_NO,7,JAX,-1.9289283612081791,76,-2.225955213524121,53,2023
2023_07_JAX_NO,7,NO,-10.934541638487367,106,-11.173282992452517,88,2023
2023_07_LAC_KC,7,KC,16.6917471935179,82,15.898010369562906,62,2023
2023_07_LAC_KC,7,LAC,3.233760057833181,80,2.8224382296981254,60,2023
2023_07_LV_CHI,7,CHI,7.753003612453854,87,12.711157078359747,67,2023
2023_07_LV_CHI,7,LV,-11.73631464604102,78,-14.570786388783628,61,2023
2023_07_MIA_PHI,7,MIA,-8.719467488902254,66,-7.248403738822137,48,2023
2023_07_MIA_PHI,7,PHI,6.220197702992977,83,6.953988836221975,65,2023
2023_07_PIT_LA,7,LA,-11.486135267315781,83,-2.7232771034641967,63,2023
2023_07_PIT_LA,7,PIT,-0.17905162317899626,74,3.1316440657281,52,2023
2023_07_SF_MIN,7,MIN,4.690516912615159,85,10.539695524223117,64,2023
2023_07_SF_MIN,7,SF,0.7194247817427382,68,3.9953940284802076,51,2023
2023_07_WAS_NYG,7,NYG,-6.075009044171408,82,-3.17288319103132,62,2023
2023_07_WAS_NYG,7,WAS,-12.974569811034065,91,-15.421456445754284,67,2023
2023_08_ATL_TEN,8,ATL,-1.2935952254618561,87,-3.258114667868645,65,2023
2023_08_ATL_TEN,8,TEN,0.6293692384518601,88,4.248213676502928,64,2023
2023_08_BAL_ARI,8,ARI,-9.061373894736793,92,-13.877039031998487,72,2023
2023_08_BAL_ARI,8,BAL,1.743339987030557,82,1.952946443824887,59,2023
2023_08_CHI_LAC,8,CHI,-15.116707239836337,80,-9.51057496464625,62,2023
2023_08_CHI_LAC,8,LAC,4.725067613943363,81,-1.3661684854254288,65,2023
2023_08_CIN_SF,8,CIN,16.36158455000472,78,13.909654906213829,61,2023
2023_08_CIN_SF,8,SF,-1.8595537283388945,72,-1.7762409651313344,56,2023
2023_08_CLE_SEA,8,CLE,-2.327549475447838,93,-6.349158598628778,74,2023
2023_08_CLE_SEA,8,SEA,0.5772993401785782,73,3.7345653819158793,54,2023
2023_08_HOU_CAR,8,CAR,-1.7036345774680863,82,-9.465169104892068,61,2023
2023_08_HOU_CAR,8,HOU,-3.070039771234666,71,-1.9801279089441524,57,2023
2023_08_JAX_PIT,8,JAX,-1.6096530849025585,85,-6.04427406733379,66,2023
2023_08_JAX_PIT,8,PIT,-16.167779233844534,84,-15.211115714772024,63,2023
2023_08_KC_DEN,8,DEN,-1.316711240373698,86,-4.425983668691236,65,2023
2023_08_KC_DEN,8,KC,-16.845923950138967,71,-18.08664671366695,57,2023
2023_08_LA_DAL,8,DAL,15.165687426344174,81,9.778984671093522,60,2023
2023_08_LA_DAL,8,LA,-9.81938769042585,80,-9.406511291413425,60,2023
2023_08_LV_DET,8,DET,-12.472701341899345,100,-10.576716397325898,79,2023
2023_08_LV_DET,8,LV,-26.613387514658505,61,-23.548666536749806,45,2023
2023_08_MIN_GB,8,GB,-14.87374069933086,86,-15.013090416992782,62,2023
2023_08_MIN_GB,8,MIN,4.676824046315014,84,12.478114207910238,67,2023
2023_08_NE_MIA,8,MIA,2.281071553882017,91,5.7724719789750285,70,2023
2023_08_NE_MIA,8,NE,-10.648499770467268,70,-9.431252306360907,50,2023
2023_08_NO_IND,8,IND,3.250028682454485,94,3.2022076532777195,67,2023
2023_08_NO_IND,8,NO,17.77813155460326,86,21.64655115434207,65,2023
2023_08_NYJ_NYG,8,NYG,-30.370220766300385,99,-26.076525925501226,70,2023
2023_08_NYJ_NYG,8,NYJ,-25.958877385957216,84,-25.214507325086743,61,2023
2023_08_PHI_WAS,8,PHI,17.39220386509526,79,11.069259484227176,60,2023
2023_08_PHI_WAS,8,WAS,5.900926275064508,90,4.741378351289313,69,2023
2023_08_TB_BUF,8,BUF,6.414379496783803,86,6.6620670078377415,67,2023
2023_08_TB_BUF,8,TB,1.1508794639091446,87,-4.600897862403473,62,2023
2023_09_ARI_CLE,9,ARI,-36.469535048818216,67,-38.608736875117756,48,2023
2023_09_ARI_CLE,9,CLE,-5.521030522808578,89,-5.457852498297993,70,2023
2023_09_BUF_CIN,9,BUF,2.1379765067547067,70,2.3558997323032727,56,2023
2023_09_BUF_CIN,9,CIN,7.428647316018905,84,11.962475732218934,64,2023
2023_09_CHI_NO,9,CHI,-17.48882565419958,82,-6.125977648993294,64,2023
2023_09_CHI_NO,9,NO,-11.906124603113742,77,-3.854855079880208,61,2023
2023_09_DAL_PHI,9,DAL,13.48105167220756,90,8.455883318070839,70,2023
2023_09_DAL_PHI,9,PHI,16.894681827893443,80,11.41900998057099,59,2023
2023_09_IND_CAR,9,CAR,-15.855981923071717,89,-21.197984882696762,71,2023
2023_09_IND_CAR,9,IND,-0.15168448308963,80,-5.609433556102621,54,2023
2023_09_LAC_NYJ,9,LAC,-5.885071881739568,77,-6.542801852240836,55,2023
2023_09_LAC_NYJ,9,NYJ,-30.578984562074766,96,-28.595272907064253,77,2023
2023_09_LA_GB,9,GB,-8.618891926044697,86,-0.7628404358006424,65,2023
2023_09_LA_GB,9,LA,-27.882115091197193,74,-24.690074955907278,55,2023
2023_09_MIA_KC,9,KC,1.7179659193659602,74,0.9709938109153882,53,2023
2023_09_MIA_KC,9,MIA,-5.231850952811171,80,-7.584019744186662,58,2023
2023_09_MIN_ATL,9,ATL,-6.638005856328517,91,-7.749804464239439,66,2023
2023_09_MIN_ATL,9,MIN,-1.7912285088408608,92,-2.6704220971930734,73,2023
2023_09_NYG_LV,9,LV,-0.23770088108128462,75,0.12058270356972622,59,2023
2023_09_NYG_LV,9,NYG,-28.19540554682305,78,-24.579692907645832,63,2023
2023_09_SEA_BAL,9,BAL,14.28159403082313,91,13.693345701245015,72,2023
2023_09_SEA_BAL,9,SEA,-24.289283811842324,68,-20.49693550560466,46,2023
2023_09_TB_HOU,9,HOU,13.146446822363261,88,19.125338365488684,64,2023
2023_09_TB_HOU,9,TB,14.83269268829732,87,9.466147718304581,63,2023
2023_09_TEN_PIT,9,PIT,10.440845329170017,79,7.476937121486557,59,2023
2023_09_TEN_PIT,9,TEN,6.7290498370863014,88,-0.16901916469298772,67,2023
2023_09_WAS_NE,9,NE,-0.8735080475733659,79,-5.556458756737564,62,2023
2023_09_WAS_NE,9,WAS,5.367700331583521,94,2.8389439053120444,76,2023
2023_10_ATL_ARI,10,ARI,1.3435699324680788,81,-0.20626500404051562,60,2023
2023_10_ATL_ARI,10,ATL,0.6107370976511516,86,-2.063908582128586,65,2023
2023_10_CAR_CHI,10,CAR,-11.232100315406036,79,-7.862651985979374,57,2023
2023_10_CAR_CHI,10,CHI,-10.159096520873767,88,-4.070277624480601,69,2023
2023_10_CLE_BAL,10,BAL,0.17777315475027144,77,-8.486512311242222,50,2023
2023_10_CLE_BAL,10,CLE,5.362319600900538,96,6.520118032432829,75,2023
2023_10_DEN_BUF,10,BUF,-7.98870527311983,66,-3.350456453466787,53,2023
2023_10_DEN_BUF,10,DEN,-2.972027765266181,98,-0.19973018978185442,69,2023
2023_10_DET_LAC,10,DET,26.633750498362932,82,27.217963356686706,61,2023
2023_10_DET_LAC,10,LAC,19.67550865427882,89,13.718380866697892,68,2023
2023_10_GB_PIT,10,GB,4.123012748635276,83,4.120687345160186,64,2023
2023_10_GB_PIT,10,PIT,7.418958408380761,81,2.543345118672594,60,2023
2023_10_HOU_CIN,10,CIN,4.281850074695976,82,0.03364603797608634,59,2023
2023_10_HOU_CIN,10,HOU,8.913676149810053,94,7.50185677149307,74,2023
2023_10_IND_NE,10,IND,-0.1945888776239495,69,-0.9482407697510251,53,2023
2023_10_IND_NE,10,NE,-4.3898597355000675,83,0.054051057554159954,68,2023
2023_10_NO_MIN,10,MIN,0.8443814188417735,92,6.7883803969227685,68,2023
2023_10_NO_MIN,10,NO,-6.427265481033595,82,-3.089873748972379,63,2023
2023_10_NYG_DAL,10,DAL,22.81207131124318,92,23.549783613576437,76,2023
2023_10_NYG_DAL,10,NYG,-12.701769198889924,78,-13.522220447644841,54,2023
2023_10_NYJ_LV,10,LV,-13.143643056564382,80,-11.444731270408509,62,2023
2023_10_NYJ_LV,10,NYJ,-14.044874419691041,81,-8.28717377993679,63,2023
2023_10_SF_JAX,10,JAX,-21.079377185669728,73,-25.459978012231353,54,2023
2023_10_SF_JAX,10,SF,17.3781188228771,74,18.354998329367685,57,2023
2023_10_TEN_TB,10,TB,-1.5520248888340822,78,3.195066140431612,60,2023
2023_10_TEN_TB,10,TEN,-16.053804556839168,78,-15.90646207461971,59,2023
2023_10_WAS_SEA,10,SEA,10.178927380796424,103,7.141064894974582,73,2023
2023_10_WAS_SEA,10,WAS,8.548083304501924,80,6.658523867891771,61,2023
2023_11_ARI_HOU,11,ARI,-3.4087134894008457,71,-3.3589331786162546,59,2023
2023_11_ARI_HOU,11,HOU,-1.66877130006813,78,-3.490050182001177,66,2023
2023_11_CHI_DET,11,CHI,3.3279417812339958,92,1.3207808303392703,70,2023
2023_11_CHI_DET,11,DET,1.2088568479436208,76,4.375325644548982,59,2023
2023_11_CIN_BAL,11,BAL,12.56604136276505,82,10.242441791059335,60,2023
2023_11_CIN_BAL,11,CIN,-0.677245226396578,84,3.114153842367506,59,2023
2023_11_DAL_CAR,11,CAR,-14.86611848628619,76,-17.142594274385964,58,2023
2023_11_DAL_CAR,11,DAL,13.939433702444463,86,11.817900123464256,65,2023
2023_11_LAC_GB,11,GB,1.533527812558313,89,5.97049802643612,70,2023
2023_11_LAC_GB,11,LAC,1.8789520864385598,79,3.983805947396247,61,2023
2023_11_LV_MIA,11,LV,-14.587751291997314,77,-14.981388065355539,59,2023
2023_11_LV_MIA,11,MIA,-7.392229639603854,85,-6.956669910448591,67,2023
2023_11_MIN_DEN,11,DEN,-4.9837237852769904,70,-2.1799394926063806,52,2023
2023_11_MIN_DEN,11,MIN,-4.862841249064174,89,-1.4172046177100048,70,2023
2023_11_NYG_WAS,11,NYG,-1.0018214888965797,73,-1.2360897403753963,54,2023
2023_11_NYG_WAS,11,WAS,-14.987309511196898,95,-13.152572618287191,77,2023
2023_11_NYJ_BUF,11,BUF,5.965911599183308,91,6.491185686075079,69,2023
2023_11_NYJ_BUF,11,NYJ,-25.210898827834054,73,-20.768082710346672,55,2023
2023_11_PHI_KC,11,KC,-11.75092818893502,99,-9.629766598460265,73,2023
2023_11_PHI_KC,11,PHI,-5.168166751200479,69,-1.006419912329875,51,2023
2023_11_PIT_CLE,11,CLE,-12.047213095137899,92,-9.833817298344417,71,2023
2023_11_PIT_CLE,11,PIT,-12.228278349022197,74,-6.0059809867662395,56,2023
2023_11_SEA_LA,11,LA,-5.71824056922528,82,-9.471732969561401,58,2023
2023_11_SEA_LA,11,SEA,-2.51796854362858,82,-0.5102174238093036,61,2023
2023_11_TB_SF,11,SF,9.85769688002052,73,12.085393802011657,57,2023
2023_11_TB_SF,11,TB,-4.324794230486829,84,-7.614884699636605,66,2023
2023_11_TEN_JAX,11,JAX,26.216165009247874,84,13.382500707761771,69,2023
2023_11_TEN_JAX,11,TEN,2.696766852314952,59,1.3672972251661122,36,2023
2023_12_BAL_LAC,12,BAL,-6.37244968514279,86,1.7855365189107908,67,2023
2023_12_BAL_LAC,12,LAC,-20.40031929529307,79,-19.91028747222008,66,2023
2023_12_BUF_PHI,12,BUF,4.885790542585115,117,15.048925130648858,91,2023
2023_12_BUF_PHI,12,PHI,7.719828476665812,88,2.270485165711409,64,2023
2023_12_CAR_TEN,12,CAR,-5.461080014952508,87,-9.290372301892095,67,2023
2023_12_CAR_TEN,12,TEN,0.40800614687138737,70,2.0135667683789507,49,2023
2023_12_CHI_MIN,12,CHI,-14.309417962096632,83,-7.859972252658542,65,2023
2023_12_CHI_MIN,12,MIN,-20.88364570081269,66,-26.08712585943892,51,2023
2023_12_CLE_DEN,12,CLE,-16.757857882606796,88,-19.75684504080224,70,2023
2023_12_CLE_DEN,12,DEN,1.871691936876013,87,-1.5860335314646674,58,2023
2023_12_GB_DET,12,DET,-11.112531446878682,95,-10.983437627044506,79,2023
2023_12_GB_DET,12,GB,1.83912512874545,74,7.857694488419536,54,2023
2023_12_JAX_HOU,12,HOU,-2.2712221384970515,77,3.3148856056731884,58,2023
2023_12_JAX_HOU,12,JAX,4.961790293708753,90,2.5431430920908227,68,2023
2023_12_KC_LV,12,KC,10.173214876275509,76,14.801036531738934,56,2023
2023_12_KC_LV,12,LV,-7.105305690081558,71,-1.5324421884156467,58,2023
2023_12_LA_ARI,12,ARI,-13.301211941492278,89,-9.13804951936924,66,2023
2023_12_LA_ARI,12,LA,16.938846717764772,79,22.100754609718823,66,2023
2023_12_MIA_NYJ,12,MIA,7.0060151760138485,82,2.788655315154807,67,2023
2023_12_MIA_NYJ,12,NYJ,-20.056249741842137,77,-21.15284779324429,55,2023
2023_12_NE_NYG,12,NE,-15.33509691689634,81,-11.14649154678007,68,2023
2023_12_NE_NYG,12,NYG,-13.021269180011053,67,-11.873965837348885,49,2023
2023_12_NO_ATL,12,ATL,2.5466142317056613,77,3.114027673025337,61,2023
2023_12_NO_ATL,12,NO,-4.155449204961769,86,-2.937434851592518,66,2023
2023_12_PIT_CIN,12,CIN,-7.09332554672384,60,-6.245565324514157,40,2023
2023_12_PIT_CIN,12,PIT,2.4534755932259817,83,5.1651941778954065,65,2023
2023_12_SF_SEA,12,SEA,-11.675283971489456,73,-14.305243720839389,54,2023
2023_12_SF_SEA,12,SF,10.058694832436545,84,6.901258338237689,63,2023
2023_12_TB_IND,12,IND,0.44269205512338816,86,5.585949799265439,69,2023
2023_12_TB_IND,12,TB,-6.838247784401137,78,-4.716988103779598,56,2023
2023_12_WAS_DAL,12,DAL,22.27928586646324,70,23.34004314490393,51,2023
2023_12_WAS_DAL,12,WAS,-16.87962226513742,93,-17.014285713013408,75,2023
2023_13_ARI_PIT,13,ARI,4.249942398588027,83,2.2857439494685745,60,2023
2023_13_ARI_PIT,13,PIT,-13.766459473568297,79,-5.25626184054339,57,2023
2023_13_ATL_NYJ,13,ATL,-14.796871912359542,86,-14.344018222994507,63,2023
2023_13_ATL_NYJ,13,NYJ,-22.677765872358577,85,-23.39941789029738,67,2023
2023_13_CAR_TB,13,CAR,-7.514027988508393,88,-5.991272679163265,70,2023
2023_13_CAR_TB,13,TB,-6.514697815450055,79,-2.539565837563714,56,2023
2023_13_CIN_JAX,13,CIN,12.53545134244118,90,14.001995233298928,72,2023
2023_13_CIN_JAX,13,JAX,6.725148520638273,93,12.650863321585906,68,2023
2023_13_CLE_LA,13,CLE,-9.499714455912589,89,-6.621451350640948,69,2023
2023_13_CLE_LA,13,LA,5.952370936524588,87,7.196313095117422,61,2023
2023_13_DEN_HOU,13,DEN,-11.142485307168062,76,-12.542453974767744,58,2023
2023_13_DEN_HOU,13,HOU,-5.374843192906275,88,-3.4128040751587143,63,2023
2023_13_DET_NO,13,DET,3.9743099387184477,77,8.471409727968176,55,2023
2023_13_DET_NO,13,NO,-5.1773519795890905,86,-2.39067090745084,66,2023
2023_13_IND_TEN,13,IND,2.2136236790399506,89,-0.7417713330797913,68,2023
2023_13_IND_TEN,13,TEN,-5.650937329903391,109,2.464804798519296,80,2023
2023_13_KC_GB,13,GB,18.602543857255803,79,19.07624101556967,63,2023
2023_13_KC_GB,13,KC,10.608620676823843,79,10.587897794452292,61,2023
2023_13_LAC_NE,13,LAC,-12.00145215599332,76,-8.724077144187355,59,2023
2023_13_LAC_NE,13,NE,-20.524031776643824,77,-17.027053538768087,62,2023
2023_13_MIA_WAS,13,MIA,26.032688150331087,74,24.14235700370463,59,2023
2023_13_MIA_WAS,13,WAS,-12.061267271171605,72,-9.715138156133817,55,2023
2023_13_SEA_DAL,13,DAL,19.945926360877227,104,13.825535988130392,78,2023
2023_13_SEA_DAL,13,SEA,12.096874544864203,87,8.315279639384244,63,2023
2023_13_SF_PHI,13,PHI,5.819244704762891,89,4.227674098468393,70,2023
2023_13_SF_PHI,13,SF,32.5527535865872,76,29.664553403039463,56,2023
2023_14_BUF_KC,14,BUF,-2.5149212506647265,92,1.2645222133221052,70,2023
2023_14_BUF_KC,14,KC,-8.132619473412731,80,-3.5425487695766193,62,2023
2023_14_CAR_NO,14,CAR,-33.02505721972557,93,-25.811246234339933,79,2023
2023_14_CAR_NO,14,NO,-10.342384585928173,67,-9.546872349335107,50,2023
2023_14_DEN_LAC,14,DEN,-10.423018862603815,82,-3.1082974501916505,63,2023
2023_14_DEN_LAC,14,LAC,-31.531703303391463,81,-31.556367934914306,67,2023
2023_14_DET_CHI,14,CHI,1.4697980591602575,83,2.76106468157594,65,2023
2023_14_DET_CHI,14,DET,-16.609538468676718,83,-9.302342623879667,63,2023
2023_14_GB_NYG,14,GB,1.034769163671366,83,-2.629464008606117,67,2023
2023_14_GB_NYG,14,NYG,1.055973795287863,75,0.5365417838222091,54,2023
2023_14_HOU_NYJ,14,HOU,-24.623772295904395,74,-27.418125438591233,52,2023
2023_14_HOU_NYJ,14,NYJ,3.754673659992258,87,-0.4444064152985705,65,2023
2023_14_IND_CIN,14,CIN,12.42993487909766,79,4.141001354539361,57,2023
2023_14_IND_CIN,14,IND,-10.317510654799921,80,-2.6623405492821632,60,2023
2023_14_JAX_CLE,14,CLE,-9.564227973981955,99,-8.383676889503565,71,2023
2023_14_JAX_CLE,14,JAX,-13.28615268078813,99,-13.935054268324048,74,2023
2023_14_LA_BAL,14,BAL,11.940179942598935,91,11.955337113491392,71,2023
2023_14_LA_BAL,14,LA,6.844042041480278,102,7.494577179511005,73,2023
2023_14_MIN_LV,14,LV,-27.4928862763918,64,-24.610473740904126,53,2023
2023_14_MIN_LV,14,MIN,-22.36941811774159,89,-14.420350422765384,71,2023
2023_14_NE_PIT,14,NE,-10.18908936912907,74,-3.263128142163623,55,2023
2023_14_NE_PIT,14,PIT,-14.851616618834019,85,-20.189971192924634,66,2023
2023_14_PHI_DAL,14,DAL,11.311901393510396,96,2.7896161431700257,74,2023
2023_14_PHI_DAL,14,PHI,-10.88268793609428,71,-9.242980984464351,52,2023
2023_14_SEA_SF,14,SEA,-1.7809816762158204,74,-6.858372863396537,56,2023
2023_14_SEA_SF,14,SF,8.94704532681712,71,13.677009066566825,52,2023
2023_14_TB_ATL,14,ATL,-5.8331374625580725,88,-1.0820530949522045,69,2023
2023_14_TB_ATL,14,TB,-0.43853599905176466,88,-2.152556494992279,67,2023
2023_14_TEN_MIA,14,MIA,1.795168709142453,92,-2.649537214601013,69,2023
2023_14_TEN_MIA,14,TEN,2.527114792684461,91,4.556173824912043,68,2023
2023_15_ATL_CAR,15,ATL,-14.830152726775317,64,-15.13651958561968,50,2023
2023_15_ATL_CAR,15,CAR,-13.116859213332646,79,-11.740677794409873,60,2023
2023_15_BAL_JAX,15,BAL,2.8495992082472847,83,1.801919844958701,69,2023
2023_15_BAL_JAX,15,JAX,-18.47240719613857,78,-13.769994025075142,61,2023
2023_15_CHI_CLE,15,CHI,-24.052429762260388,95,-21.781681312479883,70,2023
2023_15_CHI_CLE,15,CLE,-22.738699361302523,89,-24.81372413842488,67,2023
2023_15_DAL_BUF,15,BUF,18.358360736691196,81,11.564427375869151,62,2023
2023_15_DAL_BUF,15,DAL,-4.601848568664913,70,-5.3683333133428,57,2023
2023_15_DEN_DET,15,DEN,-6.733133599914844,80,-7.82207880273927,61,2023
2023_15_DEN_DET,15,DET,19.7578705117458,82,21.1238771348726,64,2023
2023_15_HOU_TEN,15,HOU,-6.278012851587313,96,-7.944736002207977,72,2023
2023_15_HOU_TEN,15,TEN,-12.51677368965359,79,-11.45935217762379,63,2023
2023_15_KC_NE,15,KC,-9.129165040720402,81,-1.1806570989632554,58,2023
2023_15_KC_NE,15,NE,-23.470865751644695,70,-16.180059835434623,51,2023
2023_15_LAC_LV,15,LAC,-27.11649578000058,87,-23.616258164751343,63,2023
2023_15_LAC_LV,15,LV,19.59552679294173,84,15.905291635659523,63,2023
2023_15_MIN_CIN,15,CIN,6.938051680584758,86,9.91552839846157,67,2023
2023_15_MIN_CIN,15,MIN,6.954458931360713,84,9.440375709126428,67,2023
2023_15_NYG_NO,15,NO,4.960365860903519,74,4.822314329724998,55,2023
2023_15_NYG_NO,15,NYG,-15.125572215183638,77,-18.065525294680537,60,2023
2023_15_NYJ_MIA,15,MIA,2.7374830624191953,77,5.93868945238844,55,2023
2023_15_NYJ_MIA,15,NYJ,-32.597315243881894,73,-31.15086657050415,55,2023
2023_15_PHI_SEA,15,PHI,5.897174645507378,85,7.8884949001508815,69,2023
2023_15_PHI_SEA,15,SEA,7.398388971750293,79,3.343613134629538,58,2023
2023_15_PIT_IND,15,IND,-4.907994120887252,83,3.4303422942883928,64,2023
2023_15_PIT_IND,15,PIT,-23.650932279083026,72,-17.27766719533247,54,2023
2023_15_SF_ARI,15,ARI,4.405145856491443,92,0.2764627797558692,73,2023
2023_15_SF_ARI,15,SF,24.48517516247415,72,21.740361591317374,51,2023
2023_15_TB_GB,15,GB,2.806587437605388,77,1.803626968031299,57,2023
2023_15_TB_GB,15,TB,20.964946156136964,76,21.140646811042842,58,2023
2023_15_WAS_LA,15,LA,-3.9685718032519803,91,-1.3215351911248447,74,2023
2023_15_WAS_LA,15,WAS,-11.84080522594147,75,-8.377670573856449,58,2023
2023_16_ARI_CHI,16,ARI,-2.1885116329934005,78,-9.449411840775742,60,2023
2023_16_ARI_CHI,16,CHI,9.349405319678917,87,7.806396912173266,67,2023
2023_16_BAL_SF,16,BAL,7.806056359158683,85,3.9088991649865203,62,2023
2023_16_BAL_SF,16,SF,-12.547314297203073,87,-15.56749515143775,68,2023
2023_16_BUF_LAC,16,BUF,0.22000966704811287,71,3.581388850711429,52,2023
2023_16_BUF_LAC,16,LAC,0.7622704370316349,88,-6.168413204014843,65,2023
2023_16_CIN_PIT,16,CIN,-13.388327908833045,76,-12.959044911248004,62,2023
2023_16_CIN_PIT,16,PIT,11.491423733185316,75,12.787016225273,58,2023
2023_16_CLE_HOU,16,CLE,7.906707097745187,93,8.731790771315339,77,2023
2023_16_CLE_HOU,16,HOU,-11.040283215583615,91,-18.211896975408308,68,2023
2023_16_DAL_MIA,16,DAL,9.731524845062424,82,3.60630091023242,60,2023
2023_16_DAL_MIA,16,MIA,10.300513806506011,81,2.2244450571940524,62,2023
2023_16_DET_MIN,16,DET,11.227290955845731,100,13.564972715599033,75,2023
2023_16_DET_MIN,16,MIN,1.0576487080020591,69,1.6104647779858379,50,2023
2023_16_GB_CAR,16,CAR,15.921842248208367,83,11.52657773896362,63,2023
2023_16_GB_CAR,16,GB,20.64837900636698,84,16.460487647901942,63,2023
2023_16_IND_ATL,16,ATL,9.728621445026402,83,8.244785712335718,63,2023
2023_16_IND_ATL,16,IND,-12.559977291087543,85,-16.077479514896865,67,2023
2023_16_JAX_TB,16,JAX,-14.38896073712362,76,-12.842723742960159,63,2023
2023_16_JAX_TB,16,TB,5.698754010679986,90,3.6693041218908693,70,2023
2023_16_LV_KC,16,KC,-18.094697015853697,92,-18.545803277219377,74,2023
2023_16_LV_KC,16,LV,-9.960696608439088,67,-8.982057545258574,50,2023
2023_16_NE_DEN,16,DEN,-18.855054244994932,85,-6.118615972751053,66,2023
2023_16_NE_DEN,16,NE,-11.99403210215518,77,-4.144568597907485,55,2023
2023_16_NO_LA,16,LA,5.17195549246983,86,13.734747537398935,66,2023
2023_16_NO_LA,16,NO,-4.935539462963352,72,-3.046813559500035,58,2023
2023_16_NYG_PHI,16,NYG,-7.0461892388836525,79,-3.7297623399292936,58,2023
2023_16_NYG_PHI,16,PHI,1.7601267376028393,95,9.630653669961792,74,2023
2023_16_SEA_TEN,16,SEA,12.585311981995957,76,7.740255058173123,59,2023
2023_16_SEA_TEN,16,TEN,6.654199767422299,82,5.956678312696916,63,2023
2023_16_WAS_NYJ,16,NYJ,-11.436351508118824,113,-20.398540722193676,85,2023
2023_16_WAS_NYJ,16,WAS,-13.259068801967855,83,-10.59918685653247,58,2023
2023_17_ARI_PHI,17,ARI,22.075341430348896,89,18.418995024740042,72,2023
2023_17_ARI_PHI,17,PHI,15.478345426732945,65,10.692353513786239,47,2023
2023_17_ATL_CHI,17,ATL,-13.362259811167704,76,-4.291212171980888,59,2023
2023_17_ATL_CHI,17,CHI,6.74016163038536,92,9.174649825360033,72,2023
2023_17_CAR_JAX,17,CAR,-26.018098201486282,69,-24.12327728397213,53,2023
2023_17_CAR_JAX,17,JAX,4.093629184965878,74,6.150608806587884,58,2023
2023_17_CIN_KC,17,CIN,-1.9951315508213403,90,-5.389389915979175,71,2023
2023_17_CIN_KC,17,KC,6.979762436022234,68,2.4284111585228345,51,2023
2023_17_DET_DAL,17,DAL,-3.6387206240783785,82,-2.497812373262098,61,2023
2023_17_DET_DAL,17,DET,-4.1532177988930306,85,-2.9252677032757157,65,2023
2023_17_GB_MIN,17,GB,16.62284467212949,86,19.411534267777803,71,2023
2023_17_GB_MIN,17,MIN,-12.59961701067898,70,-17.286070017915872,51,2023
2023_17_LAC_DEN,17,DEN,-2.9425689394842394,87,-3.115171510303525,65,2023
2023_17_LAC_DEN,17,LAC,-10.29498088330729,81,-8.522436483876454,62,2023
2023_17_LA_NYG,17,LA,-4.897463571394523,76,1.098572350165341,60,2023
2023_17_LA_NYG,17,NYG,-8.177603654023823,93,-4.54974931614906,67,2023
2023_17_LV_IND,17,IND,10.576420409908206,71,7.2126573153545905,52,2023
2023_17_LV_IND,17,LV,6.596347705415137,97,5.6233838605357125,74,2023
2023_17_MIA_BAL,17,BAL,29.719713147675694,76,32.16391707974253,53,2023
2023_17_MIA_BAL,17,MIA,-8.840628981153063,88,-10.169059301314851,67,2023
2023_17_NE_BUF,17,BUF,-7.676639953495615,86,-4.314965323799402,66,2023
2023_17_NE_BUF,17,NE,-13.514159156808311,69,-14.705004312103952,52,2023
2023_17_NO_TB,17,NO,3.6302138094626324,88,4.920149810449902,67,2023
2023_17_NO_TB,17,TB,-9.905950256680885,71,-8.343195691311731,50,2023
2023_17_NYJ_CLE,17,CLE,-3.3096395508155805,75,-3.3195743201718573,58,2023
2023_17_NYJ_CLE,17,NYJ,-21.86512996538552,98,-12.042661860177407,68,2023
2023_17_PIT_SEA,17,PIT,16.67746557308579,86,19.85821813287196,70,2023
2023_17_PIT_SEA,17,SEA,5.876417438879046,69,6.008090329622501,49,2023
2023_17_SF_WAS,17,SF,13.443783768003195,80,15.05912417220177,66,2023
2023_17_SF_WAS,17,WAS,-8.21263095574924,61,-7.8765243694309675,43,2023
2023_17_TEN_HOU,17,HOU,4.102898718161195,74,0.15434979412752692,61,2023
2023_17_TEN_HOU,17,TEN,-24.50923804275226,68,-22.753726958316726,53,2023
2023_18_ATL_NO,18,ATL,-22.46896876251744,79,-18.002090242378024,60,2023
2023_18_ATL_NO,18,NO,13.75581335926568,89,13.56190348202632,66,2023
2023_18_BUF_MIA,18,BUF,4.621030818396101,87,5.55640746827703,75,2023
2023_18_BUF_MIA,18,MIA,-4.510114807081506,67,1.8381184949539602,48,2023
2023_18_CHI_GB,18,CHI,1.1859908059705049,60,-4.396640683344982,46,2023
2023_18_CHI_GB,18,GB,8.594723842195137,68,13.682270292469974,58,2023
2023_18_CLE_CIN,18,CIN,6.325322176099094,82,0.6577485726803687,61,2023
2023_18_CLE_CIN,18,CLE,-12.312544200539222,71,-13.223392687679734,52,2023
2023_18_DAL_WAS,18,DAL,14.150133554055113,84,25.09891498983331,69,2023
2023_18_DAL_WAS,18,WAS,-18.526163964022466,63,-14.374750091296864,48,2023
2023_18_DEN_LV,18,DEN,-3.2590518089670226,75,-2.5985429087886587,58,2023
2023_18_DEN_LV,18,LV,10.890131773025612,80,8.274190781608285,63,2023
2023_18_HOU_IND,18,HOU,4.9471643584440415,77,6.716904834314528,56,2023
2023_18_HOU_IND,18,IND,-1.5420715908256826,84,-0.6402918063010135,63,2023
2023_18_JAX_TEN,18,JAX,-3.0622552518896806,85,-4.142880186791672,66,2023
2023_18_JAX_TEN,18,TEN,4.2382946214659984,70,6.558484519890044,52,2023
2023_18_KC_LAC,18,KC,-12.473356034546509,72,-8.333791430843185,58,2023
2023_18_KC_LAC,18,LAC,-14.315237324452028,98,-18.658100115065903,80,2023
2023_18_LA_SF,18,LA,6.31661046475465,76,6.23407130919816,62,2023
2023_18_LA_SF,18,SF,3.1786501740150555,73,8.965477748096342,57,2023
2023_18_MIN_DET,18,DET,7.363977849666028,73,7.888625211852849,56,2023
2023_18_MIN_DET,18,MIN,-3.295399442485767,91,-1.0242881458064215,70,2023
2023_18_NYJ_NE,18,NE,-33.711206358275376,73,-32.44967222353306,58,2023
2023_18_NYJ_NE,18,NYJ,-15.382655963723547,81,-14.771142644017374,64,2023
2023_18_PHI_NYG,18,NYG,0.9319085254844683,82,5.830322972846742,66,2023
2023_18_PHI_NYG,18,PHI,-17.88916388667659,81,-18.33886751264673,65,2023
2023_18_PIT_BAL,18,BAL,-17.340480523547207,72,-16.060432545306192,56,2023
2023_18_PIT_BAL,18,PIT,-6.838798397597955,79,-4.139715632911269,61,2023
2023_18_SEA_ARI,18,ARI,6.680463095615305,88,16.04904816731959,69,2023
2023_18_SEA_ARI,18,SEA,7.210919057505514,68,6.078157485866325,54,2023
2023_18_TB_CAR,18,CAR,-20.986223330022767,65,-15.514699119286123,50,2023
2023_18_TB_CAR,18,TB,-9.345518269459717,76,-5.741241558853652,61,2023
2024_01_ARI_BUF,1,ARI,10.728375142019377,76,3.8000999668915876,60,2024
2024_01_ARI_BUF,1,BUF,15.30859458871632,80,12.658808090675048,57,2024
2024_01_BAL_KC,1,BAL,1.9756058972281356,95,5.968048274103536,74,2024
2024_01_BAL_KC,1,KC,8.692867423889547,70,10.211904899834158,49,2024
2024_01_CAR_NO,1,CAR,-29.236088780742488,78,-26.697909597183664,55,2024
2024_01_CAR_NO,1,NO,15.933228717602905,81,12.760839239990034,62,2024
2024_01_DAL_CLE,1,CLE,-23.93978130555844,98,-19.030507287359796,70,2024
2024_01_DAL_CLE,1,DAL,-3.1750246467256518,84,-6.545754757930839,59,2024
2024_01_DEN_SEA,1,DEN,-12.368574753184852,93,-21.464335067130634,69,2024
2024_01_DEN_SEA,1,SEA,-4.04723932316001,85,-4.633521315043341,58,2024
2024_01_GB_PHI,1,GB,7.785741214037982,85,10.764389679862012,59,2024
2024_01_GB_PHI,1,PHI,9.84061828971821,95,4.115990937979539,73,2024
2024_01_HOU_IND,1,HOU,12.251593187507394,96,10.555858777225787,75,2024
2024_01_HOU_IND,1,IND,5.585914244209878,59,2.283054551095236,44,2024
2024_01_JAX_MIA,1,JAX,-3.006149278923501,72,-7.398182453956745,50,2024
2024_01_JAX_MIA,1,MIA,-0.5342437204952399,85,1.5647658228128838,65,2024
2024_01_LA_DET,1,DET,7.28146547679021,78,6.452360015730486,61,2024
2024_01_LA_DET,1,LA,4.91803107227711,93,3.247287117393915,74,2024
2024_01_LV_LAC,1,LAC,-9.605862818263354,77,-4.604417127876656,52,2024
2024_01_LV_LAC,1,LV,-23.124589081677026,74,-19.755463456772954,59,2024
2024_01_MIN_NYG,1,MIN,6.324440839644327,67,7.7777367369271815,50,2024
2024_01_MIN_NYG,1,NYG,-20.879283483605832,89,-24.292470483223557,68,2024
2024_01_NE_CIN,1,CIN,-2.3426879828470315,61,-8.589582452536447,48,2024
2024_01_NE_CIN,1,NE,6.299955379902336,81,-0.42085607826476235,61,2024
2024_01_NYJ_SF,1,NYJ,-0.16778771909517498,64,-2.468170907959342,50,2024
2024_01_NYJ_SF,1,SF,15.303345072346175,88,6.941341583420494,69,2024
2024_01_PIT_ATL,1,ATL,-16.76775114950693,69,-17.217866569651186,49,2024
2024_01_PIT_ATL,1,PIT,-3.4066812439705245,84,-6.586437835322002,66,2024
2024_01_TEN_CHI,1,CHI,-15.090007884630982,75,-12.942634671405699,52,2024
2024_01_TEN_CHI,1,TEN,-23.097482806332508,83,-16.112823552424537,61,2024
2024_01_WAS_TB,1,TB,22.109116484122154,81,15.715355853534017,59,2024
2024_01_WAS_TB,1,WAS,3.823221391082644,74,6.755298008016236,56,2024
2024_02_ATL_PHI,2,ATL,10.187870482567961,73,8.647228052165264,57,2024
2024_02_ATL_PHI,2,PHI,7.622297388473012,86,8.113727795763895,68,2024
2024_02_BUF_MIA,2,BUF,6.798906404527174,60,9.690081024859483,42,2024
2024_02_BUF_MIA,2,MIA,-20.961726669468966,89,-20.004718818820198,75,2024
2024_02_CHI_HOU,2,CHI,-11.688450600974884,90,-20.70017838832519,66,2024
2024_02_CHI_HOU,2,HOU,-5.028899951278854,82,-8.980791762202092,60,2024
2024_02_CIN_KC,2,CIN,4.449499823183189,81,2.798050095411239,61,2024
2024_02_CIN_KC,2,KC,-0.4846294926671355,78,-5.0770331484783195,60,2024
2024_02_CLE_JAX,2,CLE,4.212652103961396,88,1.452025277897281,65,2024
2024_02_CLE_JAX,2,JAX,-2.5553743955237347,74,-1.8356145371866477,54,2024
2024_02_IND_GB,2,GB,0.07800025229570196,83,-0.13950143123191383,67,2024
2024_02_IND_GB,2,IND,-6.761298817887486,69,-4.976085545033671,52,2024
2024_02_LAC_CAR,2,CAR,-24.91306784216431,65,-22.567886329025104,46,2024
2024_02_LAC_CAR,2,LAC,4.39370167062021,80,6.903749682897969,62,2024
2024_02_LA_ARI,2,ARI,25.73218311660612,80,21.503444251158044,62,2024
2024_02_LA_ARI,2,LA,-9.51961036657418,66,-13.678188088281264,52,2024
2024_02_LV_BAL,2,BAL,-3.0371466655331707,88,-0.6614633788656032,61,2024
2024_02_LV_BAL,2,LV,2.3812193265195427,79,-9.748741219812395,59,2024
2024_02_NO_DAL,2,DAL,-6.45326026059889,87,-11.17071453279761,65,2024
2024_02_NO_DAL,2,NO,24.301179277223525,72,24.446380556355727,53,2024
2024_02_NYG_WAS,2,NYG,6.110142398233476,68,5.238832593983041,53,2024
2024_02_NYG_WAS,2,WAS,11.82465008678264,89,10.484702621481208,67,2024
2024_02_NYJ_TEN,2,NYJ,6.404577708178985,74,1.960697474749054,55,2024
2024_02_NYJ_TEN,2,TEN,-5.312184711713442,80,-5.37248549814994,60,2024
2024_02_PIT_DEN,2,DEN,-9.11747487654793,76,-13.614556924358165,56,2024
2024_02_PIT_DEN,2,PIT,-0.7749721099238864,82,-6.99639081468877,58,2024
2024_02_SEA_NE,2,NE,2.2807130561861166,86,3.7247379838835553,66,2024
2024_02_SEA_NE,2,SEA,5.331903151790514,87,1.4227055531765362,64,2024
2024_02_SF_MIN,2,MIN,-3.639125042823842,68,-2.15289213751057,51,2024
2024_02_SF_MIN,2,SF,-11.30982459149859,85,-4.990429638810595,67,2024
2024_02_TB_DET,2,DET,-8.15804671199096,100,-5.696779462482473,82,2024
2024_02_TB_DET,2,TB,-1.1802704801044899,63,-4.598892464447363,46,2024
2024_03_BAL_DAL,3,BAL,10.14562261558145,81,21.660420632748135,58,2024
2024_03_BAL_DAL,3,DAL,6.10040557565571,97,0.4449975050454018,72,2024
2024_03_CAR_LV,3,CAR,15.01418851821532,92,13.928446813121374,69,2024
2024_03_CAR_LV,3,LV,-6.039726768863621,80,-4.983656691647094,60,2024
2024_03_CHI_IND,3,CHI,-12.905305031782639,104,-16.932268998057957,84,2024
2024_03_CHI_IND,3,IND,-8.920434146373536,72,-10.867424057621974,51,2024
2024_03_DEN_TB,3,DEN,7.23112182851871,81,5.325847452020199,63,2024
2024_03_DEN_TB,3,TB,-18.75583568513631,70,-21.069854849920375,56,2024
2024_03_DET_ARI,3,ARI,-9.79762439490265,72,-12.635484090792357,53,2024
2024_03_DET_ARI,3,DET,-0.623491294168872,85,2.9554516502539627,66,2024
2024_03_GB_TEN,3,GB,5.060944546554092,81,6.848581196818472,59,2024
2024_03_GB_TEN,3,TEN,-16.828177675167197,68,-19.46254349296214,53,2024
2024_03_HOU_MIN,3,HOU,-22.524844830388087,86,-13.563009933367972,62,2024
2024_03_HOU_MIN,3,MIN,9.474586038916371,79,6.420213160452155,59,2024
2024_03_JAX_BUF,3,BUF,26.637734801890037,77,26.345245508782877,59,2024
2024_03_JAX_BUF,3,JAX,-14.472856255786077,89,-16.552145299330515,68,2024
2024_03_KC_ATL,3,ATL,-0.4800171779811717,76,-5.47307807337217,55,2024
2024_03_KC_ATL,3,KC,7.459588126496957,87,6.864621803087319,69,2024
2024_03_LAC_PIT,3,LAC,-7.121476476851434,62,-7.410723155930017,45,2024
2024_03_LAC_PIT,3,PIT,3.945373638330395,81,8.291241797772603,63,2024
2024_03_MIA_SEA,3,MIA,-28.911069831519853,79,-24.11246703026806,56,2024
2024_03_MIA_SEA,3,SEA,-5.626348789881596,79,-0.269172680511474,58,2024
2024_03_NE_NYJ,3,NE,-13.873464953561779,63,-19.18396169129793,48,2024
2024_03_NE_NYJ,3,NYJ,10.344915023671783,86,17.951893447644196,70,2024
2024_03_NYG_CLE,3,CLE,-20.63622126544877,82,-23.77503791260454,63,2024
2024_03_NYG_CLE,3,NYG,-13.061769603036955,90,2.927586030627149,66,2024
2024_03_PHI_NO,3,NO,-10.608101093399338,68,-11.13570312341278,55,2024
2024_03_PHI_NO,3,PHI,-8.120207547688274,83,2.106559463275455,65,2024
2024_03_SF_LA,3,LA,11.78079604847019,74,6.5763587507883114,55,2024
2024_03_SF_LA,3,SF,11.641345042304717,85,13.020351471133901,65,2024
2024_03_WAS_CIN,3,CIN,23.11994231756596,77,22.499544858926644,61,2024
2024_03_WAS_CIN,3,WAS,31.934062721137646,75,28.34371539679947,55,2024
2024_04_BUF_BAL,4,BAL,15.000053121230788,72,15.858140129974345,54,2024
2024_04_BUF_BAL,4,BUF,-11.264620209534236,76,-7.730313275405908,57,2024
2024_04_CIN_CAR,4,CAR,3.8285695756365015,87,0.2543866273821127,69,2024
2024_04_CIN_CAR,4,CIN,16.65452196117471,83,10.3635472129586,62,2024
2024_04_CLE_LV,4,CLE,-8.299758402161068,73,-6.722891984466265,57,2024
2024_04_CLE_LV,4,LV,-5.6101378321142406,75,-8.445430038809434,53,2024
2024_04_DAL_NYG,4,DAL,7.788566746519628,71,10.3957512449505,50,2024
2024_04_DAL_NYG,4,NYG,1.5188851320999674,83,-2.876192745829102,64,2024
2024_04_DEN_NYJ,4,DEN,-17.949747158752338,76,-15.385771922841998,54,2024
2024_04_DEN_NYJ,4,NYJ,-20.942858557857107,95,-19.936656958764253,70,2024
2024_04_JAX_HOU,4,HOU,8.952231420950028,91,10.672615306365815,68,2024
2024_04_JAX_HOU,4,JAX,8.680793269433234,76,-0.7668057526300096,57,2024
2024_04_KC_LAC,4,KC,-7.8096572727623865,75,-4.839372262173731,55,2024
2024_04_KC_LAC,4,LAC,-16.519494589707232,75,-11.34336938389785,53,2024
2024_04_LA_CHI,4,CHI,4.452011808885581,78,4.3294815744539115,52,2024
2024_04_LA_CHI,4,LA,3.2882295249002054,76,2.2078063916866952,58,2024
2024_04_MIN_GB,4,GB,-6.8217791160551435,93,-9.305819762605813,75,2024
2024_04_MIN_GB,4,MIN,0.04579350172056884,88,2.04028739232888,61,2024
2024_04_NE_SF,4,NE,-21.219825180086822,81,-29.518823003222366,62,2024
2024_04_NE_SF,4,SF,-1.6241763591372007,76,7.879376908098043,59,2024
2024_04_NO_ATL,4,ATL,6.123123130424101,73,1.004543723286782,51,2024
2024_04_NO_ATL,4,NO,4.338807436335829,91,4.210411410511087,70,2024
2024_04_PHI_TB,4,PHI,-2.4658477375913455,72,-3.621269555471372,55,2024
2024_04_PHI_TB,4,TB,17.762373546024122,94,15.23904876121933,73,2024
2024_04_PIT_IND,4,IND,1.99234373848978,83,7.159371505478269,63,2024
2024_04_PIT_IND,4,PIT,-1.5737206313749819,85,-3.953830994258169,67,2024
2024_04_SEA_DET,4,DET,22.561498853561346,68,21.970049378927797,48,2024
2024_04_SEA_DET,4,SEA,8.623463040907751,107,6.8042809420241035,79,2024
2024_04_TEN_MIA,4,MIA,-20.162297073998953,75,-24.41023343861007,55,2024
2024_04_TEN_MIA,4,TEN,3.612939847314167,86,-7.505130149490524,61,2024
2024_04_WAS_ARI,4,ARI,-4.355580732854396,72,-5.000209549558349,58,2024
2024_04_WAS_ARI,4,WAS,31.402478117211302,84,28.26680238627415,68,2024
2024_05_ARI_SF,5,ARI,1.3577087117889413,74,6.920111326614334,56,2024
2024_05_ARI_SF,5,SF,-3.516127544366852,77,-2.6315000019507595,63,2024
2024_05_BAL_CIN,5,BAL,23.896288415376084,95,22.074093699098732,76,2024
2024_05_BAL_CIN,5,CIN,17.41001713530793,91,17.57109936081418,66,2024
2024_05_BUF_HOU,5,BUF,-2.079450809268128,82,-0.8884289556142466,59,2024
2024_05_BUF_HOU,5,HOU,-2.268404464807208,84,-3.883941203595694,67,2024
2024_05_CAR_CHI,5,CAR,-14.799823613560342,76,-15.078375238626071,58,2024
2024_05_CAR_CHI,5,CHI,12.281240946309913,89,14.362323233753758,67,2024
2024_05_CLE_WAS,5,CLE,-16.37762490690458,86,-18.035602615529974,59,2024
2024_05_CLE_WAS,5,WAS,3.9479000432205305,82,5.492272191397012,65,2024
2024_05_DAL_PIT,5,DAL,9.011910968349614,93,8.488152216097502,75,2024
2024_05_DAL_PIT,5,PIT,2.4153994692907625,77,2.589180912253587,57,2024
2024_05_GB_LA,5,GB,0.509409587195957,77,1.0525315622318328,56,2024
2024_05_GB_LA,5,LA,-6.751165354809491,91,-7.479843054912519,77,2024
2024_05_IND_JAX,5,IND,15.954333126891989,92,17.46737548909815,68,2024
2024_05_IND_JAX,5,JAX,17.85978282885987,76,15.88043820073422,57,2024
2024_05_LV_DEN,5,DEN,2.708819670546605,85,3.7299326880332284,54,2024
2024_05_LV_DEN,5,LV,-14.74789320884091,85,-13.12152887564043,66,2024
2024_05_MIA_NE,5,MIA,-4.224634588943329,91,-5.605316783630068,76,2024
2024_05_MIA_NE,5,NE,-13.161009755523459,80,-4.407777026611827,54,2024
2024_05_NO_KC,5,KC,9.145099835733319,97,11.341571781389273,77,2024
2024_05_NO_KC,5,NO,-5.960792049473482,69,-5.084883058036212,51,2024
2024_05_NYG_SEA,5,NYG,-0.669758790244213,86,0.9104873525686897,70,2024
2024_05_NYG_SEA,5,SEA,-13.67844291395052,80,-5.534543158018002,58,2024
2024_05_NYJ_MIN,5,MIN,-6.518881624767189,92,-17.710447457394196,64,2024
2024_05_NYJ_MIN,5,NYJ,-14.571163096493208,90,-23.82750535847584,71,2024
2024_05_TB_ATL,5,ATL,15.318330147991418,109,18.34426866467151,79,2024
2024_05_TB_ATL,5,TB,13.531083596161096,67,8.661231573523033,50,2024
2024_06_ARI_GB,6,ARI,-9.793678537257996,75,-6.848719920267314,55,2024
2024_06_ARI_GB,6,GB,14.326773560317038,91,19.465217918282587,68,2024
2024_06_ATL_CAR,6,ATL,16.517707897351908,82,18.1838597736359,65,2024
2024_06_ATL_CAR,6,CAR,-7.566343948855162,86,-6.109555505822419,62,2024
2024_06_BUF_NYJ,6,BUF,10.997967505901906,86,16.078762580097195,57,2024
2024_06_BUF_NYJ,6,NYJ,5.857883236866812,79,11.133818751111313,59,2024
2024_06_CIN_NYG,6,CIN,1.1346623854780522,65,1.670698903040778,50,2024
2024_06_CIN_NYG,6,NYG,-12.04178630870539,91,-9.757935140148646,71,2024
2024_06_CLE_PHI,6,CLE,-5.27486667562281,76,-1.0852223097955846,53,2024
2024_06_CLE_PHI,6,PHI,-0.9634161799029495,79,9.933992298203043,58,2024
2024_06_DET_DAL,6,DAL,-23.33195477013942,85,-35.48137055304751,65,2024
2024_06_DET_DAL,6,DET,25.582491566134042,85,23.93059679328078,64,2024
2024_06_HOU_NE,6,HOU,9.609067706148908,84,7.050235456450116,61,2024
2024_06_HOU_NE,6,NE,-19.03553091773778,86,-19.285428461036645,63,2024
2024_06_IND_TEN,6,IND,1.9824163008317304,84,-6.26428083682937,66,2024
2024_06_IND_TEN,6,TEN,-2.246876151620042,76,-1.426398612292092,55,2024
2024_06_JAX_CHI,6,CHI,21.362813029950242,79,16.979368285250263,58,2024
2024_06_JAX_CHI,6,JAX,0.9593624412379671,78,-0.39287878457663883,60,2024
2024_06_LAC_DEN,6,DEN,-3.4337541723791998,71,-3.305200740389731,54,2024
2024_06_LAC_DEN,6,LAC,8.299782869960083,95,6.159087236584886,72,2024
2024_06_PIT_LV,6,LV,-20.75024579140672,77,-14.88225375315221,61,2024
2024_06_PIT_LV,6,PIT,6.9652171354286825,83,5.921565917607454,61,2024
2024_06_SF_SEA,6,SEA,2.822049153286352,97,0.9819437614632531,72,2024
2024_06_SF_SEA,6,SF,21.11828740308,82,20.770327439927048,61,2024
2024_06_TB_NO,6,NO,-23.397586090949947,92,-27.120002308232387,66,2024
2024_06_TB_NO,6,TB,6.963041724168927,97,16.08627966249962,73,2024
2024_06_WAS_BAL,6,BAL,15.361860807826597,83,10.65858785562359,63,2024
2024_06_WAS_BAL,6,WAS,11.207774605341157,78,5.729727631230874,56,2024
2024_07_BAL_TB,7,BAL,22.29126051905308,76,25.495039396500673,54,2024
2024_07_BAL_TB,7,TB,8.76224142522681,99,9.710179316585501,79,2024
2024_07_CAR_WAS,7,CAR,-19.184779723479927,62,-19.907792863436043,42,2024
2024_07_CAR_WAS,7,WAS,18.518622674923193,84,16.422790162288877,61,2024
2024_07_CIN_CLE,7,CIN,-7.513548024506454,73,-9.730750073633093,50,2024
2024_07_CIN_CLE,7,CLE,-18.359345489326447,98,-11.909777578573138,77,2024
2024_07_DEN_NO,7,DEN,5.28481648926984,81,7.355853693737316,59,2024
2024_07_DEN_NO,7,NO,-25.461899890329573,88,-23.178870715964088,65,2024
2024_07_DET_MIN,7,DET,3.3361557115647003,78,7.070427159953397,54,2024
2024_07_DET_MIN,7,MIN,0.6074889802152743,76,2.8261693724776507,53,2024
2024_07_HOU_GB,7,GB,2.2718223231656878,75,-4.380014371341391,56,2024
2024_07_HOU_GB,7,HOU,3.166605219856787,79,-10.187382146311123,58,2024
2024_07_KC_SF,7,KC,4.452686816805313,84,1.435933482949622,66,2024
2024_07_KC_SF,7,SF,-8.427149356196683,75,-10.258996799149513,57,2024
2024_07_LAC_ARI,7,ARI,6.027487463737525,73,1.9033342768088914,53,2024
2024_07_LAC_ARI,7,LAC,8.275148426182568,78,3.1164876278433105,63,2024
2024_07_LV_LA,7,LA,-23.078371706412756,71,-14.386084886574402,50,2024
2024_07_LV_LA,7,LV,-25.158964156231377,97,-25.538000814953406,75,2024
2024_07_MIA_IND,7,IND,-12.493029234895639,80,-11.675967536746338,60,2024
2024_07_MIA_IND,7,MIA,-19.20603902582048,85,-17.234598062012545,67,2024
2024_07_NE_JAX,7,JAX,16.729668494955956,73,14.456435924830298,60,2024
2024_07_NE_JAX,7,NE,-1.5100705428333514,77,4.063466708974785,55,2024
2024_07_NYJ_PIT,7,NYJ,-8.99840839774632,75,-1.3041158520690823,56,2024
2024_07_NYJ_PIT,7,PIT,14.810285488669566,84,10.338388131222478,66,2024
2024_07_PHI_NYG,7,NYG,-19.970480049261823,78,-23.0371628679859,54,2024
2024_07_PHI_NYG,7,PHI,10.954745191617208,83,9.37854534049984,64,2024
2024_07_SEA_ATL,7,ATL,-12.906993028113465,92,-6.913952892003593,70,2024
2024_07_SEA_ATL,7,SEA,13.139586918895438,77,6.335381483332389,56,2024
2024_07_TEN_BUF,7,BUF,11.932941925248402,71,11.859919588573018,54,2024
2024_07_TEN_BUF,7,TEN,-13.592578167168007,91,-14.765830671913193,66,2024
2024_08_ARI_MIA,8,ARI,18.458495919026337,83,17.275588420342494,62,2024
2024_08_ARI_MIA,8,MIA,15.52799668449894,78,12.343975017361917,64,2024
2024_08_ATL_TB,8,ATL,12.05926934554222,76,15.599011592444171,60,2024
2024_08_ATL_TB,8,TB,3.700234398591253,91,6.146137073910687,70,2024
2024_08_BAL_CLE,8,BAL,4.725188518075592,88,5.831086943612618,60,2024
2024_08_BAL_CLE,8,CLE,10.076286711862213,85,8.824570110737517,67,2024
2024_08_BUF_SEA,8,BUF,17.530152893860162,93,20.713145753692977,66,2024
2024_08_BUF_SEA,8,SEA,-6.737788355224815,68,-9.729001633152226,46,2024
2024_08_CAR_DEN,8,CAR,-9.565126514963438,78,-8.73943314817734,60,2024
2024_08_CAR_DEN,8,DEN,5.112147422829681,86,2.5112531948834658,71,2024
2024_08_CHI_WAS,8,CHI,-6.529846607910518,81,-7.894266835486516,61,2024
2024_08_CHI_WAS,8,WAS,-0.5158650628873147,91,5.4040249438975145,72,2024
2024_08_DAL_SF,8,DAL,2.031853670386917,81,-1.042468261674525,58,2024
2024_08_DAL_SF,8,SF,9.058846716668777,84,15.84321065150452,63,2024
2024_08_GB_JAX,8,GB,11.830661209287207,90,7.015273765402276,64,2024
2024_08_GB_JAX,8,JAX,4.795810753146506,77,3.4296780888069325,56,2024
2024_08_IND_HOU,8,HOU,-1.6428443553036418,91,-4.720664817545751,68,2024
2024_08_IND_HOU,8,IND,-2.840681790944036,85,-5.6550320841114905,61,2024
2024_08_KC_LV,8,KC,6.137897041108342,85,11.207527803825313,64,2024
2024_08_KC_LV,8,LV,-3.10487420629547,74,-3.0661658156648492,53,2024
2024_08_MIN_LA,8,LA,13.320152498091103,90,11.74923541257158,63,2024
2024_08_MIN_LA,8,MIN,6.079225233876379,65,5.291415996751197,49,2024
2024_08_NO_LAC,8,LAC,3.4387692328951083,84,-0.13208405882623886,63,2024
2024_08_NO_LAC,8,NO,-19.10839221358765,93,-13.552756358816701,68,2024
2024_08_NYG_PIT,8,NYG,-2.5276440570158885,92,2.9576337176997756,68,2024
2024_08_NYG_PIT,8,PIT,4.30719264291217,84,5.126973502562596,61,2024
2024_08_NYJ_NE,8,NE,1.1696111658978232,82,2.3617440972695913,64,2024
2024_08_NYJ_NE,8,NYJ,1.4349558090191756,78,5.81231723320584,58,2024
2024_08_PHI_CIN,8,CIN,-1.1800378997857717,70,-0.05313849355991196,57,2024
2024_08_PHI_CIN,8,PHI,23.657204894292903,76,19.93834436563817,59,2024
2024_08_TEN_DET,8,DET,11.659424347700432,64,1.1839377248739993,47,2024
2024_08_TEN_DET,8,TEN,-31.009343403562205,96,-20.618962801556336,71,2024
2024_09_CHI_ARI,9,ARI,3.1246891826051253,73,-3.961160111682793,57,2024
2024_09_CHI_ARI,9,CHI,-16.277417089033406,91,-15.737164926474682,69,2024
2024_09_DAL_ATL,9,ATL,1.3349005034873218,74,5.885663426874206,54,2024
2024_09_DAL_ATL,9,DAL,-3.6498403688684746,94,-0.4722316683203571,74,2024
2024_09_DEN_BAL,9,BAL,24.34009255939139,72,22.025528808412496,53,2024
2024_09_DEN_BAL,9,DEN,-10.190653475946796,86,-10.77505054073173,67,2024
2024_09_DET_GB,9,DET,7.761838832944486,72,6.585005172943757,52,2024
2024_09_DET_GB,9,GB,-4.468025179419667,80,-0.9897410586752242,63,2024
2024_09_HOU_NYJ,9,HOU,1.1018160530225813,95,-5.573530301477145,74,2024
2024_09_HOU_NYJ,9,NYJ,8.545321367056895,73,2.5686507851351053,54,2024
2024_09_IND_MIN,9,IND,-19.232591358651757,69,-15.658446856908899,48,2024
2024_09_IND_MIN,9,MIN,-11.354711582820048,85,-2.946207517869234,70,2024
2024_09_JAX_PHI,9,JAX,-4.651358984482757,67,-9.287784187268466,52,2024
2024_09_JAX_PHI,9,PHI,1.0732106136287518,95,1.3809787877158688,73,2024
2024_09_LAC_CLE,9,CLE,-25.57029222756629,96,-20.579969994094164,76,2024
2024_09_LAC_CLE,9,LAC,-4.784489868672294,75,1.7006036481621511,54,2024
2024_09_LA_SEA,9,LA,-3.7610012699140745,94,-1.8851408096696964,68,2024
2024_09_LA_SEA,9,SEA,-15.605506085308882,101,-18.143065439595375,73,2024
2024_09_LV_CIN,9,CIN,10.454221570619604,92,6.113311528405076,69,2024
2024_09_LV_CIN,9,LV,-8.248248320871646,83,-16.788452911666116,59,2024
2024_09_MIA_BUF,9,BUF,17.19116089762365,80,9.813041972705484,59,2024
2024_09_MIA_BUF,9,MIA,16.566825382922396,78,18.02852231742443,59,2024
2024_09_NE_TEN,9,NE,-7.367415722487593,86,-5.676180822077684,64,2024
2024_09_NE_TEN,9,TEN,-4.845981097808206,92,0.813663850646789,73,2024
2024_09_NO_CAR,9,CAR,2.2376546745811545,71,-0.3848588214052898,49,2024
2024_09_NO_CAR,9,NO,6.188435157557901,96,9.619046284208629,75,2024
2024_09_TB_KC,9,KC,14.120914432119898,100,11.649291104669995,83,2024
2024_09_TB_KC,9,TB,9.604217635367386,72,9.856265086886332,52,2024
2024_09_WAS_NYG,9,NYG,9.779046871365466,78,6.405521556124092,61,2024
2024_09_WAS_NYG,9,WAS,16.303975160773696,74,17.760063196175295,57,2024
2024_10_ATL_NO,10,ATL,-3.43536618141993,94,5.382907670703939,73,2024
2024_10_ATL_NO,10,NO,-1.169325647173217,70,0.19647551470745572,51,2024
2024_10_BUF_IND,10,BUF,1.416262554456217,91,1.3793052000100072,69,2024
2024_10_BUF_IND,10,IND,-13.186927674034923,80,-15.327015155947379,61,2024
2024_10_CIN_BAL,10,BAL,16.6863846903311,81,18.678918822421227,58,2024
2024_10_CIN_BAL,10,CIN,16.091043865179447,96,7.554800177880796,76,2024
2024_10_DEN_KC,10,DEN,-0.9859657981713346,75,4.005955973908372,55,2024
2024_10_DEN_KC,10,KC,1.542859813999336,80,0.2097046038138899,65,2024
2024_10_DET_HOU,10,DET,-6.356006209158652,81,-7.454698706293285,63,2024
2024_10_DET_HOU,10,HOU,-10.690865731611229,86,-14.727878563131043,65,2024
2024_10_MIA_LA,10,LA,-17.306427912786603,87,-16.332092877852777,67,2024
2024_10_MIA_LA,10,MIA,-4.412069505542284,67,-6.276340734564863,52,2024
2024_10_MIN_JAX,10,JAX,-10.476484838537921,55,-14.579722304479219,43,2024
2024_10_MIN_JAX,10,MIN,-0.9012204529717565,97,-0.2843608894391547,80,2024
2024_10_NE_CHI,10,CHI,-23.760610623459797,80,-23.70997977546506,59,2024
2024_10_NE_CHI,10,NE,-2.8337835893757197,78,0.2989111638860491,60,2024
2024_10_NYG_CAR,10,CAR,-1.2926894523541952,79,-0.997120752395483,58,2024
2024_10_NYG_CAR,10,NYG,-5.945735980901033,93,-8.802669362316445,71,2024
2024_10_NYJ_ARI,10,ARI,22.429162458890424,71,21.001429895191478,56,2024
2024_10_NYJ_ARI,10,NYJ,-3.3341979624237865,68,-8.648513583482769,55,2024
2024_10_PHI_DAL,10,DAL,-36.50016699935077,75,-39.68146462416979,56,2024
2024_10_PHI_DAL,10,PHI,-1.8748345930699002,85,-3.2074661216600653,64,2024
2024_10_PIT_WAS,10,PIT,5.459018680007235,96,-1.6308264322578907,72,2024
2024_10_PIT_WAS,10,WAS,2.3207902750161877,81,-8.051095704445423,59,2024
2024_10_SF_TB,10,SF,10.605780112238037,80,14.16662590590806,59,2024
2024_10_SF_TB,10,TB,4.619624973188523,78,-3.232152664458234,58,2024
2024_10_TEN_LAC,10,LAC,13.90631554817676,72,11.115648906497903,55,2024
2024_10_TEN_LAC,10,TEN,3.009285146840149,74,5.9615436857714075,51,2024
2024_11_ATL_DEN,11,ATL,-12.899267864821013,76,-15.064983044866857,55,2024
2024_11_ATL_DEN,11,DEN,22.038846557656992,76,22.63172435580583,60,2024
2024_11_BAL_PIT,11,BAL,-13.053350779809339,79,-5.724240183807949,54,2024
2024_11_BAL_PIT,11,PIT,-9.984162992681377,97,-18.05222203309502,72,2024
2024_11_CIN_LAC,11,CIN,0.9113972114633064,102,8.04997406726579,78,2024
2024_11_CIN_LAC,11,LAC,3.605759361184667,87,2.9146035939185113,62,2024
2024_11_CLE_NO,11,CLE,-6.644445298035629,91,2.145377529416365,71,2024
2024_11_CLE_NO,11,NO,15.744092642164905,73,17.433152007171884,56,2024
2024_11_GB_CHI,11,CHI,11.53378643738753,85,13.828458543542066,69,2024
2024_11_GB_CHI,11,GB,14.68439593924386,56,11.459072300742381,43,2024
2024_11_HOU_DAL,11,DAL,-22.273922452435052,99,-24.122402801797165,79,2024
2024_11_HOU_DAL,11,HOU,8.898718743877346,81,11.63024580660903,60,2024
2024_11_IND_NYJ,11,IND,3.8425665137045524,86,1.2654590434585433,69,2024
2024_11_IND_NYJ,11,NYJ,-0.5405688335142629,71,-5.252601728543546,52,2024
2024_11_JAX_DET,11,DET,40.41674049997458,91,42.10759714470747,74,2024
2024_11_JAX_DET,11,JAX,-12.95272069470957,67,-17.469514278748697,47,2024
2024_11_KC_BUF,11,BUF,12.108255129484265,87,7.233530971845758,69,2024
2024_11_KC_BUF,11,KC,2.907473732442449,69,6.134970311744837,52,2024
2024_11_LA_NE,11,LA,14.352568908305644,68,19.37473314073631,48,2024
2024_11_LA_NE,11,NE,6.604520217953152,95,7.348566079590055,72,2024
2024_11_LV_MIA,11,LV,9.87672329970584,78,4.995834776806556,63,2024
2024_11_LV_MIA,11,MIA,25.805443463558138,82,19.812977014587883,63,2024
2024_11_MIN_TEN,11,MIN,2.363356815317965,87,-3.5352108708477683,66,2024
2024_11_MIN_TEN,11,TEN,-10.77810269007697,74,-7.843409263406248,55,2024
2024_11_SEA_SF,11,SEA,4.522940886993795,74,0.204110003410781,59,2024
2024_11_SEA_SF,11,SF,-0.416016452449937,77,5.8686571418916555,57,2024
2024_11_WAS_PHI,11,PHI,5.748418300952617,87,13.868486052761764,69,2024
2024_11_WAS_PHI,11,WAS,-2.047860170713908,80,-7.5165631096023136,64,2024
2024_12_ARI_SEA,12,ARI,-11.86234510235954,72,-10.343594817955038,56,2024
2024_12_ARI_SEA,12,SEA,-2.607410454828077,77,-3.8622183278003366,59,2024
2024_12_BAL_LAC,12,BAL,18.08501246844267,78,19.184507357790267,59,2024
2024_12_BAL_LAC,12,LAC,7.520093819977767,87,0.45348402782249275,60,2024
2024_12_DAL_WAS,12,DAL,2.585597745814399,90,-3.3690696092987693,61,2024
2024_12_DAL_WAS,12,WAS,-5.934117645387868,90,-1.9563059179030642,67,2024
2024_12_DEN_LV,12,DEN,7.30298230552976,86,2.536265885371718,65,2024
2024_12_DEN_LV,12,LV,-8.257505888059153,97,-15.482010975427281,73,2024
2024_12_DET_IND,12,DET,9.984894158013368,88,10.903865174704794,71,2024
2024_12_DET_IND,12,IND,-11.914147415547632,69,-6.840003114742126,48,2024
2024_12_KC_CAR,12,CAR,11.2247659777496,82,11.391508931113215,59,2024
2024_12_KC_CAR,12,KC,21.75802984992493,89,19.187458157090788,68,2024
2024_12_MIN_CHI,12,CHI,4.232319931514978,95,4.460737014451378,74,2024
2024_12_MIN_CHI,12,MIN,12.405425876802619,88,4.655838567110502,65,2024
2024_12_NE_MIA,12,MIA,2.5859701073517005,84,0.13668481944500455,63,2024
2024_12_NE_MIA,12,NE,-18.007570380169714,88,-12.39407909576094,63,2024
2024_12_PHI_LA,12,LA,-1.1544013583438941,79,-1.0819167559996452,60,2024
2024_12_PHI_LA,12,PHI,24.470112952237017,88,22.44331767233738,66,2024
2024_12_PIT_CLE,12,CLE,-3.4737329115006625,74,0.2978560623060994,57,2024
2024_12_PIT_CLE,12,PIT,-4.515119690301876,84,-2.496529949312966,68,2024
2024_12_SF_GB,12,GB,12.578263908147102,86,8.388537023905336,67,2024
2024_12_SF_GB,12,SF,-18.707803575743505,67,-19.350599154194743,46,2024
2024_12_TB_NYG,12,NYG,-12.95483914868911,72,-13.894477577065118,55,2024
2024_12_TB_NYG,12,TB,16.066412140617416,76,16.271092561615134,62,2024
2024_12_TEN_HOU,12,HOU,-7.685214692970277,77,-12.257641802137552,54,2024
2024_12_TEN_HOU,12,TEN,-0.5287923067915288,89,-6.167667268108807,64,2024
2024_13_ARI_MIN,13,ARI,2.4376252786625408,103,2.776876644282523,76,2024
2024_13_ARI_MIN,13,MIN,1.0249264775814948,67,-3.2913199865926908,50,2024
2024_13_CHI_DET,13,CHI,1.057081211522454,80,-0.5457707359308843,59,2024
2024_13_CHI_DET,13,DET,4.871653983373427,84,5.102761305288279,69,2024
2024_13_CLE_DEN,13,CLE,-2.128771176094336,109,-5.1993449898895205,85,2024
2024_13_CLE_DEN,13,DEN,7.594472747808079,85,4.0663427213641565,59,2024
2024_13_HOU_JAX,13,HOU,6.903897139594094,79,4.254042664376461,58,2024
2024_13_HOU_JAX,13,JAX,0.6222489714566617,86,5.7973736950251675,69,2024
2024_13_IND_NE,13,IND,8.707351440695948,74,5.245052097670663,58,2024
2024_13_IND_NE,13,NE,7.535088043573263,85,12.199986683102571,66,2024
2024_13_LAC_ATL,13,ATL,-15.606854427861672,93,-18.308341617018094,77,2024
2024_13_LAC_ATL,13,LAC,-8.762549624268896,61,-12.594822718764645,44,2024
2024_13_LA_NO,13,LA,8.026621483534225,68,6.719483423570637,53,2024
2024_13_LA_NO,13,NO,-2.1197687155362224,82,-3.914835509802795,69,2024
2024_13_LV_KC,13,KC,-2.992262543076698,89,-2.801901004270946,65,2024
2024_13_LV_KC,13,LV,-4.884772815187559,87,4.862511215846237,62,2024
2024_13_MIA_GB,13,GB,20.037552807845493,72,11.183217926585288,53,2024
2024_13_MIA_GB,13,MIA,6.9793027517446315,89,5.693666397923991,67,2024
2024_13_NYG_DAL,13,DAL,-5.34231950361189,93,-9.335765082508283,66,2024
2024_13_NYG_DAL,13,NYG,-12.056380341457515,84,-13.479430215842836,59,2024
2024_13_PHI_BAL,13,BAL,-4.5457415096742135,91,-0.12524794915359383,71,2024
2024_13_PHI_BAL,13,PHI,3.4462256102867825,75,2.3431708301068284,52,2024
2024_13_PIT_CIN,13,CIN,7.365628967457208,83,-0.028097903434151306,57,2024
2024_13_PIT_CIN,13,PIT,17.314150730310693,90,17.67251035710878,64,2024
2024_13_SEA_NYJ,13,NYJ,-10.969922119503007,82,-16.749939315792172,62,2024
2024_13_SEA_NYJ,13,SEA,-2.736418407918101,79,-0.8940058454016437,56,2024
2024_13_SF_BUF,13,BUF,10.29873754798876,71,18.327595990969495,53,2024
2024_13_SF_BUF,13,SF,-16.604520078471445,65,-11.367066579528473,46,2024
2024_13_TB_CAR,13,CAR,-6.721383250579335,89,0.14214953334085045,68,2024
2024_13_TB_CAR,13,TB,-2.725336719070426,104,-2.348528631843056,76,2024
2024_13_TEN_WAS,13,TEN,-9.125707427271923,72,-5.179045443807061,51,2024
2024_13_TEN_WAS,13,WAS,15.10672337311873,100,22.2158984864687,76,2024
2024_14_ATL_MIN,14,ATL,0.03843324874679066,91,7.093034174206647,71,2024
2024_14_ATL_MIN,14,MIN,23.5191741910649,80,24.25427478969879,53,2024
2024_14_BUF_LA,14,BUF,24.681373045381036,80,24.16734114548308,54,2024
2024_14_BUF_LA,14,LA,24.84070522746793,95,20.565713515990115,72,2024
2024_14_CAR_PHI,14,CAR,-0.10543884316469043,83,1.2949203892658847,68,2024
2024_14_CAR_PHI,14,PHI,2.730479702776666,74,7.973286308235494,56,2024
2024_14_CHI_SF,14,CHI,-4.616678058547482,67,-8.19965237072017,53,2024
2024_14_CHI_SF,14,SF,23.631164861598275,77,24.42044223810949,60,2024
2024_14_CIN_DAL,14,CIN,10.883256745374313,87,9.865826771573767,63,2024
2024_14_CIN_DAL,14,DAL,2.15703667817932,77,-0.9725244221609426,59,2024
2024_14_CLE_PIT,14,CLE,-16.672718975488195,92,-11.192394121019237,69,2024
2024_14_CLE_PIT,14,PIT,-2.3191064919067146,81,-6.325614261933545,60,2024
2024_14_GB_DET,14,DET,7.226055957617703,94,4.658356738896657,76,2024
2024_14_GB_DET,14,GB,7.950083245036423,69,5.802645796069793,44,2024
2024_14_JAX_TEN,14,JAX,-1.8147387678176652,72,1.7558839967777606,57,2024
2024_14_JAX_TEN,14,TEN,-7.1071485539432615,74,-9.834700005430967,62,2024
2024_14_LAC_KC,14,KC,7.785268076448652,86,1.0398079548507275,63,2024
2024_14_LAC_KC,14,LAC,6.019686646265812,74,4.946085676479562,57,2024
2024_14_LV_TB,14,LV,-10.273479299983059,79,-9.339082689250976,63,2024
2024_14_LV_TB,14,TB,4.778295607599235,77,7.320704264915548,59,2024
2024_14_NO_NYG,14,NO,-13.118255307693133,86,-5.328213692067074,65,2024
2024_14_NO_NYG,14,NYG,-17.99439334527403,98,-9.850208249938179,74,2024
2024_14_NYJ_MIA,14,MIA,20.259582267638248,90,15.319648280882173,66,2024
2024_14_NYJ_MIA,14,NYJ,17.80726004991554,88,14.64464492431394,63,2024
2024_14_SEA_ARI,14,ARI,-9.987859870810219,87,-4.237134943752736,63,2024
2024_14_SEA_ARI,14,SEA,7.73446822025673,83,9.470823765932538,61,2024
2024_15_ATL_LV,15,ATL,-15.48741826490534,79,-11.960923701727133,57,2024
2024_15_ATL_LV,15,LV,-23.867856548223994,83,-16.944030082410883,64,2024
2024_15_BAL_NYG,15,BAL,22.368866730760537,72,25.70929710479686,58,2024
2024_15_BAL_NYG,15,NYG,-3.2006990660728003,84,-13.463584204931976,59,2024
2024_15_BUF_DET,15,BUF,32.814739193197106,90,32.1542526554775,67,2024
2024_15_BUF_DET,15,DET,18.109991452610352,99,19.328794153022173,75,2024
2024_15_CHI_MIN,15,CHI,-14.567588883553864,85,-13.241372963928772,63,2024
2024_15_CHI_MIN,15,MIN,4.415744420379749,95,2.283424021020836,71,2024
2024_15_CIN_TEN,15,CIN,9.483289219951013,90,12.278955568377398,63,2024
2024_15_CIN_TEN,15,TEN,-2.817019584077789,85,-7.381997374119237,64,2024
2024_15_DAL_CAR,15,CAR,-6.83187050200543,76,-16.445124134072103,50,2024
2024_15_DAL_CAR,15,DAL,16.17025113427531,88,13.858287091119772,68,2024
2024_15_GB_SEA,15,GB,7.068540388210531,80,4.11328995190266,61,2024
2024_15_GB_SEA,15,SEA,-14.683130661272493,76,-19.006780236700997,56,2024
2024_15_IND_DEN,15,DEN,-15.6089904356295,81,-18.233744174229834,58,2024
2024_15_IND_DEN,15,IND,-35.14294309595372,92,-32.54688430782049,72,2024
2024_15_KC_CLE,15,CLE,-25.29645439192192,75,-30.812083011551294,59,2024
2024_15_KC_CLE,15,KC,-7.301749748918374,92,-5.652057848733643,73,2024
2024_15_LA_SF,15,LA,-4.256897237966768,80,-6.213298132189621,65,2024
2024_15_LA_SF,15,SF,-12.506808027421357,70,-15.101805208592058,53,2024
2024_15_MIA_HOU,15,HOU,-7.369936050864016,65,-14.49051911730073,46,2024
2024_15_MIA_HOU,15,MIA,-13.993195373093167,83,-13.434994635892625,62,2024
2024_15_NE_ARI,15,ARI,14.880536920438516,83,11.566881747094284,63,2024
2024_15_NE_ARI,15,NE,0.4375642750069161,65,2.1865091168166826,49,2024
2024_15_NYJ_JAX,15,JAX,13.262191197399002,97,9.323349051642658,78,2024
2024_15_NYJ_JAX,15,NYJ,22.442144490780162,76,21.464912789483822,54,2024
2024_15_PIT_PHI,15,PHI,10.638160735443089,94,14.703584926274337,74,2024
2024_15_PIT_PHI,15,PIT,-4.958592407477603,58,-11.390500113179396,41,2024
2024_15_TB_LAC,15,LAC,-15.480970290834783,70,-17.752335047823465,48,2024
2024_15_TB_LAC,15,TB,16.647343034107237,85,15.035658550295615,67,2024
2024_15_WAS_NO,15,NO,-0.7907008554445348,68,-4.462028728697143,51,2024
2024_15_WAS_NO,15,WAS,3.200846996162319,94,5.300813437180905,74,2024
2024_16_ARI_CAR,16,ARI,10.774548331582773,90,10.453673449817476,64,2024
2024_16_ARI_CAR,16,CAR,15.81657099008075,89,15.771678111821908,64,2024
2024_16_CLE_CIN,16,CIN,2.3913402966152355,70,6.272806717619716,55,2024
2024_16_CLE_CIN,16,CLE,-16.814143862181858,77,-17.66267700266326,63,2024
2024_16_DEN_LAC,16,DEN,11.98906244413524,83,12.190230892314212,63,2024
2024_16_DEN_LAC,16,LAC,16.961284853490113,80,13.130137800532054,60,2024
2024_16_DET_CHI,16,CHI,-0.2713222507434945,83,0.8363688326225684,59,2024
2024_16_DET_CHI,16,DET,22.653878032348388,81,20.689370254153896,64,2024
2024_16_HOU_KC,16,HOU,4.286764930527327,75,5.3585124117747025,58,2024
2024_16_HOU_KC,16,KC,9.075622148944385,86,10.152206113575607,68,2024
2024_16_JAX_LV,16,JAX,-18.646744208173594,81,-12.911211990111042,61,2024
2024_16_JAX_LV,16,LV,-12.144375135436073,91,-4.711130444258771,65,2024
2024_16_LA_NYJ,16,LA,4.319919118862502,63,5.047418489064771,47,2024
2024_16_LA_NYJ,16,NYJ,-9.91584261054178,79,-2.056798248052927,63,2024
2024_16_MIN_SEA,16,MIN,10.35260174666874,83,5.608107315110773,59,2024
2024_16_MIN_SEA,16,SEA,3.3090502526772614,87,2.2914552883053565,60,2024
2024_16_NE_BUF,16,BUF,5.409769854466285,74,1.9830731447387082,58,2024
2024_16_NE_BUF,16,NE,3.1427572116533695,91,-1.71333101959317,68,2024
2024_16_NO_GB,16,GB,20.94408947398401,84,17.683701491417974,67,2024
2024_16_NO_GB,16,NO,-18.794152676477097,70,-18.52169026393676,53,2024
2024_16_NYG_ATL,16,ATL,5.240590798984121,80,5.030739449263453,63,2024
2024_16_NYG_ATL,16,NYG,-26.82733704856333,78,-23.602621203579474,55,2024
2024_16_PHI_WAS,16,PHI,10.016558285644132,93,1.8633280335276399,71,2024
2024_16_PHI_WAS,16,WAS,5.281654597014924,84,-4.248601741870399,64,2024
2024_16_PIT_BAL,16,BAL,12.909442095262735,77,10.508006002194264,59,2024
2024_16_PIT_BAL,16,PIT,-6.436513974010111,78,-10.558683990850113,59,2024
2024_16_SF_MIA,16,MIA,15.756748004730227,80,10.391389091558704,63,2024
2024_16_SF_MIA,16,SF,0.8350299389286855,85,3.541227955135902,59,2024
2024_16_TB_DAL,16,DAL,4.346236973489321,80,0.7100478790821851,53,2024
2024_16_TB_DAL,16,TB,2.2351828208086038,86,5.835276427437869,70,2024
2024_16_TEN_IND,16,IND,11.362111707015812,83,13.529583835219793,62,2024
2024_16_TEN_IND,16,TEN,3.68295946008378,77,4.188359448095291,58,2024
2024_17_ARI_LA,17,ARI,-5.842155258052866,93,-0.6761126067909773,74,2024
2024_17_ARI_LA,17,LA,-3.1084522204453826,71,-1.6382753761914994,53,2024
2024_17_ATL_WAS,17,ATL,8.000969178350497,80,3.9525092779297246,60,2024
2024_17_ATL_WAS,17,WAS,13.120788484013028,100,16.834264301923376,76,2024
2024_17_BAL_HOU,17,BAL,19.471472502652396,76,18.976318538112807,61,2024
2024_17_BAL_HOU,17,HOU,-19.108032668416854,70,-22.399418076092843,54,2024
2024_17_CAR_TB,17,CAR,-8.740526380860345,67,-4.729939652270991,46,2024
2024_17_CAR_TB,17,TB,29.075983094374823,91,32.261661751615165,71,2024
2024_17_DAL_PHI,17,DAL,-19.960471913989217,77,-18.242629639712902,60,2024
2024_17_DAL_PHI,17,PHI,18.118831824349165,81,16.014096364720775,59,2024
2024_17_DEN_CIN,17,CIN,12.524139598173642,106,11.784436827858322,83,2024
2024_17_DEN_CIN,17,DEN,8.6537463034199,74,10.300521959973526,60,2024
2024_17_DET_SF,17,DET,28.15528920146105,83,25.84218805664425,67,2024
2024_17_DET_SF,17,SF,16.744355008867327,83,20.300453627654157,59,2024
2024_17_GB_MIN,17,GB,-2.576125605333364,77,-1.7118804959268523,58,2024
2024_17_GB_MIN,17,MIN,-2.4536478156746604,91,6.1965255592542325,67,2024
2024_17_IND_NYG,17,IND,7.050059189381397,94,3.214499074103495,74,2024
2024_17_IND_NYG,17,NYG,19.666731679873482,76,18.463374107279712,49,2024
2024_17_KC_PIT,17,KC,14.561586536415401,76,18.586810532810087,59,2024
2024_17_KC_PIT,17,PIT,-11.961072975667243,92,-8.098165641422383,73,2024
2024_17_LAC_NE,17,LAC,23.4674210797551,94,22.41489281882387,77,2024
2024_17_LAC_NE,17,NE,-18.89810712599084,67,-26.488807853951585,48,2024
2024_17_LV_NO,17,LV,4.53958291293052,90,7.37199116106844,72,2024
2024_17_LV_NO,17,NO,-19.153063736679382,79,-14.853222865943346,53,2024
2024_17_MIA_CLE,17,CLE,-26.498658158059698,92,-27.73766444356501,76,2024
2024_17_MIA_CLE,17,MIA,-5.804480518300649,75,-5.390050918765066,55,2024
2024_17_NYJ_BUF,17,BUF,12.77606903810828,85,9.995991132595403,60,2024
2024_17_NYJ_BUF,17,NYJ,-14.584739982994273,76,-12.338626905955373,59,2024
2024_17_SEA_CHI,17,CHI,-11.150376324541867,74,-12.093521408196532,58,2024
2024_17_SEA_CHI,17,SEA,-6.771927251247689,64,-8.54081057272895,50,2024
2024_17_TEN_JAX,17,JAX,9.405545854447311,71,8.587086517918769,56,2024
2024_17_TEN_JAX,17,TEN,1.3223403919115175,83,2.386440053267753,64,2024
2024_18_BUF_NE,18,BUF,-7.123452965198182,83,-4.3645432054966,65,2024
2024_18_BUF_NE,18,NE,0.27759761348822565,79,1.9409934071511343,58,2024
2024_18_CAR_ATL,18,ATL,18.859509985600955,95,22.507749134878658,77,2024
2024_18_CAR_ATL,18,CAR,28.0702593310868,85,26.388112255026353,64,2024
2024_18_CHI_GB,18,CHI,-10.542925226519792,81,-9.53958925261395,56,2024
2024_18_CHI_GB,18,GB,-13.220955306110486,78,-6.564194823456042,62,2024
2024_18_CIN_PIT,18,CIN,5.201534155625801,89,-2.021046861832965,70,2024
2024_18_CIN_PIT,18,PIT,-0.204270902932719,76,-10.136179369926795,58,2024
2024_18_CLE_BAL,18,BAL,7.917236056166923,85,10.402574400795856,66,2024
2024_18_CLE_BAL,18,CLE,-19.40852593789115,76,-24.47769142064462,54,2024
2024_18_HOU_TEN,18,HOU,3.9763621306523476,76,3.5701225562876067,57,2024
2024_18_HOU_TEN,18,TEN,-7.748054115290754,77,-11.263117498464105,61,2024
2024_18_JAX_IND,18,IND,4.780211836519338,99,0.8863414452142417,77,2024
2024_18_JAX_IND,18,JAX,5.007974526857178,89,2.00255810253958,66,2024
2024_18_KC_DEN,18,DEN,27.39423802234318,87,29.15250941894911,71,2024
2024_18_KC_DEN,18,KC,-15.201546605065232,49,-14.814179900406398,33,2024
2024_18_LAC_LV,18,LAC,19.765338103974937,93,20.391621820828263,71,2024
2024_18_LAC_LV,18,LV,0.5878226326934521,67,-4.814265833227747,47,2024
2024_18_MIA_NYJ,18,MIA,-5.85578936748682,87,-8.710869075597703,68,2024
2024_18_MIA_NYJ,18,NYJ,5.455336759799945,79,3.7888243498512253,63,2024
2024_18_MIN_DET,18,DET,3.0195502688954567,84,0.9777211614453805,66,2024
2024_18_MIN_DET,18,MIN,-19.97905799129512,80,-20.629494067440376,61,2024
2024_18_NO_TB,18,NO,4.424501625399522,83,0.1319445727623929,63,2024
2024_18_NO_TB,18,TB,11.264321083801187,85,14.14788634299018,63,2024
2024_18_NYG_PHI,18,NYG,-5.650259140543689,68,-6.412182054524518,54,2024
2024_18_NYG_PHI,18,PHI,-0.38071763413502335,84,-2.7074142723428714,67,2024
2024_18_SEA_LA,18,LA,7.635394552302663,81,1.590328014316973,66,2024
2024_18_SEA_LA,18,SEA,13.63274245411472,72,12.722818016166642,53,2024
2024_18_SF_ARI,18,ARI,21.243815786134135,86,15.661351565766823,63,2024
2024_18_SF_ARI,18,SF,-4.07896152576339,93,0.6555077608654525,71,2024
2024_18_WAS_DAL,18,DAL,4.242296639783638,100,-3.2814740523217747,75,2024
2024_18_WAS_DAL,18,WAS,7.4816318349891,73,4.702886737330977,54,2024
2025_01_ARI_NO,1,ARI,1.2980274835175365,81,2.6833391286552075,61,2025
2025_01_ARI_NO,1,NO,-8.639994735303684,95,-2.790817127469226,67,2025
2025_01_BAL_BUF,1,BAL,24.160795523540337,71,19.28493492740669,50,2025
2025_01_BAL_BUF,1,BUF,21.598615355543693,106,18.09396638144389,77,2025
2025_01_CAR_JAX,1,CAR,-8.237453674329494,76,-15.382782505267075,60,2025
2025_01_CAR_JAX,1,JAX,9.519920011197584,81,9.147479791392643,60,2025
2025_01_CIN_CLE,1,CIN,-4.521992648077528,68,-5.3345392377494925,49,2025
2025_01_CIN_CLE,1,CLE,-7.92912565256013,90,-3.63535169209816,71,2025
2025_01_DAL_PHI,1,DAL,10.27301414965875,74,1.9402964828081464,55,2025
2025_01_DAL_PHI,1,PHI,13.174562942194607,77,9.466558611658243,59,2025
2025_01_DET_GB,1,DET,-4.476219087387484,83,-3.9857783335017984,64,2025
2025_01_DET_GB,1,GB,11.087224989156093,60,9.182882161431237,46,2025
2025_01_HOU_LA,1,HOU,-9.21935861412203,76,-7.546338502626041,57,2025
2025_01_HOU_LA,1,LA,-5.595013782261638,75,-2.111535116971936,55,2025
2025_01_KC_LAC,1,KC,10.369000180146308,79,12.483821836074188,58,2025
2025_01_KC_LAC,1,LAC,17.097094442088277,80,18.88425296047844,59,2025
2025_01_LV_NE,1,LV,6.534907522175829,80,6.8800088772681605,60,2025
2025_01_LV_NE,1,NE,-4.501853737819523,91,-4.493152112544512,68,2025
2025_01_MIA_IND,1,IND,21.36786339273769,85,18.519777918237615,70,2025
2025_01_MIA_IND,1,MIA,-8.900284091199747,56,-12.07073119284166,47,2025
2025_01_MIN_CHI,1,CHI,-9.95537060611081,90,-4.497646420337657,63,2025
2025_01_MIN_CHI,1,MIN,-4.757951484861367,74,-9.02120207179194,51,2025
2025_01_NYG_WAS,1,NYG,-9.283917465014383,82,-14.949700720810759,62,2025
2025_01_NYG_WAS,1,WAS,6.068156471550319,84,11.510640204010997,62,2025
2025_01_PIT_NYJ,1,NYJ,12.62806059117559,80,13.5664072239276,64,2025
2025_01_PIT_NYJ,1,PIT,15.855822267420395,76,9.02778810282699,53,2025
2025_01_SF_SEA,1,SEA,-5.505809007226539,67,-13.004168118627756,49,2025
2025_01_SF_SEA,1,SF,1.039947167505645,89,7.871043490007998,70,2025
2025_01_TB_ATL,1,ATL,0.990227969084553,91,3.8576007529592746,70,2025
2025_01_TB_ATL,1,TB,5.630508897757154,74,6.272233953643996,55,2025
2025_01_TEN_DEN,1,DEN,-10.077505777530703,92,-10.205420061431282,69,2025
2025_01_TEN_DEN,1,TEN,-16.840200348728104,77,-22.566204679327726,55,2025
2025_02_ATL_MIN,2,ATL,0.9797064801115771,82,-1.7739147762415368,62,2025
2025_02_ATL_MIN,2,MIN,-23.977998445392586,65,-20.710335602561948,46,2025
2025_02_BUF_NYJ,2,BUF,15.961111110593045,89,13.251417932234931,67,2025
2025_02_BUF_NYJ,2,NYJ,-10.875204933588442,64,-13.880292441465436,47,2025
2025_02_CAR_ARI,2,ARI,2.853654881579332,69,5.969532025879975,47,2025
2025_02_CAR_ARI,2,CAR,-0.5904696524603463,99,-1.424374508822556,78,2025
2025_02_CHI_DET,2,CHI,-10.531660348840408,86,-10.621624725987203,64,2025
2025_02_CHI_DET,2,DET,23.413038829762836,77,23.750433798589405,58,2025
2025_02_CLE_BAL,2,BAL,7.769696240417881,77,6.245442755987011,50,2025
2025_02_CLE_BAL,2,CLE,-20.874306601267406,92,-18.932186976471147,72,2025
2025_02_DEN_IND,2,DEN,12.464786577237609,75,10.35833331764127,54,2025
2025_02_DEN_IND,2,IND,13.510465549317342,87,10.058355335546645,67,2025
2025_02_JAX_CIN,2,CIN,6.8319208038177255,83,-0.46578951377471967,65,2025
2025_02_JAX_CIN,2,JAX,6.6302195671176,87,6.50566543098547,70,2025
2025_02_LAC_LV,2,LAC,-6.166894431571244,70,-1.073562407803733,53,2025
2025_02_LAC_LV,2,LV,-20.52706176135689,82,-25.472412012645357,65,2025
2025_02_LA_TEN,2,LA,15.698562287960472,78,19.573891260437584,57,2025
2025_02_LA_TEN,2,TEN,-2.150271582373001,88,-7.917493000306068,64,2025
2025_02_NE_MIA,2,MIA,5.664408859136573,78,8.833901356840594,52,2025
2025_02_NE_MIA,2,NE,14.459807521432491,78,18.22792537711453,53,2025
2025_02_NYG_DAL,2,DAL,15.621052895289685,116,11.09680308938847,83,2025
2025_02_NYG_DAL,2,NYG,16.396872071457402,88,14.409377886973875,65,2025
2025_02_PHI_KC,2,KC,-2.659098674454824,74,-7.711758646169274,57,2025
2025_02_PHI_KC,2,PHI,2.3591153650497043,78,-0.2318380011605723,56,2025
2025_02_SEA_PIT,2,PIT,-15.780860757935326,75,-10.43393614542067,59,2025
2025_02_SEA_PIT,2,SEA,2.298732212630371,82,4.752402202543499,64,2025
2025_02_SF_NO,2,NO,-6.941723324468942,85,-5.2176187789641695,67,2025
2025_02_SF_NO,2,SF,2.3778457483918167,87,3.0592640214227185,64,2025
2025_02_TB_HOU,2,HOU,0.005142301225412482,61,-3.0080176770154443,46,2025
2025_02_TB_HOU,2,TB,0.5826949251910324,97,9.828410642870882,73,2025
2025_02_WAS_GB,2,GB,3.9460807658194965,85,9.822464434610755,61,2025
2025_02_WAS_GB,2,WAS,-5.984132161043167,86,-10.549741485225747,65,2025
2025_03_ARI_SF,3,ARI,-0.22828728322875902,84,-0.7065771850598193,64,2025
2025_03_ARI_SF,3,SF,-1.722161836819772,77,-3.3168133367808323,60,2025
2025_03_ATL_CAR,3,ATL,-30.30219510337338,80,-22.380612513318866,66,2025
2025_03_ATL_CAR,3,CAR,4.839260504861528,72,-0.48365355661901344,54,2025
2025_03_CIN_MIN,3,CIN,-38.482878724751416,75,-40.946751253228626,52,2025
2025_03_CIN_MIN,3,MIN,3.41119474755856,81,7.021411269623478,58,2025
2025_03_DAL_CHI,3,CHI,14.632877993690586,72,16.594530767976558,55,2025
2025_03_DAL_CHI,3,DAL,-0.39764032918890013,87,-2.6875062850289417,68,2025
2025_03_DEN_LAC,3,DEN,-6.635709223217098,69,-2.1711469284987293,47,2025
2025_03_DEN_LAC,3,LAC,-6.260802199128783,103,-3.0915903333988624,80,2025
2025_03_DET_BAL,3,BAL,11.70141729538035,74,3.7525117607808864,55,2025
2025_03_DET_BAL,3,DET,24.660406750265732,86,25.466984194058085,65,2025
2025_03_GB_CLE,3,CLE,-7.328910330324483,79,-8.490759592908974,56,2025
2025_03_GB_CLE,3,GB,-7.841736544868958,83,-4.742159019500537,60,2025
2025_03_HOU_JAX,3,HOU,-17.5284690053226,79,-11.792583359624997,57,2025
2025_03_HOU_JAX,3,JAX,-10.870351953401794,88,-10.612169180998702,65,2025
2025_03_IND_TEN,3,IND,18.90323866489319,71,19.682657667460315,50,2025
2025_03_IND_TEN,3,TEN,-7.014715433381596,88,-11.209614853262728,65,2025
2025_03_KC_NYG,3,KC,7.019885356774303,85,9.68656421959457,64,2025
2025_03_KC_NYG,3,NYG,-9.182758239635781,78,-15.230839905637291,61,2025
2025_03_LA_PHI,3,LA,-8.590720384933618,81,-2.264119588124764,65,2025
2025_03_LA_PHI,3,PHI,-3.9759469364054105,82,1.0482640237752348,63,2025
2025_03_LV_WAS,3,LV,-1.7640460878457436,83,2.8796242212122305,64,2025
2025_03_LV_WAS,3,WAS,16.857086559027255,76,14.852025518084252,53,2025
2025_03_MIA_BUF,3,BUF,16.33074257130133,74,15.804818427035825,57,2025
2025_03_MIA_BUF,3,MIA,5.093063545342156,75,3.158984796900768,59,2025
2025_03_NO_SEA,3,NO,-23.714406611098752,99,-8.340523427347946,70,2025
2025_03_NO_SEA,3,SEA,11.832778836413974,72,7.482680883276288,53,2025
2025_03_NYJ_TB,3,NYJ,-5.8563020998101285,85,-11.291705097525396,61,2025
2025_03_NYJ_TB,3,TB,-5.003627646393241,94,1.1103511060360916,63,2025
2025_03_PIT_NE,3,NE,-6.869061201664252,83,-11.179909954691539,71,2025
2025_03_PIT_NE,3,PIT,2.5103616457361198,67,-2.396336583798984,46,2025
2025_04_BAL_KC,4,BAL,-3.0428539958946454,71,-3.3136250119929116,53,2025
2025_04_BAL_KC,4,KC,16.05038473941599,87,15.681088360351389,68,2025
2025_04_CAR_NE,4,CAR,-15.567943682223657,87,-1.5821068274502021,65,2025
2025_04_CAR_NE,4,NE,16.26241775325936,65,17.642194853397086,45,2025
2025_04_CHI_LV,4,CHI,-6.241212681646808,86,-7.71656532398919,64,2025
2025_04_CHI_LV,4,LV,-11.353120532288333,66,-9.983796860637108,51,2025
2025_04_CIN_DEN,4,CIN,-10.550703147950117,68,-10.76732427080118,42,2025
2025_04_CIN_DEN,4,DEN,15.964827030608236,93,17.228643076494336,77,2025
2025_04_CLE_DET,4,CLE,-32.85495857891313,86,-23.234733627503108,64,2025
2025_04_CLE_DET,4,DET,-6.582870281380836,79,-6.901263370051032,54,2025
2025_04_GB_DAL,4,DAL,20.561155074335783,89,23.99039569814523,67,2025
2025_04_GB_DAL,4,GB,25.62671844993174,105,26.623713879376844,78,2025
2025_04_IND_LA,4,IND,-5.047413299089065,79,-5.102223163425643,55,2025
2025_04_IND_LA,4,LA,0.05538097810360987,89,5.464803175158949,67,2025
2025_04_JAX_SF,4,JAX,-2.555500519038741,88,4.673690592317366,60,2025
2025_04_JAX_SF,4,SF,-8.888951895204887,79,-4.447559999597896,64,2025
2025_04_LAC_NYG,4,LAC,-5.197258220606533,78,-9.519933530359435,57,2025
2025_04_LAC_NYG,4,NYG,-2.401714470556986,92,-10.171458033476492,70,2025
2025_04_MIN_PIT,4,MIN,5.067791071109891,91,3.1929490757449823,72,2025
2025_04_MIN_PIT,4,PIT,9.568484079458138,68,10.134740020621336,51,2025
2025_04_NO_BUF,4,BUF,9.430011008191865,76,10.604019046326584,54,2025
2025_04_NO_BUF,4,NO,-2.21921321991184,80,-6.177873014472485,66,2025
2025_04_NYJ_MIA,4,MIA,12.843343803325988,73,7.2624637244466665,56,2025
2025_04_NYJ_MIA,4,NYJ,5.970065157948479,80,9.212642073002435,58,2025
2025_04_PHI_TB,4,PHI,-3.9989458995966327,78,-4.28542348347602,58,2025
2025_04_PHI_TB,4,TB,-13.013127888348052,88,-9.789523452655157,67,2025
2025_04_SEA_ARI,4,ARI,-0.49041106661254197,83,-5.20343746179153,64,2025
2025_04_SEA_ARI,4,SEA,4.971264434932418,82,3.537712123807706,64,2025
2025_04_TEN_HOU,4,HOU,5.6969733607235025,82,9.89804885561917,66,2025
2025_04_TEN_HOU,4,TEN,-25.462033793563023,63,-15.292863583303815,45,2025
2025_04_WAS_ATL,4,ATL,17.361648147601006,83,16.306827543696507,61,2025
2025_04_WAS_ATL,4,WAS,12.438868068063009,74,6.696947316547942,51,2025
2025_05_DAL_NYJ,5,DAL,21.151398142091764,81,20.154987578824247,56,2025
2025_05_DAL_NYJ,5,NYJ,2.4940669828213284,98,0.8701148390758062,73,2025
2025_05_DEN_PHI,5,DEN,5.950906917307943,95,5.0784032809641175,71,2025
2025_05_DEN_PHI,5,PHI,-0.3641227028263776,79,0.17070600991258678,54,2025
2025_05_DET_CIN,5,CIN,-1.5289554004395915,80,-6.964062862871962,58,2025
2025_05_DET_CIN,5,DET,14.856948598276114,79,13.381655434612185,59,2025
2025_05_HOU_BAL,5,BAL,-15.529843444076882,62,-13.429712154355778,40,2025
2025_05_HOU_BAL,5,HOU,26.56599878373066,84,25.05102808523646,64,2025
2025_05_KC_JAX,5,JAX,11.81784380442909,73,1.527883287278434,54,2025
2025_05_KC_JAX,5,KC,10.462286798460212,81,11.906714202545118,63,2025
2025_05_LV_IND,5,IND,18.1807786675763,75,16.886832195101775,61,2025
2025_05_LV_IND,5,LV,-18.291221024352126,81,-13.832584425608008,65,2025
2025_05_MIA_CAR,5,CAR,10.243162000509765,89,9.874592683686643,62,2025
2025_05_MIA_CAR,5,MIA,8.725534833576384,72,5.049491874152817,53,2025
2025_05_MIN_CLE,5,CLE,-0.7237611660664944,89,-0.7533219276230705,66,2025
2025_05_MIN_CLE,5,MIN,3.4386330243303376,79,2.188773043319297,60,2025
2025_05_NE_BUF,5,BUF,1.6107127179285934,82,2.3745747159994863,61,2025
2025_05_NE_BUF,5,NE,5.298413072568267,77,3.4648810184759133,56,2025
2025_05_NYG_NO,5,NO,-3.5007664941910197,81,2.9528694266705027,61,2025
2025_05_NYG_NO,5,NYG,-18.73268525336939,89,-20.05993185203988,69,2025
2025_05_SF_LA,5,LA,5.889959322876646,82,4.721448430435524,63,2025
2025_05_SF_LA,5,SF,12.38072180850245,106,10.249140439887018,82,2025
2025_05_TB_SEA,5,SEA,18.74920204024505,76,21.90470024121799,54,2025
2025_05_TB_SEA,5,TB,25.75209926156266,76,23.00764473821905,58,2025
2025_05_TEN_ARI,5,ARI,-5.520430546264635,87,-4.752982648380566,64,2025
2025_05_TEN_ARI,5,TEN,-2.1017349711496722,82,-2.451247728366212,61,2025
2025_05_WAS_LAC,5,LAC,-6.860573139563552,83,-8.848014624640925,63,2025
2025_05_WAS_LAC,5,WAS,13.697524668247322,74,13.769460993965247,54,2025
2025_06_ARI_IND,6,ARI,10.565547368129245,90,6.2911153294786075,70,2025
2025_06_ARI_IND,6,IND,12.492423012702565,75,8.36211823410573,56,2025
2025_06_BUF_ATL,6,ATL,4.6449425954671995,87,4.3417362767470955,65,2025
2025_06_BUF_ATL,6,BUF,-6.220933681836432,71,-6.419765881990315,54,2025
2025_06_CHI_WAS,6,CHI,7.348551665462504,79,9.766108379796426,59,2025
2025_06_CHI_WAS,6,WAS,2.8365297769939932,78,-3.758117318987252,59,2025
2025_06_CIN_GB,6,CIN,7.81398955543474,81,5.667216179986376,61,2025
2025_06_CIN_GB,6,GB,16.217030696819855,74,12.273763904159074,59,2025
2025_06_CLE_PIT,6,CLE,-7.792527916899417,97,-13.90215258064279,75,2025
2025_06_CLE_PIT,6,PIT,8.5258469310658,74,7.158476152896494,55,2025
2025_06_DAL_CAR,6,CAR,12.980287579777505,84,9.881858280861252,62,2025
2025_06_DAL_CAR,6,DAL,12.889412025500642,73,9.339813822902187,52,2025
2025_06_DEN_NYJ,6,DEN,-8.218494765416303,75,-4.710808206772313,55,2025
2025_06_DEN_NYJ,6,NYJ,-10.970678555604536,76,-23.97770366444721,57,2025
2025_06_DET_KC,6,DET,4.618844044657792,69,5.953233490639832,53,2025
2025_06_DET_KC,6,KC,16.99598254717634,74,15.516546078970212,58,2025
2025_06_LAC_MIA,6,LAC,10.789521446772753,84,6.655426383917236,64,2025
2025_06_LAC_MIA,6,MIA,4.739876361783681,77,5.096480668656306,56,2025
2025_06_LA_BAL,6,BAL,-23.410582270589657,89,-24.57342219424843,74,2025
2025_06_LA_BAL,6,LA,-5.444540709168748,64,-1.626152186531172,49,2025
2025_06_NE_NO,6,NE,7.406451041857944,80,8.828352128269817,56,2025
2025_06_NE_NO,6,NO,0.46930260787683054,71,-2.098519155694742,51,2025
2025_06_PHI_NYG,6,NYG,14.83133232016092,86,16.150167255138513,64,2025
2025_06_PHI_NYG,6,PHI,-2.296505333883786,71,-5.413706951633916,56,2025
2025_06_SEA_JAX,6,JAX,-8.19378236529818,94,-1.4855724717471332,68,2025
2025_06_SEA_JAX,6,SEA,2.824220324605606,71,2.632983897209776,51,2025
2025_06_SF_TB,6,SF,1.3704646327101604,88,-5.716477580536601,67,2025
2025_06_SF_TB,6,TB,10.819706318872601,68,14.718221492476095,50,2025
2025_06_TEN_LV,6,LV,-5.312420080528362,77,-9.71143891011497,54,2025
2025_06_TEN_LV,6,TEN,-16.387443679790362,76,-17.844781974853568,58,2025
2025_07_ATL_SF,7,ATL,-5.959522374686834,77,-6.848560333116067,60,2025
2025_07_ATL_SF,7,SF,3.399432612205758,78,2.205674205631566,64,2025
2025_07_CAR_NYJ,7,CAR,-4.802785163060811,89,-4.135856966262089,68,2025
2025_07_CAR_NYJ,7,NYJ,-14.443101326236501,74,-15.345962109687568,60,2025
2025_07_GB_ARI,7,ARI,3.4538988143444658,88,-3.654779256800876,70,2025
2025_07_GB_ARI,7,GB,8.969569991070074,72,6.116519051469728,52,2025
2025_07_HOU_SEA,7,HOU,-24.957024163129322,95,-21.70344788468888,70,2025
2025_07_HOU_SEA,7,SEA,-16.19549392060034,90,-16.14071715215267,65,2025
2025_07_IND_LAC,7,IND,27.17052309534559,73,23.912834096510895,55,2025
2025_07_IND_LAC,7,LAC,8.256696693896199,92,6.471471044489693,74,2025
2025_07_LA_JAX,7,JAX,-10.526332013672267,92,-11.852970948107766,74,2025
2025_07_LA_JAX,7,LA,21.331933340569716,86,7.013139012968168,58,2025
2025_07_LV_KC,7,KC,18.262612785369495,94,16.630933961884704,74,2025
2025_07_LV_KC,7,LV,-15.936072055861587,47,-20.061090205650544,30,2025
2025_07_MIA_CLE,7,CLE,-3.9830261323346843,73,-4.110276669017304,52,2025
2025_07_MIA_CLE,7,MIA,-31.672555252967868,76,-31.82467637202253,57,2025
2025_07_NE_TEN,7,NE,13.222988390598717,81,16.583575384097788,62,2025
2025_07_NE_TEN,7,TEN,-8.781716072247413,67,-14.493521810849037,51,2025
2025_07_NO_CHI,7,CHI,-0.8877771117539188,88,6.096943143764641,65,2025
2025_07_NO_CHI,7,NO,-16.19398720664215,70,-15.731322050366323,53,2025
2025_07_NYG_DEN,7,DEN,10.657533139340948,100,6.431424083159305,77,2025
2025_07_NYG_DEN,7,NYG,13.432017558649452,96,8.591285381044262,70,2025
2025_07_PHI_MIN,7,MIN,-1.536284083265695,82,-5.95785157242843,67,2025
2025_07_PHI_MIN,7,PHI,4.388677644609472,68,13.577898988050537,48,2025
2025_07_PIT_CIN,7,CIN,20.81325081545379,95,22.73168877679968,69,2025
2025_07_PIT_CIN,7,PIT,19.671408012133128,74,19.70388800872024,54,2025
2025_07_TB_DET,7,DET,-7.622708172473243,83,-7.820272349829276,65,2025
2025_07_TB_DET,7,TB,-24.829887117099016,84,-27.68563526458784,66,2025
2025_07_WAS_DAL,7,DAL,16.359209267540518,85,5.890255503745209,60,2025
2025_07_WAS_DAL,7,WAS,-9.410452830578281,89,-14.16393770296406,64,2025
2025_08_BUF_CAR,8,BUF,22.319240242900317,79,20.630132929232573,60,2025
2025_08_BUF_CAR,8,CAR,-16.411144023163992,77,-20.343956571335095,59,2025
2025_08_CHI_BAL,8,BAL,18.122114946325162,79,12.686022683194711,59,2025
2025_08_CHI_BAL,8,CHI,3.334904669304329,81,1.5128006641575364,62,2025
2025_08_CLE_NE,8,CLE,-20.82692841309407,68,-18.495486971082595,53,2025
2025_08_CLE_NE,8,NE,-0.7192403841020139,84,4.544583764502878,62,2025
2025_08_DAL_DEN,8,DAL,5.965285242027457,94,3.854970534162458,68,2025
2025_08_DAL_DEN,8,DEN,26.111135558431723,78,20.508983949016347,56,2025
2025_08_GB_PIT,8,GB,14.214804547607752,83,20.758181607484694,63,2025
2025_08_GB_PIT,8,PIT,1.3469134194026218,80,-9.105812418552677,58,2025
2025_08_MIA_ATL,8,ATL,-15.214484520745154,66,-16.3700033619434,48,2025
2025_08_MIA_ATL,8,MIA,14.766250052863105,84,9.272589225921068,65,2025
2025_08_MIN_LAC,8,LAC,14.997949121699314,88,14.257796908295314,70,2025
2025_08_MIN_LAC,8,MIN,-17.078685464742943,66,-19.939164510737413,47,2025
2025_08_NYG_PHI,8,NYG,6.755064646801814,70,4.416985289666229,49,2025
2025_08_NYG_PHI,8,PHI,24.27257827010447,78,24.637847274350634,54,2025
2025_08_NYJ_CIN,8,CIN,18.94851986201223,76,15.341767798166586,58,2025
2025_08_NYJ_CIN,8,NYJ,22.12221555400304,90,23.88705463640676,70,2025
2025_08_SF_HOU,8,HOU,17.622878993175146,93,17.391900099512807,74,2025
2025_08_SF_HOU,8,SF,2.2564785969069523,62,-1.8024568377439865,45,2025
2025_08_TB_NO,8,NO,-33.84153335366864,85,-33.08698559128872,70,2025
2025_08_TB_NO,8,TB,-5.684881983757485,73,-8.285197725733516,56,2025
2025_08_TEN_IND,8,IND,19.89732002705723,67,19.840450712386183,52,2025
2025_08_TEN_IND,8,TEN,-7.832522760715183,87,-5.772853609989397,66,2025
2025_08_WAS_KC,8,KC,16.818847347576906,77,16.55093004059745,66,2025
2025_08_WAS_KC,8,WAS,-6.939125276417521,64,-9.414850910310633,52,2025
2025_09_ARI_DAL,9,ARI,4.3459287687912544,81,7.139242455225251,63,2025
2025_09_ARI_DAL,9,DAL,-9.797153896465279,80,-7.112531692986002,64,2025
2025_09_ATL_NE,9,ATL,1.1766327509119576,73,3.7649562623554758,54,2025
2025_09_ATL_NE,9,NE,1.796582146767614,81,0.8722606769696188,65,2025
2025_09_BAL_MIA,9,BAL,9.729051717093485,70,11.466902502870653,54,2025
2025_09_BAL_MIA,9,MIA,-15.233904390770476,78,-12.202936228122056,61,2025
2025_09_CAR_GB,9,CAR,4.712769393521576,71,5.110309072213934,54,2025
2025_09_CAR_GB,9,GB,-0.033889726633254735,75,2.6790452705042203,63,2025
2025_09_CHI_CIN,9,CHI,31.25343576973233,102,34.89170178800066,77,2025
2025_09_CHI_CIN,9,CIN,21.747246104920553,87,15.006497557106293,65,2025
2025_09_DEN_HOU,9,DEN,-12.58295733351509,81,-5.580070881120747,62,2025
2025_09_DEN_HOU,9,HOU,-14.369204887188971,92,-10.764067981647038,72,2025
2025_09_IND_PIT,9,IND,-3.824724461445683,92,-8.965795657111952,73,2025
2025_09_IND_PIT,9,PIT,3.7623153070032997,80,-6.8087817650715845,60,2025
2025_09_JAX_LV,9,JAX,15.128384677233523,97,11.937186846538431,76,2025
2025_09_JAX_LV,9,LV,13.032866278101807,78,8.47294520471775,61,2025
2025_09_KC_BUF,9,BUF,11.890339363775952,79,14.576553823266517,63,2025
2025_09_KC_BUF,9,KC,4.865750475699964,73,2.0520150665059154,58,2025
2025_09_LAC_TEN,9,LAC,-0.14340626580655336,82,5.395219090821957,64,2025
2025_09_LAC_TEN,9,TEN,-9.635566541371034,64,-7.798526637263625,44,2025
2025_09_MIN_DET,9,DET,-5.23967604489869,84,-0.43880231123712843,62,2025
2025_09_MIN_DET,9,MIN,1.3495958350891009,80,-1.1839812076584826,55,2025
2025_09_NO_LA,9,LA,16.48329573507228,95,19.403962495552687,73,2025
2025_09_NO_LA,9,NO,-11.3885027933846,54,-12.50991959637031,39,2025
2025_09_SEA_WAS,9,SEA,21.676558439433332,65,21.523951081026283,48,2025
2025_09_SEA_WAS,9,WAS,-7.996805808418528,81,-1.2192981508560479,62,2025
2025_09_SF_NYG,9,NYG,8.399125861427601,77,9.52827134162104,56,2025
2025_09_SF_NYG,9,SF,23.18974969414043,82,20.787558824883025,63,2025
2025_10_ARI_SEA,10,ARI,-17.95762423572769,93,-15.606806638490408,74,2025
2025_10_ARI_SEA,10,SEA,8.711832370800886,76,3.9800230927952347,54,2025
2025_10_ATL_IND,10,ATL,0.7930945266831326,80,-4.005186237442877,60,2025
2025_10_ATL_IND,10,IND,9.50442475988312,91,11.324200566945656,75,2025
2025_10_BAL_MIN,10,BAL,-2.332326629793621,89,-0.2642404640824436,66,2025
2025_10_BAL_MIN,10,MIN,-13.782040186122408,85,-9.95580908000267,62,2025
2025_10_BUF_MIA,10,BUF,-1.7328897274849493,81,-4.860081348233391,66,2025
2025_10_BUF_MIA,10,MIA,18.01097722305198,66,15.928132687966617,51,2025
2025_10_CLE_NYJ,10,CLE,-9.787118887149362,94,-5.767562535502634,70,2025
2025_10_CLE_NYJ,10,NYJ,-2.831458550396056,67,-13.255065751138535,45,2025
2025_10_DET_WAS,10,DET,37.23614413767289,83,33.35759475134196,68,2025
2025_10_DET_WAS,10,WAS,11.223547750539304,73,9.005023879997513,52,2025
2025_10_JAX_HOU,10,HOU,-2.4431484873138074,91,5.299699959228807,72,2025
2025_10_JAX_HOU,10,JAX,-6.726759235435013,81,-13.191838024517947,56,2025
2025_10_LA_SF,10,LA,28.09654581200768,84,26.2957292755018,64,2025
2025_10_LA_SF,10,SF,8.477071572678948,78,7.724647820738144,61,2025
2025_10_LV_DEN,10,DEN,-26.537533298381653,78,-13.875227698372868,55,2025
2025_10_LV_DEN,10,LV,-28.936321958447856,77,-22.62319315691436,58,2025
2025_10_NE_TB,10,NE,11.20500781538644,77,10.31789460638538,58,2025
2025_10_NE_TB,10,TB,5.323236437530159,85,2.9706238455712732,67,2025
2025_10_NO_CAR,10,CAR,-9.526279675031596,64,-20.971170461207333,50,2025
2025_10_NO_CAR,10,NO,4.1829958138124965,80,10.352876018861739,64,2025
2025_10_NYG_CHI,10,CHI,2.645851004855794,81,1.630764439292931,62,2025
2025_10_NYG_CHI,10,NYG,-0.04213854120355531,89,0.33544822726193146,70,2025
2025_10_PHI_GB,10,GB,-12.812654099906844,82,-11.255528326027429,65,2025
2025_10_PHI_GB,10,PHI,-7.356517821098727,77,-4.692756654431036,60,2025
2025_10_PIT_LAC,10,LAC,-4.786055994565366,91,-5.611574095204537,68,2025
2025_10_PIT_LAC,10,PIT,-20.069785585450358,68,-18.83026567106556,50,2025
2025_11_BAL_CLE,11,BAL,-4.413851082236604,79,-5.123114414270967,58,2025
2025_11_BAL_CLE,11,CLE,-13.464723914759283,73,-22.091921293180775,54,2025
2025_11_CAR_ATL,11,ATL,3.7566287162373735,87,7.355426501590699,58,2025
2025_11_CAR_ATL,11,CAR,9.779062659777079,94,9.689201387193915,76,2025
2025_11_CHI_MIN,11,CHI,-7.932636714247405,95,-3.4736623132112143,73,2025
2025_11_CHI_MIN,11,MIN,-12.8612199252781,70,-10.396654456543843,54,2025
2025_11_CIN_PIT,11,CIN,-10.509763093999819,84,-14.912944685108123,63,2025
2025_11_CIN_PIT,11,PIT,12.00072912971004,80,11.757206188261137,59,2025
2025_11_DAL_LV,11,DAL,9.736053564011748,82,8.154267386045623,61,2025
2025_11_DAL_LV,11,LV,-10.788232420889312,77,-12.398980432122794,57,2025
2025_11_DET_PHI,11,DET,-21.251057840313266,72,-23.64510703133627,59,2025
2025_11_DET_PHI,11,PHI,-13.65143971769377,92,-15.602379083533124,68,2025
2025_11_GB_NYG,11,GB,19.956744247583526,68,18.179900941482746,52,2025
2025_11_GB_NYG,11,NYG,10.46081669842934,85,10.325389459118014,68,2025
2025_11_HOU_TEN,11,HOU,1.0085412365302422,87,-4.55376784680514,68,2025
2025_11_HOU_TEN,11,TEN,-4.168309280633743,78,-6.82691433131208,57,2025
2025_11_KC_DEN,11,DEN,5.713106681898886,81,1.9647603440784955,60,2025
2025_11_KC_DEN,11,KC,3.801557006024425,87,2.8120980996889333,62,2025
2025_11_LAC_JAX,11,JAX,11.464524882629968,80,5.491886695526773,69,2025
2025_11_LAC_JAX,11,LAC,-19.495608029916184,61,-23.010636635723174,45,2025
2025_11_NYJ_NE,11,NE,9.93563537481692,81,10.011498107635628,60,2025
2025_11_NYJ_NE,11,NYJ,-3.633523342344076,70,-4.850551057723351,57,2025
2025_11_SEA_LA,11,LA,-13.766913117369288,68,-8.69409790408099,50,2025
2025_11_SEA_LA,11,SEA,-13.691015670190449,97,-15.772758018978951,79,2025
2025_11_SF_ARI,11,ARI,-6.545938912423484,97,4.486781130144583,73,2025
2025_11_SF_ARI,11,SF,18.230968276165264,73,9.559457808176777,50,2025
2025_11_TB_BUF,11,BUF,23.03667468056943,72,13.14573247900255,54,2025
2025_11_TB_BUF,11,TB,13.196517387231713,92,3.7193583661808933,69,2025
2025_11_WAS_MIA,11,MIA,6.311044048038262,68,-1.0719009821361758,54,2025
2025_11_WAS_MIA,11,WAS,0.8551450387900204,81,4.520158700937337,64,2025
2025_12_ATL_NO,12,ATL,-4.881254524994525,73,-6.059492589183826,54,2025
2025_12_ATL_NO,12,NO,-23.454179503487307,94,-21.436239705127154,78,2025
2025_12_BUF_HOU,12,BUF,-5.501711957027982,82,-10.67388741174145,65,2025
2025_12_BUF_HOU,12,HOU,-3.2351736462901686,77,-3.534493601408854,55,2025
2025_12_CAR_SF,12,CAR,-11.712761107148136,58,-8.828610485392806,44,2025
2025_12_CAR_SF,12,SF,0.02113111494797737,81,-0.09165550151797408,68,2025
2025_12_CLE_LV,12,CLE,-15.121554295584676,71,-10.259118425207252,47,2025
2025_12_CLE_LV,12,LV,-34.29920499695966,99,-28.588326969558793,75,2025
2025_12_IND_KC,12,IND,0.9171047580322673,70,-0.20836116301569163,49,2025
2025_12_IND_KC,12,KC,1.7004133812007494,113,1.2845653850014687,92,2025
2025_12_JAX_ARI,12,ARI,-10.038770675146026,102,-11.16837668553406,76,2025
2025_12_JAX_ARI,12,JAX,-4.349384068027375,78,-11.28518327767381,60,2025
2025_12_MIN_GB,12,GB,7.969520023559355,81,1.543190529035508,63,2025
2025_12_MIN_GB,12,MIN,-11.980914704385214,58,-18.892723358669166,44,2025
2025_12_NE_CIN,12,CIN,-4.4133737674845435,84,-11.795831173923368,61,2025
2025_12_NE_CIN,12,NE,5.9142857060953,84,0.23544238741778067,66,2025
2025_12_NYG_DET,12,DET,13.86954969762219,89,9.348507846345626,63,2025
2025_12_NYG_DET,12,NYG,10.922107119060936,98,8.867099944070217,76,2025
2025_12_NYJ_BAL,12,BAL,6.646551264014463,77,-2.774174131248855,56,2025
2025_12_NYJ_BAL,12,NYJ,-7.925742315724541,74,-9.698865035295213,57,2025
2025_12_PHI_DAL,12,DAL,1.6872773621473423,90,-1.4011780200844175,65,2025
2025_12_PHI_DAL,12,PHI,1.387850012328471,83,3.593237533230022,58,2025
2025_12_PIT_CHI,12,CHI,0.6576794622836544,82,0.8133186491275453,59,2025
2025_12_PIT_CHI,12,PIT,-0.34446684847139686,86,0.07250944222323596,69,2025
2025_12_SEA_TEN,12,SEA,6.93165392403357,68,13.36020431056913,46,2025
2025_12_SEA_TEN,12,TEN,-3.238684845431854,90,-0.3595093699581753,68,2025
2025_12_TB_LA,12,LA,4.958933940805493,69,5.258614123082603,55,2025
2025_12_TB_LA,12,TB,-28.204003896911512,82,-28.804488624213263,67,2025
2025_13_ARI_TB,13,ARI,-4.215586592005663,72,-1.578267737633058,60,2025
2025_13_ARI_TB,13,TB,-0.059959989418373105,79,3.3497494899415976,54,2025
2025_13_ATL_NYJ,13,ATL,9.718785969614837,86,11.673178470425405,67,2025
2025_13_ATL_NYJ,13,NYJ,11.772667440107178,89,0.5734406700152768,62,2025
2025_13_BUF_PIT,13,BUF,5.455565158817771,88,7.4048056456839735,74,2025
2025_13_BUF_PIT,13,PIT,-18.490457682651517,55,-18.242713633808307,43,2025
2025_13_CHI_PHI,13,CHI,5.097116783102828,102,3.5233988802333327,84,2025
2025_13_CHI_PHI,13,PHI,-6.60804064522316,71,-1.8249362763649728,50,2025
2025_13_CIN_BAL,13,BAL,-19.59588570732633,77,-19.045806775277015,56,2025
2025_13_CIN_BAL,13,CIN,6.004202091398085,102,-0.18772854187069044,80,2025
2025_13_DEN_WAS,13,DEN,10.681167619726475,85,12.617802645563103,69,2025
2025_13_DEN_WAS,13,WAS,7.9500295933842615,108,6.18140784454586,85,2025
2025_13_GB_DET,13,DET,5.753477668453822,77,2.32440233897458,60,2025
2025_13_GB_DET,13,GB,17.76028569718683,76,16.4601915019606,57,2025
2025_13_HOU_IND,13,HOU,3.2849009095930155,89,0.7876639785745887,71,2025
2025_13_HOU_IND,13,IND,-3.5198049828636795,67,-5.9327843334968975,51,2025
2025_13_JAX_TEN,13,JAX,-3.0153757436043627,84,0.7145231504547409,55,2025
2025_13_JAX_TEN,13,TEN,-28.955899750231765,71,-23.32989116902678,55,2025
2025_13_KC_DAL,13,DAL,18.011331398910997,86,14.590229582039118,63,2025
2025_13_KC_DAL,13,KC,14.434930289596158,84,14.997221780766267,60,2025
2025_13_LA_CAR,13,CAR,13.580871783373683,79,14.01830783070438,59,2025
2025_13_LA_CAR,13,LA,11.949064237009539,65,6.9910087222233415,50,2025
2025_13_LV_LAC,13,LAC,9.871979799886233,82,8.982604207830644,65,2025
2025_13_LV_LAC,13,LV,-9.788512515424053,60,-14.92147169308737,45,2025
2025_13_MIN_SEA,13,MIN,-32.60244161848095,65,-34.432136615680065,49,2025
2025_13_MIN_SEA,13,SEA,-2.184139372867164,81,-11.028875584147816,62,2025
2025_13_NO_MIA,13,MIA,-6.113393021412243,74,-7.554639741910586,56,2025
2025_13_NO_MIA,13,NO,-10.514335117448121,90,-11.697897478000812,71,2025
2025_13_NYG_NE,13,NE,5.441866745606385,79,10.309732504102477,61,2025
2025_13_NYG_NE,13,NYG,-15.026642452022575,72,-5.841490388222038,54,2025
2025_13_SF_CLE,13,CLE,-19.536520383276976,75,-11.919274799889418,61,2025
2025_13_SF_CLE,13,SF,4.321843220227766,80,0.5709708066918973,64,2025
2025_14_CHI_GB,14,CHI,9.14504564719456,84,7.457534629765938,69,2025
2025_14_CHI_GB,14,GB,14.059759373138462,68,12.23201024834998,51,2025
2025_14_CIN_BUF,14,BUF,17.895230688317017,76,14.784459094121237,58,2025
2025_14_CIN_BUF,14,CIN,13.41028162818336,76,6.776670338047668,57,2025
2025_14_DAL_DET,14,DAL,6.558825348724262,98,-1.03657783157453,77,2025
2025_14_DAL_DET,14,DET,18.365740371470455,85,18.328537379898457,55,2025
2025_14_DEN_LV,14,DEN,10.364450343191972,85,11.179814117821593,72,2025
2025_14_DEN_LV,14,LV,-0.2141069649329881,63,-2.5308632354616396,47,2025
2025_14_HOU_KC,14,HOU,-7.444748723325417,88,-4.901095967387279,65,2025
2025_14_HOU_KC,14,KC,-20.33420997224986,80,-18.452408276212942,63,2025
2025_14_IND_JAX,14,IND,-8.192023207141833,85,-11.876812211410865,63,2025
2025_14_IND_JAX,14,JAX,7.001646252292945,83,5.484648074657352,60,2025
2025_14_LA_ARI,14,ARI,-6.01017841875957,83,-3.7736158064085163,61,2025
2025_14_LA_ARI,14,LA,28.00658902442268,87,28.067682503948877,64,2025
2025_14_MIA_NYJ,14,MIA,10.206315619756738,85,12.612068692506098,61,2025
2025_14_MIA_NYJ,14,NYJ,-21.75984780695527,77,-25.811847357146362,57,2025
2025_14_NO_TB,14,NO,-2.257147890615889,74,0.9641798001309532,53,2025
2025_14_NO_TB,14,TB,-8.371566215499868,88,-12.306031600250654,69,2025
2025_14_PHI_LAC,14,LAC,-12.924693298116676,94,-19.33256815321458,71,2025
2025_14_PHI_LAC,14,PHI,-12.555799588442664,90,-17.094466716899703,65,2025
2025_14_PIT_BAL,14,BAL,5.282429455867871,95,0.9801698843861848,75,2025
2025_14_PIT_BAL,14,PIT,14.480462621127808,71,13.441709167296302,50,2025
2025_14_SEA_ATL,14,ATL,-18.16741119424114,80,-22.07295823293431,62,2025
2025_14_SEA_ATL,14,SEA,16.83704000393751,77,8.805204891395014,58,2025
2025_14_TEN_CLE,14,CLE,-7.31661169556771,92,-3.757226204354822,66,2025
2025_14_TEN_CLE,14,TEN,-2.2962144025929363,87,-5.933641725805306,64,2025
2025_14_WAS_MIN,14,MIN,15.863174117993097,74,17.634667308927934,57,2025
2025_14_WAS_MIN,14,WAS,-20.75693452975247,61,-21.17440408607945,49,2025
2025_15_ARI_HOU,15,ARI,-3.757480927803401,81,0.7730845656334422,64,2025
2025_15_ARI_HOU,15,HOU,20.025497865945873,82,14.898007788241772,60,2025
2025_15_ATL_TB,15,ATL,14.660360301089376,92,14.563224129291719,67,2025
2025_15_ATL_TB,15,TB,12.900106505215536,83,3.416652638018478,62,2025
2025_15_BAL_CIN,15,BAL,5.99397433946593,49,7.67573255616086,37,2025
2025_15_BAL_CIN,15,CIN,-22.39345321559813,89,-21.946136035083327,71,2025
2025_15_BUF_NE,15,BUF,20.048365771176517,87,16.708338988537434,64,2025
2025_15_BUF_NE,15,NE,13.211173388061384,68,12.459190317972116,51,2025
2025_15_CAR_NO,15,CAR,6.3063459286098364,72,6.167288124693737,56,2025
2025_15_CAR_NO,15,NO,8.242713407908333,83,6.492768631097521,61,2025
2025_15_CLE_CHI,15,CHI,2.176843479743498,82,3.280998528779169,63,2025
2025_15_CLE_CHI,15,CLE,-27.890374493726995,76,-26.098507147024087,56,2025
2025_15_DET_LA,15,DET,11.304859111064344,83,9.670942240702384,62,2025
2025_15_DET_LA,15,LA,16.685367358305374,90,13.609299637591002,69,2025
2025_15_GB_DEN,15,DEN,11.415906001073811,83,10.53159361517476,64,2025
2025_15_GB_DEN,15,GB,4.999637923757448,84,1.4062983551096764,63,2025
2025_15_IND_SEA,15,IND,3.4430359647236273,79,-5.6836820430354,58,2025
2025_15_IND_SEA,15,SEA,4.494830562849529,77,-2.320649608200137,56,2025
2025_15_LAC_KC,15,KC,-2.702101287882591,75,-6.2367845220185565,59,2025
2025_15_LAC_KC,15,LAC,2.6669771743914557,80,-2.7548495744002963,61,2025
2025_15_LV_PHI,15,LV,-15.378775990800932,53,-17.228386169183068,42,2025
2025_15_LV_PHI,15,PHI,19.601400673100528,78,16.23873412214936,66,2025
2025_15_MIA_PIT,15,MIA,2.2122405364937148,62,-2.013935970056786,50,2025
2025_15_MIA_PIT,15,PIT,14.95793714054375,81,13.839961200486869,62,2025
2025_15_MIN_DAL,15,DAL,3.1328913560841825,91,7.679900898829829,69,2025
2025_15_MIN_DAL,15,MIN,15.26922568675487,70,11.536237431230584,51,2025
2025_15_NYJ_JAX,15,JAX,24.606154506243474,78,18.332823399420946,56,2025
2025_15_NYJ_JAX,15,NYJ,-5.004285492613078,86,-10.665468915401316,68,2025
2025_15_TEN_SF,15,SF,23.930251258835,92,17.3498787783418,70,2025
2025_15_TEN_SF,15,TEN,9.70260349517208,69,11.37866208754576,49,2025
2025_15_WAS_NYG,15,NYG,-11.776446216490733,87,1.358314314027873,67,2025
2025_15_WAS_NYG,15,WAS,-1.0368702701364239,79,0.13886652350754858,55,2025
2025_16_ATL_ARI,16,ARI,0.39424939055492336,73,-0.23741237905586177,56,2025
2025_16_ATL_ARI,16,ATL,9.360699903849508,89,3.7653312356136635,71,2025
2025_16_BUF_CLE,16,BUF,-0.0997805162753509,65,2.9175792689313242,48,2025
2025_16_BUF_CLE,16,CLE,-5.965946391136484,80,-6.136304698991526,64,2025
2025_16_CIN_MIA,16,CIN,26.819674043308186,80,22.70138800266332,61,2025
2025_16_CIN_MIA,16,MIA,-4.168570828840748,75,-3.3313429694972,58,2025
2025_16_GB_CHI,16,CHI,11.920560126819133,79,6.0381936769607165,60,2025
2025_16_GB_CHI,16,GB,6.097211102477772,84,4.140165153140243,68,2025
2025_16_JAX_DEN,16,DEN,-2.5371320161201103,83,-2.1456997525789845,65,2025
2025_16_JAX_DEN,16,JAX,15.689251908801767,89,5.960917131995922,68,2025
2025_16_KC_TEN,16,KC,-13.970507344638463,67,-13.437670252162146,43,2025
2025_16_KC_TEN,16,TEN,3.138631046183727,89,3.036946259562791,68,2025
2025_16_LAC_DAL,16,DAL,-0.30145549796227034,72,1.9167120942290055,56,2025
2025_16_LAC_DAL,16,LAC,21.26994693514549,78,27.233249864575832,61,2025
2025_16_LA_SEA,16,LA,9.195961492283772,114,21.45590149651912,88,2025
2025_16_LA_SEA,16,SEA,4.691576790720824,85,2.071903727235971,65,2025
2025_16_LV_HOU,16,HOU,-2.103104526921489,81,-9.356689891508303,59,2025
2025_16_LV_HOU,16,LV,-4.266797113091667,75,-2.2513216249644756,53,2025
2025_16_MIN_NYG,16,MIN,-7.0750970100192845,73,-3.11920815583008,55,2025
2025_16_MIN_NYG,16,NYG,-12.6313345974335,72,-18.194253758968454,48,2025
2025_16_NE_BAL,16,BAL,3.579513271530012,73,5.575458373995783,53,2025
2025_16_NE_BAL,16,NE,11.037369590559411,87,15.395689118516303,69,2025
2025_16_NYJ_NO,16,NO,2.315615744799608,92,-0.4463063995845946,77,2025
2025_16_NYJ_NO,16,NYJ,-24.75128003046848,83,-22.460152404926838,63,2025
2025_16_PHI_WAS,16,PHI,11.164758127533684,86,18.829271539302262,65,2025
2025_16_PHI_WAS,16,WAS,-3.421756144816105,68,-6.377271749054205,51,2025
2025_16_PIT_DET,16,DET,3.988574724010075,89,6.889225681193142,68,2025
2025_16_PIT_DET,16,PIT,10.080462915770593,91,14.822161608626955,70,2025
2025_16_SF_IND,16,IND,-5.029937184950342,80,-2.1332716799035056,58,2025
2025_16_SF_IND,16,SF,24.02903144944179,81,25.369901974295274,63,2025
2025_16_TB_CAR,16,CAR,10.030621944607603,69,5.3313062235052,53,2025
2025_16_TB_CAR,16,TB,9.42524058927772,84,6.411261054115329,60,2025
2025_17_ARI_CIN,17,ARI,1.0284945799805176,74,-2.4523714276147075,54,2025
2025_17_ARI_CIN,17,CIN,26.68244299268093,90,23.816783274117974,70,2025
2025_17_BAL_GB,17,BAL,26.763928366638478,93,26.798242601918567,73,2025
2025_17_BAL_GB,17,GB,5.3594901541525894,60,4.754134490879245,43,2025
2025_17_CHI_SF,17,CHI,21.862887609388903,84,22.842437506687563,63,2025
2025_17_CHI_SF,17,SF,23.009993581308226,88,19.376791143789887,68,2025
2025_17_DAL_WAS,17,DAL,21.02131896566585,111,18.512141433209763,87,2025
2025_17_DAL_WAS,17,WAS,12.235454480717792,62,7.861309770815893,40,2025
2025_17_DEN_KC,17,DEN,8.352929553920305,84,6.757415388287207,70,2025
2025_17_DEN_KC,17,KC,-0.7026373389666456,58,-8.177810770290042,41,2025
2025_17_DET_MIN,17,DET,-27.354742501161876,79,-29.677950885514228,64,2025
2025_17_DET_MIN,17,MIN,-11.596643246298889,71,-14.146132699346008,51,2025
2025_17_HOU_LAC,17,HOU,-5.2924439763261475,80,-8.934401383321577,59,2025
2025_17_HOU_LAC,17,LAC,-13.394578859497095,79,-12.703033960267497,59,2025
2025_17_JAX_IND,17,IND,-6.119545127485726,75,-11.101449465619389,54,2025
2025_17_JAX_IND,17,JAX,3.3162927081698212,82,0.3980433493456861,68,2025
2025_17_LA_ATL,17,ATL,-2.642264875419441,75,6.129121891495336,53,2025
2025_17_LA_ATL,17,LA,-4.12529286091356,77,-6.320652592394023,61,2025
2025_17_NE_NYJ,17,NE,29.86196625457116,79,29.25864170027375,60,2025
2025_17_NE_NYJ,17,NYJ,-7.674891314832543,77,-12.493416396771153,63,2025
2025_17_NO_TEN,17,NO,7.270445528471415,73,12.517829452118313,51,2025
2025_17_NO_TEN,17,TEN,-3.3741763404385234,93,-13.016540379245217,72,2025
2025_17_NYG_LV,17,LV,-8.394865453299484,73,-11.59310260700957,54,2025
2025_17_NYG_LV,17,NYG,20.705829039628263,78,14.353414010024762,60,2025
2025_17_PHI_BUF,17,BUF,-7.331913877656266,89,-8.812060825599357,73,2025
2025_17_PHI_BUF,17,PHI,-4.073276377238848,67,-6.33841753769294,53,2025
2025_17_PIT_CLE,17,CLE,-9.4953956914973,64,-11.4494122758002,49,2025
2025_17_PIT_CLE,17,PIT,-17.204503237036988,82,-12.879017753515843,63,2025
2025_17_SEA_CAR,17,CAR,-25.359635252694183,65,-25.025392049125852,49,2025
2025_17_SEA_CAR,17,SEA,-2.6022990490148374,80,-3.483278704581588,65,2025
2025_17_TB_MIA,17,MIA,3.4244922923691528,74,5.5966739128403,52,2025
2025_17_TB_MIA,17,TB,0.6515277246082163,81,2.2092649680025964,63,2025
2025_18_ARI_LA,18,ARI,1.2948697417781214,73,1.917943275033715,53,2025
2025_18_ARI_LA,18,LA,17.651173504077363,92,16.05666187469901,68,2025
2025_18_BAL_PIT,18,BAL,6.752523638673445,68,6.521039484103623,47,2025
2025_18_BAL_PIT,18,PIT,7.425530650960136,91,4.270198570204396,73,2025
2025_18_CAR_TB,18,CAR,-3.482635553925163,65,-1.0070349019191607,47,2025
2025_18_CAR_TB,18,TB,-1.7954452283878837,82,0.39864630227362063,66,2025
2025_18_CLE_CIN,18,CIN,-11.230008426339463,84,-7.588867031110451,67,2025
2025_18_CLE_CIN,18,CLE,-6.358711568079826,67,-6.520719114643508,52,2025
2025_18_DAL_NYG,18,DAL,-4.496442186615992,70,-6.874414362017703,53,2025
2025_18_DAL_NYG,18,NYG,14.806755613609585,92,9.426064554171163,70,2025
2025_18_DET_CHI,18,CHI,2.0956902567707,67,-1.045436267886311,54,2025
2025_18_DET_CHI,18,DET,10.310221691718276,88,10.392976992312622,72,2025
2025_18_GB_MIN,18,GB,-13.661658468772657,67,-16.119232860003994,49,2025
2025_18_GB_MIN,18,MIN,2.340736952204839,77,-2.7345687713604097,64,2025
2025_18_IND_HOU,18,HOU,7.5762378675403665,88,-1.190721395071395,63,2025
2025_18_IND_HOU,18,IND,0.8019361855005815,83,-4.668314993070489,64,2025
2025_18_KC_LV,18,KC,-27.375173764070496,82,-29.02877629890066,62,2025
2025_18_KC_LV,18,LV,-28.488137483189348,82,-29.904634644711624,61,2025
2025_18_LAC_DEN,18,DEN,-9.516380240194316,73,-10.34578483831606,56,2025
2025_18_LAC_DEN,18,LAC,-28.781518601055723,89,-27.29124192910632,66,2025
2025_18_MIA_NE,18,MIA,-16.961219253032517,72,-18.581014938111913,54,2025
2025_18_MIA_NE,18,NE,13.788434327975603,75,19.435071581916855,54,2025
2025_18_NO_ATL,18,ATL,-9.701584748306468,78,-14.38525752516277,58,2025
2025_18_NO_ATL,18,NO,-14.073727702011201,87,-7.43465670613735,65,2025
2025_18_NYJ_BUF,18,BUF,19.531310370819497,82,24.8208109478876,70,2025
2025_18_NYJ_BUF,18,NYJ,-11.152646603368222,61,-12.02297757084295,47,2025
2025_18_SEA_SF,18,SEA,-2.096039885494441,81,4.394992013491529,64,2025
2025_18_SEA_SF,18,SF,-16.28355556196766,51,-15.0776094483365,42,2025
2025_18_TEN_JAX,18,JAX,20.303276704003522,75,12.037263477806096,55,2025
2025_18_TEN_JAX,18,TEN,-17.341227752139176,71,-18.472426295796296,53,2025
2025_18_WAS_PHI,18,PHI,-5.404081019542743,77,-6.381650441769555,62,2025
2025_18_WAS_PHI,18,WAS,3.58537651169332,85,-1.5351460062038953,61,2025
2026_01_ARI_LAC,1,ARI,2.470260229082079,93,9.945860785800916,69,2026
2026_01_ARI_LAC,1,LAC,-15.897854199279799,70,-12.441909176006448,51,2026
2026_01_ATL_PIT,1,ATL,-23.844990544442602,78,-18.29732594412116,57,2026
2026_01_ATL_PIT,1,PIT,-17.75768198896442,84,-18.469366444642713,61,2026
2026_01_BAL_IND,1,BAL,13.778097746662478,88,19.289034585357577,60,2026
2026_01_BAL_IND,1,IND,-8.2608498108564,71,-12.785537842878227,53,2026
2026_01_BUF_HOU,1,BUF,18.933163683021437,73,11.921428854822008,52,2026
2026_01_BUF_HOU,1,HOU,8.816586321360736,99,5.030261678765947,73,2026
2026_01_CHI_CAR,1,CAR,7.049574857682211,91,11.255222438909763,62,2026
2026_01_CHI_CAR,1,CHI,34.03456295479982,95,28.656718640999408,70,2026
2026_01_CLE_JAX,1,CLE,-7.062328131301378,69,-9.029254325891781,49,2026
2026_01_CLE_JAX,1,JAX,19.804562163948816,73,17.922891988517502,53,2026
2026_01_DAL_NYG,1,DAL,13.862421784539407,69,11.474842695635743,52,2026
2026_01_DAL_NYG,1,NYG,20.61402393342209,85,23.9771487058606,65,2026
2026_01_DEN_KC,1,DEN,-16.224913163997748,69,-15.81725864619266,46,2026
2026_01_DEN_KC,1,KC,5.911008370925943,83,10.523349786884499,64,2026
2026_01_GB_MIN,1,GB,-9.74716971421335,89,-11.713320425225266,67,2026
2026_01_GB_MIN,1,MIN,7.349285870463818,84,-1.156263620305518,59,2026
2026_01_MIA_LV,1,LV,0.1249176101469196,83,-2.505545054086266,64,2026
2026_01_MIA_LV,1,MIA,-15.914988628179184,74,-11.79449429444066,50,2026
2026_01_NE_SEA,1,NE,-2.634803987413228,85,-7.345094126218116,67,2026
2026_01_NE_SEA,1,SEA,0.4644305051047799,68,3.083350091340845,47,2026
2026_01_NO_DET,1,DET,-3.159875048025512,99,0.02991736674512957,73,2026
2026_01_NO_DET,1,NO,-1.485908828160377,107,-2.6382236128023555,86,2026
2026_01_NYJ_TEN,1,NYJ,5.4645297641119885,85,10.101006621916193,60,2026
2026_01_NYJ_TEN,1,TEN,-11.80259860436437,67,-5.812564945903754,49,2026
2026_01_SF_LA,1,LA,-14.089740253575496,73,-14.819779707991984,56,2026
2026_01_SF_LA,1,SF,11.690783418080652,76,11.441123931851621,64,2026
2026_01_TB_CIN,1,CIN,3.0297304115536097,81,-0.09673058546697,62,2026
2026_01_TB_CIN,1,TB,-1.6481040849666446,76,-9.445907274890658,51,2026
2026_01_WAS_PHI,1,PHI,2.130448010417021,73,3.6218341975325994,51,2026
2026_01_WAS_PHI,1,WAS,1.6560533899355034,90,4.072981811124588,68,2026
2026_02_CAR_ATL,2,ATL,-39.24258265271783,83,-31.715827808318732,67,2026
2026_02_CAR_ATL,2,CAR,-0.885595379722,82,8.383852299450927,59,2026
2026_02_CIN_HOU,2,CIN,-6.336691123188321,82,-5.331523775830792,58,2026
2026_02_CIN_HOU,2,HOU,-24.688956383324694,99,-18.797705360303844,76,2026
2026_02_CLE_TB,2,CLE,3.55643438469376,76,0.496448767860322,53,2026
2026_02_CLE_TB,2,TB,-4.61642898667143,84,-9.054800149826406,62,2026
2026_02_DET_BUF,2,BUF,29.140210417364433,88,28.68613302105223,66,2026
2026_02_DET_BUF,2,DET,19.29380832804813,85,14.409493766165884,62,2026
2026_02_GB_NYJ,2,GB,-3.4793113356270875,76,-11.109068619002295,50,2026
2026_02_GB_NYJ,2,NYJ,-8.132514813853213,94,-7.537523857929045,71,2026
2026_02_IND_KC,2,IND,16.898816488641167,86,9.732155001460344,63,2026
2026_02_IND_KC,2,KC,16.59549287225105,100,17.858194149845236,78,2026
2026_02_JAX_DEN,2,DEN,4.847918285261742,75,6.969417499785667,56,2026
2026_02_JAX_DEN,2,JAX,-2.297418400077198,75,-2.6161094489782277,55,2026
2026_02_LV_LAC,2,LAC,-20.871389210511232,85,-16.186837316947074,62,2026
2026_02_LV_LAC,2,LV,-6.8350178133054875,80,-5.499989883789199,57,2026
2026_02_MIA_SF,2,MIA,-3.5862429868570085,76,-0.05607684670061097,56,2026
2026_02_MIA_SF,2,SF,19.78873236866178,65,21.641068745870143,47,2026
2026_02_MIN_CHI,2,CHI,-11.199848479940556,89,-8.649066727716876,69,2026
2026_02_MIN_CHI,2,MIN,-2.049485693918541,64,-3.972302058878491,51,2026
2026_02_NO_BAL,2,BAL,1.6932955642416099,71,6.3896273054931925,55,2026
2026_02_NO_BAL,2,NO,11.675194008975009,84,9.539677991557653,64,2026
2026_02_NYG_LA,2,LA,5.730094253151677,74,16.240927241102327,56,2026
2026_02_NYG_LA,2,NYG,-18.970806242374238,75,-23.60591126883374,55,2026
2026_02_PHI_TEN,2,PHI,9.670030442257266,87,2.806274124967211,72,2026
2026_02_PHI_TEN,2,TEN,3.565244128084644,68,3.826223826196456,51,2026
2026_02_PIT_NE,2,NE,-4.7587825501967265,68,-3.5532896082838845,51,2026
2026_02_PIT_NE,2,PIT,-24.901290851354133,87,-23.834378465283677,67,2026
2026_02_SEA_ARI,2,ARI,-16.854825872310595,65,-15.286091829126235,47,2026
2026_02_SEA_ARI,2,SEA,13.813653640531774,82,8.95425871288959,67,2026
2026_02_WAS_DAL,2,DAL,17.87504549687852,69,12.23906505175176,54,2026
2026_02_WAS_DAL,2,WAS,0.1929950520402417,86,4.60609454370157,67,2026
